CustomerID,Cluster,Segment,Recommended_Action
12346,2,At Risk / Needs Attention,Retention campaigns and targeted incentives
12347,3,Champions / VIP,"VIP treatment, rewards, and premium offers"
12348,2,At Risk / Needs Attention,Retention campaigns and targeted incentives
12349,1,New / One-Time,Second-purchase campaigns and onboarding
12350,0,Dormant / Lost,Win-back campaigns and reactivation offers
12352,3,Champions / VIP,"VIP treatment, rewards, and premium offers"
12353,0,Dormant / Lost,Win-back campaigns and reactivation offers
12354,0,Dormant / Lost,Win-back campaigns and reactivation offers
12355,0,Dormant / Lost,Win-back campaigns and reactivation offers
12356,3,Champions / VIP,"VIP treatment, rewards, and premium offers"
12357,1,New / One-Time,Second-purchase campaigns and onboarding
12358,4,Loyal Customers,"Loyalty rewards, cross-sell, and upsell"
12359,3,Champions / VIP,"VIP treatment, rewards, and premium offers"
12360,4,Loyal Customers,"Loyalty rewards, cross-sell, and upsell"
12361,0,Dormant / Lost,Win-back campaigns and reactivation offers
12362,3,Champions / VIP,"VIP treatment, rewards, and premium offers"
12363,2,At Risk / Needs Attention,Retention campaigns and targeted incentives
12364,4,Loyal Customers,"Loyalty rewards, cross-sell, and upsell"
12365,0,Dormant / Lost,Win-back campaigns and reactivation offers
12367,1,New / One-Time,Second-purchase campaigns and onboarding
12370,3,Champions / VIP,"VIP treatment, rewards, and premium offers"
12371,4,Loyal Customers,"Loyalty rewards, cross-sell, and upsell"
12372,2,At Risk / Needs Attention,Retention campaigns and targeted incentives
12373,0,Dormant / Lost,Win-back campaigns and reactivation offers
12374,1,New / One-Time,Second-purchase campaigns and onboarding
12375,4,Loyal Customers,"Loyalty rewards, cross-sell, and upsell"
12377,2,At Risk / Needs Attention,Retention campaigns and targeted incentives
12378,1,New / One-Time,Second-purchase campaigns and onboarding
12379,2,At Risk / Needs Attention,Retention campaigns and targeted incentives
12380,4,Loyal Customers,"Loyalty rewards, cross-sell, and upsell"
12381,4,Loyal Customers,"Loyalty rewards, cross-sell, and upsell"
12383,2,At Risk / Needs Attention,Retention campaigns and targeted incentives
12384,4,Loyal Customers,"Loyalty rewards, cross-sell, and upsell"
12386,0,Dormant / Lost,Win-back campaigns and reactivation offers
12388,3,Champions / VIP,"VIP treatment, rewards, and premium offers"
12390,1,New / One-Time,Second-purchase campaigns and onboarding
12391,1,New / One-Time,Second-purchase campaigns and onboarding
12393,2,At Risk / Needs Attention,Retention campaigns and targeted incentives
12394,2,At Risk / Needs Attention,Retention campaigns and targeted incentives
12395,3,Champions / VIP,"VIP treatment, rewards, and premium offers"
12397,4,Loyal Customers,"Loyalty rewards, cross-sell, and upsell"
12398,1,New / One-Time,Second-purchase campaigns and onboarding
12399,2,At Risk / Needs Attention,Retention campaigns and targeted incentives
12401,0,Dormant / Lost,Win-back campaigns and reactivation offers
12402,0,Dormant / Lost,Win-back campaigns and reactivation offers
12403,1,New / One-Time,Second-purchase campaigns and onboarding
12405,1,New / One-Time,Second-purchase campaigns and onboarding
12406,4,Loyal Customers,"Loyalty rewards, cross-sell, and upsell"
12407,3,Champions / VIP,"VIP treatment, rewards, and premium offers"
12408,3,Champions / VIP,"VIP treatment, rewards, and premium offers"
12409,2,At Risk / Needs Attention,Retention campaigns and targeted incentives
12410,0,Dormant / Lost,Win-back campaigns and reactivation offers
12412,2,At Risk / Needs Attention,Retention campaigns and targeted incentives
12413,2,At Risk / Needs Attention,Retention campaigns and targeted incentives
12414,2,At Risk / Needs Attention,Retention campaigns and targeted incentives
12415,3,Champions / VIP,"VIP treatment, rewards, and premium offers"
12417,3,Champions / VIP,"VIP treatment, rewards, and premium offers"
12418,1,New / One-Time,Second-purchase campaigns and onboarding
12420,1,New / One-Time,Second-purchase campaigns and onboarding
12421,3,Champions / VIP,"VIP treatment, rewards, and premium offers"
12422,2,At Risk / Needs Attention,Retention campaigns and targeted incentives
12423,3,Champions / VIP,"VIP treatment, rewards, and premium offers"
12424,2,At Risk / Needs Attention,Retention campaigns and targeted incentives
12425,1,New / One-Time,Second-purchase campaigns and onboarding
12426,0,Dormant / Lost,Win-back campaigns and reactivation offers
12427,3,Champions / VIP,"VIP treatment, rewards, and premium offers"
12428,3,Champions / VIP,"VIP treatment, rewards, and premium offers"
12429,3,Champions / VIP,"VIP treatment, rewards, and premium offers"
12430,1,New / One-Time,Second-purchase campaigns and onboarding
12431,3,Champions / VIP,"VIP treatment, rewards, and premium offers"
12432,4,Loyal Customers,"Loyalty rewards, cross-sell, and upsell"
12433,3,Champions / VIP,"VIP treatment, rewards, and premium offers"
12434,2,At Risk / Needs Attention,Retention campaigns and targeted incentives
12435,2,At Risk / Needs Attention,Retention campaigns and targeted incentives
12436,1,New / One-Time,Second-purchase campaigns and onboarding
12437,3,Champions / VIP,"VIP treatment, rewards, and premium offers"
12438,4,Loyal Customers,"Loyalty rewards, cross-sell, and upsell"
12441,0,Dormant / Lost,Win-back campaigns and reactivation offers
12442,1,New / One-Time,Second-purchase campaigns and onboarding
12444,4,Loyal Customers,"Loyalty rewards, cross-sell, and upsell"
12445,1,New / One-Time,Second-purchase campaigns and onboarding
12446,1,New / One-Time,Second-purchase campaigns and onboarding
12447,0,Dormant / Lost,Win-back campaigns and reactivation offers
12448,1,New / One-Time,Second-purchase campaigns and onboarding
12449,4,Loyal Customers,"Loyalty rewards, cross-sell, and upsell"
12450,2,At Risk / Needs Attention,Retention campaigns and targeted incentives
12451,3,Champions / VIP,"VIP treatment, rewards, and premium offers"
12452,4,Loyal Customers,"Loyalty rewards, cross-sell, and upsell"
12453,1,New / One-Time,Second-purchase campaigns and onboarding
12454,1,New / One-Time,Second-purchase campaigns and onboarding
12455,2,At Risk / Needs Attention,Retention campaigns and targeted incentives
12456,3,Champions / VIP,"VIP treatment, rewards, and premium offers"
12457,2,At Risk / Needs Attention,Retention campaigns and targeted incentives
12458,2,At Risk / Needs Attention,Retention campaigns and targeted incentives
12461,2,At Risk / Needs Attention,Retention campaigns and targeted incentives
12462,3,Champions / VIP,"VIP treatment, rewards, and premium offers"
12463,2,At Risk / Needs Attention,Retention campaigns and targeted incentives
12464,3,Champions / VIP,"VIP treatment, rewards, and premium offers"
12465,4,Loyal Customers,"Loyalty rewards, cross-sell, and upsell"
12468,2,At Risk / Needs Attention,Retention campaigns and targeted incentives
12471,3,Champions / VIP,"VIP treatment, rewards, and premium offers"
12472,3,Champions / VIP,"VIP treatment, rewards, and premium offers"
12473,3,Champions / VIP,"VIP treatment, rewards, and premium offers"
12474,3,Champions / VIP,"VIP treatment, rewards, and premium offers"
12475,1,New / One-Time,Second-purchase campaigns and onboarding
12476,3,Champions / VIP,"VIP treatment, rewards, and premium offers"
12477,3,Champions / VIP,"VIP treatment, rewards, and premium offers"
12478,1,New / One-Time,Second-purchase campaigns and onboarding
12479,1,New / One-Time,Second-purchase campaigns and onboarding
12480,3,Champions / VIP,"VIP treatment, rewards, and premium offers"
12481,3,Champions / VIP,"VIP treatment, rewards, and premium offers"
12483,3,Champions / VIP,"VIP treatment, rewards, and premium offers"
12484,3,Champions / VIP,"VIP treatment, rewards, and premium offers"
12488,4,Loyal Customers,"Loyalty rewards, cross-sell, and upsell"
12489,0,Dormant / Lost,Win-back campaigns and reactivation offers
12490,3,Champions / VIP,"VIP treatment, rewards, and premium offers"
12491,1,New / One-Time,Second-purchase campaigns and onboarding
12492,4,Loyal Customers,"Loyalty rewards, cross-sell, and upsell"
12493,2,At Risk / Needs Attention,Retention campaigns and targeted incentives
12494,3,Champions / VIP,"VIP treatment, rewards, and premium offers"
12497,1,New / One-Time,Second-purchase campaigns and onboarding
12498,4,Loyal Customers,"Loyalty rewards, cross-sell, and upsell"
12500,3,Champions / VIP,"VIP treatment, rewards, and premium offers"
12501,0,Dormant / Lost,Win-back campaigns and reactivation offers
12502,2,At Risk / Needs Attention,Retention campaigns and targeted incentives
12504,4,Loyal Customers,"Loyalty rewards, cross-sell, and upsell"
12506,0,Dormant / Lost,Win-back campaigns and reactivation offers
12507,2,At Risk / Needs Attention,Retention campaigns and targeted incentives
12508,4,Loyal Customers,"Loyalty rewards, cross-sell, and upsell"
12509,0,Dormant / Lost,Win-back campaigns and reactivation offers
12510,2,At Risk / Needs Attention,Retention campaigns and targeted incentives
12512,1,New / One-Time,Second-purchase campaigns and onboarding
12513,1,New / One-Time,Second-purchase campaigns and onboarding
12514,0,Dormant / Lost,Win-back campaigns and reactivation offers
12515,0,Dormant / Lost,Win-back campaigns and reactivation offers
12516,2,At Risk / Needs Attention,Retention campaigns and targeted incentives
12517,4,Loyal Customers,"Loyalty rewards, cross-sell, and upsell"
12518,4,Loyal Customers,"Loyalty rewards, cross-sell, and upsell"
12519,1,New / One-Time,Second-purchase campaigns and onboarding
12520,2,At Risk / Needs Attention,Retention campaigns and targeted incentives
12521,1,New / One-Time,Second-purchase campaigns and onboarding
12522,4,Loyal Customers,"Loyalty rewards, cross-sell, and upsell"
12523,3,Champions / VIP,"VIP treatment, rewards, and premium offers"
12524,3,Champions / VIP,"VIP treatment, rewards, and premium offers"
12526,4,Loyal Customers,"Loyalty rewards, cross-sell, and upsell"
12527,2,At Risk / Needs Attention,Retention campaigns and targeted incentives
12528,3,Champions / VIP,"VIP treatment, rewards, and premium offers"
12530,3,Champions / VIP,"VIP treatment, rewards, and premium offers"
12531,1,New / One-Time,Second-purchase campaigns and onboarding
12532,1,New / One-Time,Second-purchase campaigns and onboarding
12534,1,New / One-Time,Second-purchase campaigns and onboarding
12535,2,At Risk / Needs Attention,Retention campaigns and targeted incentives
12536,4,Loyal Customers,"Loyalty rewards, cross-sell, and upsell"
12538,1,New / One-Time,Second-purchase campaigns and onboarding
12539,3,Champions / VIP,"VIP treatment, rewards, and premium offers"
12540,3,Champions / VIP,"VIP treatment, rewards, and premium offers"
12541,3,Champions / VIP,"VIP treatment, rewards, and premium offers"
12544,1,New / One-Time,Second-purchase campaigns and onboarding
12545,2,At Risk / Needs Attention,Retention campaigns and targeted incentives
12546,4,Loyal Customers,"Loyalty rewards, cross-sell, and upsell"
12547,2,At Risk / Needs Attention,Retention campaigns and targeted incentives
12548,0,Dormant / Lost,Win-back campaigns and reactivation offers
12550,1,New / One-Time,Second-purchase campaigns and onboarding
12551,0,Dormant / Lost,Win-back campaigns and reactivation offers
12552,4,Loyal Customers,"Loyalty rewards, cross-sell, and upsell"
12553,3,Champions / VIP,"VIP treatment, rewards, and premium offers"
12556,4,Loyal Customers,"Loyalty rewards, cross-sell, and upsell"
12557,3,Champions / VIP,"VIP treatment, rewards, and premium offers"
12558,1,New / One-Time,Second-purchase campaigns and onboarding
12559,2,At Risk / Needs Attention,Retention campaigns and targeted incentives
12560,4,Loyal Customers,"Loyalty rewards, cross-sell, and upsell"
12561,0,Dormant / Lost,Win-back campaigns and reactivation offers
12562,3,Champions / VIP,"VIP treatment, rewards, and premium offers"
12564,0,Dormant / Lost,Win-back campaigns and reactivation offers
12565,0,Dormant / Lost,Win-back campaigns and reactivation offers
12566,1,New / One-Time,Second-purchase campaigns and onboarding
12567,3,Champions / VIP,"VIP treatment, rewards, and premium offers"
12569,3,Champions / VIP,"VIP treatment, rewards, and premium offers"
12571,4,Loyal Customers,"Loyalty rewards, cross-sell, and upsell"
12572,4,Loyal Customers,"Loyalty rewards, cross-sell, and upsell"
12573,0,Dormant / Lost,Win-back campaigns and reactivation offers
12574,0,Dormant / Lost,Win-back campaigns and reactivation offers
12576,3,Champions / VIP,"VIP treatment, rewards, and premium offers"
12577,3,Champions / VIP,"VIP treatment, rewards, and premium offers"
12578,3,Champions / VIP,"VIP treatment, rewards, and premium offers"
12579,1,New / One-Time,Second-purchase campaigns and onboarding
12580,0,Dormant / Lost,Win-back campaigns and reactivation offers
12581,1,New / One-Time,Second-purchase campaigns and onboarding
12582,2,At Risk / Needs Attention,Retention campaigns and targeted incentives
12583,3,Champions / VIP,"VIP treatment, rewards, and premium offers"
12584,3,Champions / VIP,"VIP treatment, rewards, and premium offers"
12585,2,At Risk / Needs Attention,Retention campaigns and targeted incentives
12586,1,New / One-Time,Second-purchase campaigns and onboarding
12587,1,New / One-Time,Second-purchase campaigns and onboarding
12588,1,New / One-Time,Second-purchase campaigns and onboarding
12589,4,Loyal Customers,"Loyalty rewards, cross-sell, and upsell"
12590,2,At Risk / Needs Attention,Retention campaigns and targeted incentives
12591,0,Dormant / Lost,Win-back campaigns and reactivation offers
12592,2,At Risk / Needs Attention,Retention campaigns and targeted incentives
12593,2,At Risk / Needs Attention,Retention campaigns and targeted incentives
12594,3,Champions / VIP,"VIP treatment, rewards, and premium offers"
12596,2,At Risk / Needs Attention,Retention campaigns and targeted incentives
12597,3,Champions / VIP,"VIP treatment, rewards, and premium offers"
12598,3,Champions / VIP,"VIP treatment, rewards, and premium offers"
12599,3,Champions / VIP,"VIP treatment, rewards, and premium offers"
12600,3,Champions / VIP,"VIP treatment, rewards, and premium offers"
12601,2,At Risk / Needs Attention,Retention campaigns and targeted incentives
12602,1,New / One-Time,Second-purchase campaigns and onboarding
12603,1,New / One-Time,Second-purchase campaigns and onboarding
12604,2,At Risk / Needs Attention,Retention campaigns and targeted incentives
12607,1,New / One-Time,Second-purchase campaigns and onboarding
12609,2,At Risk / Needs Attention,Retention campaigns and targeted incentives
12610,4,Loyal Customers,"Loyalty rewards, cross-sell, and upsell"
12611,1,New / One-Time,Second-purchase campaigns and onboarding
12612,1,New / One-Time,Second-purchase campaigns and onboarding
12613,3,Champions / VIP,"VIP treatment, rewards, and premium offers"
12614,0,Dormant / Lost,Win-back campaigns and reactivation offers
12615,4,Loyal Customers,"Loyalty rewards, cross-sell, and upsell"
12616,2,At Risk / Needs Attention,Retention campaigns and targeted incentives
12617,1,New / One-Time,Second-purchase campaigns and onboarding
12618,1,New / One-Time,Second-purchase campaigns and onboarding
12619,3,Champions / VIP,"VIP treatment, rewards, and premium offers"
12620,4,Loyal Customers,"Loyalty rewards, cross-sell, and upsell"
12621,3,Champions / VIP,"VIP treatment, rewards, and premium offers"
12622,0,Dormant / Lost,Win-back campaigns and reactivation offers
12623,0,Dormant / Lost,Win-back campaigns and reactivation offers
12624,2,At Risk / Needs Attention,Retention campaigns and targeted incentives
12625,2,At Risk / Needs Attention,Retention campaigns and targeted incentives
12626,3,Champions / VIP,"VIP treatment, rewards, and premium offers"
12627,4,Loyal Customers,"Loyalty rewards, cross-sell, and upsell"
12628,4,Loyal Customers,"Loyalty rewards, cross-sell, and upsell"
12630,4,Loyal Customers,"Loyalty rewards, cross-sell, and upsell"
12631,1,New / One-Time,Second-purchase campaigns and onboarding
12633,3,Champions / VIP,"VIP treatment, rewards, and premium offers"
12635,2,At Risk / Needs Attention,Retention campaigns and targeted incentives
12637,3,Champions / VIP,"VIP treatment, rewards, and premium offers"
12638,1,New / One-Time,Second-purchase campaigns and onboarding
12639,0,Dormant / Lost,Win-back campaigns and reactivation offers
12640,4,Loyal Customers,"Loyalty rewards, cross-sell, and upsell"
12641,1,New / One-Time,Second-purchase campaigns and onboarding
12642,4,Loyal Customers,"Loyalty rewards, cross-sell, and upsell"
12643,2,At Risk / Needs Attention,Retention campaigns and targeted incentives
12644,1,New / One-Time,Second-purchase campaigns and onboarding
12645,3,Champions / VIP,"VIP treatment, rewards, and premium offers"
12646,4,Loyal Customers,"Loyalty rewards, cross-sell, and upsell"
12647,3,Champions / VIP,"VIP treatment, rewards, and premium offers"
12648,1,New / One-Time,Second-purchase campaigns and onboarding
12649,2,At Risk / Needs Attention,Retention campaigns and targeted incentives
12650,1,New / One-Time,Second-purchase campaigns and onboarding
12651,0,Dormant / Lost,Win-back campaigns and reactivation offers
12652,0,Dormant / Lost,Win-back campaigns and reactivation offers
12653,2,At Risk / Needs Attention,Retention campaigns and targeted incentives
12654,3,Champions / VIP,"VIP treatment, rewards, and premium offers"
12656,3,Champions / VIP,"VIP treatment, rewards, and premium offers"
12657,4,Loyal Customers,"Loyalty rewards, cross-sell, and upsell"
12658,1,New / One-Time,Second-purchase campaigns and onboarding
12659,1,New / One-Time,Second-purchase campaigns and onboarding
12660,1,New / One-Time,Second-purchase campaigns and onboarding
12662,3,Champions / VIP,"VIP treatment, rewards, and premium offers"
12664,3,Champions / VIP,"VIP treatment, rewards, and premium offers"
12665,0,Dormant / Lost,Win-back campaigns and reactivation offers
12667,1,New / One-Time,Second-purchase campaigns and onboarding
12668,3,Champions / VIP,"VIP treatment, rewards, and premium offers"
12669,2,At Risk / Needs Attention,Retention campaigns and targeted incentives
12670,3,Champions / VIP,"VIP treatment, rewards, and premium offers"
12672,0,Dormant / Lost,Win-back campaigns and reactivation offers
12673,3,Champions / VIP,"VIP treatment, rewards, and premium offers"
12674,4,Loyal Customers,"Loyalty rewards, cross-sell, and upsell"
12676,3,Champions / VIP,"VIP treatment, rewards, and premium offers"
12678,3,Champions / VIP,"VIP treatment, rewards, and premium offers"
12679,2,At Risk / Needs Attention,Retention campaigns and targeted incentives
12680,4,Loyal Customers,"Loyalty rewards, cross-sell, and upsell"
12681,3,Champions / VIP,"VIP treatment, rewards, and premium offers"
12682,3,Champions / VIP,"VIP treatment, rewards, and premium offers"
12683,3,Champions / VIP,"VIP treatment, rewards, and premium offers"
12684,3,Champions / VIP,"VIP treatment, rewards, and premium offers"
12685,4,Loyal Customers,"Loyalty rewards, cross-sell, and upsell"
12686,0,Dormant / Lost,Win-back campaigns and reactivation offers
12688,1,New / One-Time,Second-purchase campaigns and onboarding
12689,4,Loyal Customers,"Loyalty rewards, cross-sell, and upsell"
12690,0,Dormant / Lost,Win-back campaigns and reactivation offers
12691,3,Champions / VIP,"VIP treatment, rewards, and premium offers"
12693,2,At Risk / Needs Attention,Retention campaigns and targeted incentives
12694,2,At Risk / Needs Attention,Retention campaigns and targeted incentives
12695,4,Loyal Customers,"Loyalty rewards, cross-sell, and upsell"
12697,4,Loyal Customers,"Loyalty rewards, cross-sell, and upsell"
12700,3,Champions / VIP,"VIP treatment, rewards, and premium offers"
12701,2,At Risk / Needs Attention,Retention campaigns and targeted incentives
12702,1,New / One-Time,Second-purchase campaigns and onboarding
12703,1,New / One-Time,Second-purchase campaigns and onboarding
12704,4,Loyal Customers,"Loyalty rewards, cross-sell, and upsell"
12705,3,Champions / VIP,"VIP treatment, rewards, and premium offers"
12707,0,Dormant / Lost,Win-back campaigns and reactivation offers
12708,3,Champions / VIP,"VIP treatment, rewards, and premium offers"
12709,3,Champions / VIP,"VIP treatment, rewards, and premium offers"
12710,2,At Risk / Needs Attention,Retention campaigns and targeted incentives
12712,3,Champions / VIP,"VIP treatment, rewards, and premium offers"
12713,1,New / One-Time,Second-purchase campaigns and onboarding
12714,3,Champions / VIP,"VIP treatment, rewards, and premium offers"
12715,1,New / One-Time,Second-purchase campaigns and onboarding
12716,4,Loyal Customers,"Loyalty rewards, cross-sell, and upsell"
12717,2,At Risk / Needs Attention,Retention campaigns and targeted incentives
12718,1,New / One-Time,Second-purchase campaigns and onboarding
12719,4,Loyal Customers,"Loyalty rewards, cross-sell, and upsell"
12720,3,Champions / VIP,"VIP treatment, rewards, and premium offers"
12721,3,Champions / VIP,"VIP treatment, rewards, and premium offers"
12722,2,At Risk / Needs Attention,Retention campaigns and targeted incentives
12723,4,Loyal Customers,"Loyalty rewards, cross-sell, and upsell"
12724,3,Champions / VIP,"VIP treatment, rewards, and premium offers"
12725,0,Dormant / Lost,Win-back campaigns and reactivation offers
12726,3,Champions / VIP,"VIP treatment, rewards, and premium offers"
12727,3,Champions / VIP,"VIP treatment, rewards, and premium offers"
12728,2,At Risk / Needs Attention,Retention campaigns and targeted incentives
12729,1,New / One-Time,Second-purchase campaigns and onboarding
12731,3,Champions / VIP,"VIP treatment, rewards, and premium offers"
12732,0,Dormant / Lost,Win-back campaigns and reactivation offers
12733,0,Dormant / Lost,Win-back campaigns and reactivation offers
12734,0,Dormant / Lost,Win-back campaigns and reactivation offers
12735,2,At Risk / Needs Attention,Retention campaigns and targeted incentives
12736,0,Dormant / Lost,Win-back campaigns and reactivation offers
12738,0,Dormant / Lost,Win-back campaigns and reactivation offers
12739,4,Loyal Customers,"Loyalty rewards, cross-sell, and upsell"
12740,1,New / One-Time,Second-purchase campaigns and onboarding
12743,2,At Risk / Needs Attention,Retention campaigns and targeted incentives
12744,3,Champions / VIP,"VIP treatment, rewards, and premium offers"
12747,3,Champions / VIP,"VIP treatment, rewards, and premium offers"
12748,3,Champions / VIP,"VIP treatment, rewards, and premium offers"
12749,3,Champions / VIP,"VIP treatment, rewards, and premium offers"
12750,1,New / One-Time,Second-purchase campaigns and onboarding
12752,1,New / One-Time,Second-purchase campaigns and onboarding
12753,3,Champions / VIP,"VIP treatment, rewards, and premium offers"
12754,2,At Risk / Needs Attention,Retention campaigns and targeted incentives
12755,2,At Risk / Needs Attention,Retention campaigns and targeted incentives
12756,1,New / One-Time,Second-purchase campaigns and onboarding
12757,3,Champions / VIP,"VIP treatment, rewards, and premium offers"
12758,2,At Risk / Needs Attention,Retention campaigns and targeted incentives
12759,2,At Risk / Needs Attention,Retention campaigns and targeted incentives
12762,4,Loyal Customers,"Loyalty rewards, cross-sell, and upsell"
12763,2,At Risk / Needs Attention,Retention campaigns and targeted incentives
12764,0,Dormant / Lost,Win-back campaigns and reactivation offers
12766,3,Champions / VIP,"VIP treatment, rewards, and premium offers"
12769,0,Dormant / Lost,Win-back campaigns and reactivation offers
12770,0,Dormant / Lost,Win-back campaigns and reactivation offers
12772,1,New / One-Time,Second-purchase campaigns and onboarding
12775,3,Champions / VIP,"VIP treatment, rewards, and premium offers"
12778,3,Champions / VIP,"VIP treatment, rewards, and premium offers"
12779,3,Champions / VIP,"VIP treatment, rewards, and premium offers"
12781,2,At Risk / Needs Attention,Retention campaigns and targeted incentives
12782,3,Champions / VIP,"VIP treatment, rewards, and premium offers"
12783,4,Loyal Customers,"Loyalty rewards, cross-sell, and upsell"
12784,4,Loyal Customers,"Loyalty rewards, cross-sell, and upsell"
12785,0,Dormant / Lost,Win-back campaigns and reactivation offers
12787,4,Loyal Customers,"Loyalty rewards, cross-sell, and upsell"
12789,1,New / One-Time,Second-purchase campaigns and onboarding
12790,0,Dormant / Lost,Win-back campaigns and reactivation offers
12791,0,Dormant / Lost,Win-back campaigns and reactivation offers
12792,0,Dormant / Lost,Win-back campaigns and reactivation offers
12793,0,Dormant / Lost,Win-back campaigns and reactivation offers
12794,4,Loyal Customers,"Loyalty rewards, cross-sell, and upsell"
12795,1,New / One-Time,Second-purchase campaigns and onboarding
12797,0,Dormant / Lost,Win-back campaigns and reactivation offers
12798,3,Champions / VIP,"VIP treatment, rewards, and premium offers"
12802,0,Dormant / Lost,Win-back campaigns and reactivation offers
12808,3,Champions / VIP,"VIP treatment, rewards, and premium offers"
12809,0,Dormant / Lost,Win-back campaigns and reactivation offers
12811,2,At Risk / Needs Attention,Retention campaigns and targeted incentives
12812,1,New / One-Time,Second-purchase campaigns and onboarding
12814,1,New / One-Time,Second-purchase campaigns and onboarding
12815,2,At Risk / Needs Attention,Retention campaigns and targeted incentives
12816,2,At Risk / Needs Attention,Retention campaigns and targeted incentives
12817,0,Dormant / Lost,Win-back campaigns and reactivation offers
12818,0,Dormant / Lost,Win-back campaigns and reactivation offers
12820,3,Champions / VIP,"VIP treatment, rewards, and premium offers"
12821,0,Dormant / Lost,Win-back campaigns and reactivation offers
12822,4,Loyal Customers,"Loyalty rewards, cross-sell, and upsell"
12823,2,At Risk / Needs Attention,Retention campaigns and targeted incentives
12824,1,New / One-Time,Second-purchase campaigns and onboarding
12826,3,Champions / VIP,"VIP treatment, rewards, and premium offers"
12827,4,Loyal Customers,"Loyalty rewards, cross-sell, and upsell"
12828,4,Loyal Customers,"Loyalty rewards, cross-sell, and upsell"
12829,0,Dormant / Lost,Win-back campaigns and reactivation offers
12830,3,Champions / VIP,"VIP treatment, rewards, and premium offers"
12831,0,Dormant / Lost,Win-back campaigns and reactivation offers
12832,4,Loyal Customers,"Loyalty rewards, cross-sell, and upsell"
12833,1,New / One-Time,Second-purchase campaigns and onboarding
12834,0,Dormant / Lost,Win-back campaigns and reactivation offers
12836,3,Champions / VIP,"VIP treatment, rewards, and premium offers"
12837,0,Dormant / Lost,Win-back campaigns and reactivation offers
12838,3,Champions / VIP,"VIP treatment, rewards, and premium offers"
12839,3,Champions / VIP,"VIP treatment, rewards, and premium offers"
12840,2,At Risk / Needs Attention,Retention campaigns and targeted incentives
12841,3,Champions / VIP,"VIP treatment, rewards, and premium offers"
12842,2,At Risk / Needs Attention,Retention campaigns and targeted incentives
12843,2,At Risk / Needs Attention,Retention campaigns and targeted incentives
12844,4,Loyal Customers,"Loyalty rewards, cross-sell, and upsell"
12845,2,At Risk / Needs Attention,Retention campaigns and targeted incentives
12847,1,New / One-Time,Second-purchase campaigns and onboarding
12849,3,Champions / VIP,"VIP treatment, rewards, and premium offers"
12851,1,New / One-Time,Second-purchase campaigns and onboarding
12852,0,Dormant / Lost,Win-back campaigns and reactivation offers
12853,2,At Risk / Needs Attention,Retention campaigns and targeted incentives
12854,2,At Risk / Needs Attention,Retention campaigns and targeted incentives
12855,0,Dormant / Lost,Win-back campaigns and reactivation offers
12856,4,Loyal Customers,"Loyalty rewards, cross-sell, and upsell"
12857,2,At Risk / Needs Attention,Retention campaigns and targeted incentives
12863,1,New / One-Time,Second-purchase campaigns and onboarding
12864,1,New / One-Time,Second-purchase campaigns and onboarding
12865,4,Loyal Customers,"Loyalty rewards, cross-sell, and upsell"
12866,0,Dormant / Lost,Win-back campaigns and reactivation offers
12867,3,Champions / VIP,"VIP treatment, rewards, and premium offers"
12868,2,At Risk / Needs Attention,Retention campaigns and targeted incentives
12871,2,At Risk / Needs Attention,Retention campaigns and targeted incentives
12872,0,Dormant / Lost,Win-back campaigns and reactivation offers
12873,0,Dormant / Lost,Win-back campaigns and reactivation offers
12875,2,At Risk / Needs Attention,Retention campaigns and targeted incentives
12876,2,At Risk / Needs Attention,Retention campaigns and targeted incentives
12877,3,Champions / VIP,"VIP treatment, rewards, and premium offers"
12878,2,At Risk / Needs Attention,Retention campaigns and targeted incentives
12879,4,Loyal Customers,"Loyalty rewards, cross-sell, and upsell"
12881,0,Dormant / Lost,Win-back campaigns and reactivation offers
12882,4,Loyal Customers,"Loyalty rewards, cross-sell, and upsell"
12883,4,Loyal Customers,"Loyalty rewards, cross-sell, and upsell"
12884,1,New / One-Time,Second-purchase campaigns and onboarding
12885,4,Loyal Customers,"Loyalty rewards, cross-sell, and upsell"
12886,2,At Risk / Needs Attention,Retention campaigns and targeted incentives
12888,2,At Risk / Needs Attention,Retention campaigns and targeted incentives
12890,1,New / One-Time,Second-purchase campaigns and onboarding
12891,2,At Risk / Needs Attention,Retention campaigns and targeted incentives
12893,1,New / One-Time,Second-purchase campaigns and onboarding
12895,4,Loyal Customers,"Loyalty rewards, cross-sell, and upsell"
12897,2,At Risk / Needs Attention,Retention campaigns and targeted incentives
12901,3,Champions / VIP,"VIP treatment, rewards, and premium offers"
12902,0,Dormant / Lost,Win-back campaigns and reactivation offers
12904,4,Loyal Customers,"Loyalty rewards, cross-sell, and upsell"
12906,4,Loyal Customers,"Loyalty rewards, cross-sell, and upsell"
12908,2,At Risk / Needs Attention,Retention campaigns and targeted incentives
12909,3,Champions / VIP,"VIP treatment, rewards, and premium offers"
12910,3,Champions / VIP,"VIP treatment, rewards, and premium offers"
12912,4,Loyal Customers,"Loyalty rewards, cross-sell, and upsell"
12913,3,Champions / VIP,"VIP treatment, rewards, and premium offers"
12915,2,At Risk / Needs Attention,Retention campaigns and targeted incentives
12916,2,At Risk / Needs Attention,Retention campaigns and targeted incentives
12917,1,New / One-Time,Second-purchase campaigns and onboarding
12919,4,Loyal Customers,"Loyalty rewards, cross-sell, and upsell"
12920,1,New / One-Time,Second-purchase campaigns and onboarding
12921,3,Champions / VIP,"VIP treatment, rewards, and premium offers"
12922,1,New / One-Time,Second-purchase campaigns and onboarding
12923,1,New / One-Time,Second-purchase campaigns and onboarding
12924,2,At Risk / Needs Attention,Retention campaigns and targeted incentives
12925,4,Loyal Customers,"Loyalty rewards, cross-sell, and upsell"
12928,3,Champions / VIP,"VIP treatment, rewards, and premium offers"
12929,0,Dormant / Lost,Win-back campaigns and reactivation offers
12930,2,At Risk / Needs Attention,Retention campaigns and targeted incentives
12931,3,Champions / VIP,"VIP treatment, rewards, and premium offers"
12933,3,Champions / VIP,"VIP treatment, rewards, and premium offers"
12935,3,Champions / VIP,"VIP treatment, rewards, and premium offers"
12936,4,Loyal Customers,"Loyalty rewards, cross-sell, and upsell"
12937,3,Champions / VIP,"VIP treatment, rewards, and premium offers"
12938,1,New / One-Time,Second-purchase campaigns and onboarding
12939,3,Champions / VIP,"VIP treatment, rewards, and premium offers"
12940,4,Loyal Customers,"Loyalty rewards, cross-sell, and upsell"
12942,2,At Risk / Needs Attention,Retention campaigns and targeted incentives
12944,3,Champions / VIP,"VIP treatment, rewards, and premium offers"
12945,0,Dormant / Lost,Win-back campaigns and reactivation offers
12947,2,At Risk / Needs Attention,Retention campaigns and targeted incentives
12948,3,Champions / VIP,"VIP treatment, rewards, and premium offers"
12949,3,Champions / VIP,"VIP treatment, rewards, and premium offers"
12950,4,Loyal Customers,"Loyalty rewards, cross-sell, and upsell"
12951,3,Champions / VIP,"VIP treatment, rewards, and premium offers"
12952,4,Loyal Customers,"Loyalty rewards, cross-sell, and upsell"
12953,1,New / One-Time,Second-purchase campaigns and onboarding
12955,3,Champions / VIP,"VIP treatment, rewards, and premium offers"
12956,0,Dormant / Lost,Win-back campaigns and reactivation offers
12957,3,Champions / VIP,"VIP treatment, rewards, and premium offers"
12962,4,Loyal Customers,"Loyalty rewards, cross-sell, and upsell"
12963,3,Champions / VIP,"VIP treatment, rewards, and premium offers"
12965,1,New / One-Time,Second-purchase campaigns and onboarding
12966,1,New / One-Time,Second-purchase campaigns and onboarding
12967,2,At Risk / Needs Attention,Retention campaigns and targeted incentives
12968,1,New / One-Time,Second-purchase campaigns and onboarding
12970,3,Champions / VIP,"VIP treatment, rewards, and premium offers"
12971,3,Champions / VIP,"VIP treatment, rewards, and premium offers"
12974,0,Dormant / Lost,Win-back campaigns and reactivation offers
12976,0,Dormant / Lost,Win-back campaigns and reactivation offers
12977,0,Dormant / Lost,Win-back campaigns and reactivation offers
12980,2,At Risk / Needs Attention,Retention campaigns and targeted incentives
12981,4,Loyal Customers,"Loyalty rewards, cross-sell, and upsell"
12982,0,Dormant / Lost,Win-back campaigns and reactivation offers
12984,1,New / One-Time,Second-purchase campaigns and onboarding
12985,4,Loyal Customers,"Loyalty rewards, cross-sell, and upsell"
12987,2,At Risk / Needs Attention,Retention campaigns and targeted incentives
12988,0,Dormant / Lost,Win-back campaigns and reactivation offers
12989,3,Champions / VIP,"VIP treatment, rewards, and premium offers"
12990,3,Champions / VIP,"VIP treatment, rewards, and premium offers"
12991,4,Loyal Customers,"Loyalty rewards, cross-sell, and upsell"
12993,3,Champions / VIP,"VIP treatment, rewards, and premium offers"
12994,3,Champions / VIP,"VIP treatment, rewards, and premium offers"
12995,1,New / One-Time,Second-purchase campaigns and onboarding
12997,3,Champions / VIP,"VIP treatment, rewards, and premium offers"
12999,2,At Risk / Needs Attention,Retention campaigns and targeted incentives
13000,2,At Risk / Needs Attention,Retention campaigns and targeted incentives
13001,3,Champions / VIP,"VIP treatment, rewards, and premium offers"
13002,0,Dormant / Lost,Win-back campaigns and reactivation offers
13003,2,At Risk / Needs Attention,Retention campaigns and targeted incentives
13004,3,Champions / VIP,"VIP treatment, rewards, and premium offers"
13005,2,At Risk / Needs Attention,Retention campaigns and targeted incentives
13006,1,New / One-Time,Second-purchase campaigns and onboarding
13008,0,Dormant / Lost,Win-back campaigns and reactivation offers
13011,0,Dormant / Lost,Win-back campaigns and reactivation offers
13012,3,Champions / VIP,"VIP treatment, rewards, and premium offers"
13013,3,Champions / VIP,"VIP treatment, rewards, and premium offers"
13014,3,Champions / VIP,"VIP treatment, rewards, and premium offers"
13015,3,Champions / VIP,"VIP treatment, rewards, and premium offers"
13016,4,Loyal Customers,"Loyalty rewards, cross-sell, and upsell"
13017,1,New / One-Time,Second-purchase campaigns and onboarding
13018,3,Champions / VIP,"VIP treatment, rewards, and premium offers"
13021,3,Champions / VIP,"VIP treatment, rewards, and premium offers"
13023,4,Loyal Customers,"Loyalty rewards, cross-sell, and upsell"
13026,3,Champions / VIP,"VIP treatment, rewards, and premium offers"
13027,3,Champions / VIP,"VIP treatment, rewards, and premium offers"
13028,4,Loyal Customers,"Loyalty rewards, cross-sell, and upsell"
13029,3,Champions / VIP,"VIP treatment, rewards, and premium offers"
13030,3,Champions / VIP,"VIP treatment, rewards, and premium offers"
13032,4,Loyal Customers,"Loyalty rewards, cross-sell, and upsell"
13033,0,Dormant / Lost,Win-back campaigns and reactivation offers
13034,2,At Risk / Needs Attention,Retention campaigns and targeted incentives
13035,2,At Risk / Needs Attention,Retention campaigns and targeted incentives
13037,2,At Risk / Needs Attention,Retention campaigns and targeted incentives
13038,2,At Risk / Needs Attention,Retention campaigns and targeted incentives
13040,4,Loyal Customers,"Loyalty rewards, cross-sell, and upsell"
13043,0,Dormant / Lost,Win-back campaigns and reactivation offers
13044,0,Dormant / Lost,Win-back campaigns and reactivation offers
13045,1,New / One-Time,Second-purchase campaigns and onboarding
13046,4,Loyal Customers,"Loyalty rewards, cross-sell, and upsell"
13047,3,Champions / VIP,"VIP treatment, rewards, and premium offers"
13048,3,Champions / VIP,"VIP treatment, rewards, and premium offers"
13049,2,At Risk / Needs Attention,Retention campaigns and targeted incentives
13050,3,Champions / VIP,"VIP treatment, rewards, and premium offers"
13052,0,Dormant / Lost,Win-back campaigns and reactivation offers
13055,2,At Risk / Needs Attention,Retention campaigns and targeted incentives
13058,4,Loyal Customers,"Loyalty rewards, cross-sell, and upsell"
13059,0,Dormant / Lost,Win-back campaigns and reactivation offers
13060,0,Dormant / Lost,Win-back campaigns and reactivation offers
13061,1,New / One-Time,Second-purchase campaigns and onboarding
13062,0,Dormant / Lost,Win-back campaigns and reactivation offers
13064,3,Champions / VIP,"VIP treatment, rewards, and premium offers"
13065,0,Dormant / Lost,Win-back campaigns and reactivation offers
13066,4,Loyal Customers,"Loyalty rewards, cross-sell, and upsell"
13067,1,New / One-Time,Second-purchase campaigns and onboarding
13068,3,Champions / VIP,"VIP treatment, rewards, and premium offers"
13069,3,Champions / VIP,"VIP treatment, rewards, and premium offers"
13070,0,Dormant / Lost,Win-back campaigns and reactivation offers
13072,0,Dormant / Lost,Win-back campaigns and reactivation offers
13075,1,New / One-Time,Second-purchase campaigns and onboarding
13077,3,Champions / VIP,"VIP treatment, rewards, and premium offers"
13078,3,Champions / VIP,"VIP treatment, rewards, and premium offers"
13079,4,Loyal Customers,"Loyalty rewards, cross-sell, and upsell"
13080,0,Dormant / Lost,Win-back campaigns and reactivation offers
13081,3,Champions / VIP,"VIP treatment, rewards, and premium offers"
13082,2,At Risk / Needs Attention,Retention campaigns and targeted incentives
13083,4,Loyal Customers,"Loyalty rewards, cross-sell, and upsell"
13085,2,At Risk / Needs Attention,Retention campaigns and targeted incentives
13089,3,Champions / VIP,"VIP treatment, rewards, and premium offers"
13090,3,Champions / VIP,"VIP treatment, rewards, and premium offers"
13091,1,New / One-Time,Second-purchase campaigns and onboarding
13092,2,At Risk / Needs Attention,Retention campaigns and targeted incentives
13093,2,At Risk / Needs Attention,Retention campaigns and targeted incentives
13094,3,Champions / VIP,"VIP treatment, rewards, and premium offers"
13095,1,New / One-Time,Second-purchase campaigns and onboarding
13097,3,Champions / VIP,"VIP treatment, rewards, and premium offers"
13098,3,Champions / VIP,"VIP treatment, rewards, and premium offers"
13099,1,New / One-Time,Second-purchase campaigns and onboarding
13101,0,Dormant / Lost,Win-back campaigns and reactivation offers
13102,3,Champions / VIP,"VIP treatment, rewards, and premium offers"
13103,1,New / One-Time,Second-purchase campaigns and onboarding
13104,3,Champions / VIP,"VIP treatment, rewards, and premium offers"
13106,0,Dormant / Lost,Win-back campaigns and reactivation offers
13107,3,Champions / VIP,"VIP treatment, rewards, and premium offers"
13108,0,Dormant / Lost,Win-back campaigns and reactivation offers
13109,4,Loyal Customers,"Loyalty rewards, cross-sell, and upsell"
13110,3,Champions / VIP,"VIP treatment, rewards, and premium offers"
13113,3,Champions / VIP,"VIP treatment, rewards, and premium offers"
13115,4,Loyal Customers,"Loyalty rewards, cross-sell, and upsell"
13116,1,New / One-Time,Second-purchase campaigns and onboarding
13117,3,Champions / VIP,"VIP treatment, rewards, and premium offers"
13118,3,Champions / VIP,"VIP treatment, rewards, and premium offers"
13120,0,Dormant / Lost,Win-back campaigns and reactivation offers
13121,0,Dormant / Lost,Win-back campaigns and reactivation offers
13122,2,At Risk / Needs Attention,Retention campaigns and targeted incentives
13124,2,At Risk / Needs Attention,Retention campaigns and targeted incentives
13126,3,Champions / VIP,"VIP treatment, rewards, and premium offers"
13127,1,New / One-Time,Second-purchase campaigns and onboarding
13130,1,New / One-Time,Second-purchase campaigns and onboarding
13131,4,Loyal Customers,"Loyalty rewards, cross-sell, and upsell"
13132,0,Dormant / Lost,Win-back campaigns and reactivation offers
13133,0,Dormant / Lost,Win-back campaigns and reactivation offers
13134,2,At Risk / Needs Attention,Retention campaigns and targeted incentives
13135,1,New / One-Time,Second-purchase campaigns and onboarding
13136,4,Loyal Customers,"Loyalty rewards, cross-sell, and upsell"
13137,3,Champions / VIP,"VIP treatment, rewards, and premium offers"
13138,3,Champions / VIP,"VIP treatment, rewards, and premium offers"
13139,3,Champions / VIP,"VIP treatment, rewards, and premium offers"
13140,2,At Risk / Needs Attention,Retention campaigns and targeted incentives
13141,2,At Risk / Needs Attention,Retention campaigns and targeted incentives
13142,1,New / One-Time,Second-purchase campaigns and onboarding
13144,0,Dormant / Lost,Win-back campaigns and reactivation offers
13145,3,Champions / VIP,"VIP treatment, rewards, and premium offers"
13146,1,New / One-Time,Second-purchase campaigns and onboarding
13147,4,Loyal Customers,"Loyalty rewards, cross-sell, and upsell"
13148,3,Champions / VIP,"VIP treatment, rewards, and premium offers"
13149,3,Champions / VIP,"VIP treatment, rewards, and premium offers"
13151,0,Dormant / Lost,Win-back campaigns and reactivation offers
13153,1,New / One-Time,Second-purchase campaigns and onboarding
13155,3,Champions / VIP,"VIP treatment, rewards, and premium offers"
13157,3,Champions / VIP,"VIP treatment, rewards, and premium offers"
13158,2,At Risk / Needs Attention,Retention campaigns and targeted incentives
13159,4,Loyal Customers,"Loyalty rewards, cross-sell, and upsell"
13160,1,New / One-Time,Second-purchase campaigns and onboarding
13161,0,Dormant / Lost,Win-back campaigns and reactivation offers
13162,2,At Risk / Needs Attention,Retention campaigns and targeted incentives
13165,3,Champions / VIP,"VIP treatment, rewards, and premium offers"
13166,0,Dormant / Lost,Win-back campaigns and reactivation offers
13167,4,Loyal Customers,"Loyalty rewards, cross-sell, and upsell"
13168,3,Champions / VIP,"VIP treatment, rewards, and premium offers"
13169,2,At Risk / Needs Attention,Retention campaigns and targeted incentives
13170,1,New / One-Time,Second-purchase campaigns and onboarding
13171,3,Champions / VIP,"VIP treatment, rewards, and premium offers"
13173,3,Champions / VIP,"VIP treatment, rewards, and premium offers"
13174,3,Champions / VIP,"VIP treatment, rewards, and premium offers"
13176,1,New / One-Time,Second-purchase campaigns and onboarding
13177,1,New / One-Time,Second-purchase campaigns and onboarding
13178,3,Champions / VIP,"VIP treatment, rewards, and premium offers"
13182,1,New / One-Time,Second-purchase campaigns and onboarding
13183,3,Champions / VIP,"VIP treatment, rewards, and premium offers"
13184,3,Champions / VIP,"VIP treatment, rewards, and premium offers"
13185,0,Dormant / Lost,Win-back campaigns and reactivation offers
13186,4,Loyal Customers,"Loyalty rewards, cross-sell, and upsell"
13187,0,Dormant / Lost,Win-back campaigns and reactivation offers
13188,1,New / One-Time,Second-purchase campaigns and onboarding
13189,4,Loyal Customers,"Loyalty rewards, cross-sell, and upsell"
13192,2,At Risk / Needs Attention,Retention campaigns and targeted incentives
13193,1,New / One-Time,Second-purchase campaigns and onboarding
13194,0,Dormant / Lost,Win-back campaigns and reactivation offers
13196,3,Champions / VIP,"VIP treatment, rewards, and premium offers"
13198,3,Champions / VIP,"VIP treatment, rewards, and premium offers"
13199,3,Champions / VIP,"VIP treatment, rewards, and premium offers"
13200,4,Loyal Customers,"Loyalty rewards, cross-sell, and upsell"
13203,3,Champions / VIP,"VIP treatment, rewards, and premium offers"
13207,4,Loyal Customers,"Loyalty rewards, cross-sell, and upsell"
13208,3,Champions / VIP,"VIP treatment, rewards, and premium offers"
13209,3,Champions / VIP,"VIP treatment, rewards, and premium offers"
13210,1,New / One-Time,Second-purchase campaigns and onboarding
13211,3,Champions / VIP,"VIP treatment, rewards, and premium offers"
13212,4,Loyal Customers,"Loyalty rewards, cross-sell, and upsell"
13213,4,Loyal Customers,"Loyalty rewards, cross-sell, and upsell"
13216,0,Dormant / Lost,Win-back campaigns and reactivation offers
13217,2,At Risk / Needs Attention,Retention campaigns and targeted incentives
13218,1,New / One-Time,Second-purchase campaigns and onboarding
13220,2,At Risk / Needs Attention,Retention campaigns and targeted incentives
13221,2,At Risk / Needs Attention,Retention campaigns and targeted incentives
13223,2,At Risk / Needs Attention,Retention campaigns and targeted incentives
13224,4,Loyal Customers,"Loyalty rewards, cross-sell, and upsell"
13225,3,Champions / VIP,"VIP treatment, rewards, and premium offers"
13226,0,Dormant / Lost,Win-back campaigns and reactivation offers
13227,0,Dormant / Lost,Win-back campaigns and reactivation offers
13228,1,New / One-Time,Second-purchase campaigns and onboarding
13229,0,Dormant / Lost,Win-back campaigns and reactivation offers
13230,3,Champions / VIP,"VIP treatment, rewards, and premium offers"
13232,3,Champions / VIP,"VIP treatment, rewards, and premium offers"
13233,2,At Risk / Needs Attention,Retention campaigns and targeted incentives
13235,0,Dormant / Lost,Win-back campaigns and reactivation offers
13236,4,Loyal Customers,"Loyalty rewards, cross-sell, and upsell"
13238,3,Champions / VIP,"VIP treatment, rewards, and premium offers"
13239,0,Dormant / Lost,Win-back campaigns and reactivation offers
13240,2,At Risk / Needs Attention,Retention campaigns and targeted incentives
13242,2,At Risk / Needs Attention,Retention campaigns and targeted incentives
13243,0,Dormant / Lost,Win-back campaigns and reactivation offers
13244,1,New / One-Time,Second-purchase campaigns and onboarding
13245,1,New / One-Time,Second-purchase campaigns and onboarding
13246,3,Champions / VIP,"VIP treatment, rewards, and premium offers"
13247,4,Loyal Customers,"Loyalty rewards, cross-sell, and upsell"
13248,2,At Risk / Needs Attention,Retention campaigns and targeted incentives
13249,2,At Risk / Needs Attention,Retention campaigns and targeted incentives
13253,2,At Risk / Needs Attention,Retention campaigns and targeted incentives
13255,3,Champions / VIP,"VIP treatment, rewards, and premium offers"
13258,4,Loyal Customers,"Loyalty rewards, cross-sell, and upsell"
13259,1,New / One-Time,Second-purchase campaigns and onboarding
13260,1,New / One-Time,Second-purchase campaigns and onboarding
13261,2,At Risk / Needs Attention,Retention campaigns and targeted incentives
13262,0,Dormant / Lost,Win-back campaigns and reactivation offers
13263,3,Champions / VIP,"VIP treatment, rewards, and premium offers"
13265,3,Champions / VIP,"VIP treatment, rewards, and premium offers"
13266,3,Champions / VIP,"VIP treatment, rewards, and premium offers"
13267,3,Champions / VIP,"VIP treatment, rewards, and premium offers"
13268,3,Champions / VIP,"VIP treatment, rewards, and premium offers"
13269,3,Champions / VIP,"VIP treatment, rewards, and premium offers"
13270,0,Dormant / Lost,Win-back campaigns and reactivation offers
13271,1,New / One-Time,Second-purchase campaigns and onboarding
13272,4,Loyal Customers,"Loyalty rewards, cross-sell, and upsell"
13273,1,New / One-Time,Second-purchase campaigns and onboarding
13276,4,Loyal Customers,"Loyalty rewards, cross-sell, and upsell"
13277,4,Loyal Customers,"Loyalty rewards, cross-sell, and upsell"
13278,1,New / One-Time,Second-purchase campaigns and onboarding
13279,1,New / One-Time,Second-purchase campaigns and onboarding
13280,2,At Risk / Needs Attention,Retention campaigns and targeted incentives
13282,4,Loyal Customers,"Loyalty rewards, cross-sell, and upsell"
13283,2,At Risk / Needs Attention,Retention campaigns and targeted incentives
13284,0,Dormant / Lost,Win-back campaigns and reactivation offers
13285,3,Champions / VIP,"VIP treatment, rewards, and premium offers"
13291,1,New / One-Time,Second-purchase campaigns and onboarding
13292,2,At Risk / Needs Attention,Retention campaigns and targeted incentives
13294,2,At Risk / Needs Attention,Retention campaigns and targeted incentives
13295,0,Dormant / Lost,Win-back campaigns and reactivation offers
13296,1,New / One-Time,Second-purchase campaigns and onboarding
13297,4,Loyal Customers,"Loyalty rewards, cross-sell, and upsell"
13298,1,New / One-Time,Second-purchase campaigns and onboarding
13299,0,Dormant / Lost,Win-back campaigns and reactivation offers
13300,0,Dormant / Lost,Win-back campaigns and reactivation offers
13301,2,At Risk / Needs Attention,Retention campaigns and targeted incentives
13302,0,Dormant / Lost,Win-back campaigns and reactivation offers
13304,0,Dormant / Lost,Win-back campaigns and reactivation offers
13305,3,Champions / VIP,"VIP treatment, rewards, and premium offers"
13307,0,Dormant / Lost,Win-back campaigns and reactivation offers
13308,4,Loyal Customers,"Loyalty rewards, cross-sell, and upsell"
13309,3,Champions / VIP,"VIP treatment, rewards, and premium offers"
13310,3,Champions / VIP,"VIP treatment, rewards, and premium offers"
13311,4,Loyal Customers,"Loyalty rewards, cross-sell, and upsell"
13313,3,Champions / VIP,"VIP treatment, rewards, and premium offers"
13314,4,Loyal Customers,"Loyalty rewards, cross-sell, and upsell"
13316,3,Champions / VIP,"VIP treatment, rewards, and premium offers"
13317,3,Champions / VIP,"VIP treatment, rewards, and premium offers"
13318,4,Loyal Customers,"Loyalty rewards, cross-sell, and upsell"
13319,3,Champions / VIP,"VIP treatment, rewards, and premium offers"
13320,2,At Risk / Needs Attention,Retention campaigns and targeted incentives
13321,4,Loyal Customers,"Loyalty rewards, cross-sell, and upsell"
13322,1,New / One-Time,Second-purchase campaigns and onboarding
13323,4,Loyal Customers,"Loyalty rewards, cross-sell, and upsell"
13324,3,Champions / VIP,"VIP treatment, rewards, and premium offers"
13325,1,New / One-Time,Second-purchase campaigns and onboarding
13327,3,Champions / VIP,"VIP treatment, rewards, and premium offers"
13328,0,Dormant / Lost,Win-back campaigns and reactivation offers
13329,3,Champions / VIP,"VIP treatment, rewards, and premium offers"
13330,2,At Risk / Needs Attention,Retention campaigns and targeted incentives
13332,1,New / One-Time,Second-purchase campaigns and onboarding
13334,2,At Risk / Needs Attention,Retention campaigns and targeted incentives
13336,1,New / One-Time,Second-purchase campaigns and onboarding
13338,1,New / One-Time,Second-purchase campaigns and onboarding
13339,0,Dormant / Lost,Win-back campaigns and reactivation offers
13340,3,Champions / VIP,"VIP treatment, rewards, and premium offers"
13341,0,Dormant / Lost,Win-back campaigns and reactivation offers
13343,0,Dormant / Lost,Win-back campaigns and reactivation offers
13344,2,At Risk / Needs Attention,Retention campaigns and targeted incentives
13345,0,Dormant / Lost,Win-back campaigns and reactivation offers
13347,1,New / One-Time,Second-purchase campaigns and onboarding
13348,1,New / One-Time,Second-purchase campaigns and onboarding
13349,1,New / One-Time,Second-purchase campaigns and onboarding
13350,4,Loyal Customers,"Loyalty rewards, cross-sell, and upsell"
13351,1,New / One-Time,Second-purchase campaigns and onboarding
13352,1,New / One-Time,Second-purchase campaigns and onboarding
13354,1,New / One-Time,Second-purchase campaigns and onboarding
13355,1,New / One-Time,Second-purchase campaigns and onboarding
13356,1,New / One-Time,Second-purchase campaigns and onboarding
13357,0,Dormant / Lost,Win-back campaigns and reactivation offers
13358,0,Dormant / Lost,Win-back campaigns and reactivation offers
13359,1,New / One-Time,Second-purchase campaigns and onboarding
13362,3,Champions / VIP,"VIP treatment, rewards, and premium offers"
13363,4,Loyal Customers,"Loyalty rewards, cross-sell, and upsell"
13364,1,New / One-Time,Second-purchase campaigns and onboarding
13365,4,Loyal Customers,"Loyalty rewards, cross-sell, and upsell"
13366,1,New / One-Time,Second-purchase campaigns and onboarding
13368,2,At Risk / Needs Attention,Retention campaigns and targeted incentives
13369,0,Dormant / Lost,Win-back campaigns and reactivation offers
13370,0,Dormant / Lost,Win-back campaigns and reactivation offers
13372,1,New / One-Time,Second-purchase campaigns and onboarding
13373,2,At Risk / Needs Attention,Retention campaigns and targeted incentives
13375,1,New / One-Time,Second-purchase campaigns and onboarding
13376,2,At Risk / Needs Attention,Retention campaigns and targeted incentives
13379,4,Loyal Customers,"Loyalty rewards, cross-sell, and upsell"
13381,3,Champions / VIP,"VIP treatment, rewards, and premium offers"
13382,0,Dormant / Lost,Win-back campaigns and reactivation offers
13384,3,Champions / VIP,"VIP treatment, rewards, and premium offers"
13385,0,Dormant / Lost,Win-back campaigns and reactivation offers
13388,2,At Risk / Needs Attention,Retention campaigns and targeted incentives
13389,4,Loyal Customers,"Loyalty rewards, cross-sell, and upsell"
13390,1,New / One-Time,Second-purchase campaigns and onboarding
13391,0,Dormant / Lost,Win-back campaigns and reactivation offers
13394,3,Champions / VIP,"VIP treatment, rewards, and premium offers"
13395,0,Dormant / Lost,Win-back campaigns and reactivation offers
13396,3,Champions / VIP,"VIP treatment, rewards, and premium offers"
13397,2,At Risk / Needs Attention,Retention campaigns and targeted incentives
13398,0,Dormant / Lost,Win-back campaigns and reactivation offers
13402,2,At Risk / Needs Attention,Retention campaigns and targeted incentives
13403,1,New / One-Time,Second-purchase campaigns and onboarding
13404,4,Loyal Customers,"Loyalty rewards, cross-sell, and upsell"
13405,2,At Risk / Needs Attention,Retention campaigns and targeted incentives
13408,3,Champions / VIP,"VIP treatment, rewards, and premium offers"
13410,3,Champions / VIP,"VIP treatment, rewards, and premium offers"
13411,1,New / One-Time,Second-purchase campaigns and onboarding
13414,2,At Risk / Needs Attention,Retention campaigns and targeted incentives
13416,4,Loyal Customers,"Loyalty rewards, cross-sell, and upsell"
13417,4,Loyal Customers,"Loyalty rewards, cross-sell, and upsell"
13418,3,Champions / VIP,"VIP treatment, rewards, and premium offers"
13419,1,New / One-Time,Second-purchase campaigns and onboarding
13420,2,At Risk / Needs Attention,Retention campaigns and targeted incentives
13421,3,Champions / VIP,"VIP treatment, rewards, and premium offers"
13422,1,New / One-Time,Second-purchase campaigns and onboarding
13425,2,At Risk / Needs Attention,Retention campaigns and targeted incentives
13426,3,Champions / VIP,"VIP treatment, rewards, and premium offers"
13427,4,Loyal Customers,"Loyalty rewards, cross-sell, and upsell"
13428,1,New / One-Time,Second-purchase campaigns and onboarding
13429,4,Loyal Customers,"Loyalty rewards, cross-sell, and upsell"
13430,4,Loyal Customers,"Loyalty rewards, cross-sell, and upsell"
13431,4,Loyal Customers,"Loyalty rewards, cross-sell, and upsell"
13434,4,Loyal Customers,"Loyalty rewards, cross-sell, and upsell"
13435,3,Champions / VIP,"VIP treatment, rewards, and premium offers"
13436,1,New / One-Time,Second-purchase campaigns and onboarding
13437,3,Champions / VIP,"VIP treatment, rewards, and premium offers"
13439,0,Dormant / Lost,Win-back campaigns and reactivation offers
13441,1,New / One-Time,Second-purchase campaigns and onboarding
13447,4,Loyal Customers,"Loyalty rewards, cross-sell, and upsell"
13448,3,Champions / VIP,"VIP treatment, rewards, and premium offers"
13449,1,New / One-Time,Second-purchase campaigns and onboarding
13450,3,Champions / VIP,"VIP treatment, rewards, and premium offers"
13451,3,Champions / VIP,"VIP treatment, rewards, and premium offers"
13452,2,At Risk / Needs Attention,Retention campaigns and targeted incentives
13453,2,At Risk / Needs Attention,Retention campaigns and targeted incentives
13455,3,Champions / VIP,"VIP treatment, rewards, and premium offers"
13456,3,Champions / VIP,"VIP treatment, rewards, and premium offers"
13458,3,Champions / VIP,"VIP treatment, rewards, and premium offers"
13460,4,Loyal Customers,"Loyalty rewards, cross-sell, and upsell"
13461,4,Loyal Customers,"Loyalty rewards, cross-sell, and upsell"
13462,0,Dormant / Lost,Win-back campaigns and reactivation offers
13464,1,New / One-Time,Second-purchase campaigns and onboarding
13466,0,Dormant / Lost,Win-back campaigns and reactivation offers
13467,4,Loyal Customers,"Loyalty rewards, cross-sell, and upsell"
13468,3,Champions / VIP,"VIP treatment, rewards, and premium offers"
13470,2,At Risk / Needs Attention,Retention campaigns and targeted incentives
13471,4,Loyal Customers,"Loyalty rewards, cross-sell, and upsell"
13473,2,At Risk / Needs Attention,Retention campaigns and targeted incentives
13474,0,Dormant / Lost,Win-back campaigns and reactivation offers
13475,2,At Risk / Needs Attention,Retention campaigns and targeted incentives
13476,2,At Risk / Needs Attention,Retention campaigns and targeted incentives
13477,3,Champions / VIP,"VIP treatment, rewards, and premium offers"
13479,2,At Risk / Needs Attention,Retention campaigns and targeted incentives
13481,3,Champions / VIP,"VIP treatment, rewards, and premium offers"
13482,0,Dormant / Lost,Win-back campaigns and reactivation offers
13483,1,New / One-Time,Second-purchase campaigns and onboarding
13484,0,Dormant / Lost,Win-back campaigns and reactivation offers
13485,0,Dormant / Lost,Win-back campaigns and reactivation offers
13486,2,At Risk / Needs Attention,Retention campaigns and targeted incentives
13487,2,At Risk / Needs Attention,Retention campaigns and targeted incentives
13488,3,Champions / VIP,"VIP treatment, rewards, and premium offers"
13489,2,At Risk / Needs Attention,Retention campaigns and targeted incentives
13491,3,Champions / VIP,"VIP treatment, rewards, and premium offers"
13492,2,At Risk / Needs Attention,Retention campaigns and targeted incentives
13493,2,At Risk / Needs Attention,Retention campaigns and targeted incentives
13494,0,Dormant / Lost,Win-back campaigns and reactivation offers
13495,3,Champions / VIP,"VIP treatment, rewards, and premium offers"
13496,3,Champions / VIP,"VIP treatment, rewards, and premium offers"
13497,2,At Risk / Needs Attention,Retention campaigns and targeted incentives
13499,3,Champions / VIP,"VIP treatment, rewards, and premium offers"
13500,4,Loyal Customers,"Loyalty rewards, cross-sell, and upsell"
13501,0,Dormant / Lost,Win-back campaigns and reactivation offers
13502,3,Champions / VIP,"VIP treatment, rewards, and premium offers"
13503,1,New / One-Time,Second-purchase campaigns and onboarding
13504,1,New / One-Time,Second-purchase campaigns and onboarding
13505,2,At Risk / Needs Attention,Retention campaigns and targeted incentives
13506,0,Dormant / Lost,Win-back campaigns and reactivation offers
13507,4,Loyal Customers,"Loyalty rewards, cross-sell, and upsell"
13508,0,Dormant / Lost,Win-back campaigns and reactivation offers
13509,3,Champions / VIP,"VIP treatment, rewards, and premium offers"
13510,4,Loyal Customers,"Loyalty rewards, cross-sell, and upsell"
13512,0,Dormant / Lost,Win-back campaigns and reactivation offers
13513,1,New / One-Time,Second-purchase campaigns and onboarding
13514,1,New / One-Time,Second-purchase campaigns and onboarding
13515,2,At Risk / Needs Attention,Retention campaigns and targeted incentives
13516,3,Champions / VIP,"VIP treatment, rewards, and premium offers"
13517,4,Loyal Customers,"Loyalty rewards, cross-sell, and upsell"
13518,1,New / One-Time,Second-purchase campaigns and onboarding
13519,1,New / One-Time,Second-purchase campaigns and onboarding
13520,3,Champions / VIP,"VIP treatment, rewards, and premium offers"
13521,4,Loyal Customers,"Loyalty rewards, cross-sell, and upsell"
13522,1,New / One-Time,Second-purchase campaigns and onboarding
13523,3,Champions / VIP,"VIP treatment, rewards, and premium offers"
13524,4,Loyal Customers,"Loyalty rewards, cross-sell, and upsell"
13525,4,Loyal Customers,"Loyalty rewards, cross-sell, and upsell"
13527,3,Champions / VIP,"VIP treatment, rewards, and premium offers"
13529,2,At Risk / Needs Attention,Retention campaigns and targeted incentives
13531,2,At Risk / Needs Attention,Retention campaigns and targeted incentives
13532,1,New / One-Time,Second-purchase campaigns and onboarding
13533,2,At Risk / Needs Attention,Retention campaigns and targeted incentives
13534,3,Champions / VIP,"VIP treatment, rewards, and premium offers"
13536,4,Loyal Customers,"Loyalty rewards, cross-sell, and upsell"
13538,3,Champions / VIP,"VIP treatment, rewards, and premium offers"
13539,2,At Risk / Needs Attention,Retention campaigns and targeted incentives
13544,4,Loyal Customers,"Loyalty rewards, cross-sell, and upsell"
13546,4,Loyal Customers,"Loyalty rewards, cross-sell, and upsell"
13548,2,At Risk / Needs Attention,Retention campaigns and targeted incentives
13549,3,Champions / VIP,"VIP treatment, rewards, and premium offers"
13551,0,Dormant / Lost,Win-back campaigns and reactivation offers
13552,3,Champions / VIP,"VIP treatment, rewards, and premium offers"
13555,2,At Risk / Needs Attention,Retention campaigns and targeted incentives
13557,3,Champions / VIP,"VIP treatment, rewards, and premium offers"
13558,4,Loyal Customers,"Loyalty rewards, cross-sell, and upsell"
13560,1,New / One-Time,Second-purchase campaigns and onboarding
13561,0,Dormant / Lost,Win-back campaigns and reactivation offers
13562,2,At Risk / Needs Attention,Retention campaigns and targeted incentives
13563,2,At Risk / Needs Attention,Retention campaigns and targeted incentives
13564,2,At Risk / Needs Attention,Retention campaigns and targeted incentives
13565,3,Champions / VIP,"VIP treatment, rewards, and premium offers"
13566,4,Loyal Customers,"Loyalty rewards, cross-sell, and upsell"
13568,0,Dormant / Lost,Win-back campaigns and reactivation offers
13569,3,Champions / VIP,"VIP treatment, rewards, and premium offers"
13570,0,Dormant / Lost,Win-back campaigns and reactivation offers
13571,3,Champions / VIP,"VIP treatment, rewards, and premium offers"
13572,0,Dormant / Lost,Win-back campaigns and reactivation offers
13573,2,At Risk / Needs Attention,Retention campaigns and targeted incentives
13575,4,Loyal Customers,"Loyalty rewards, cross-sell, and upsell"
13576,3,Champions / VIP,"VIP treatment, rewards, and premium offers"
13577,3,Champions / VIP,"VIP treatment, rewards, and premium offers"
13579,3,Champions / VIP,"VIP treatment, rewards, and premium offers"
13581,0,Dormant / Lost,Win-back campaigns and reactivation offers
13583,1,New / One-Time,Second-purchase campaigns and onboarding
13584,0,Dormant / Lost,Win-back campaigns and reactivation offers
13587,1,New / One-Time,Second-purchase campaigns and onboarding
13588,3,Champions / VIP,"VIP treatment, rewards, and premium offers"
13589,4,Loyal Customers,"Loyalty rewards, cross-sell, and upsell"
13590,3,Champions / VIP,"VIP treatment, rewards, and premium offers"
13591,2,At Risk / Needs Attention,Retention campaigns and targeted incentives
13592,4,Loyal Customers,"Loyalty rewards, cross-sell, and upsell"
13593,2,At Risk / Needs Attention,Retention campaigns and targeted incentives
13594,1,New / One-Time,Second-purchase campaigns and onboarding
13596,4,Loyal Customers,"Loyalty rewards, cross-sell, and upsell"
13598,1,New / One-Time,Second-purchase campaigns and onboarding
13599,3,Champions / VIP,"VIP treatment, rewards, and premium offers"
13600,0,Dormant / Lost,Win-back campaigns and reactivation offers
13601,4,Loyal Customers,"Loyalty rewards, cross-sell, and upsell"
13602,1,New / One-Time,Second-purchase campaigns and onboarding
13603,1,New / One-Time,Second-purchase campaigns and onboarding
13606,3,Champions / VIP,"VIP treatment, rewards, and premium offers"
13607,1,New / One-Time,Second-purchase campaigns and onboarding
13610,3,Champions / VIP,"VIP treatment, rewards, and premium offers"
13611,2,At Risk / Needs Attention,Retention campaigns and targeted incentives
13614,3,Champions / VIP,"VIP treatment, rewards, and premium offers"
13615,0,Dormant / Lost,Win-back campaigns and reactivation offers
13617,4,Loyal Customers,"Loyalty rewards, cross-sell, and upsell"
13618,0,Dormant / Lost,Win-back campaigns and reactivation offers
13621,1,New / One-Time,Second-purchase campaigns and onboarding
13623,3,Champions / VIP,"VIP treatment, rewards, and premium offers"
13626,0,Dormant / Lost,Win-back campaigns and reactivation offers
13627,3,Champions / VIP,"VIP treatment, rewards, and premium offers"
13629,3,Champions / VIP,"VIP treatment, rewards, and premium offers"
13630,3,Champions / VIP,"VIP treatment, rewards, and premium offers"
13631,2,At Risk / Needs Attention,Retention campaigns and targeted incentives
13632,3,Champions / VIP,"VIP treatment, rewards, and premium offers"
13634,3,Champions / VIP,"VIP treatment, rewards, and premium offers"
13635,1,New / One-Time,Second-purchase campaigns and onboarding
13636,3,Champions / VIP,"VIP treatment, rewards, and premium offers"
13637,2,At Risk / Needs Attention,Retention campaigns and targeted incentives
13638,1,New / One-Time,Second-purchase campaigns and onboarding
13639,1,New / One-Time,Second-purchase campaigns and onboarding
13642,0,Dormant / Lost,Win-back campaigns and reactivation offers
13643,4,Loyal Customers,"Loyalty rewards, cross-sell, and upsell"
13644,4,Loyal Customers,"Loyalty rewards, cross-sell, and upsell"
13645,1,New / One-Time,Second-purchase campaigns and onboarding
13647,3,Champions / VIP,"VIP treatment, rewards, and premium offers"
13649,2,At Risk / Needs Attention,Retention campaigns and targeted incentives
13650,3,Champions / VIP,"VIP treatment, rewards, and premium offers"
13651,4,Loyal Customers,"Loyalty rewards, cross-sell, and upsell"
13652,3,Champions / VIP,"VIP treatment, rewards, and premium offers"
13654,3,Champions / VIP,"VIP treatment, rewards, and premium offers"
13655,2,At Risk / Needs Attention,Retention campaigns and targeted incentives
13656,2,At Risk / Needs Attention,Retention campaigns and targeted incentives
13657,4,Loyal Customers,"Loyalty rewards, cross-sell, and upsell"
13658,3,Champions / VIP,"VIP treatment, rewards, and premium offers"
13659,2,At Risk / Needs Attention,Retention campaigns and targeted incentives
13662,2,At Risk / Needs Attention,Retention campaigns and targeted incentives
13663,0,Dormant / Lost,Win-back campaigns and reactivation offers
13666,2,At Risk / Needs Attention,Retention campaigns and targeted incentives
13667,1,New / One-Time,Second-purchase campaigns and onboarding
13668,3,Champions / VIP,"VIP treatment, rewards, and premium offers"
13669,4,Loyal Customers,"Loyalty rewards, cross-sell, and upsell"
13670,1,New / One-Time,Second-purchase campaigns and onboarding
13672,0,Dormant / Lost,Win-back campaigns and reactivation offers
13673,4,Loyal Customers,"Loyalty rewards, cross-sell, and upsell"
13675,2,At Risk / Needs Attention,Retention campaigns and targeted incentives
13678,1,New / One-Time,Second-purchase campaigns and onboarding
13680,3,Champions / VIP,"VIP treatment, rewards, and premium offers"
13681,4,Loyal Customers,"Loyalty rewards, cross-sell, and upsell"
13682,0,Dormant / Lost,Win-back campaigns and reactivation offers
13684,0,Dormant / Lost,Win-back campaigns and reactivation offers
13685,4,Loyal Customers,"Loyalty rewards, cross-sell, and upsell"
13686,0,Dormant / Lost,Win-back campaigns and reactivation offers
13689,1,New / One-Time,Second-purchase campaigns and onboarding
13690,1,New / One-Time,Second-purchase campaigns and onboarding
13692,3,Champions / VIP,"VIP treatment, rewards, and premium offers"
13694,3,Champions / VIP,"VIP treatment, rewards, and premium offers"
13695,3,Champions / VIP,"VIP treatment, rewards, and premium offers"
13697,1,New / One-Time,Second-purchase campaigns and onboarding
13699,0,Dormant / Lost,Win-back campaigns and reactivation offers
13700,3,Champions / VIP,"VIP treatment, rewards, and premium offers"
13703,0,Dormant / Lost,Win-back campaigns and reactivation offers
13704,4,Loyal Customers,"Loyalty rewards, cross-sell, and upsell"
13705,3,Champions / VIP,"VIP treatment, rewards, and premium offers"
13706,0,Dormant / Lost,Win-back campaigns and reactivation offers
13707,2,At Risk / Needs Attention,Retention campaigns and targeted incentives
13708,0,Dormant / Lost,Win-back campaigns and reactivation offers
13709,3,Champions / VIP,"VIP treatment, rewards, and premium offers"
13710,1,New / One-Time,Second-purchase campaigns and onboarding
13711,0,Dormant / Lost,Win-back campaigns and reactivation offers
13712,0,Dormant / Lost,Win-back campaigns and reactivation offers
13715,2,At Risk / Needs Attention,Retention campaigns and targeted incentives
13716,0,Dormant / Lost,Win-back campaigns and reactivation offers
13717,3,Champions / VIP,"VIP treatment, rewards, and premium offers"
13718,2,At Risk / Needs Attention,Retention campaigns and targeted incentives
13719,3,Champions / VIP,"VIP treatment, rewards, and premium offers"
13720,2,At Risk / Needs Attention,Retention campaigns and targeted incentives
13721,1,New / One-Time,Second-purchase campaigns and onboarding
13722,2,At Risk / Needs Attention,Retention campaigns and targeted incentives
13723,0,Dormant / Lost,Win-back campaigns and reactivation offers
13725,3,Champions / VIP,"VIP treatment, rewards, and premium offers"
13726,4,Loyal Customers,"Loyalty rewards, cross-sell, and upsell"
13727,4,Loyal Customers,"Loyalty rewards, cross-sell, and upsell"
13728,3,Champions / VIP,"VIP treatment, rewards, and premium offers"
13730,2,At Risk / Needs Attention,Retention campaigns and targeted incentives
13731,2,At Risk / Needs Attention,Retention campaigns and targeted incentives
13732,1,New / One-Time,Second-purchase campaigns and onboarding
13735,3,Champions / VIP,"VIP treatment, rewards, and premium offers"
13736,3,Champions / VIP,"VIP treatment, rewards, and premium offers"
13737,0,Dormant / Lost,Win-back campaigns and reactivation offers
13739,1,New / One-Time,Second-purchase campaigns and onboarding
13740,0,Dormant / Lost,Win-back campaigns and reactivation offers
13741,2,At Risk / Needs Attention,Retention campaigns and targeted incentives
13742,3,Champions / VIP,"VIP treatment, rewards, and premium offers"
13743,3,Champions / VIP,"VIP treatment, rewards, and premium offers"
13744,2,At Risk / Needs Attention,Retention campaigns and targeted incentives
13745,1,New / One-Time,Second-purchase campaigns and onboarding
13747,0,Dormant / Lost,Win-back campaigns and reactivation offers
13748,2,At Risk / Needs Attention,Retention campaigns and targeted incentives
13750,3,Champions / VIP,"VIP treatment, rewards, and premium offers"
13751,0,Dormant / Lost,Win-back campaigns and reactivation offers
13752,2,At Risk / Needs Attention,Retention campaigns and targeted incentives
13753,0,Dormant / Lost,Win-back campaigns and reactivation offers
13754,2,At Risk / Needs Attention,Retention campaigns and targeted incentives
13755,4,Loyal Customers,"Loyalty rewards, cross-sell, and upsell"
13756,3,Champions / VIP,"VIP treatment, rewards, and premium offers"
13758,3,Champions / VIP,"VIP treatment, rewards, and premium offers"
13759,4,Loyal Customers,"Loyalty rewards, cross-sell, and upsell"
13760,2,At Risk / Needs Attention,Retention campaigns and targeted incentives
13761,4,Loyal Customers,"Loyalty rewards, cross-sell, and upsell"
13762,0,Dormant / Lost,Win-back campaigns and reactivation offers
13763,1,New / One-Time,Second-purchase campaigns and onboarding
13764,2,At Risk / Needs Attention,Retention campaigns and targeted incentives
13767,3,Champions / VIP,"VIP treatment, rewards, and premium offers"
13769,3,Champions / VIP,"VIP treatment, rewards, and premium offers"
13771,2,At Risk / Needs Attention,Retention campaigns and targeted incentives
13772,4,Loyal Customers,"Loyalty rewards, cross-sell, and upsell"
13774,1,New / One-Time,Second-purchase campaigns and onboarding
13777,3,Champions / VIP,"VIP treatment, rewards, and premium offers"
13778,1,New / One-Time,Second-purchase campaigns and onboarding
13780,4,Loyal Customers,"Loyalty rewards, cross-sell, and upsell"
13781,0,Dormant / Lost,Win-back campaigns and reactivation offers
13782,3,Champions / VIP,"VIP treatment, rewards, and premium offers"
13784,3,Champions / VIP,"VIP treatment, rewards, and premium offers"
13786,0,Dormant / Lost,Win-back campaigns and reactivation offers
13787,2,At Risk / Needs Attention,Retention campaigns and targeted incentives
13790,1,New / One-Time,Second-purchase campaigns and onboarding
13791,2,At Risk / Needs Attention,Retention campaigns and targeted incentives
13792,2,At Risk / Needs Attention,Retention campaigns and targeted incentives
13798,3,Champions / VIP,"VIP treatment, rewards, and premium offers"
13799,2,At Risk / Needs Attention,Retention campaigns and targeted incentives
13800,0,Dormant / Lost,Win-back campaigns and reactivation offers
13801,1,New / One-Time,Second-purchase campaigns and onboarding
13802,2,At Risk / Needs Attention,Retention campaigns and targeted incentives
13803,0,Dormant / Lost,Win-back campaigns and reactivation offers
13804,3,Champions / VIP,"VIP treatment, rewards, and premium offers"
13805,4,Loyal Customers,"Loyalty rewards, cross-sell, and upsell"
13806,1,New / One-Time,Second-purchase campaigns and onboarding
13807,0,Dormant / Lost,Win-back campaigns and reactivation offers
13808,4,Loyal Customers,"Loyalty rewards, cross-sell, and upsell"
13809,0,Dormant / Lost,Win-back campaigns and reactivation offers
13810,4,Loyal Customers,"Loyalty rewards, cross-sell, and upsell"
13811,2,At Risk / Needs Attention,Retention campaigns and targeted incentives
13812,4,Loyal Customers,"Loyalty rewards, cross-sell, and upsell"
13813,4,Loyal Customers,"Loyalty rewards, cross-sell, and upsell"
13814,2,At Risk / Needs Attention,Retention campaigns and targeted incentives
13815,3,Champions / VIP,"VIP treatment, rewards, and premium offers"
13816,4,Loyal Customers,"Loyalty rewards, cross-sell, and upsell"
13817,3,Champions / VIP,"VIP treatment, rewards, and premium offers"
13819,2,At Risk / Needs Attention,Retention campaigns and targeted incentives
13821,2,At Risk / Needs Attention,Retention campaigns and targeted incentives
13822,4,Loyal Customers,"Loyalty rewards, cross-sell, and upsell"
13823,4,Loyal Customers,"Loyalty rewards, cross-sell, and upsell"
13824,3,Champions / VIP,"VIP treatment, rewards, and premium offers"
13826,0,Dormant / Lost,Win-back campaigns and reactivation offers
13827,4,Loyal Customers,"Loyalty rewards, cross-sell, and upsell"
13828,1,New / One-Time,Second-purchase campaigns and onboarding
13831,3,Champions / VIP,"VIP treatment, rewards, and premium offers"
13832,1,New / One-Time,Second-purchase campaigns and onboarding
13833,0,Dormant / Lost,Win-back campaigns and reactivation offers
13835,4,Loyal Customers,"Loyalty rewards, cross-sell, and upsell"
13837,2,At Risk / Needs Attention,Retention campaigns and targeted incentives
13838,3,Champions / VIP,"VIP treatment, rewards, and premium offers"
13841,0,Dormant / Lost,Win-back campaigns and reactivation offers
13842,3,Champions / VIP,"VIP treatment, rewards, and premium offers"
13844,1,New / One-Time,Second-purchase campaigns and onboarding
13845,1,New / One-Time,Second-purchase campaigns and onboarding
13846,3,Champions / VIP,"VIP treatment, rewards, and premium offers"
13848,2,At Risk / Needs Attention,Retention campaigns and targeted incentives
13849,4,Loyal Customers,"Loyalty rewards, cross-sell, and upsell"
13850,1,New / One-Time,Second-purchase campaigns and onboarding
13851,2,At Risk / Needs Attention,Retention campaigns and targeted incentives
13853,1,New / One-Time,Second-purchase campaigns and onboarding
13854,3,Champions / VIP,"VIP treatment, rewards, and premium offers"
13856,2,At Risk / Needs Attention,Retention campaigns and targeted incentives
13858,1,New / One-Time,Second-purchase campaigns and onboarding
13859,0,Dormant / Lost,Win-back campaigns and reactivation offers
13860,4,Loyal Customers,"Loyalty rewards, cross-sell, and upsell"
13862,3,Champions / VIP,"VIP treatment, rewards, and premium offers"
13863,0,Dormant / Lost,Win-back campaigns and reactivation offers
13865,2,At Risk / Needs Attention,Retention campaigns and targeted incentives
13866,1,New / One-Time,Second-purchase campaigns and onboarding
13867,4,Loyal Customers,"Loyalty rewards, cross-sell, and upsell"
13868,4,Loyal Customers,"Loyalty rewards, cross-sell, and upsell"
13869,2,At Risk / Needs Attention,Retention campaigns and targeted incentives
13870,3,Champions / VIP,"VIP treatment, rewards, and premium offers"
13871,3,Champions / VIP,"VIP treatment, rewards, and premium offers"
13873,2,At Risk / Needs Attention,Retention campaigns and targeted incentives
13874,0,Dormant / Lost,Win-back campaigns and reactivation offers
13875,3,Champions / VIP,"VIP treatment, rewards, and premium offers"
13876,1,New / One-Time,Second-purchase campaigns and onboarding
13877,1,New / One-Time,Second-purchase campaigns and onboarding
13878,1,New / One-Time,Second-purchase campaigns and onboarding
13880,3,Champions / VIP,"VIP treatment, rewards, and premium offers"
13881,3,Champions / VIP,"VIP treatment, rewards, and premium offers"
13882,4,Loyal Customers,"Loyalty rewards, cross-sell, and upsell"
13883,3,Champions / VIP,"VIP treatment, rewards, and premium offers"
13884,3,Champions / VIP,"VIP treatment, rewards, and premium offers"
13885,2,At Risk / Needs Attention,Retention campaigns and targeted incentives
13886,1,New / One-Time,Second-purchase campaigns and onboarding
13887,0,Dormant / Lost,Win-back campaigns and reactivation offers
13888,2,At Risk / Needs Attention,Retention campaigns and targeted incentives
13889,1,New / One-Time,Second-purchase campaigns and onboarding
13890,3,Champions / VIP,"VIP treatment, rewards, and premium offers"
13892,4,Loyal Customers,"Loyalty rewards, cross-sell, and upsell"
13893,0,Dormant / Lost,Win-back campaigns and reactivation offers
13894,3,Champions / VIP,"VIP treatment, rewards, and premium offers"
13895,4,Loyal Customers,"Loyalty rewards, cross-sell, and upsell"
13897,1,New / One-Time,Second-purchase campaigns and onboarding
13898,0,Dormant / Lost,Win-back campaigns and reactivation offers
13899,4,Loyal Customers,"Loyalty rewards, cross-sell, and upsell"
13900,2,At Risk / Needs Attention,Retention campaigns and targeted incentives
13901,3,Champions / VIP,"VIP treatment, rewards, and premium offers"
13904,2,At Risk / Needs Attention,Retention campaigns and targeted incentives
13908,2,At Risk / Needs Attention,Retention campaigns and targeted incentives
13911,3,Champions / VIP,"VIP treatment, rewards, and premium offers"
13914,4,Loyal Customers,"Loyalty rewards, cross-sell, and upsell"
13917,4,Loyal Customers,"Loyalty rewards, cross-sell, and upsell"
13918,2,At Risk / Needs Attention,Retention campaigns and targeted incentives
13919,4,Loyal Customers,"Loyalty rewards, cross-sell, and upsell"
13922,0,Dormant / Lost,Win-back campaigns and reactivation offers
13923,1,New / One-Time,Second-purchase campaigns and onboarding
13924,4,Loyal Customers,"Loyalty rewards, cross-sell, and upsell"
13925,2,At Risk / Needs Attention,Retention campaigns and targeted incentives
13926,1,New / One-Time,Second-purchase campaigns and onboarding
13927,1,New / One-Time,Second-purchase campaigns and onboarding
13928,4,Loyal Customers,"Loyalty rewards, cross-sell, and upsell"
13929,2,At Risk / Needs Attention,Retention campaigns and targeted incentives
13930,4,Loyal Customers,"Loyalty rewards, cross-sell, and upsell"
13931,2,At Risk / Needs Attention,Retention campaigns and targeted incentives
13932,0,Dormant / Lost,Win-back campaigns and reactivation offers
13933,2,At Risk / Needs Attention,Retention campaigns and targeted incentives
13934,0,Dormant / Lost,Win-back campaigns and reactivation offers
13936,0,Dormant / Lost,Win-back campaigns and reactivation offers
13937,0,Dormant / Lost,Win-back campaigns and reactivation offers
13938,1,New / One-Time,Second-purchase campaigns and onboarding
13939,3,Champions / VIP,"VIP treatment, rewards, and premium offers"
13940,4,Loyal Customers,"Loyalty rewards, cross-sell, and upsell"
13941,3,Champions / VIP,"VIP treatment, rewards, and premium offers"
13946,2,At Risk / Needs Attention,Retention campaigns and targeted incentives
13947,1,New / One-Time,Second-purchase campaigns and onboarding
13948,0,Dormant / Lost,Win-back campaigns and reactivation offers
13949,4,Loyal Customers,"Loyalty rewards, cross-sell, and upsell"
13950,3,Champions / VIP,"VIP treatment, rewards, and premium offers"
13951,2,At Risk / Needs Attention,Retention campaigns and targeted incentives
13952,2,At Risk / Needs Attention,Retention campaigns and targeted incentives
13953,3,Champions / VIP,"VIP treatment, rewards, and premium offers"
13954,4,Loyal Customers,"Loyalty rewards, cross-sell, and upsell"
13955,2,At Risk / Needs Attention,Retention campaigns and targeted incentives
13956,3,Champions / VIP,"VIP treatment, rewards, and premium offers"
13959,2,At Risk / Needs Attention,Retention campaigns and targeted incentives
13960,4,Loyal Customers,"Loyalty rewards, cross-sell, and upsell"
13962,4,Loyal Customers,"Loyalty rewards, cross-sell, and upsell"
13963,2,At Risk / Needs Attention,Retention campaigns and targeted incentives
13967,0,Dormant / Lost,Win-back campaigns and reactivation offers
13969,3,Champions / VIP,"VIP treatment, rewards, and premium offers"
13971,3,Champions / VIP,"VIP treatment, rewards, and premium offers"
13972,2,At Risk / Needs Attention,Retention campaigns and targeted incentives
13973,0,Dormant / Lost,Win-back campaigns and reactivation offers
13974,1,New / One-Time,Second-purchase campaigns and onboarding
13975,3,Champions / VIP,"VIP treatment, rewards, and premium offers"
13976,0,Dormant / Lost,Win-back campaigns and reactivation offers
13978,4,Loyal Customers,"Loyalty rewards, cross-sell, and upsell"
13979,1,New / One-Time,Second-purchase campaigns and onboarding
13980,1,New / One-Time,Second-purchase campaigns and onboarding
13982,3,Champions / VIP,"VIP treatment, rewards, and premium offers"
13983,3,Champions / VIP,"VIP treatment, rewards, and premium offers"
13984,3,Champions / VIP,"VIP treatment, rewards, and premium offers"
13985,3,Champions / VIP,"VIP treatment, rewards, and premium offers"
13986,1,New / One-Time,Second-purchase campaigns and onboarding
13988,3,Champions / VIP,"VIP treatment, rewards, and premium offers"
13989,2,At Risk / Needs Attention,Retention campaigns and targeted incentives
13990,0,Dormant / Lost,Win-back campaigns and reactivation offers
13991,4,Loyal Customers,"Loyalty rewards, cross-sell, and upsell"
13992,1,New / One-Time,Second-purchase campaigns and onboarding
13993,3,Champions / VIP,"VIP treatment, rewards, and premium offers"
13994,4,Loyal Customers,"Loyalty rewards, cross-sell, and upsell"
13995,3,Champions / VIP,"VIP treatment, rewards, and premium offers"
13999,3,Champions / VIP,"VIP treatment, rewards, and premium offers"
14000,0,Dormant / Lost,Win-back campaigns and reactivation offers
14001,3,Champions / VIP,"VIP treatment, rewards, and premium offers"
14002,2,At Risk / Needs Attention,Retention campaigns and targeted incentives
14004,3,Champions / VIP,"VIP treatment, rewards, and premium offers"
14005,3,Champions / VIP,"VIP treatment, rewards, and premium offers"
14006,2,At Risk / Needs Attention,Retention campaigns and targeted incentives
14009,2,At Risk / Needs Attention,Retention campaigns and targeted incentives
14012,0,Dormant / Lost,Win-back campaigns and reactivation offers
14013,2,At Risk / Needs Attention,Retention campaigns and targeted incentives
14014,1,New / One-Time,Second-purchase campaigns and onboarding
14015,1,New / One-Time,Second-purchase campaigns and onboarding
14016,2,At Risk / Needs Attention,Retention campaigns and targeted incentives
14019,4,Loyal Customers,"Loyalty rewards, cross-sell, and upsell"
14020,4,Loyal Customers,"Loyalty rewards, cross-sell, and upsell"
14021,2,At Risk / Needs Attention,Retention campaigns and targeted incentives
14022,0,Dormant / Lost,Win-back campaigns and reactivation offers
14023,4,Loyal Customers,"Loyalty rewards, cross-sell, and upsell"
14024,4,Loyal Customers,"Loyalty rewards, cross-sell, and upsell"
14027,1,New / One-Time,Second-purchase campaigns and onboarding
14029,4,Loyal Customers,"Loyalty rewards, cross-sell, and upsell"
14030,3,Champions / VIP,"VIP treatment, rewards, and premium offers"
14031,3,Champions / VIP,"VIP treatment, rewards, and premium offers"
14032,3,Champions / VIP,"VIP treatment, rewards, and premium offers"
14034,4,Loyal Customers,"Loyalty rewards, cross-sell, and upsell"
14035,3,Champions / VIP,"VIP treatment, rewards, and premium offers"
14036,0,Dormant / Lost,Win-back campaigns and reactivation offers
14037,2,At Risk / Needs Attention,Retention campaigns and targeted incentives
14038,2,At Risk / Needs Attention,Retention campaigns and targeted incentives
14039,1,New / One-Time,Second-purchase campaigns and onboarding
14040,3,Champions / VIP,"VIP treatment, rewards, and premium offers"
14041,0,Dormant / Lost,Win-back campaigns and reactivation offers
14044,3,Champions / VIP,"VIP treatment, rewards, and premium offers"
14045,2,At Risk / Needs Attention,Retention campaigns and targeted incentives
14046,0,Dormant / Lost,Win-back campaigns and reactivation offers
14047,3,Champions / VIP,"VIP treatment, rewards, and premium offers"
14048,0,Dormant / Lost,Win-back campaigns and reactivation offers
14049,3,Champions / VIP,"VIP treatment, rewards, and premium offers"
14050,4,Loyal Customers,"Loyalty rewards, cross-sell, and upsell"
14051,3,Champions / VIP,"VIP treatment, rewards, and premium offers"
14052,1,New / One-Time,Second-purchase campaigns and onboarding
14053,2,At Risk / Needs Attention,Retention campaigns and targeted incentives
14054,1,New / One-Time,Second-purchase campaigns and onboarding
14055,1,New / One-Time,Second-purchase campaigns and onboarding
14056,3,Champions / VIP,"VIP treatment, rewards, and premium offers"
14057,3,Champions / VIP,"VIP treatment, rewards, and premium offers"
14059,0,Dormant / Lost,Win-back campaigns and reactivation offers
14060,3,Champions / VIP,"VIP treatment, rewards, and premium offers"
14062,3,Champions / VIP,"VIP treatment, rewards, and premium offers"
14064,3,Champions / VIP,"VIP treatment, rewards, and premium offers"
14066,0,Dormant / Lost,Win-back campaigns and reactivation offers
14067,4,Loyal Customers,"Loyalty rewards, cross-sell, and upsell"
14068,0,Dormant / Lost,Win-back campaigns and reactivation offers
14071,3,Champions / VIP,"VIP treatment, rewards, and premium offers"
14073,1,New / One-Time,Second-purchase campaigns and onboarding
14075,3,Champions / VIP,"VIP treatment, rewards, and premium offers"
14076,1,New / One-Time,Second-purchase campaigns and onboarding
14077,3,Champions / VIP,"VIP treatment, rewards, and premium offers"
14078,2,At Risk / Needs Attention,Retention campaigns and targeted incentives
14079,1,New / One-Time,Second-purchase campaigns and onboarding
14080,1,New / One-Time,Second-purchase campaigns and onboarding
14081,2,At Risk / Needs Attention,Retention campaigns and targeted incentives
14082,0,Dormant / Lost,Win-back campaigns and reactivation offers
14083,3,Champions / VIP,"VIP treatment, rewards, and premium offers"
14085,3,Champions / VIP,"VIP treatment, rewards, and premium offers"
14087,1,New / One-Time,Second-purchase campaigns and onboarding
14088,3,Champions / VIP,"VIP treatment, rewards, and premium offers"
14089,1,New / One-Time,Second-purchase campaigns and onboarding
14090,0,Dormant / Lost,Win-back campaigns and reactivation offers
14092,3,Champions / VIP,"VIP treatment, rewards, and premium offers"
14093,1,New / One-Time,Second-purchase campaigns and onboarding
14096,3,Champions / VIP,"VIP treatment, rewards, and premium offers"
14098,1,New / One-Time,Second-purchase campaigns and onboarding
14099,3,Champions / VIP,"VIP treatment, rewards, and premium offers"
14100,1,New / One-Time,Second-purchase campaigns and onboarding
14101,3,Champions / VIP,"VIP treatment, rewards, and premium offers"
14102,4,Loyal Customers,"Loyalty rewards, cross-sell, and upsell"
14104,2,At Risk / Needs Attention,Retention campaigns and targeted incentives
14105,0,Dormant / Lost,Win-back campaigns and reactivation offers
14107,3,Champions / VIP,"VIP treatment, rewards, and premium offers"
14108,4,Loyal Customers,"Loyalty rewards, cross-sell, and upsell"
14109,1,New / One-Time,Second-purchase campaigns and onboarding
14110,3,Champions / VIP,"VIP treatment, rewards, and premium offers"
14111,4,Loyal Customers,"Loyalty rewards, cross-sell, and upsell"
14112,3,Champions / VIP,"VIP treatment, rewards, and premium offers"
14113,3,Champions / VIP,"VIP treatment, rewards, and premium offers"
14114,2,At Risk / Needs Attention,Retention campaigns and targeted incentives
14116,4,Loyal Customers,"Loyalty rewards, cross-sell, and upsell"
14117,1,New / One-Time,Second-purchase campaigns and onboarding
14121,4,Loyal Customers,"Loyalty rewards, cross-sell, and upsell"
14124,1,New / One-Time,Second-purchase campaigns and onboarding
14125,4,Loyal Customers,"Loyalty rewards, cross-sell, and upsell"
14126,4,Loyal Customers,"Loyalty rewards, cross-sell, and upsell"
14127,2,At Risk / Needs Attention,Retention campaigns and targeted incentives
14128,2,At Risk / Needs Attention,Retention campaigns and targeted incentives
14129,3,Champions / VIP,"VIP treatment, rewards, and premium offers"
14130,0,Dormant / Lost,Win-back campaigns and reactivation offers
14132,3,Champions / VIP,"VIP treatment, rewards, and premium offers"
14133,2,At Risk / Needs Attention,Retention campaigns and targeted incentives
14135,3,Champions / VIP,"VIP treatment, rewards, and premium offers"
14138,4,Loyal Customers,"Loyalty rewards, cross-sell, and upsell"
14139,1,New / One-Time,Second-purchase campaigns and onboarding
14140,4,Loyal Customers,"Loyalty rewards, cross-sell, and upsell"
14141,4,Loyal Customers,"Loyalty rewards, cross-sell, and upsell"
14142,0,Dormant / Lost,Win-back campaigns and reactivation offers
14143,1,New / One-Time,Second-purchase campaigns and onboarding
14145,3,Champions / VIP,"VIP treatment, rewards, and premium offers"
14146,3,Champions / VIP,"VIP treatment, rewards, and premium offers"
14147,2,At Risk / Needs Attention,Retention campaigns and targeted incentives
14148,0,Dormant / Lost,Win-back campaigns and reactivation offers
14149,0,Dormant / Lost,Win-back campaigns and reactivation offers
14150,3,Champions / VIP,"VIP treatment, rewards, and premium offers"
14152,2,At Risk / Needs Attention,Retention campaigns and targeted incentives
14154,2,At Risk / Needs Attention,Retention campaigns and targeted incentives
14155,0,Dormant / Lost,Win-back campaigns and reactivation offers
14156,3,Champions / VIP,"VIP treatment, rewards, and premium offers"
14157,3,Champions / VIP,"VIP treatment, rewards, and premium offers"
14158,1,New / One-Time,Second-purchase campaigns and onboarding
14159,3,Champions / VIP,"VIP treatment, rewards, and premium offers"
14161,2,At Risk / Needs Attention,Retention campaigns and targeted incentives
14162,2,At Risk / Needs Attention,Retention campaigns and targeted incentives
14163,2,At Risk / Needs Attention,Retention campaigns and targeted incentives
14164,4,Loyal Customers,"Loyalty rewards, cross-sell, and upsell"
14165,0,Dormant / Lost,Win-back campaigns and reactivation offers
14167,3,Champions / VIP,"VIP treatment, rewards, and premium offers"
14171,1,New / One-Time,Second-purchase campaigns and onboarding
14173,4,Loyal Customers,"Loyalty rewards, cross-sell, and upsell"
14174,1,New / One-Time,Second-purchase campaigns and onboarding
14175,3,Champions / VIP,"VIP treatment, rewards, and premium offers"
14176,2,At Risk / Needs Attention,Retention campaigns and targeted incentives
14177,2,At Risk / Needs Attention,Retention campaigns and targeted incentives
14178,4,Loyal Customers,"Loyalty rewards, cross-sell, and upsell"
14179,4,Loyal Customers,"Loyalty rewards, cross-sell, and upsell"
14180,3,Champions / VIP,"VIP treatment, rewards, and premium offers"
14184,1,New / One-Time,Second-purchase campaigns and onboarding
14185,0,Dormant / Lost,Win-back campaigns and reactivation offers
14188,3,Champions / VIP,"VIP treatment, rewards, and premium offers"
14189,3,Champions / VIP,"VIP treatment, rewards, and premium offers"
14191,3,Champions / VIP,"VIP treatment, rewards, and premium offers"
14193,2,At Risk / Needs Attention,Retention campaigns and targeted incentives
14194,3,Champions / VIP,"VIP treatment, rewards, and premium offers"
14195,2,At Risk / Needs Attention,Retention campaigns and targeted incentives
14196,1,New / One-Time,Second-purchase campaigns and onboarding
14198,4,Loyal Customers,"Loyalty rewards, cross-sell, and upsell"
14199,0,Dormant / Lost,Win-back campaigns and reactivation offers
14201,3,Champions / VIP,"VIP treatment, rewards, and premium offers"
14204,1,New / One-Time,Second-purchase campaigns and onboarding
14205,4,Loyal Customers,"Loyalty rewards, cross-sell, and upsell"
14206,0,Dormant / Lost,Win-back campaigns and reactivation offers
14208,1,New / One-Time,Second-purchase campaigns and onboarding
14209,3,Champions / VIP,"VIP treatment, rewards, and premium offers"
14210,2,At Risk / Needs Attention,Retention campaigns and targeted incentives
14211,3,Champions / VIP,"VIP treatment, rewards, and premium offers"
14212,1,New / One-Time,Second-purchase campaigns and onboarding
14214,3,Champions / VIP,"VIP treatment, rewards, and premium offers"
14215,3,Champions / VIP,"VIP treatment, rewards, and premium offers"
14216,4,Loyal Customers,"Loyalty rewards, cross-sell, and upsell"
14217,3,Champions / VIP,"VIP treatment, rewards, and premium offers"
14218,1,New / One-Time,Second-purchase campaigns and onboarding
14219,1,New / One-Time,Second-purchase campaigns and onboarding
14220,2,At Risk / Needs Attention,Retention campaigns and targeted incentives
14221,3,Champions / VIP,"VIP treatment, rewards, and premium offers"
14222,0,Dormant / Lost,Win-back campaigns and reactivation offers
14223,2,At Risk / Needs Attention,Retention campaigns and targeted incentives
14224,2,At Risk / Needs Attention,Retention campaigns and targeted incentives
14226,3,Champions / VIP,"VIP treatment, rewards, and premium offers"
14227,3,Champions / VIP,"VIP treatment, rewards, and premium offers"
14229,3,Champions / VIP,"VIP treatment, rewards, and premium offers"
14231,2,At Risk / Needs Attention,Retention campaigns and targeted incentives
14232,3,Champions / VIP,"VIP treatment, rewards, and premium offers"
14233,3,Champions / VIP,"VIP treatment, rewards, and premium offers"
14234,4,Loyal Customers,"Loyalty rewards, cross-sell, and upsell"
14235,2,At Risk / Needs Attention,Retention campaigns and targeted incentives
14236,2,At Risk / Needs Attention,Retention campaigns and targeted incentives
14237,0,Dormant / Lost,Win-back campaigns and reactivation offers
14238,0,Dormant / Lost,Win-back campaigns and reactivation offers
14239,3,Champions / VIP,"VIP treatment, rewards, and premium offers"
14240,4,Loyal Customers,"Loyalty rewards, cross-sell, and upsell"
14241,0,Dormant / Lost,Win-back campaigns and reactivation offers
14242,2,At Risk / Needs Attention,Retention campaigns and targeted incentives
14243,3,Champions / VIP,"VIP treatment, rewards, and premium offers"
14245,2,At Risk / Needs Attention,Retention campaigns and targeted incentives
14246,2,At Risk / Needs Attention,Retention campaigns and targeted incentives
14247,0,Dormant / Lost,Win-back campaigns and reactivation offers
14248,0,Dormant / Lost,Win-back campaigns and reactivation offers
14250,4,Loyal Customers,"Loyalty rewards, cross-sell, and upsell"
14251,4,Loyal Customers,"Loyalty rewards, cross-sell, and upsell"
14256,2,At Risk / Needs Attention,Retention campaigns and targeted incentives
14257,3,Champions / VIP,"VIP treatment, rewards, and premium offers"
14258,3,Champions / VIP,"VIP treatment, rewards, and premium offers"
14259,1,New / One-Time,Second-purchase campaigns and onboarding
14261,4,Loyal Customers,"Loyalty rewards, cross-sell, and upsell"
14262,3,Champions / VIP,"VIP treatment, rewards, and premium offers"
14264,2,At Risk / Needs Attention,Retention campaigns and targeted incentives
14265,2,At Risk / Needs Attention,Retention campaigns and targeted incentives
14267,2,At Risk / Needs Attention,Retention campaigns and targeted incentives
14270,0,Dormant / Lost,Win-back campaigns and reactivation offers
14271,0,Dormant / Lost,Win-back campaigns and reactivation offers
14272,2,At Risk / Needs Attention,Retention campaigns and targeted incentives
14273,2,At Risk / Needs Attention,Retention campaigns and targeted incentives
14276,2,At Risk / Needs Attention,Retention campaigns and targeted incentives
14277,3,Champions / VIP,"VIP treatment, rewards, and premium offers"
14280,0,Dormant / Lost,Win-back campaigns and reactivation offers
14282,3,Champions / VIP,"VIP treatment, rewards, and premium offers"
14284,4,Loyal Customers,"Loyalty rewards, cross-sell, and upsell"
14285,4,Loyal Customers,"Loyalty rewards, cross-sell, and upsell"
14286,3,Champions / VIP,"VIP treatment, rewards, and premium offers"
14287,4,Loyal Customers,"Loyalty rewards, cross-sell, and upsell"
14288,0,Dormant / Lost,Win-back campaigns and reactivation offers
14289,3,Champions / VIP,"VIP treatment, rewards, and premium offers"
14290,3,Champions / VIP,"VIP treatment, rewards, and premium offers"
14291,3,Champions / VIP,"VIP treatment, rewards, and premium offers"
14292,3,Champions / VIP,"VIP treatment, rewards, and premium offers"
14293,3,Champions / VIP,"VIP treatment, rewards, and premium offers"
14295,1,New / One-Time,Second-purchase campaigns and onboarding
14297,3,Champions / VIP,"VIP treatment, rewards, and premium offers"
14298,3,Champions / VIP,"VIP treatment, rewards, and premium offers"
14299,3,Champions / VIP,"VIP treatment, rewards, and premium offers"
14300,1,New / One-Time,Second-purchase campaigns and onboarding
14301,1,New / One-Time,Second-purchase campaigns and onboarding
14304,0,Dormant / Lost,Win-back campaigns and reactivation offers
14305,4,Loyal Customers,"Loyalty rewards, cross-sell, and upsell"
14306,4,Loyal Customers,"Loyalty rewards, cross-sell, and upsell"
14307,2,At Risk / Needs Attention,Retention campaigns and targeted incentives
14309,3,Champions / VIP,"VIP treatment, rewards, and premium offers"
14311,0,Dormant / Lost,Win-back campaigns and reactivation offers
14312,3,Champions / VIP,"VIP treatment, rewards, and premium offers"
14314,1,New / One-Time,Second-purchase campaigns and onboarding
14315,3,Champions / VIP,"VIP treatment, rewards, and premium offers"
14317,1,New / One-Time,Second-purchase campaigns and onboarding
14320,2,At Risk / Needs Attention,Retention campaigns and targeted incentives
14321,3,Champions / VIP,"VIP treatment, rewards, and premium offers"
14323,2,At Risk / Needs Attention,Retention campaigns and targeted incentives
14326,0,Dormant / Lost,Win-back campaigns and reactivation offers
14327,0,Dormant / Lost,Win-back campaigns and reactivation offers
14329,3,Champions / VIP,"VIP treatment, rewards, and premium offers"
14331,2,At Risk / Needs Attention,Retention campaigns and targeted incentives
14332,4,Loyal Customers,"Loyalty rewards, cross-sell, and upsell"
14333,1,New / One-Time,Second-purchase campaigns and onboarding
14334,3,Champions / VIP,"VIP treatment, rewards, and premium offers"
14335,4,Loyal Customers,"Loyalty rewards, cross-sell, and upsell"
14336,3,Champions / VIP,"VIP treatment, rewards, and premium offers"
14338,2,At Risk / Needs Attention,Retention campaigns and targeted incentives
14339,0,Dormant / Lost,Win-back campaigns and reactivation offers
14340,0,Dormant / Lost,Win-back campaigns and reactivation offers
14341,3,Champions / VIP,"VIP treatment, rewards, and premium offers"
14342,4,Loyal Customers,"Loyalty rewards, cross-sell, and upsell"
14344,2,At Risk / Needs Attention,Retention campaigns and targeted incentives
14345,1,New / One-Time,Second-purchase campaigns and onboarding
14346,2,At Risk / Needs Attention,Retention campaigns and targeted incentives
14348,0,Dormant / Lost,Win-back campaigns and reactivation offers
14349,1,New / One-Time,Second-purchase campaigns and onboarding
14350,0,Dormant / Lost,Win-back campaigns and reactivation offers
14351,0,Dormant / Lost,Win-back campaigns and reactivation offers
14352,2,At Risk / Needs Attention,Retention campaigns and targeted incentives
14353,0,Dormant / Lost,Win-back campaigns and reactivation offers
14354,4,Loyal Customers,"Loyalty rewards, cross-sell, and upsell"
14355,0,Dormant / Lost,Win-back campaigns and reactivation offers
14356,4,Loyal Customers,"Loyalty rewards, cross-sell, and upsell"
14357,1,New / One-Time,Second-purchase campaigns and onboarding
14359,4,Loyal Customers,"Loyalty rewards, cross-sell, and upsell"
14360,4,Loyal Customers,"Loyalty rewards, cross-sell, and upsell"
14362,1,New / One-Time,Second-purchase campaigns and onboarding
14364,2,At Risk / Needs Attention,Retention campaigns and targeted incentives
14367,3,Champions / VIP,"VIP treatment, rewards, and premium offers"
14368,0,Dormant / Lost,Win-back campaigns and reactivation offers
14371,0,Dormant / Lost,Win-back campaigns and reactivation offers
14373,0,Dormant / Lost,Win-back campaigns and reactivation offers
14375,0,Dormant / Lost,Win-back campaigns and reactivation offers
14377,2,At Risk / Needs Attention,Retention campaigns and targeted incentives
14379,2,At Risk / Needs Attention,Retention campaigns and targeted incentives
14381,1,New / One-Time,Second-purchase campaigns and onboarding
14382,1,New / One-Time,Second-purchase campaigns and onboarding
14383,4,Loyal Customers,"Loyalty rewards, cross-sell, and upsell"
14385,4,Loyal Customers,"Loyalty rewards, cross-sell, and upsell"
14386,0,Dormant / Lost,Win-back campaigns and reactivation offers
14387,4,Loyal Customers,"Loyalty rewards, cross-sell, and upsell"
14388,3,Champions / VIP,"VIP treatment, rewards, and premium offers"
14389,2,At Risk / Needs Attention,Retention campaigns and targeted incentives
14390,3,Champions / VIP,"VIP treatment, rewards, and premium offers"
14393,0,Dormant / Lost,Win-back campaigns and reactivation offers
14395,3,Champions / VIP,"VIP treatment, rewards, and premium offers"
14396,2,At Risk / Needs Attention,Retention campaigns and targeted incentives
14397,3,Champions / VIP,"VIP treatment, rewards, and premium offers"
14400,1,New / One-Time,Second-purchase campaigns and onboarding
14401,3,Champions / VIP,"VIP treatment, rewards, and premium offers"
14403,2,At Risk / Needs Attention,Retention campaigns and targeted incentives
14404,3,Champions / VIP,"VIP treatment, rewards, and premium offers"
14406,1,New / One-Time,Second-purchase campaigns and onboarding
14407,2,At Risk / Needs Attention,Retention campaigns and targeted incentives
14408,3,Champions / VIP,"VIP treatment, rewards, and premium offers"
14409,3,Champions / VIP,"VIP treatment, rewards, and premium offers"
14410,2,At Risk / Needs Attention,Retention campaigns and targeted incentives
14411,0,Dormant / Lost,Win-back campaigns and reactivation offers
14412,4,Loyal Customers,"Loyalty rewards, cross-sell, and upsell"
14413,0,Dormant / Lost,Win-back campaigns and reactivation offers
14414,2,At Risk / Needs Attention,Retention campaigns and targeted incentives
14415,3,Champions / VIP,"VIP treatment, rewards, and premium offers"
14416,4,Loyal Customers,"Loyalty rewards, cross-sell, and upsell"
14418,4,Loyal Customers,"Loyalty rewards, cross-sell, and upsell"
14419,3,Champions / VIP,"VIP treatment, rewards, and premium offers"
14420,1,New / One-Time,Second-purchase campaigns and onboarding
14421,2,At Risk / Needs Attention,Retention campaigns and targeted incentives
14422,3,Champions / VIP,"VIP treatment, rewards, and premium offers"
14423,0,Dormant / Lost,Win-back campaigns and reactivation offers
14424,1,New / One-Time,Second-purchase campaigns and onboarding
14426,3,Champions / VIP,"VIP treatment, rewards, and premium offers"
14427,4,Loyal Customers,"Loyalty rewards, cross-sell, and upsell"
14428,3,Champions / VIP,"VIP treatment, rewards, and premium offers"
14431,0,Dormant / Lost,Win-back campaigns and reactivation offers
14432,4,Loyal Customers,"Loyalty rewards, cross-sell, and upsell"
14434,4,Loyal Customers,"Loyalty rewards, cross-sell, and upsell"
14436,1,New / One-Time,Second-purchase campaigns and onboarding
14437,0,Dormant / Lost,Win-back campaigns and reactivation offers
14438,0,Dormant / Lost,Win-back campaigns and reactivation offers
14439,0,Dormant / Lost,Win-back campaigns and reactivation offers
14440,3,Champions / VIP,"VIP treatment, rewards, and premium offers"
14441,3,Champions / VIP,"VIP treatment, rewards, and premium offers"
14442,2,At Risk / Needs Attention,Retention campaigns and targeted incentives
14443,3,Champions / VIP,"VIP treatment, rewards, and premium offers"
14446,3,Champions / VIP,"VIP treatment, rewards, and premium offers"
14447,3,Champions / VIP,"VIP treatment, rewards, and premium offers"
14448,3,Champions / VIP,"VIP treatment, rewards, and premium offers"
14449,3,Champions / VIP,"VIP treatment, rewards, and premium offers"
14450,2,At Risk / Needs Attention,Retention campaigns and targeted incentives
14451,2,At Risk / Needs Attention,Retention campaigns and targeted incentives
14452,4,Loyal Customers,"Loyalty rewards, cross-sell, and upsell"
14453,0,Dormant / Lost,Win-back campaigns and reactivation offers
14456,4,Loyal Customers,"Loyalty rewards, cross-sell, and upsell"
14457,0,Dormant / Lost,Win-back campaigns and reactivation offers
14459,1,New / One-Time,Second-purchase campaigns and onboarding
14460,2,At Risk / Needs Attention,Retention campaigns and targeted incentives
14461,2,At Risk / Needs Attention,Retention campaigns and targeted incentives
14462,3,Champions / VIP,"VIP treatment, rewards, and premium offers"
14463,2,At Risk / Needs Attention,Retention campaigns and targeted incentives
14465,2,At Risk / Needs Attention,Retention campaigns and targeted incentives
14466,3,Champions / VIP,"VIP treatment, rewards, and premium offers"
14467,3,Champions / VIP,"VIP treatment, rewards, and premium offers"
14470,3,Champions / VIP,"VIP treatment, rewards, and premium offers"
14472,2,At Risk / Needs Attention,Retention campaigns and targeted incentives
14473,2,At Risk / Needs Attention,Retention campaigns and targeted incentives
14474,1,New / One-Time,Second-purchase campaigns and onboarding
14475,2,At Risk / Needs Attention,Retention campaigns and targeted incentives
14476,0,Dormant / Lost,Win-back campaigns and reactivation offers
14477,3,Champions / VIP,"VIP treatment, rewards, and premium offers"
14479,2,At Risk / Needs Attention,Retention campaigns and targeted incentives
14480,1,New / One-Time,Second-purchase campaigns and onboarding
14481,2,At Risk / Needs Attention,Retention campaigns and targeted incentives
14482,3,Champions / VIP,"VIP treatment, rewards, and premium offers"
14483,0,Dormant / Lost,Win-back campaigns and reactivation offers
14484,1,New / One-Time,Second-purchase campaigns and onboarding
14485,1,New / One-Time,Second-purchase campaigns and onboarding
14487,3,Champions / VIP,"VIP treatment, rewards, and premium offers"
14488,1,New / One-Time,Second-purchase campaigns and onboarding
14489,0,Dormant / Lost,Win-back campaigns and reactivation offers
14491,2,At Risk / Needs Attention,Retention campaigns and targeted incentives
14493,4,Loyal Customers,"Loyalty rewards, cross-sell, and upsell"
14494,1,New / One-Time,Second-purchase campaigns and onboarding
14495,4,Loyal Customers,"Loyalty rewards, cross-sell, and upsell"
14496,0,Dormant / Lost,Win-back campaigns and reactivation offers
14497,0,Dormant / Lost,Win-back campaigns and reactivation offers
14498,3,Champions / VIP,"VIP treatment, rewards, and premium offers"
14499,3,Champions / VIP,"VIP treatment, rewards, and premium offers"
14500,2,At Risk / Needs Attention,Retention campaigns and targeted incentives
14501,2,At Risk / Needs Attention,Retention campaigns and targeted incentives
14502,3,Champions / VIP,"VIP treatment, rewards, and premium offers"
14503,3,Champions / VIP,"VIP treatment, rewards, and premium offers"
14504,2,At Risk / Needs Attention,Retention campaigns and targeted incentives
14505,3,Champions / VIP,"VIP treatment, rewards, and premium offers"
14506,3,Champions / VIP,"VIP treatment, rewards, and premium offers"
14507,3,Champions / VIP,"VIP treatment, rewards, and premium offers"
14508,4,Loyal Customers,"Loyalty rewards, cross-sell, and upsell"
14511,4,Loyal Customers,"Loyalty rewards, cross-sell, and upsell"
14512,2,At Risk / Needs Attention,Retention campaigns and targeted incentives
14513,2,At Risk / Needs Attention,Retention campaigns and targeted incentives
14514,2,At Risk / Needs Attention,Retention campaigns and targeted incentives
14515,3,Champions / VIP,"VIP treatment, rewards, and premium offers"
14517,4,Loyal Customers,"Loyalty rewards, cross-sell, and upsell"
14518,1,New / One-Time,Second-purchase campaigns and onboarding
14520,4,Loyal Customers,"Loyalty rewards, cross-sell, and upsell"
14522,4,Loyal Customers,"Loyalty rewards, cross-sell, and upsell"
14523,1,New / One-Time,Second-purchase campaigns and onboarding
14524,3,Champions / VIP,"VIP treatment, rewards, and premium offers"
14525,3,Champions / VIP,"VIP treatment, rewards, and premium offers"
14527,3,Champions / VIP,"VIP treatment, rewards, and premium offers"
14528,1,New / One-Time,Second-purchase campaigns and onboarding
14529,4,Loyal Customers,"Loyalty rewards, cross-sell, and upsell"
14530,3,Champions / VIP,"VIP treatment, rewards, and premium offers"
14532,2,At Risk / Needs Attention,Retention campaigns and targeted incentives
14533,3,Champions / VIP,"VIP treatment, rewards, and premium offers"
14534,3,Champions / VIP,"VIP treatment, rewards, and premium offers"
14535,2,At Risk / Needs Attention,Retention campaigns and targeted incentives
14536,0,Dormant / Lost,Win-back campaigns and reactivation offers
14537,1,New / One-Time,Second-purchase campaigns and onboarding
14538,2,At Risk / Needs Attention,Retention campaigns and targeted incentives
14539,4,Loyal Customers,"Loyalty rewards, cross-sell, and upsell"
14540,3,Champions / VIP,"VIP treatment, rewards, and premium offers"
14541,3,Champions / VIP,"VIP treatment, rewards, and premium offers"
14542,0,Dormant / Lost,Win-back campaigns and reactivation offers
14543,3,Champions / VIP,"VIP treatment, rewards, and premium offers"
14544,3,Champions / VIP,"VIP treatment, rewards, and premium offers"
14546,3,Champions / VIP,"VIP treatment, rewards, and premium offers"
14547,4,Loyal Customers,"Loyalty rewards, cross-sell, and upsell"
14548,2,At Risk / Needs Attention,Retention campaigns and targeted incentives
14549,0,Dormant / Lost,Win-back campaigns and reactivation offers
14550,4,Loyal Customers,"Loyalty rewards, cross-sell, and upsell"
14551,4,Loyal Customers,"Loyalty rewards, cross-sell, and upsell"
14552,0,Dormant / Lost,Win-back campaigns and reactivation offers
14553,3,Champions / VIP,"VIP treatment, rewards, and premium offers"
14554,4,Loyal Customers,"Loyalty rewards, cross-sell, and upsell"
14555,2,At Risk / Needs Attention,Retention campaigns and targeted incentives
14557,1,New / One-Time,Second-purchase campaigns and onboarding
14560,3,Champions / VIP,"VIP treatment, rewards, and premium offers"
14561,2,At Risk / Needs Attention,Retention campaigns and targeted incentives
14562,3,Champions / VIP,"VIP treatment, rewards, and premium offers"
14565,2,At Risk / Needs Attention,Retention campaigns and targeted incentives
14566,1,New / One-Time,Second-purchase campaigns and onboarding
14567,4,Loyal Customers,"Loyalty rewards, cross-sell, and upsell"
14569,1,New / One-Time,Second-purchase campaigns and onboarding
14570,0,Dormant / Lost,Win-back campaigns and reactivation offers
14572,3,Champions / VIP,"VIP treatment, rewards, and premium offers"
14573,2,At Risk / Needs Attention,Retention campaigns and targeted incentives
14576,0,Dormant / Lost,Win-back campaigns and reactivation offers
14577,3,Champions / VIP,"VIP treatment, rewards, and premium offers"
14578,1,New / One-Time,Second-purchase campaigns and onboarding
14581,1,New / One-Time,Second-purchase campaigns and onboarding
14582,1,New / One-Time,Second-purchase campaigns and onboarding
14583,4,Loyal Customers,"Loyalty rewards, cross-sell, and upsell"
14584,2,At Risk / Needs Attention,Retention campaigns and targeted incentives
14585,1,New / One-Time,Second-purchase campaigns and onboarding
14586,0,Dormant / Lost,Win-back campaigns and reactivation offers
14587,3,Champions / VIP,"VIP treatment, rewards, and premium offers"
14589,0,Dormant / Lost,Win-back campaigns and reactivation offers
14591,3,Champions / VIP,"VIP treatment, rewards, and premium offers"
14592,4,Loyal Customers,"Loyalty rewards, cross-sell, and upsell"
14593,4,Loyal Customers,"Loyalty rewards, cross-sell, and upsell"
14594,3,Champions / VIP,"VIP treatment, rewards, and premium offers"
14595,3,Champions / VIP,"VIP treatment, rewards, and premium offers"
14597,4,Loyal Customers,"Loyalty rewards, cross-sell, and upsell"
14598,1,New / One-Time,Second-purchase campaigns and onboarding
14600,0,Dormant / Lost,Win-back campaigns and reactivation offers
14601,1,New / One-Time,Second-purchase campaigns and onboarding
14603,0,Dormant / Lost,Win-back campaigns and reactivation offers
14606,3,Champions / VIP,"VIP treatment, rewards, and premium offers"
14607,3,Champions / VIP,"VIP treatment, rewards, and premium offers"
14608,3,Champions / VIP,"VIP treatment, rewards, and premium offers"
14609,2,At Risk / Needs Attention,Retention campaigns and targeted incentives
14616,2,At Risk / Needs Attention,Retention campaigns and targeted incentives
14618,3,Champions / VIP,"VIP treatment, rewards, and premium offers"
14619,0,Dormant / Lost,Win-back campaigns and reactivation offers
14620,2,At Risk / Needs Attention,Retention campaigns and targeted incentives
14621,3,Champions / VIP,"VIP treatment, rewards, and premium offers"
14622,0,Dormant / Lost,Win-back campaigns and reactivation offers
14623,4,Loyal Customers,"Loyalty rewards, cross-sell, and upsell"
14624,4,Loyal Customers,"Loyalty rewards, cross-sell, and upsell"
14625,2,At Risk / Needs Attention,Retention campaigns and targeted incentives
14626,3,Champions / VIP,"VIP treatment, rewards, and premium offers"
14628,2,At Risk / Needs Attention,Retention campaigns and targeted incentives
14629,4,Loyal Customers,"Loyalty rewards, cross-sell, and upsell"
14631,2,At Risk / Needs Attention,Retention campaigns and targeted incentives
14632,0,Dormant / Lost,Win-back campaigns and reactivation offers
14633,0,Dormant / Lost,Win-back campaigns and reactivation offers
14636,2,At Risk / Needs Attention,Retention campaigns and targeted incentives
14638,1,New / One-Time,Second-purchase campaigns and onboarding
14639,3,Champions / VIP,"VIP treatment, rewards, and premium offers"
14640,3,Champions / VIP,"VIP treatment, rewards, and premium offers"
14641,1,New / One-Time,Second-purchase campaigns and onboarding
14642,1,New / One-Time,Second-purchase campaigns and onboarding
14643,2,At Risk / Needs Attention,Retention campaigns and targeted incentives
14644,2,At Risk / Needs Attention,Retention campaigns and targeted incentives
14645,2,At Risk / Needs Attention,Retention campaigns and targeted incentives
14646,3,Champions / VIP,"VIP treatment, rewards, and premium offers"
14647,0,Dormant / Lost,Win-back campaigns and reactivation offers
14649,3,Champions / VIP,"VIP treatment, rewards, and premium offers"
14651,2,At Risk / Needs Attention,Retention campaigns and targeted incentives
14652,1,New / One-Time,Second-purchase campaigns and onboarding
14653,3,Champions / VIP,"VIP treatment, rewards, and premium offers"
14655,3,Champions / VIP,"VIP treatment, rewards, and premium offers"
14656,2,At Risk / Needs Attention,Retention campaigns and targeted incentives
14657,3,Champions / VIP,"VIP treatment, rewards, and premium offers"
14658,4,Loyal Customers,"Loyalty rewards, cross-sell, and upsell"
14659,3,Champions / VIP,"VIP treatment, rewards, and premium offers"
14660,4,Loyal Customers,"Loyalty rewards, cross-sell, and upsell"
14661,1,New / One-Time,Second-purchase campaigns and onboarding
14662,3,Champions / VIP,"VIP treatment, rewards, and premium offers"
14664,4,Loyal Customers,"Loyalty rewards, cross-sell, and upsell"
14665,3,Champions / VIP,"VIP treatment, rewards, and premium offers"
14666,1,New / One-Time,Second-purchase campaigns and onboarding
14667,3,Champions / VIP,"VIP treatment, rewards, and premium offers"
14669,2,At Risk / Needs Attention,Retention campaigns and targeted incentives
14670,0,Dormant / Lost,Win-back campaigns and reactivation offers
14672,2,At Risk / Needs Attention,Retention campaigns and targeted incentives
14673,3,Champions / VIP,"VIP treatment, rewards, and premium offers"
14675,1,New / One-Time,Second-purchase campaigns and onboarding
14676,3,Champions / VIP,"VIP treatment, rewards, and premium offers"
14680,3,Champions / VIP,"VIP treatment, rewards, and premium offers"
14681,2,At Risk / Needs Attention,Retention campaigns and targeted incentives
14682,2,At Risk / Needs Attention,Retention campaigns and targeted incentives
14684,3,Champions / VIP,"VIP treatment, rewards, and premium offers"
14687,1,New / One-Time,Second-purchase campaigns and onboarding
14688,3,Champions / VIP,"VIP treatment, rewards, and premium offers"
14689,0,Dormant / Lost,Win-back campaigns and reactivation offers
14690,4,Loyal Customers,"Loyalty rewards, cross-sell, and upsell"
14691,3,Champions / VIP,"VIP treatment, rewards, and premium offers"
14692,2,At Risk / Needs Attention,Retention campaigns and targeted incentives
14693,0,Dormant / Lost,Win-back campaigns and reactivation offers
14696,3,Champions / VIP,"VIP treatment, rewards, and premium offers"
14697,0,Dormant / Lost,Win-back campaigns and reactivation offers
14698,4,Loyal Customers,"Loyalty rewards, cross-sell, and upsell"
14699,0,Dormant / Lost,Win-back campaigns and reactivation offers
14700,3,Champions / VIP,"VIP treatment, rewards, and premium offers"
14701,3,Champions / VIP,"VIP treatment, rewards, and premium offers"
14702,3,Champions / VIP,"VIP treatment, rewards, and premium offers"
14703,1,New / One-Time,Second-purchase campaigns and onboarding
14704,4,Loyal Customers,"Loyalty rewards, cross-sell, and upsell"
14705,0,Dormant / Lost,Win-back campaigns and reactivation offers
14708,3,Champions / VIP,"VIP treatment, rewards, and premium offers"
14709,3,Champions / VIP,"VIP treatment, rewards, and premium offers"
14710,4,Loyal Customers,"Loyalty rewards, cross-sell, and upsell"
14711,3,Champions / VIP,"VIP treatment, rewards, and premium offers"
14712,4,Loyal Customers,"Loyalty rewards, cross-sell, and upsell"
14713,3,Champions / VIP,"VIP treatment, rewards, and premium offers"
14714,1,New / One-Time,Second-purchase campaigns and onboarding
14715,3,Champions / VIP,"VIP treatment, rewards, and premium offers"
14716,4,Loyal Customers,"Loyalty rewards, cross-sell, and upsell"
14719,3,Champions / VIP,"VIP treatment, rewards, and premium offers"
14720,4,Loyal Customers,"Loyalty rewards, cross-sell, and upsell"
14722,1,New / One-Time,Second-purchase campaigns and onboarding
14723,3,Champions / VIP,"VIP treatment, rewards, and premium offers"
14725,1,New / One-Time,Second-purchase campaigns and onboarding
14727,0,Dormant / Lost,Win-back campaigns and reactivation offers
14729,0,Dormant / Lost,Win-back campaigns and reactivation offers
14730,3,Champions / VIP,"VIP treatment, rewards, and premium offers"
14731,4,Loyal Customers,"Loyalty rewards, cross-sell, and upsell"
14732,3,Champions / VIP,"VIP treatment, rewards, and premium offers"
14733,3,Champions / VIP,"VIP treatment, rewards, and premium offers"
14735,3,Champions / VIP,"VIP treatment, rewards, and premium offers"
14737,3,Champions / VIP,"VIP treatment, rewards, and premium offers"
14738,3,Champions / VIP,"VIP treatment, rewards, and premium offers"
14739,3,Champions / VIP,"VIP treatment, rewards, and premium offers"
14740,2,At Risk / Needs Attention,Retention campaigns and targeted incentives
14741,3,Champions / VIP,"VIP treatment, rewards, and premium offers"
14744,3,Champions / VIP,"VIP treatment, rewards, and premium offers"
14745,2,At Risk / Needs Attention,Retention campaigns and targeted incentives
14747,0,Dormant / Lost,Win-back campaigns and reactivation offers
14748,3,Champions / VIP,"VIP treatment, rewards, and premium offers"
14752,1,New / One-Time,Second-purchase campaigns and onboarding
14753,1,New / One-Time,Second-purchase campaigns and onboarding
14754,2,At Risk / Needs Attention,Retention campaigns and targeted incentives
14755,3,Champions / VIP,"VIP treatment, rewards, and premium offers"
14756,1,New / One-Time,Second-purchase campaigns and onboarding
14757,1,New / One-Time,Second-purchase campaigns and onboarding
14758,2,At Risk / Needs Attention,Retention campaigns and targeted incentives
14759,3,Champions / VIP,"VIP treatment, rewards, and premium offers"
14760,0,Dormant / Lost,Win-back campaigns and reactivation offers
14761,2,At Risk / Needs Attention,Retention campaigns and targeted incentives
14762,0,Dormant / Lost,Win-back campaigns and reactivation offers
14764,1,New / One-Time,Second-purchase campaigns and onboarding
14765,4,Loyal Customers,"Loyalty rewards, cross-sell, and upsell"
14766,3,Champions / VIP,"VIP treatment, rewards, and premium offers"
14768,4,Loyal Customers,"Loyalty rewards, cross-sell, and upsell"
14769,3,Champions / VIP,"VIP treatment, rewards, and premium offers"
14770,2,At Risk / Needs Attention,Retention campaigns and targeted incentives
14772,1,New / One-Time,Second-purchase campaigns and onboarding
14775,3,Champions / VIP,"VIP treatment, rewards, and premium offers"
14776,3,Champions / VIP,"VIP treatment, rewards, and premium offers"
14778,2,At Risk / Needs Attention,Retention campaigns and targeted incentives
14779,2,At Risk / Needs Attention,Retention campaigns and targeted incentives
14780,4,Loyal Customers,"Loyalty rewards, cross-sell, and upsell"
14782,0,Dormant / Lost,Win-back campaigns and reactivation offers
14784,3,Champions / VIP,"VIP treatment, rewards, and premium offers"
14785,4,Loyal Customers,"Loyalty rewards, cross-sell, and upsell"
14788,4,Loyal Customers,"Loyalty rewards, cross-sell, and upsell"
14789,1,New / One-Time,Second-purchase campaigns and onboarding
14790,3,Champions / VIP,"VIP treatment, rewards, and premium offers"
14792,1,New / One-Time,Second-purchase campaigns and onboarding
14793,1,New / One-Time,Second-purchase campaigns and onboarding
14794,3,Champions / VIP,"VIP treatment, rewards, and premium offers"
14795,0,Dormant / Lost,Win-back campaigns and reactivation offers
14796,3,Champions / VIP,"VIP treatment, rewards, and premium offers"
14798,2,At Risk / Needs Attention,Retention campaigns and targeted incentives
14799,1,New / One-Time,Second-purchase campaigns and onboarding
14800,3,Champions / VIP,"VIP treatment, rewards, and premium offers"
14801,1,New / One-Time,Second-purchase campaigns and onboarding
14803,2,At Risk / Needs Attention,Retention campaigns and targeted incentives
14804,1,New / One-Time,Second-purchase campaigns and onboarding
14805,3,Champions / VIP,"VIP treatment, rewards, and premium offers"
14806,1,New / One-Time,Second-purchase campaigns and onboarding
14808,4,Loyal Customers,"Loyalty rewards, cross-sell, and upsell"
14810,3,Champions / VIP,"VIP treatment, rewards, and premium offers"
14813,0,Dormant / Lost,Win-back campaigns and reactivation offers
14815,4,Loyal Customers,"Loyalty rewards, cross-sell, and upsell"
14816,0,Dormant / Lost,Win-back campaigns and reactivation offers
14817,2,At Risk / Needs Attention,Retention campaigns and targeted incentives
14818,2,At Risk / Needs Attention,Retention campaigns and targeted incentives
14819,2,At Risk / Needs Attention,Retention campaigns and targeted incentives
14820,4,Loyal Customers,"Loyalty rewards, cross-sell, and upsell"
14821,0,Dormant / Lost,Win-back campaigns and reactivation offers
14823,2,At Risk / Needs Attention,Retention campaigns and targeted incentives
14824,4,Loyal Customers,"Loyalty rewards, cross-sell, and upsell"
14825,3,Champions / VIP,"VIP treatment, rewards, and premium offers"
14828,2,At Risk / Needs Attention,Retention campaigns and targeted incentives
14829,3,Champions / VIP,"VIP treatment, rewards, and premium offers"
14830,1,New / One-Time,Second-purchase campaigns and onboarding
14834,3,Champions / VIP,"VIP treatment, rewards, and premium offers"
14836,4,Loyal Customers,"Loyalty rewards, cross-sell, and upsell"
14837,2,At Risk / Needs Attention,Retention campaigns and targeted incentives
14840,0,Dormant / Lost,Win-back campaigns and reactivation offers
14841,3,Champions / VIP,"VIP treatment, rewards, and premium offers"
14842,3,Champions / VIP,"VIP treatment, rewards, and premium offers"
14844,2,At Risk / Needs Attention,Retention campaigns and targeted incentives
14847,1,New / One-Time,Second-purchase campaigns and onboarding
14849,3,Champions / VIP,"VIP treatment, rewards, and premium offers"
14850,0,Dormant / Lost,Win-back campaigns and reactivation offers
14851,4,Loyal Customers,"Loyalty rewards, cross-sell, and upsell"
14852,3,Champions / VIP,"VIP treatment, rewards, and premium offers"
14853,4,Loyal Customers,"Loyalty rewards, cross-sell, and upsell"
14854,2,At Risk / Needs Attention,Retention campaigns and targeted incentives
14855,2,At Risk / Needs Attention,Retention campaigns and targeted incentives
14856,4,Loyal Customers,"Loyalty rewards, cross-sell, and upsell"
14857,4,Loyal Customers,"Loyalty rewards, cross-sell, and upsell"
14859,4,Loyal Customers,"Loyalty rewards, cross-sell, and upsell"
14860,1,New / One-Time,Second-purchase campaigns and onboarding
14861,1,New / One-Time,Second-purchase campaigns and onboarding
14862,4,Loyal Customers,"Loyalty rewards, cross-sell, and upsell"
14863,1,New / One-Time,Second-purchase campaigns and onboarding
14865,3,Champions / VIP,"VIP treatment, rewards, and premium offers"
14866,3,Champions / VIP,"VIP treatment, rewards, and premium offers"
14867,2,At Risk / Needs Attention,Retention campaigns and targeted incentives
14868,3,Champions / VIP,"VIP treatment, rewards, and premium offers"
14869,4,Loyal Customers,"Loyalty rewards, cross-sell, and upsell"
14870,0,Dormant / Lost,Win-back campaigns and reactivation offers
14871,3,Champions / VIP,"VIP treatment, rewards, and premium offers"
14873,0,Dormant / Lost,Win-back campaigns and reactivation offers
14875,2,At Risk / Needs Attention,Retention campaigns and targeted incentives
14878,3,Champions / VIP,"VIP treatment, rewards, and premium offers"
14880,2,At Risk / Needs Attention,Retention campaigns and targeted incentives
14881,1,New / One-Time,Second-purchase campaigns and onboarding
14882,4,Loyal Customers,"Loyalty rewards, cross-sell, and upsell"
14883,4,Loyal Customers,"Loyalty rewards, cross-sell, and upsell"
14885,1,New / One-Time,Second-purchase campaigns and onboarding
14886,0,Dormant / Lost,Win-back campaigns and reactivation offers
14887,1,New / One-Time,Second-purchase campaigns and onboarding
14888,0,Dormant / Lost,Win-back campaigns and reactivation offers
14889,0,Dormant / Lost,Win-back campaigns and reactivation offers
14890,0,Dormant / Lost,Win-back campaigns and reactivation offers
14891,2,At Risk / Needs Attention,Retention campaigns and targeted incentives
14893,4,Loyal Customers,"Loyalty rewards, cross-sell, and upsell"
14894,1,New / One-Time,Second-purchase campaigns and onboarding
14895,3,Champions / VIP,"VIP treatment, rewards, and premium offers"
14896,2,At Risk / Needs Attention,Retention campaigns and targeted incentives
14897,3,Champions / VIP,"VIP treatment, rewards, and premium offers"
14898,3,Champions / VIP,"VIP treatment, rewards, and premium offers"
14901,3,Champions / VIP,"VIP treatment, rewards, and premium offers"
14902,1,New / One-Time,Second-purchase campaigns and onboarding
14903,3,Champions / VIP,"VIP treatment, rewards, and premium offers"
14904,4,Loyal Customers,"Loyalty rewards, cross-sell, and upsell"
14905,2,At Risk / Needs Attention,Retention campaigns and targeted incentives
14907,3,Champions / VIP,"VIP treatment, rewards, and premium offers"
14908,1,New / One-Time,Second-purchase campaigns and onboarding
14910,4,Loyal Customers,"Loyalty rewards, cross-sell, and upsell"
14911,3,Champions / VIP,"VIP treatment, rewards, and premium offers"
14912,4,Loyal Customers,"Loyalty rewards, cross-sell, and upsell"
14913,3,Champions / VIP,"VIP treatment, rewards, and premium offers"
14915,2,At Risk / Needs Attention,Retention campaigns and targeted incentives
14916,2,At Risk / Needs Attention,Retention campaigns and targeted incentives
14918,2,At Risk / Needs Attention,Retention campaigns and targeted incentives
14920,2,At Risk / Needs Attention,Retention campaigns and targeted incentives
14921,4,Loyal Customers,"Loyalty rewards, cross-sell, and upsell"
14923,1,New / One-Time,Second-purchase campaigns and onboarding
14924,0,Dormant / Lost,Win-back campaigns and reactivation offers
14929,1,New / One-Time,Second-purchase campaigns and onboarding
14930,2,At Risk / Needs Attention,Retention campaigns and targeted incentives
14931,3,Champions / VIP,"VIP treatment, rewards, and premium offers"
14932,0,Dormant / Lost,Win-back campaigns and reactivation offers
14934,2,At Risk / Needs Attention,Retention campaigns and targeted incentives
14935,0,Dormant / Lost,Win-back campaigns and reactivation offers
14936,3,Champions / VIP,"VIP treatment, rewards, and premium offers"
14937,4,Loyal Customers,"Loyalty rewards, cross-sell, and upsell"
14944,3,Champions / VIP,"VIP treatment, rewards, and premium offers"
14946,1,New / One-Time,Second-purchase campaigns and onboarding
14947,2,At Risk / Needs Attention,Retention campaigns and targeted incentives
14948,4,Loyal Customers,"Loyalty rewards, cross-sell, and upsell"
14950,1,New / One-Time,Second-purchase campaigns and onboarding
14951,1,New / One-Time,Second-purchase campaigns and onboarding
14952,3,Champions / VIP,"VIP treatment, rewards, and premium offers"
14953,1,New / One-Time,Second-purchase campaigns and onboarding
14954,1,New / One-Time,Second-purchase campaigns and onboarding
14957,0,Dormant / Lost,Win-back campaigns and reactivation offers
14958,2,At Risk / Needs Attention,Retention campaigns and targeted incentives
14959,2,At Risk / Needs Attention,Retention campaigns and targeted incentives
14960,4,Loyal Customers,"Loyalty rewards, cross-sell, and upsell"
14961,3,Champions / VIP,"VIP treatment, rewards, and premium offers"
14962,0,Dormant / Lost,Win-back campaigns and reactivation offers
14963,4,Loyal Customers,"Loyalty rewards, cross-sell, and upsell"
14964,0,Dormant / Lost,Win-back campaigns and reactivation offers
14965,2,At Risk / Needs Attention,Retention campaigns and targeted incentives
14966,1,New / One-Time,Second-purchase campaigns and onboarding
14967,1,New / One-Time,Second-purchase campaigns and onboarding
14968,1,New / One-Time,Second-purchase campaigns and onboarding
14970,2,At Risk / Needs Attention,Retention campaigns and targeted incentives
14971,4,Loyal Customers,"Loyalty rewards, cross-sell, and upsell"
14972,1,New / One-Time,Second-purchase campaigns and onboarding
14973,2,At Risk / Needs Attention,Retention campaigns and targeted incentives
14974,1,New / One-Time,Second-purchase campaigns and onboarding
14975,1,New / One-Time,Second-purchase campaigns and onboarding
14976,3,Champions / VIP,"VIP treatment, rewards, and premium offers"
14978,2,At Risk / Needs Attention,Retention campaigns and targeted incentives
14981,0,Dormant / Lost,Win-back campaigns and reactivation offers
14984,4,Loyal Customers,"Loyalty rewards, cross-sell, and upsell"
14985,2,At Risk / Needs Attention,Retention campaigns and targeted incentives
14987,3,Champions / VIP,"VIP treatment, rewards, and premium offers"
14988,0,Dormant / Lost,Win-back campaigns and reactivation offers
14995,2,At Risk / Needs Attention,Retention campaigns and targeted incentives
14997,4,Loyal Customers,"Loyalty rewards, cross-sell, and upsell"
14998,2,At Risk / Needs Attention,Retention campaigns and targeted incentives
15000,1,New / One-Time,Second-purchase campaigns and onboarding
15002,2,At Risk / Needs Attention,Retention campaigns and targeted incentives
15004,1,New / One-Time,Second-purchase campaigns and onboarding
15005,3,Champions / VIP,"VIP treatment, rewards, and premium offers"
15006,1,New / One-Time,Second-purchase campaigns and onboarding
15007,0,Dormant / Lost,Win-back campaigns and reactivation offers
15009,4,Loyal Customers,"Loyalty rewards, cross-sell, and upsell"
15010,1,New / One-Time,Second-purchase campaigns and onboarding
15012,2,At Risk / Needs Attention,Retention campaigns and targeted incentives
15014,4,Loyal Customers,"Loyalty rewards, cross-sell, and upsell"
15016,0,Dormant / Lost,Win-back campaigns and reactivation offers
15017,1,New / One-Time,Second-purchase campaigns and onboarding
15018,3,Champions / VIP,"VIP treatment, rewards, and premium offers"
15019,0,Dormant / Lost,Win-back campaigns and reactivation offers
15021,3,Champions / VIP,"VIP treatment, rewards, and premium offers"
15022,4,Loyal Customers,"Loyalty rewards, cross-sell, and upsell"
15023,3,Champions / VIP,"VIP treatment, rewards, and premium offers"
15024,3,Champions / VIP,"VIP treatment, rewards, and premium offers"
15025,1,New / One-Time,Second-purchase campaigns and onboarding
15026,2,At Risk / Needs Attention,Retention campaigns and targeted incentives
15027,4,Loyal Customers,"Loyalty rewards, cross-sell, and upsell"
15028,3,Champions / VIP,"VIP treatment, rewards, and premium offers"
15030,2,At Risk / Needs Attention,Retention campaigns and targeted incentives
15031,3,Champions / VIP,"VIP treatment, rewards, and premium offers"
15032,2,At Risk / Needs Attention,Retention campaigns and targeted incentives
15033,3,Champions / VIP,"VIP treatment, rewards, and premium offers"
15034,3,Champions / VIP,"VIP treatment, rewards, and premium offers"
15035,1,New / One-Time,Second-purchase campaigns and onboarding
15036,2,At Risk / Needs Attention,Retention campaigns and targeted incentives
15038,3,Champions / VIP,"VIP treatment, rewards, and premium offers"
15039,3,Champions / VIP,"VIP treatment, rewards, and premium offers"
15041,0,Dormant / Lost,Win-back campaigns and reactivation offers
15042,0,Dormant / Lost,Win-back campaigns and reactivation offers
15043,1,New / One-Time,Second-purchase campaigns and onboarding
15044,3,Champions / VIP,"VIP treatment, rewards, and premium offers"
15045,2,At Risk / Needs Attention,Retention campaigns and targeted incentives
15046,3,Champions / VIP,"VIP treatment, rewards, and premium offers"
15047,0,Dormant / Lost,Win-back campaigns and reactivation offers
15048,2,At Risk / Needs Attention,Retention campaigns and targeted incentives
15049,0,Dormant / Lost,Win-back campaigns and reactivation offers
15050,4,Loyal Customers,"Loyalty rewards, cross-sell, and upsell"
15051,4,Loyal Customers,"Loyalty rewards, cross-sell, and upsell"
15052,0,Dormant / Lost,Win-back campaigns and reactivation offers
15053,3,Champions / VIP,"VIP treatment, rewards, and premium offers"
15054,4,Loyal Customers,"Loyalty rewards, cross-sell, and upsell"
15057,2,At Risk / Needs Attention,Retention campaigns and targeted incentives
15058,3,Champions / VIP,"VIP treatment, rewards, and premium offers"
15059,3,Champions / VIP,"VIP treatment, rewards, and premium offers"
15060,4,Loyal Customers,"Loyalty rewards, cross-sell, and upsell"
15061,3,Champions / VIP,"VIP treatment, rewards, and premium offers"
15062,2,At Risk / Needs Attention,Retention campaigns and targeted incentives
15063,0,Dormant / Lost,Win-back campaigns and reactivation offers
15065,3,Champions / VIP,"VIP treatment, rewards, and premium offers"
15066,1,New / One-Time,Second-purchase campaigns and onboarding
15067,2,At Risk / Needs Attention,Retention campaigns and targeted incentives
15068,2,At Risk / Needs Attention,Retention campaigns and targeted incentives
15069,0,Dormant / Lost,Win-back campaigns and reactivation offers
15070,0,Dormant / Lost,Win-back campaigns and reactivation offers
15071,2,At Risk / Needs Attention,Retention campaigns and targeted incentives
15073,4,Loyal Customers,"Loyalty rewards, cross-sell, and upsell"
15074,1,New / One-Time,Second-purchase campaigns and onboarding
15075,1,New / One-Time,Second-purchase campaigns and onboarding
15076,1,New / One-Time,Second-purchase campaigns and onboarding
15078,3,Champions / VIP,"VIP treatment, rewards, and premium offers"
15079,2,At Risk / Needs Attention,Retention campaigns and targeted incentives
15081,3,Champions / VIP,"VIP treatment, rewards, and premium offers"
15083,0,Dormant / Lost,Win-back campaigns and reactivation offers
15087,0,Dormant / Lost,Win-back campaigns and reactivation offers
15088,4,Loyal Customers,"Loyalty rewards, cross-sell, and upsell"
15089,4,Loyal Customers,"Loyalty rewards, cross-sell, and upsell"
15090,0,Dormant / Lost,Win-back campaigns and reactivation offers
15091,1,New / One-Time,Second-purchase campaigns and onboarding
15092,2,At Risk / Needs Attention,Retention campaigns and targeted incentives
15093,3,Champions / VIP,"VIP treatment, rewards, and premium offers"
15095,2,At Risk / Needs Attention,Retention campaigns and targeted incentives
15096,1,New / One-Time,Second-purchase campaigns and onboarding
15097,1,New / One-Time,Second-purchase campaigns and onboarding
15098,2,At Risk / Needs Attention,Retention campaigns and targeted incentives
15099,1,New / One-Time,Second-purchase campaigns and onboarding
15100,2,At Risk / Needs Attention,Retention campaigns and targeted incentives
15101,3,Champions / VIP,"VIP treatment, rewards, and premium offers"
15103,4,Loyal Customers,"Loyalty rewards, cross-sell, and upsell"
15104,2,At Risk / Needs Attention,Retention campaigns and targeted incentives
15105,4,Loyal Customers,"Loyalty rewards, cross-sell, and upsell"
15106,3,Champions / VIP,"VIP treatment, rewards, and premium offers"
15107,2,At Risk / Needs Attention,Retention campaigns and targeted incentives
15108,2,At Risk / Needs Attention,Retention campaigns and targeted incentives
15109,0,Dormant / Lost,Win-back campaigns and reactivation offers
15110,3,Champions / VIP,"VIP treatment, rewards, and premium offers"
15111,3,Champions / VIP,"VIP treatment, rewards, and premium offers"
15113,4,Loyal Customers,"Loyalty rewards, cross-sell, and upsell"
15114,3,Champions / VIP,"VIP treatment, rewards, and premium offers"
15115,1,New / One-Time,Second-purchase campaigns and onboarding
15116,4,Loyal Customers,"Loyalty rewards, cross-sell, and upsell"
15117,3,Champions / VIP,"VIP treatment, rewards, and premium offers"
15118,1,New / One-Time,Second-purchase campaigns and onboarding
15119,0,Dormant / Lost,Win-back campaigns and reactivation offers
15120,1,New / One-Time,Second-purchase campaigns and onboarding
15121,2,At Risk / Needs Attention,Retention campaigns and targeted incentives
15122,2,At Risk / Needs Attention,Retention campaigns and targeted incentives
15123,4,Loyal Customers,"Loyalty rewards, cross-sell, and upsell"
15124,4,Loyal Customers,"Loyalty rewards, cross-sell, and upsell"
15125,3,Champions / VIP,"VIP treatment, rewards, and premium offers"
15127,1,New / One-Time,Second-purchase campaigns and onboarding
15128,2,At Risk / Needs Attention,Retention campaigns and targeted incentives
15129,3,Champions / VIP,"VIP treatment, rewards, and premium offers"
15130,0,Dormant / Lost,Win-back campaigns and reactivation offers
15132,3,Champions / VIP,"VIP treatment, rewards, and premium offers"
15133,2,At Risk / Needs Attention,Retention campaigns and targeted incentives
15134,3,Champions / VIP,"VIP treatment, rewards, and premium offers"
15135,0,Dormant / Lost,Win-back campaigns and reactivation offers
15136,4,Loyal Customers,"Loyalty rewards, cross-sell, and upsell"
15139,2,At Risk / Needs Attention,Retention campaigns and targeted incentives
15140,3,Champions / VIP,"VIP treatment, rewards, and premium offers"
15142,1,New / One-Time,Second-purchase campaigns and onboarding
15143,0,Dormant / Lost,Win-back campaigns and reactivation offers
15144,3,Champions / VIP,"VIP treatment, rewards, and premium offers"
15145,3,Champions / VIP,"VIP treatment, rewards, and premium offers"
15146,2,At Risk / Needs Attention,Retention campaigns and targeted incentives
15147,0,Dormant / Lost,Win-back campaigns and reactivation offers
15148,1,New / One-Time,Second-purchase campaigns and onboarding
15149,1,New / One-Time,Second-purchase campaigns and onboarding
15150,3,Champions / VIP,"VIP treatment, rewards, and premium offers"
15152,3,Champions / VIP,"VIP treatment, rewards, and premium offers"
15153,1,New / One-Time,Second-purchase campaigns and onboarding
15154,1,New / One-Time,Second-purchase campaigns and onboarding
15156,4,Loyal Customers,"Loyalty rewards, cross-sell, and upsell"
15157,3,Champions / VIP,"VIP treatment, rewards, and premium offers"
15158,1,New / One-Time,Second-purchase campaigns and onboarding
15159,3,Champions / VIP,"VIP treatment, rewards, and premium offers"
15160,0,Dormant / Lost,Win-back campaigns and reactivation offers
15163,4,Loyal Customers,"Loyalty rewards, cross-sell, and upsell"
15164,2,At Risk / Needs Attention,Retention campaigns and targeted incentives
15165,0,Dormant / Lost,Win-back campaigns and reactivation offers
15167,0,Dormant / Lost,Win-back campaigns and reactivation offers
15168,1,New / One-Time,Second-purchase campaigns and onboarding
15171,0,Dormant / Lost,Win-back campaigns and reactivation offers
15172,3,Champions / VIP,"VIP treatment, rewards, and premium offers"
15174,0,Dormant / Lost,Win-back campaigns and reactivation offers
15175,1,New / One-Time,Second-purchase campaigns and onboarding
15178,0,Dormant / Lost,Win-back campaigns and reactivation offers
15179,3,Champions / VIP,"VIP treatment, rewards, and premium offers"
15180,0,Dormant / Lost,Win-back campaigns and reactivation offers
15181,2,At Risk / Needs Attention,Retention campaigns and targeted incentives
15182,2,At Risk / Needs Attention,Retention campaigns and targeted incentives
15184,4,Loyal Customers,"Loyalty rewards, cross-sell, and upsell"
15185,1,New / One-Time,Second-purchase campaigns and onboarding
15186,4,Loyal Customers,"Loyalty rewards, cross-sell, and upsell"
15187,3,Champions / VIP,"VIP treatment, rewards, and premium offers"
15189,3,Champions / VIP,"VIP treatment, rewards, and premium offers"
15192,2,At Risk / Needs Attention,Retention campaigns and targeted incentives
15193,1,New / One-Time,Second-purchase campaigns and onboarding
15194,3,Champions / VIP,"VIP treatment, rewards, and premium offers"
15195,1,New / One-Time,Second-purchase campaigns and onboarding
15197,3,Champions / VIP,"VIP treatment, rewards, and premium offers"
15198,2,At Risk / Needs Attention,Retention campaigns and targeted incentives
15199,2,At Risk / Needs Attention,Retention campaigns and targeted incentives
15201,2,At Risk / Needs Attention,Retention campaigns and targeted incentives
15203,3,Champions / VIP,"VIP treatment, rewards, and premium offers"
15204,0,Dormant / Lost,Win-back campaigns and reactivation offers
15205,2,At Risk / Needs Attention,Retention campaigns and targeted incentives
15206,3,Champions / VIP,"VIP treatment, rewards, and premium offers"
15208,3,Champions / VIP,"VIP treatment, rewards, and premium offers"
15210,0,Dormant / Lost,Win-back campaigns and reactivation offers
15211,2,At Risk / Needs Attention,Retention campaigns and targeted incentives
15212,0,Dormant / Lost,Win-back campaigns and reactivation offers
15213,2,At Risk / Needs Attention,Retention campaigns and targeted incentives
15214,3,Champions / VIP,"VIP treatment, rewards, and premium offers"
15215,4,Loyal Customers,"Loyalty rewards, cross-sell, and upsell"
15216,1,New / One-Time,Second-purchase campaigns and onboarding
15218,3,Champions / VIP,"VIP treatment, rewards, and premium offers"
15219,0,Dormant / Lost,Win-back campaigns and reactivation offers
15220,3,Champions / VIP,"VIP treatment, rewards, and premium offers"
15221,0,Dormant / Lost,Win-back campaigns and reactivation offers
15222,0,Dormant / Lost,Win-back campaigns and reactivation offers
15223,2,At Risk / Needs Attention,Retention campaigns and targeted incentives
15224,2,At Risk / Needs Attention,Retention campaigns and targeted incentives
15225,0,Dormant / Lost,Win-back campaigns and reactivation offers
15226,0,Dormant / Lost,Win-back campaigns and reactivation offers
15227,3,Champions / VIP,"VIP treatment, rewards, and premium offers"
15228,3,Champions / VIP,"VIP treatment, rewards, and premium offers"
15230,2,At Risk / Needs Attention,Retention campaigns and targeted incentives
15232,2,At Risk / Needs Attention,Retention campaigns and targeted incentives
15234,0,Dormant / Lost,Win-back campaigns and reactivation offers
15235,2,At Risk / Needs Attention,Retention campaigns and targeted incentives
15236,0,Dormant / Lost,Win-back campaigns and reactivation offers
15237,3,Champions / VIP,"VIP treatment, rewards, and premium offers"
15238,4,Loyal Customers,"Loyalty rewards, cross-sell, and upsell"
15239,4,Loyal Customers,"Loyalty rewards, cross-sell, and upsell"
15240,3,Champions / VIP,"VIP treatment, rewards, and premium offers"
15241,3,Champions / VIP,"VIP treatment, rewards, and premium offers"
15243,1,New / One-Time,Second-purchase campaigns and onboarding
15244,2,At Risk / Needs Attention,Retention campaigns and targeted incentives
15245,2,At Risk / Needs Attention,Retention campaigns and targeted incentives
15246,2,At Risk / Needs Attention,Retention campaigns and targeted incentives
15247,1,New / One-Time,Second-purchase campaigns and onboarding
15249,3,Champions / VIP,"VIP treatment, rewards, and premium offers"
15251,3,Champions / VIP,"VIP treatment, rewards, and premium offers"
15252,4,Loyal Customers,"Loyalty rewards, cross-sell, and upsell"
15253,4,Loyal Customers,"Loyalty rewards, cross-sell, and upsell"
15254,1,New / One-Time,Second-purchase campaigns and onboarding
15255,1,New / One-Time,Second-purchase campaigns and onboarding
15256,0,Dormant / Lost,Win-back campaigns and reactivation offers
15257,0,Dormant / Lost,Win-back campaigns and reactivation offers
15258,2,At Risk / Needs Attention,Retention campaigns and targeted incentives
15260,2,At Risk / Needs Attention,Retention campaigns and targeted incentives
15261,1,New / One-Time,Second-purchase campaigns and onboarding
15262,0,Dormant / Lost,Win-back campaigns and reactivation offers
15263,1,New / One-Time,Second-purchase campaigns and onboarding
15264,1,New / One-Time,Second-purchase campaigns and onboarding
15265,2,At Risk / Needs Attention,Retention campaigns and targeted incentives
15266,0,Dormant / Lost,Win-back campaigns and reactivation offers
15267,4,Loyal Customers,"Loyalty rewards, cross-sell, and upsell"
15269,1,New / One-Time,Second-purchase campaigns and onboarding
15270,3,Champions / VIP,"VIP treatment, rewards, and premium offers"
15271,3,Champions / VIP,"VIP treatment, rewards, and premium offers"
15272,4,Loyal Customers,"Loyalty rewards, cross-sell, and upsell"
15274,4,Loyal Customers,"Loyalty rewards, cross-sell, and upsell"
15275,1,New / One-Time,Second-purchase campaigns and onboarding
15276,1,New / One-Time,Second-purchase campaigns and onboarding
15277,1,New / One-Time,Second-purchase campaigns and onboarding
15279,0,Dormant / Lost,Win-back campaigns and reactivation offers
15280,0,Dormant / Lost,Win-back campaigns and reactivation offers
15281,3,Champions / VIP,"VIP treatment, rewards, and premium offers"
15286,1,New / One-Time,Second-purchase campaigns and onboarding
15287,4,Loyal Customers,"Loyalty rewards, cross-sell, and upsell"
15288,3,Champions / VIP,"VIP treatment, rewards, and premium offers"
15289,3,Champions / VIP,"VIP treatment, rewards, and premium offers"
15290,3,Champions / VIP,"VIP treatment, rewards, and premium offers"
15291,3,Champions / VIP,"VIP treatment, rewards, and premium offers"
15292,0,Dormant / Lost,Win-back campaigns and reactivation offers
15296,3,Champions / VIP,"VIP treatment, rewards, and premium offers"
15297,4,Loyal Customers,"Loyalty rewards, cross-sell, and upsell"
15298,3,Champions / VIP,"VIP treatment, rewards, and premium offers"
15299,3,Champions / VIP,"VIP treatment, rewards, and premium offers"
15300,1,New / One-Time,Second-purchase campaigns and onboarding
15301,3,Champions / VIP,"VIP treatment, rewards, and premium offers"
15303,0,Dormant / Lost,Win-back campaigns and reactivation offers
15304,3,Champions / VIP,"VIP treatment, rewards, and premium offers"
15306,4,Loyal Customers,"Loyalty rewards, cross-sell, and upsell"
15307,1,New / One-Time,Second-purchase campaigns and onboarding
15308,0,Dormant / Lost,Win-back campaigns and reactivation offers
15311,3,Champions / VIP,"VIP treatment, rewards, and premium offers"
15312,2,At Risk / Needs Attention,Retention campaigns and targeted incentives
15313,1,New / One-Time,Second-purchase campaigns and onboarding
15314,0,Dormant / Lost,Win-back campaigns and reactivation offers
15315,4,Loyal Customers,"Loyalty rewards, cross-sell, and upsell"
15316,0,Dormant / Lost,Win-back campaigns and reactivation offers
15318,1,New / One-Time,Second-purchase campaigns and onboarding
15319,0,Dormant / Lost,Win-back campaigns and reactivation offers
15320,1,New / One-Time,Second-purchase campaigns and onboarding
15321,2,At Risk / Needs Attention,Retention campaigns and targeted incentives
15322,1,New / One-Time,Second-purchase campaigns and onboarding
15325,1,New / One-Time,Second-purchase campaigns and onboarding
15326,0,Dormant / Lost,Win-back campaigns and reactivation offers
15327,1,New / One-Time,Second-purchase campaigns and onboarding
15329,4,Loyal Customers,"Loyalty rewards, cross-sell, and upsell"
15330,4,Loyal Customers,"Loyalty rewards, cross-sell, and upsell"
15332,2,At Risk / Needs Attention,Retention campaigns and targeted incentives
15333,0,Dormant / Lost,Win-back campaigns and reactivation offers
15334,2,At Risk / Needs Attention,Retention campaigns and targeted incentives
15335,1,New / One-Time,Second-purchase campaigns and onboarding
15339,2,At Risk / Needs Attention,Retention campaigns and targeted incentives
15341,1,New / One-Time,Second-purchase campaigns and onboarding
15342,1,New / One-Time,Second-purchase campaigns and onboarding
15343,1,New / One-Time,Second-purchase campaigns and onboarding
15344,4,Loyal Customers,"Loyalty rewards, cross-sell, and upsell"
15345,1,New / One-Time,Second-purchase campaigns and onboarding
15346,0,Dormant / Lost,Win-back campaigns and reactivation offers
15347,0,Dormant / Lost,Win-back campaigns and reactivation offers
15348,1,New / One-Time,Second-purchase campaigns and onboarding
15349,2,At Risk / Needs Attention,Retention campaigns and targeted incentives
15350,0,Dormant / Lost,Win-back campaigns and reactivation offers
15351,3,Champions / VIP,"VIP treatment, rewards, and premium offers"
15353,2,At Risk / Needs Attention,Retention campaigns and targeted incentives
15355,4,Loyal Customers,"Loyalty rewards, cross-sell, and upsell"
15356,3,Champions / VIP,"VIP treatment, rewards, and premium offers"
15358,3,Champions / VIP,"VIP treatment, rewards, and premium offers"
15360,1,New / One-Time,Second-purchase campaigns and onboarding
15361,0,Dormant / Lost,Win-back campaigns and reactivation offers
15363,0,Dormant / Lost,Win-back campaigns and reactivation offers
15364,2,At Risk / Needs Attention,Retention campaigns and targeted incentives
15365,3,Champions / VIP,"VIP treatment, rewards, and premium offers"
15366,2,At Risk / Needs Attention,Retention campaigns and targeted incentives
15367,2,At Risk / Needs Attention,Retention campaigns and targeted incentives
15368,1,New / One-Time,Second-purchase campaigns and onboarding
15370,3,Champions / VIP,"VIP treatment, rewards, and premium offers"
15372,1,New / One-Time,Second-purchase campaigns and onboarding
15373,3,Champions / VIP,"VIP treatment, rewards, and premium offers"
15374,1,New / One-Time,Second-purchase campaigns and onboarding
15376,4,Loyal Customers,"Loyalty rewards, cross-sell, and upsell"
15379,2,At Risk / Needs Attention,Retention campaigns and targeted incentives
15380,3,Champions / VIP,"VIP treatment, rewards, and premium offers"
15381,2,At Risk / Needs Attention,Retention campaigns and targeted incentives
15382,3,Champions / VIP,"VIP treatment, rewards, and premium offers"
15384,2,At Risk / Needs Attention,Retention campaigns and targeted incentives
15385,1,New / One-Time,Second-purchase campaigns and onboarding
15386,0,Dormant / Lost,Win-back campaigns and reactivation offers
15388,0,Dormant / Lost,Win-back campaigns and reactivation offers
15389,0,Dormant / Lost,Win-back campaigns and reactivation offers
15392,3,Champions / VIP,"VIP treatment, rewards, and premium offers"
15393,4,Loyal Customers,"Loyalty rewards, cross-sell, and upsell"
15394,3,Champions / VIP,"VIP treatment, rewards, and premium offers"
15395,0,Dormant / Lost,Win-back campaigns and reactivation offers
15396,1,New / One-Time,Second-purchase campaigns and onboarding
15397,0,Dormant / Lost,Win-back campaigns and reactivation offers
15398,4,Loyal Customers,"Loyalty rewards, cross-sell, and upsell"
15399,4,Loyal Customers,"Loyalty rewards, cross-sell, and upsell"
15400,2,At Risk / Needs Attention,Retention campaigns and targeted incentives
15402,2,At Risk / Needs Attention,Retention campaigns and targeted incentives
15405,0,Dormant / Lost,Win-back campaigns and reactivation offers
15406,3,Champions / VIP,"VIP treatment, rewards, and premium offers"
15407,3,Champions / VIP,"VIP treatment, rewards, and premium offers"
15408,0,Dormant / Lost,Win-back campaigns and reactivation offers
15410,2,At Risk / Needs Attention,Retention campaigns and targeted incentives
15411,4,Loyal Customers,"Loyalty rewards, cross-sell, and upsell"
15412,0,Dormant / Lost,Win-back campaigns and reactivation offers
15414,4,Loyal Customers,"Loyalty rewards, cross-sell, and upsell"
15415,0,Dormant / Lost,Win-back campaigns and reactivation offers
15416,3,Champions / VIP,"VIP treatment, rewards, and premium offers"
15417,1,New / One-Time,Second-purchase campaigns and onboarding
15419,1,New / One-Time,Second-purchase campaigns and onboarding
15421,2,At Risk / Needs Attention,Retention campaigns and targeted incentives
15422,0,Dormant / Lost,Win-back campaigns and reactivation offers
15423,1,New / One-Time,Second-purchase campaigns and onboarding
15424,0,Dormant / Lost,Win-back campaigns and reactivation offers
15426,3,Champions / VIP,"VIP treatment, rewards, and premium offers"
15427,4,Loyal Customers,"Loyalty rewards, cross-sell, and upsell"
15428,1,New / One-Time,Second-purchase campaigns and onboarding
15429,4,Loyal Customers,"Loyalty rewards, cross-sell, and upsell"
15432,1,New / One-Time,Second-purchase campaigns and onboarding
15433,2,At Risk / Needs Attention,Retention campaigns and targeted incentives
15434,4,Loyal Customers,"Loyalty rewards, cross-sell, and upsell"
15435,1,New / One-Time,Second-purchase campaigns and onboarding
15436,4,Loyal Customers,"Loyalty rewards, cross-sell, and upsell"
15437,0,Dormant / Lost,Win-back campaigns and reactivation offers
15438,1,New / One-Time,Second-purchase campaigns and onboarding
15440,2,At Risk / Needs Attention,Retention campaigns and targeted incentives
15442,0,Dormant / Lost,Win-back campaigns and reactivation offers
15443,3,Champions / VIP,"VIP treatment, rewards, and premium offers"
15444,4,Loyal Customers,"Loyalty rewards, cross-sell, and upsell"
15445,0,Dormant / Lost,Win-back campaigns and reactivation offers
15447,0,Dormant / Lost,Win-back campaigns and reactivation offers
15448,0,Dormant / Lost,Win-back campaigns and reactivation offers
15449,3,Champions / VIP,"VIP treatment, rewards, and premium offers"
15450,1,New / One-Time,Second-purchase campaigns and onboarding
15452,4,Loyal Customers,"Loyalty rewards, cross-sell, and upsell"
15453,4,Loyal Customers,"Loyalty rewards, cross-sell, and upsell"
15454,0,Dormant / Lost,Win-back campaigns and reactivation offers
15456,2,At Risk / Needs Attention,Retention campaigns and targeted incentives
15457,0,Dormant / Lost,Win-back campaigns and reactivation offers
15458,1,New / One-Time,Second-purchase campaigns and onboarding
15460,0,Dormant / Lost,Win-back campaigns and reactivation offers
15462,2,At Risk / Needs Attention,Retention campaigns and targeted incentives
15463,1,New / One-Time,Second-purchase campaigns and onboarding
15464,0,Dormant / Lost,Win-back campaigns and reactivation offers
15465,3,Champions / VIP,"VIP treatment, rewards, and premium offers"
15466,1,New / One-Time,Second-purchase campaigns and onboarding
15467,4,Loyal Customers,"Loyalty rewards, cross-sell, and upsell"
15468,4,Loyal Customers,"Loyalty rewards, cross-sell, and upsell"
15469,4,Loyal Customers,"Loyalty rewards, cross-sell, and upsell"
15471,1,New / One-Time,Second-purchase campaigns and onboarding
15472,1,New / One-Time,Second-purchase campaigns and onboarding
15473,4,Loyal Customers,"Loyalty rewards, cross-sell, and upsell"
15475,1,New / One-Time,Second-purchase campaigns and onboarding
15478,4,Loyal Customers,"Loyalty rewards, cross-sell, and upsell"
15480,1,New / One-Time,Second-purchase campaigns and onboarding
15482,3,Champions / VIP,"VIP treatment, rewards, and premium offers"
15483,2,At Risk / Needs Attention,Retention campaigns and targeted incentives
15484,4,Loyal Customers,"Loyalty rewards, cross-sell, and upsell"
15485,3,Champions / VIP,"VIP treatment, rewards, and premium offers"
15488,1,New / One-Time,Second-purchase campaigns and onboarding
15489,4,Loyal Customers,"Loyalty rewards, cross-sell, and upsell"
15491,2,At Risk / Needs Attention,Retention campaigns and targeted incentives
15492,4,Loyal Customers,"Loyalty rewards, cross-sell, and upsell"
15493,3,Champions / VIP,"VIP treatment, rewards, and premium offers"
15494,4,Loyal Customers,"Loyalty rewards, cross-sell, and upsell"
15497,3,Champions / VIP,"VIP treatment, rewards, and premium offers"
15498,3,Champions / VIP,"VIP treatment, rewards, and premium offers"
15500,4,Loyal Customers,"Loyalty rewards, cross-sell, and upsell"
15502,3,Champions / VIP,"VIP treatment, rewards, and premium offers"
15503,0,Dormant / Lost,Win-back campaigns and reactivation offers
15504,1,New / One-Time,Second-purchase campaigns and onboarding
15505,4,Loyal Customers,"Loyalty rewards, cross-sell, and upsell"
15506,4,Loyal Customers,"Loyalty rewards, cross-sell, and upsell"
15507,0,Dormant / Lost,Win-back campaigns and reactivation offers
15508,2,At Risk / Needs Attention,Retention campaigns and targeted incentives
15510,0,Dormant / Lost,Win-back campaigns and reactivation offers
15511,4,Loyal Customers,"Loyalty rewards, cross-sell, and upsell"
15512,2,At Risk / Needs Attention,Retention campaigns and targeted incentives
15513,3,Champions / VIP,"VIP treatment, rewards, and premium offers"
15514,3,Champions / VIP,"VIP treatment, rewards, and premium offers"
15516,4,Loyal Customers,"Loyalty rewards, cross-sell, and upsell"
15517,0,Dormant / Lost,Win-back campaigns and reactivation offers
15518,3,Champions / VIP,"VIP treatment, rewards, and premium offers"
15520,1,New / One-Time,Second-purchase campaigns and onboarding
15521,3,Champions / VIP,"VIP treatment, rewards, and premium offers"
15522,4,Loyal Customers,"Loyalty rewards, cross-sell, and upsell"
15523,1,New / One-Time,Second-purchase campaigns and onboarding
15524,1,New / One-Time,Second-purchase campaigns and onboarding
15525,3,Champions / VIP,"VIP treatment, rewards, and premium offers"
15526,4,Loyal Customers,"Loyalty rewards, cross-sell, and upsell"
15527,3,Champions / VIP,"VIP treatment, rewards, and premium offers"
15528,0,Dormant / Lost,Win-back campaigns and reactivation offers
15529,3,Champions / VIP,"VIP treatment, rewards, and premium offers"
15530,3,Champions / VIP,"VIP treatment, rewards, and premium offers"
15531,4,Loyal Customers,"Loyalty rewards, cross-sell, and upsell"
15532,3,Champions / VIP,"VIP treatment, rewards, and premium offers"
15533,4,Loyal Customers,"Loyalty rewards, cross-sell, and upsell"
15535,2,At Risk / Needs Attention,Retention campaigns and targeted incentives
15537,0,Dormant / Lost,Win-back campaigns and reactivation offers
15539,1,New / One-Time,Second-purchase campaigns and onboarding
15540,1,New / One-Time,Second-purchase campaigns and onboarding
15541,1,New / One-Time,Second-purchase campaigns and onboarding
15543,0,Dormant / Lost,Win-back campaigns and reactivation offers
15544,3,Champions / VIP,"VIP treatment, rewards, and premium offers"
15545,2,At Risk / Needs Attention,Retention campaigns and targeted incentives
15547,3,Champions / VIP,"VIP treatment, rewards, and premium offers"
15549,2,At Risk / Needs Attention,Retention campaigns and targeted incentives
15550,3,Champions / VIP,"VIP treatment, rewards, and premium offers"
15551,1,New / One-Time,Second-purchase campaigns and onboarding
15552,0,Dormant / Lost,Win-back campaigns and reactivation offers
15553,1,New / One-Time,Second-purchase campaigns and onboarding
15554,0,Dormant / Lost,Win-back campaigns and reactivation offers
15555,3,Champions / VIP,"VIP treatment, rewards, and premium offers"
15556,1,New / One-Time,Second-purchase campaigns and onboarding
15557,1,New / One-Time,Second-purchase campaigns and onboarding
15561,4,Loyal Customers,"Loyalty rewards, cross-sell, and upsell"
15562,0,Dormant / Lost,Win-back campaigns and reactivation offers
15563,3,Champions / VIP,"VIP treatment, rewards, and premium offers"
15565,4,Loyal Customers,"Loyalty rewards, cross-sell, and upsell"
15567,1,New / One-Time,Second-purchase campaigns and onboarding
15568,4,Loyal Customers,"Loyalty rewards, cross-sell, and upsell"
15569,2,At Risk / Needs Attention,Retention campaigns and targeted incentives
15570,3,Champions / VIP,"VIP treatment, rewards, and premium offers"
15571,4,Loyal Customers,"Loyalty rewards, cross-sell, and upsell"
15572,3,Champions / VIP,"VIP treatment, rewards, and premium offers"
15573,4,Loyal Customers,"Loyalty rewards, cross-sell, and upsell"
15574,2,At Risk / Needs Attention,Retention campaigns and targeted incentives
15576,1,New / One-Time,Second-purchase campaigns and onboarding
15577,2,At Risk / Needs Attention,Retention campaigns and targeted incentives
15578,0,Dormant / Lost,Win-back campaigns and reactivation offers
15579,2,At Risk / Needs Attention,Retention campaigns and targeted incentives
15581,2,At Risk / Needs Attention,Retention campaigns and targeted incentives
15582,4,Loyal Customers,"Loyalty rewards, cross-sell, and upsell"
15584,4,Loyal Customers,"Loyalty rewards, cross-sell, and upsell"
15585,0,Dormant / Lost,Win-back campaigns and reactivation offers
15587,3,Champions / VIP,"VIP treatment, rewards, and premium offers"
15589,2,At Risk / Needs Attention,Retention campaigns and targeted incentives
15592,1,New / One-Time,Second-purchase campaigns and onboarding
15593,1,New / One-Time,Second-purchase campaigns and onboarding
15594,3,Champions / VIP,"VIP treatment, rewards, and premium offers"
15596,2,At Risk / Needs Attention,Retention campaigns and targeted incentives
15597,1,New / One-Time,Second-purchase campaigns and onboarding
15598,1,New / One-Time,Second-purchase campaigns and onboarding
15599,4,Loyal Customers,"Loyalty rewards, cross-sell, and upsell"
15601,3,Champions / VIP,"VIP treatment, rewards, and premium offers"
15602,3,Champions / VIP,"VIP treatment, rewards, and premium offers"
15603,1,New / One-Time,Second-purchase campaigns and onboarding
15604,1,New / One-Time,Second-purchase campaigns and onboarding
15605,3,Champions / VIP,"VIP treatment, rewards, and premium offers"
15606,3,Champions / VIP,"VIP treatment, rewards, and premium offers"
15607,0,Dormant / Lost,Win-back campaigns and reactivation offers
15608,4,Loyal Customers,"Loyalty rewards, cross-sell, and upsell"
15609,0,Dormant / Lost,Win-back campaigns and reactivation offers
15610,1,New / One-Time,Second-purchase campaigns and onboarding
15611,3,Champions / VIP,"VIP treatment, rewards, and premium offers"
15612,4,Loyal Customers,"Loyalty rewards, cross-sell, and upsell"
15615,3,Champions / VIP,"VIP treatment, rewards, and premium offers"
15618,4,Loyal Customers,"Loyalty rewards, cross-sell, and upsell"
15619,1,New / One-Time,Second-purchase campaigns and onboarding
15620,3,Champions / VIP,"VIP treatment, rewards, and premium offers"
15621,4,Loyal Customers,"Loyalty rewards, cross-sell, and upsell"
15622,3,Champions / VIP,"VIP treatment, rewards, and premium offers"
15623,1,New / One-Time,Second-purchase campaigns and onboarding
15624,2,At Risk / Needs Attention,Retention campaigns and targeted incentives
15625,2,At Risk / Needs Attention,Retention campaigns and targeted incentives
15626,2,At Risk / Needs Attention,Retention campaigns and targeted incentives
15628,3,Champions / VIP,"VIP treatment, rewards, and premium offers"
15630,4,Loyal Customers,"Loyalty rewards, cross-sell, and upsell"
15632,3,Champions / VIP,"VIP treatment, rewards, and premium offers"
15634,1,New / One-Time,Second-purchase campaigns and onboarding
15636,2,At Risk / Needs Attention,Retention campaigns and targeted incentives
15637,1,New / One-Time,Second-purchase campaigns and onboarding
15639,1,New / One-Time,Second-purchase campaigns and onboarding
15640,3,Champions / VIP,"VIP treatment, rewards, and premium offers"
15641,2,At Risk / Needs Attention,Retention campaigns and targeted incentives
15643,2,At Risk / Needs Attention,Retention campaigns and targeted incentives
15644,2,At Risk / Needs Attention,Retention campaigns and targeted incentives
15645,1,New / One-Time,Second-purchase campaigns and onboarding
15646,2,At Risk / Needs Attention,Retention campaigns and targeted incentives
15648,2,At Risk / Needs Attention,Retention campaigns and targeted incentives
15649,0,Dormant / Lost,Win-back campaigns and reactivation offers
15651,4,Loyal Customers,"Loyalty rewards, cross-sell, and upsell"
15652,1,New / One-Time,Second-purchase campaigns and onboarding
15653,2,At Risk / Needs Attention,Retention campaigns and targeted incentives
15654,4,Loyal Customers,"Loyalty rewards, cross-sell, and upsell"
15655,0,Dormant / Lost,Win-back campaigns and reactivation offers
15656,2,At Risk / Needs Attention,Retention campaigns and targeted incentives
15657,1,New / One-Time,Second-purchase campaigns and onboarding
15658,2,At Risk / Needs Attention,Retention campaigns and targeted incentives
15659,1,New / One-Time,Second-purchase campaigns and onboarding
15660,3,Champions / VIP,"VIP treatment, rewards, and premium offers"
15661,2,At Risk / Needs Attention,Retention campaigns and targeted incentives
15663,1,New / One-Time,Second-purchase campaigns and onboarding
15664,1,New / One-Time,Second-purchase campaigns and onboarding
15665,2,At Risk / Needs Attention,Retention campaigns and targeted incentives
15667,1,New / One-Time,Second-purchase campaigns and onboarding
15668,0,Dormant / Lost,Win-back campaigns and reactivation offers
15669,4,Loyal Customers,"Loyalty rewards, cross-sell, and upsell"
15670,0,Dormant / Lost,Win-back campaigns and reactivation offers
15671,3,Champions / VIP,"VIP treatment, rewards, and premium offers"
15673,2,At Risk / Needs Attention,Retention campaigns and targeted incentives
15674,2,At Risk / Needs Attention,Retention campaigns and targeted incentives
15675,2,At Risk / Needs Attention,Retention campaigns and targeted incentives
15676,3,Champions / VIP,"VIP treatment, rewards, and premium offers"
15677,1,New / One-Time,Second-purchase campaigns and onboarding
15678,1,New / One-Time,Second-purchase campaigns and onboarding
15679,4,Loyal Customers,"Loyalty rewards, cross-sell, and upsell"
15680,3,Champions / VIP,"VIP treatment, rewards, and premium offers"
15681,3,Champions / VIP,"VIP treatment, rewards, and premium offers"
15683,1,New / One-Time,Second-purchase campaigns and onboarding
15687,3,Champions / VIP,"VIP treatment, rewards, and premium offers"
15689,2,At Risk / Needs Attention,Retention campaigns and targeted incentives
15690,4,Loyal Customers,"Loyalty rewards, cross-sell, and upsell"
15691,0,Dormant / Lost,Win-back campaigns and reactivation offers
15692,1,New / One-Time,Second-purchase campaigns and onboarding
15694,3,Champions / VIP,"VIP treatment, rewards, and premium offers"
15695,0,Dormant / Lost,Win-back campaigns and reactivation offers
15696,3,Champions / VIP,"VIP treatment, rewards, and premium offers"
15699,1,New / One-Time,Second-purchase campaigns and onboarding
15700,4,Loyal Customers,"Loyalty rewards, cross-sell, and upsell"
15701,4,Loyal Customers,"Loyalty rewards, cross-sell, and upsell"
15703,0,Dormant / Lost,Win-back campaigns and reactivation offers
15704,2,At Risk / Needs Attention,Retention campaigns and targeted incentives
15705,0,Dormant / Lost,Win-back campaigns and reactivation offers
15706,4,Loyal Customers,"Loyalty rewards, cross-sell, and upsell"
15707,4,Loyal Customers,"Loyalty rewards, cross-sell, and upsell"
15708,3,Champions / VIP,"VIP treatment, rewards, and premium offers"
15709,0,Dormant / Lost,Win-back campaigns and reactivation offers
15712,3,Champions / VIP,"VIP treatment, rewards, and premium offers"
15713,2,At Risk / Needs Attention,Retention campaigns and targeted incentives
15714,4,Loyal Customers,"Loyalty rewards, cross-sell, and upsell"
15716,2,At Risk / Needs Attention,Retention campaigns and targeted incentives
15717,0,Dormant / Lost,Win-back campaigns and reactivation offers
15719,3,Champions / VIP,"VIP treatment, rewards, and premium offers"
15720,1,New / One-Time,Second-purchase campaigns and onboarding
15721,1,New / One-Time,Second-purchase campaigns and onboarding
15722,3,Champions / VIP,"VIP treatment, rewards, and premium offers"
15723,0,Dormant / Lost,Win-back campaigns and reactivation offers
15724,2,At Risk / Needs Attention,Retention campaigns and targeted incentives
15725,1,New / One-Time,Second-purchase campaigns and onboarding
15727,3,Champions / VIP,"VIP treatment, rewards, and premium offers"
15729,0,Dormant / Lost,Win-back campaigns and reactivation offers
15730,2,At Risk / Needs Attention,Retention campaigns and targeted incentives
15732,2,At Risk / Needs Attention,Retention campaigns and targeted incentives
15733,0,Dormant / Lost,Win-back campaigns and reactivation offers
15734,2,At Risk / Needs Attention,Retention campaigns and targeted incentives
15737,3,Champions / VIP,"VIP treatment, rewards, and premium offers"
15738,3,Champions / VIP,"VIP treatment, rewards, and premium offers"
15739,1,New / One-Time,Second-purchase campaigns and onboarding
15740,1,New / One-Time,Second-purchase campaigns and onboarding
15743,4,Loyal Customers,"Loyalty rewards, cross-sell, and upsell"
15744,1,New / One-Time,Second-purchase campaigns and onboarding
15745,4,Loyal Customers,"Loyalty rewards, cross-sell, and upsell"
15746,1,New / One-Time,Second-purchase campaigns and onboarding
15747,4,Loyal Customers,"Loyalty rewards, cross-sell, and upsell"
15748,1,New / One-Time,Second-purchase campaigns and onboarding
15749,2,At Risk / Needs Attention,Retention campaigns and targeted incentives
15750,3,Champions / VIP,"VIP treatment, rewards, and premium offers"
15752,3,Champions / VIP,"VIP treatment, rewards, and premium offers"
15753,0,Dormant / Lost,Win-back campaigns and reactivation offers
15754,2,At Risk / Needs Attention,Retention campaigns and targeted incentives
15755,3,Champions / VIP,"VIP treatment, rewards, and premium offers"
15756,2,At Risk / Needs Attention,Retention campaigns and targeted incentives
15757,2,At Risk / Needs Attention,Retention campaigns and targeted incentives
15758,1,New / One-Time,Second-purchase campaigns and onboarding
15759,2,At Risk / Needs Attention,Retention campaigns and targeted incentives
15762,4,Loyal Customers,"Loyalty rewards, cross-sell, and upsell"
15763,4,Loyal Customers,"Loyalty rewards, cross-sell, and upsell"
15764,2,At Risk / Needs Attention,Retention campaigns and targeted incentives
15766,1,New / One-Time,Second-purchase campaigns and onboarding
15768,2,At Risk / Needs Attention,Retention campaigns and targeted incentives
15769,3,Champions / VIP,"VIP treatment, rewards, and premium offers"
15773,1,New / One-Time,Second-purchase campaigns and onboarding
15774,1,New / One-Time,Second-purchase campaigns and onboarding
15775,0,Dormant / Lost,Win-back campaigns and reactivation offers
15776,1,New / One-Time,Second-purchase campaigns and onboarding
15777,2,At Risk / Needs Attention,Retention campaigns and targeted incentives
15780,2,At Risk / Needs Attention,Retention campaigns and targeted incentives
15781,3,Champions / VIP,"VIP treatment, rewards, and premium offers"
15782,4,Loyal Customers,"Loyalty rewards, cross-sell, and upsell"
15783,1,New / One-Time,Second-purchase campaigns and onboarding
15785,3,Champions / VIP,"VIP treatment, rewards, and premium offers"
15786,4,Loyal Customers,"Loyalty rewards, cross-sell, and upsell"
15787,4,Loyal Customers,"Loyalty rewards, cross-sell, and upsell"
15789,0,Dormant / Lost,Win-back campaigns and reactivation offers
15790,1,New / One-Time,Second-purchase campaigns and onboarding
15791,4,Loyal Customers,"Loyalty rewards, cross-sell, and upsell"
15793,3,Champions / VIP,"VIP treatment, rewards, and premium offers"
15795,1,New / One-Time,Second-purchase campaigns and onboarding
15796,3,Champions / VIP,"VIP treatment, rewards, and premium offers"
15797,2,At Risk / Needs Attention,Retention campaigns and targeted incentives
15799,2,At Risk / Needs Attention,Retention campaigns and targeted incentives
15800,2,At Risk / Needs Attention,Retention campaigns and targeted incentives
15801,4,Loyal Customers,"Loyalty rewards, cross-sell, and upsell"
15802,0,Dormant / Lost,Win-back campaigns and reactivation offers
15803,1,New / One-Time,Second-purchase campaigns and onboarding
15804,3,Champions / VIP,"VIP treatment, rewards, and premium offers"
15805,3,Champions / VIP,"VIP treatment, rewards, and premium offers"
15806,2,At Risk / Needs Attention,Retention campaigns and targeted incentives
15807,4,Loyal Customers,"Loyalty rewards, cross-sell, and upsell"
15808,2,At Risk / Needs Attention,Retention campaigns and targeted incentives
15809,3,Champions / VIP,"VIP treatment, rewards, and premium offers"
15810,2,At Risk / Needs Attention,Retention campaigns and targeted incentives
15811,3,Champions / VIP,"VIP treatment, rewards, and premium offers"
15812,2,At Risk / Needs Attention,Retention campaigns and targeted incentives
15813,2,At Risk / Needs Attention,Retention campaigns and targeted incentives
15814,4,Loyal Customers,"Loyalty rewards, cross-sell, and upsell"
15815,2,At Risk / Needs Attention,Retention campaigns and targeted incentives
15819,3,Champions / VIP,"VIP treatment, rewards, and premium offers"
15820,0,Dormant / Lost,Win-back campaigns and reactivation offers
15821,4,Loyal Customers,"Loyalty rewards, cross-sell, and upsell"
15822,3,Champions / VIP,"VIP treatment, rewards, and premium offers"
15823,0,Dormant / Lost,Win-back campaigns and reactivation offers
15825,0,Dormant / Lost,Win-back campaigns and reactivation offers
15826,2,At Risk / Needs Attention,Retention campaigns and targeted incentives
15827,3,Champions / VIP,"VIP treatment, rewards, and premium offers"
15829,2,At Risk / Needs Attention,Retention campaigns and targeted incentives
15830,1,New / One-Time,Second-purchase campaigns and onboarding
15831,2,At Risk / Needs Attention,Retention campaigns and targeted incentives
15832,0,Dormant / Lost,Win-back campaigns and reactivation offers
15834,2,At Risk / Needs Attention,Retention campaigns and targeted incentives
15835,3,Champions / VIP,"VIP treatment, rewards, and premium offers"
15836,1,New / One-Time,Second-purchase campaigns and onboarding
15837,1,New / One-Time,Second-purchase campaigns and onboarding
15838,3,Champions / VIP,"VIP treatment, rewards, and premium offers"
15839,4,Loyal Customers,"Loyalty rewards, cross-sell, and upsell"
15840,4,Loyal Customers,"Loyalty rewards, cross-sell, and upsell"
15841,2,At Risk / Needs Attention,Retention campaigns and targeted incentives
15843,0,Dormant / Lost,Win-back campaigns and reactivation offers
15844,1,New / One-Time,Second-purchase campaigns and onboarding
15845,3,Champions / VIP,"VIP treatment, rewards, and premium offers"
15847,2,At Risk / Needs Attention,Retention campaigns and targeted incentives
15850,4,Loyal Customers,"Loyalty rewards, cross-sell, and upsell"
15852,2,At Risk / Needs Attention,Retention campaigns and targeted incentives
15853,1,New / One-Time,Second-purchase campaigns and onboarding
15854,3,Champions / VIP,"VIP treatment, rewards, and premium offers"
15855,2,At Risk / Needs Attention,Retention campaigns and targeted incentives
15856,3,Champions / VIP,"VIP treatment, rewards, and premium offers"
15857,1,New / One-Time,Second-purchase campaigns and onboarding
15858,3,Champions / VIP,"VIP treatment, rewards, and premium offers"
15860,3,Champions / VIP,"VIP treatment, rewards, and premium offers"
15861,3,Champions / VIP,"VIP treatment, rewards, and premium offers"
15862,3,Champions / VIP,"VIP treatment, rewards, and premium offers"
15863,4,Loyal Customers,"Loyalty rewards, cross-sell, and upsell"
15864,3,Champions / VIP,"VIP treatment, rewards, and premium offers"
15865,4,Loyal Customers,"Loyalty rewards, cross-sell, and upsell"
15866,1,New / One-Time,Second-purchase campaigns and onboarding
15867,3,Champions / VIP,"VIP treatment, rewards, and premium offers"
15869,0,Dormant / Lost,Win-back campaigns and reactivation offers
15870,1,New / One-Time,Second-purchase campaigns and onboarding
15872,4,Loyal Customers,"Loyalty rewards, cross-sell, and upsell"
15874,3,Champions / VIP,"VIP treatment, rewards, and premium offers"
15877,4,Loyal Customers,"Loyalty rewards, cross-sell, and upsell"
15880,0,Dormant / Lost,Win-back campaigns and reactivation offers
15881,2,At Risk / Needs Attention,Retention campaigns and targeted incentives
15882,2,At Risk / Needs Attention,Retention campaigns and targeted incentives
15883,4,Loyal Customers,"Loyalty rewards, cross-sell, and upsell"
15885,2,At Risk / Needs Attention,Retention campaigns and targeted incentives
15886,1,New / One-Time,Second-purchase campaigns and onboarding
15888,1,New / One-Time,Second-purchase campaigns and onboarding
15889,2,At Risk / Needs Attention,Retention campaigns and targeted incentives
15891,0,Dormant / Lost,Win-back campaigns and reactivation offers
15894,2,At Risk / Needs Attention,Retention campaigns and targeted incentives
15895,1,New / One-Time,Second-purchase campaigns and onboarding
15897,2,At Risk / Needs Attention,Retention campaigns and targeted incentives
15898,3,Champions / VIP,"VIP treatment, rewards, and premium offers"
15899,0,Dormant / Lost,Win-back campaigns and reactivation offers
15900,1,New / One-Time,Second-purchase campaigns and onboarding
15901,4,Loyal Customers,"Loyalty rewards, cross-sell, and upsell"
15903,3,Champions / VIP,"VIP treatment, rewards, and premium offers"
15904,1,New / One-Time,Second-purchase campaigns and onboarding
15906,3,Champions / VIP,"VIP treatment, rewards, and premium offers"
15907,4,Loyal Customers,"Loyalty rewards, cross-sell, and upsell"
15909,0,Dormant / Lost,Win-back campaigns and reactivation offers
15910,3,Champions / VIP,"VIP treatment, rewards, and premium offers"
15912,2,At Risk / Needs Attention,Retention campaigns and targeted incentives
15916,3,Champions / VIP,"VIP treatment, rewards, and premium offers"
15917,0,Dormant / Lost,Win-back campaigns and reactivation offers
15918,2,At Risk / Needs Attention,Retention campaigns and targeted incentives
15919,3,Champions / VIP,"VIP treatment, rewards, and premium offers"
15920,2,At Risk / Needs Attention,Retention campaigns and targeted incentives
15921,0,Dormant / Lost,Win-back campaigns and reactivation offers
15922,0,Dormant / Lost,Win-back campaigns and reactivation offers
15923,0,Dormant / Lost,Win-back campaigns and reactivation offers
15925,0,Dormant / Lost,Win-back campaigns and reactivation offers
15930,1,New / One-Time,Second-purchase campaigns and onboarding
15932,3,Champions / VIP,"VIP treatment, rewards, and premium offers"
15933,4,Loyal Customers,"Loyalty rewards, cross-sell, and upsell"
15935,2,At Risk / Needs Attention,Retention campaigns and targeted incentives
15937,1,New / One-Time,Second-purchase campaigns and onboarding
15938,2,At Risk / Needs Attention,Retention campaigns and targeted incentives
15939,3,Champions / VIP,"VIP treatment, rewards, and premium offers"
15940,0,Dormant / Lost,Win-back campaigns and reactivation offers
15942,1,New / One-Time,Second-purchase campaigns and onboarding
15944,0,Dormant / Lost,Win-back campaigns and reactivation offers
15945,0,Dormant / Lost,Win-back campaigns and reactivation offers
15947,1,New / One-Time,Second-purchase campaigns and onboarding
15948,4,Loyal Customers,"Loyalty rewards, cross-sell, and upsell"
15949,4,Loyal Customers,"Loyalty rewards, cross-sell, and upsell"
15950,3,Champions / VIP,"VIP treatment, rewards, and premium offers"
15951,3,Champions / VIP,"VIP treatment, rewards, and premium offers"
15952,4,Loyal Customers,"Loyalty rewards, cross-sell, and upsell"
15953,3,Champions / VIP,"VIP treatment, rewards, and premium offers"
15955,3,Champions / VIP,"VIP treatment, rewards, and premium offers"
15957,1,New / One-Time,Second-purchase campaigns and onboarding
15958,1,New / One-Time,Second-purchase campaigns and onboarding
15963,4,Loyal Customers,"Loyalty rewards, cross-sell, and upsell"
15965,3,Champions / VIP,"VIP treatment, rewards, and premium offers"
15967,3,Champions / VIP,"VIP treatment, rewards, and premium offers"
15969,4,Loyal Customers,"Loyalty rewards, cross-sell, and upsell"
15970,0,Dormant / Lost,Win-back campaigns and reactivation offers
15971,3,Champions / VIP,"VIP treatment, rewards, and premium offers"
15973,0,Dormant / Lost,Win-back campaigns and reactivation offers
15974,3,Champions / VIP,"VIP treatment, rewards, and premium offers"
15975,1,New / One-Time,Second-purchase campaigns and onboarding
15976,2,At Risk / Needs Attention,Retention campaigns and targeted incentives
15977,4,Loyal Customers,"Loyalty rewards, cross-sell, and upsell"
15978,1,New / One-Time,Second-purchase campaigns and onboarding
15980,2,At Risk / Needs Attention,Retention campaigns and targeted incentives
15981,3,Champions / VIP,"VIP treatment, rewards, and premium offers"
15983,3,Champions / VIP,"VIP treatment, rewards, and premium offers"
15984,3,Champions / VIP,"VIP treatment, rewards, and premium offers"
15985,2,At Risk / Needs Attention,Retention campaigns and targeted incentives
15986,1,New / One-Time,Second-purchase campaigns and onboarding
15987,3,Champions / VIP,"VIP treatment, rewards, and premium offers"
15988,1,New / One-Time,Second-purchase campaigns and onboarding
15990,2,At Risk / Needs Attention,Retention campaigns and targeted incentives
15992,1,New / One-Time,Second-purchase campaigns and onboarding
15993,4,Loyal Customers,"Loyalty rewards, cross-sell, and upsell"
15994,1,New / One-Time,Second-purchase campaigns and onboarding
15996,2,At Risk / Needs Attention,Retention campaigns and targeted incentives
15998,3,Champions / VIP,"VIP treatment, rewards, and premium offers"
16000,4,Loyal Customers,"Loyalty rewards, cross-sell, and upsell"
16003,3,Champions / VIP,"VIP treatment, rewards, and premium offers"
16005,3,Champions / VIP,"VIP treatment, rewards, and premium offers"
16006,0,Dormant / Lost,Win-back campaigns and reactivation offers
16007,4,Loyal Customers,"Loyalty rewards, cross-sell, and upsell"
16008,4,Loyal Customers,"Loyalty rewards, cross-sell, and upsell"
16009,4,Loyal Customers,"Loyalty rewards, cross-sell, and upsell"
16010,2,At Risk / Needs Attention,Retention campaigns and targeted incentives
16011,3,Champions / VIP,"VIP treatment, rewards, and premium offers"
16012,4,Loyal Customers,"Loyalty rewards, cross-sell, and upsell"
16013,3,Champions / VIP,"VIP treatment, rewards, and premium offers"
16014,3,Champions / VIP,"VIP treatment, rewards, and premium offers"
16015,4,Loyal Customers,"Loyalty rewards, cross-sell, and upsell"
16016,3,Champions / VIP,"VIP treatment, rewards, and premium offers"
16017,1,New / One-Time,Second-purchase campaigns and onboarding
16018,4,Loyal Customers,"Loyalty rewards, cross-sell, and upsell"
16019,3,Champions / VIP,"VIP treatment, rewards, and premium offers"
16020,4,Loyal Customers,"Loyalty rewards, cross-sell, and upsell"
16022,0,Dormant / Lost,Win-back campaigns and reactivation offers
16023,2,At Risk / Needs Attention,Retention campaigns and targeted incentives
16024,1,New / One-Time,Second-purchase campaigns and onboarding
16025,1,New / One-Time,Second-purchase campaigns and onboarding
16026,1,New / One-Time,Second-purchase campaigns and onboarding
16027,2,At Risk / Needs Attention,Retention campaigns and targeted incentives
16029,3,Champions / VIP,"VIP treatment, rewards, and premium offers"
16030,0,Dormant / Lost,Win-back campaigns and reactivation offers
16031,2,At Risk / Needs Attention,Retention campaigns and targeted incentives
16033,3,Champions / VIP,"VIP treatment, rewards, and premium offers"
16034,2,At Risk / Needs Attention,Retention campaigns and targeted incentives
16036,2,At Risk / Needs Attention,Retention campaigns and targeted incentives
16037,2,At Risk / Needs Attention,Retention campaigns and targeted incentives
16038,4,Loyal Customers,"Loyalty rewards, cross-sell, and upsell"
16040,2,At Risk / Needs Attention,Retention campaigns and targeted incentives
16041,4,Loyal Customers,"Loyalty rewards, cross-sell, and upsell"
16042,3,Champions / VIP,"VIP treatment, rewards, and premium offers"
16043,3,Champions / VIP,"VIP treatment, rewards, and premium offers"
16045,2,At Risk / Needs Attention,Retention campaigns and targeted incentives
16048,0,Dormant / Lost,Win-back campaigns and reactivation offers
16049,4,Loyal Customers,"Loyalty rewards, cross-sell, and upsell"
16050,0,Dormant / Lost,Win-back campaigns and reactivation offers
16052,1,New / One-Time,Second-purchase campaigns and onboarding
16053,4,Loyal Customers,"Loyalty rewards, cross-sell, and upsell"
16054,1,New / One-Time,Second-purchase campaigns and onboarding
16055,0,Dormant / Lost,Win-back campaigns and reactivation offers
16056,1,New / One-Time,Second-purchase campaigns and onboarding
16057,3,Champions / VIP,"VIP treatment, rewards, and premium offers"
16059,3,Champions / VIP,"VIP treatment, rewards, and premium offers"
16062,3,Champions / VIP,"VIP treatment, rewards, and premium offers"
16063,0,Dormant / Lost,Win-back campaigns and reactivation offers
16065,0,Dormant / Lost,Win-back campaigns and reactivation offers
16066,4,Loyal Customers,"Loyalty rewards, cross-sell, and upsell"
16070,4,Loyal Customers,"Loyalty rewards, cross-sell, and upsell"
16071,1,New / One-Time,Second-purchase campaigns and onboarding
16072,0,Dormant / Lost,Win-back campaigns and reactivation offers
16073,0,Dormant / Lost,Win-back campaigns and reactivation offers
16076,3,Champions / VIP,"VIP treatment, rewards, and premium offers"
16078,0,Dormant / Lost,Win-back campaigns and reactivation offers
16079,4,Loyal Customers,"Loyalty rewards, cross-sell, and upsell"
16080,2,At Risk / Needs Attention,Retention campaigns and targeted incentives
16081,3,Champions / VIP,"VIP treatment, rewards, and premium offers"
16083,2,At Risk / Needs Attention,Retention campaigns and targeted incentives
16084,0,Dormant / Lost,Win-back campaigns and reactivation offers
16085,3,Champions / VIP,"VIP treatment, rewards, and premium offers"
16086,3,Champions / VIP,"VIP treatment, rewards, and premium offers"
16091,2,At Risk / Needs Attention,Retention campaigns and targeted incentives
16092,2,At Risk / Needs Attention,Retention campaigns and targeted incentives
16093,1,New / One-Time,Second-purchase campaigns and onboarding
16094,4,Loyal Customers,"Loyalty rewards, cross-sell, and upsell"
16096,0,Dormant / Lost,Win-back campaigns and reactivation offers
16097,0,Dormant / Lost,Win-back campaigns and reactivation offers
16098,2,At Risk / Needs Attention,Retention campaigns and targeted incentives
16099,2,At Risk / Needs Attention,Retention campaigns and targeted incentives
16101,1,New / One-Time,Second-purchase campaigns and onboarding
16102,4,Loyal Customers,"Loyalty rewards, cross-sell, and upsell"
16103,3,Champions / VIP,"VIP treatment, rewards, and premium offers"
16104,1,New / One-Time,Second-purchase campaigns and onboarding
16105,0,Dormant / Lost,Win-back campaigns and reactivation offers
16106,1,New / One-Time,Second-purchase campaigns and onboarding
16107,3,Champions / VIP,"VIP treatment, rewards, and premium offers"
16108,1,New / One-Time,Second-purchase campaigns and onboarding
16109,2,At Risk / Needs Attention,Retention campaigns and targeted incentives
16110,3,Champions / VIP,"VIP treatment, rewards, and premium offers"
16112,2,At Risk / Needs Attention,Retention campaigns and targeted incentives
16113,0,Dormant / Lost,Win-back campaigns and reactivation offers
16114,0,Dormant / Lost,Win-back campaigns and reactivation offers
16115,3,Champions / VIP,"VIP treatment, rewards, and premium offers"
16116,0,Dormant / Lost,Win-back campaigns and reactivation offers
16117,0,Dormant / Lost,Win-back campaigns and reactivation offers
16119,4,Loyal Customers,"Loyalty rewards, cross-sell, and upsell"
16120,4,Loyal Customers,"Loyalty rewards, cross-sell, and upsell"
16121,2,At Risk / Needs Attention,Retention campaigns and targeted incentives
16122,2,At Risk / Needs Attention,Retention campaigns and targeted incentives
16123,1,New / One-Time,Second-purchase campaigns and onboarding
16124,0,Dormant / Lost,Win-back campaigns and reactivation offers
16125,0,Dormant / Lost,Win-back campaigns and reactivation offers
16126,3,Champions / VIP,"VIP treatment, rewards, and premium offers"
16127,1,New / One-Time,Second-purchase campaigns and onboarding
16128,3,Champions / VIP,"VIP treatment, rewards, and premium offers"
16131,3,Champions / VIP,"VIP treatment, rewards, and premium offers"
16133,3,Champions / VIP,"VIP treatment, rewards, and premium offers"
16134,3,Champions / VIP,"VIP treatment, rewards, and premium offers"
16135,0,Dormant / Lost,Win-back campaigns and reactivation offers
16136,2,At Risk / Needs Attention,Retention campaigns and targeted incentives
16139,4,Loyal Customers,"Loyalty rewards, cross-sell, and upsell"
16140,2,At Risk / Needs Attention,Retention campaigns and targeted incentives
16141,1,New / One-Time,Second-purchase campaigns and onboarding
16142,0,Dormant / Lost,Win-back campaigns and reactivation offers
16143,3,Champions / VIP,"VIP treatment, rewards, and premium offers"
16144,0,Dormant / Lost,Win-back campaigns and reactivation offers
16145,3,Champions / VIP,"VIP treatment, rewards, and premium offers"
16146,2,At Risk / Needs Attention,Retention campaigns and targeted incentives
16147,1,New / One-Time,Second-purchase campaigns and onboarding
16148,0,Dormant / Lost,Win-back campaigns and reactivation offers
16149,4,Loyal Customers,"Loyalty rewards, cross-sell, and upsell"
16150,3,Champions / VIP,"VIP treatment, rewards, and premium offers"
16152,0,Dormant / Lost,Win-back campaigns and reactivation offers
16153,3,Champions / VIP,"VIP treatment, rewards, and premium offers"
16156,3,Champions / VIP,"VIP treatment, rewards, and premium offers"
16157,4,Loyal Customers,"Loyalty rewards, cross-sell, and upsell"
16159,0,Dormant / Lost,Win-back campaigns and reactivation offers
16160,4,Loyal Customers,"Loyalty rewards, cross-sell, and upsell"
16161,3,Champions / VIP,"VIP treatment, rewards, and premium offers"
16162,0,Dormant / Lost,Win-back campaigns and reactivation offers
16163,2,At Risk / Needs Attention,Retention campaigns and targeted incentives
16164,4,Loyal Customers,"Loyalty rewards, cross-sell, and upsell"
16168,3,Champions / VIP,"VIP treatment, rewards, and premium offers"
16169,4,Loyal Customers,"Loyalty rewards, cross-sell, and upsell"
16170,3,Champions / VIP,"VIP treatment, rewards, and premium offers"
16171,1,New / One-Time,Second-purchase campaigns and onboarding
16172,2,At Risk / Needs Attention,Retention campaigns and targeted incentives
16173,4,Loyal Customers,"Loyalty rewards, cross-sell, and upsell"
16174,2,At Risk / Needs Attention,Retention campaigns and targeted incentives
16175,2,At Risk / Needs Attention,Retention campaigns and targeted incentives
16177,1,New / One-Time,Second-purchase campaigns and onboarding
16178,1,New / One-Time,Second-purchase campaigns and onboarding
16179,1,New / One-Time,Second-purchase campaigns and onboarding
16180,2,At Risk / Needs Attention,Retention campaigns and targeted incentives
16181,1,New / One-Time,Second-purchase campaigns and onboarding
16182,3,Champions / VIP,"VIP treatment, rewards, and premium offers"
16183,1,New / One-Time,Second-purchase campaigns and onboarding
16184,2,At Risk / Needs Attention,Retention campaigns and targeted incentives
16185,4,Loyal Customers,"Loyalty rewards, cross-sell, and upsell"
16186,3,Champions / VIP,"VIP treatment, rewards, and premium offers"
16187,3,Champions / VIP,"VIP treatment, rewards, and premium offers"
16188,4,Loyal Customers,"Loyalty rewards, cross-sell, and upsell"
16189,4,Loyal Customers,"Loyalty rewards, cross-sell, and upsell"
16190,1,New / One-Time,Second-purchase campaigns and onboarding
16191,3,Champions / VIP,"VIP treatment, rewards, and premium offers"
16193,0,Dormant / Lost,Win-back campaigns and reactivation offers
16198,1,New / One-Time,Second-purchase campaigns and onboarding
16200,4,Loyal Customers,"Loyalty rewards, cross-sell, and upsell"
16201,4,Loyal Customers,"Loyalty rewards, cross-sell, and upsell"
16202,0,Dormant / Lost,Win-back campaigns and reactivation offers
16203,2,At Risk / Needs Attention,Retention campaigns and targeted incentives
16204,1,New / One-Time,Second-purchase campaigns and onboarding
16205,4,Loyal Customers,"Loyalty rewards, cross-sell, and upsell"
16206,2,At Risk / Needs Attention,Retention campaigns and targeted incentives
16207,1,New / One-Time,Second-purchase campaigns and onboarding
16208,2,At Risk / Needs Attention,Retention campaigns and targeted incentives
16209,2,At Risk / Needs Attention,Retention campaigns and targeted incentives
16210,3,Champions / VIP,"VIP treatment, rewards, and premium offers"
16211,1,New / One-Time,Second-purchase campaigns and onboarding
16212,3,Champions / VIP,"VIP treatment, rewards, and premium offers"
16213,1,New / One-Time,Second-purchase campaigns and onboarding
16214,2,At Risk / Needs Attention,Retention campaigns and targeted incentives
16215,1,New / One-Time,Second-purchase campaigns and onboarding
16216,0,Dormant / Lost,Win-back campaigns and reactivation offers
16217,2,At Risk / Needs Attention,Retention campaigns and targeted incentives
16218,3,Champions / VIP,"VIP treatment, rewards, and premium offers"
16221,3,Champions / VIP,"VIP treatment, rewards, and premium offers"
16222,0,Dormant / Lost,Win-back campaigns and reactivation offers
16224,2,At Risk / Needs Attention,Retention campaigns and targeted incentives
16225,3,Champions / VIP,"VIP treatment, rewards, and premium offers"
16226,2,At Risk / Needs Attention,Retention campaigns and targeted incentives
16227,0,Dormant / Lost,Win-back campaigns and reactivation offers
16229,2,At Risk / Needs Attention,Retention campaigns and targeted incentives
16230,2,At Risk / Needs Attention,Retention campaigns and targeted incentives
16232,4,Loyal Customers,"Loyalty rewards, cross-sell, and upsell"
16233,2,At Risk / Needs Attention,Retention campaigns and targeted incentives
16235,3,Champions / VIP,"VIP treatment, rewards, and premium offers"
16236,1,New / One-Time,Second-purchase campaigns and onboarding
16239,2,At Risk / Needs Attention,Retention campaigns and targeted incentives
16240,4,Loyal Customers,"Loyalty rewards, cross-sell, and upsell"
16241,3,Champions / VIP,"VIP treatment, rewards, and premium offers"
16242,3,Champions / VIP,"VIP treatment, rewards, and premium offers"
16243,4,Loyal Customers,"Loyalty rewards, cross-sell, and upsell"
16244,2,At Risk / Needs Attention,Retention campaigns and targeted incentives
16245,3,Champions / VIP,"VIP treatment, rewards, and premium offers"
16247,0,Dormant / Lost,Win-back campaigns and reactivation offers
16248,1,New / One-Time,Second-purchase campaigns and onboarding
16249,3,Champions / VIP,"VIP treatment, rewards, and premium offers"
16250,2,At Risk / Needs Attention,Retention campaigns and targeted incentives
16253,2,At Risk / Needs Attention,Retention campaigns and targeted incentives
16255,3,Champions / VIP,"VIP treatment, rewards, and premium offers"
16256,0,Dormant / Lost,Win-back campaigns and reactivation offers
16257,0,Dormant / Lost,Win-back campaigns and reactivation offers
16258,3,Champions / VIP,"VIP treatment, rewards, and premium offers"
16260,1,New / One-Time,Second-purchase campaigns and onboarding
16261,4,Loyal Customers,"Loyalty rewards, cross-sell, and upsell"
16265,3,Champions / VIP,"VIP treatment, rewards, and premium offers"
16266,2,At Risk / Needs Attention,Retention campaigns and targeted incentives
16268,1,New / One-Time,Second-purchase campaigns and onboarding
16270,0,Dormant / Lost,Win-back campaigns and reactivation offers
16271,3,Champions / VIP,"VIP treatment, rewards, and premium offers"
16272,1,New / One-Time,Second-purchase campaigns and onboarding
16274,0,Dormant / Lost,Win-back campaigns and reactivation offers
16275,0,Dormant / Lost,Win-back campaigns and reactivation offers
16276,0,Dormant / Lost,Win-back campaigns and reactivation offers
16278,1,New / One-Time,Second-purchase campaigns and onboarding
16279,4,Loyal Customers,"Loyalty rewards, cross-sell, and upsell"
16281,1,New / One-Time,Second-purchase campaigns and onboarding
16282,0,Dormant / Lost,Win-back campaigns and reactivation offers
16283,3,Champions / VIP,"VIP treatment, rewards, and premium offers"
16284,4,Loyal Customers,"Loyalty rewards, cross-sell, and upsell"
16287,0,Dormant / Lost,Win-back campaigns and reactivation offers
16292,1,New / One-Time,Second-purchase campaigns and onboarding
16293,3,Champions / VIP,"VIP treatment, rewards, and premium offers"
16295,4,Loyal Customers,"Loyalty rewards, cross-sell, and upsell"
16297,0,Dormant / Lost,Win-back campaigns and reactivation offers
16298,4,Loyal Customers,"Loyalty rewards, cross-sell, and upsell"
16302,1,New / One-Time,Second-purchase campaigns and onboarding
16303,3,Champions / VIP,"VIP treatment, rewards, and premium offers"
16305,1,New / One-Time,Second-purchase campaigns and onboarding
16306,2,At Risk / Needs Attention,Retention campaigns and targeted incentives
16308,3,Champions / VIP,"VIP treatment, rewards, and premium offers"
16309,2,At Risk / Needs Attention,Retention campaigns and targeted incentives
16311,4,Loyal Customers,"Loyalty rewards, cross-sell, and upsell"
16313,4,Loyal Customers,"Loyalty rewards, cross-sell, and upsell"
16315,0,Dormant / Lost,Win-back campaigns and reactivation offers
16316,3,Champions / VIP,"VIP treatment, rewards, and premium offers"
16317,2,At Risk / Needs Attention,Retention campaigns and targeted incentives
16318,1,New / One-Time,Second-purchase campaigns and onboarding
16319,0,Dormant / Lost,Win-back campaigns and reactivation offers
16320,2,At Risk / Needs Attention,Retention campaigns and targeted incentives
16321,2,At Risk / Needs Attention,Retention campaigns and targeted incentives
16322,4,Loyal Customers,"Loyalty rewards, cross-sell, and upsell"
16323,0,Dormant / Lost,Win-back campaigns and reactivation offers
16324,2,At Risk / Needs Attention,Retention campaigns and targeted incentives
16325,2,At Risk / Needs Attention,Retention campaigns and targeted incentives
16326,3,Champions / VIP,"VIP treatment, rewards, and premium offers"
16327,3,Champions / VIP,"VIP treatment, rewards, and premium offers"
16330,4,Loyal Customers,"Loyalty rewards, cross-sell, and upsell"
16332,3,Champions / VIP,"VIP treatment, rewards, and premium offers"
16333,3,Champions / VIP,"VIP treatment, rewards, and premium offers"
16337,1,New / One-Time,Second-purchase campaigns and onboarding
16338,0,Dormant / Lost,Win-back campaigns and reactivation offers
16339,0,Dormant / Lost,Win-back campaigns and reactivation offers
16340,1,New / One-Time,Second-purchase campaigns and onboarding
16341,4,Loyal Customers,"Loyalty rewards, cross-sell, and upsell"
16342,2,At Risk / Needs Attention,Retention campaigns and targeted incentives
16343,4,Loyal Customers,"Loyalty rewards, cross-sell, and upsell"
16344,0,Dormant / Lost,Win-back campaigns and reactivation offers
16345,1,New / One-Time,Second-purchase campaigns and onboarding
16347,4,Loyal Customers,"Loyalty rewards, cross-sell, and upsell"
16348,3,Champions / VIP,"VIP treatment, rewards, and premium offers"
16349,0,Dormant / Lost,Win-back campaigns and reactivation offers
16350,3,Champions / VIP,"VIP treatment, rewards, and premium offers"
16351,0,Dormant / Lost,Win-back campaigns and reactivation offers
16352,4,Loyal Customers,"Loyalty rewards, cross-sell, and upsell"
16353,3,Champions / VIP,"VIP treatment, rewards, and premium offers"
16354,4,Loyal Customers,"Loyalty rewards, cross-sell, and upsell"
16356,2,At Risk / Needs Attention,Retention campaigns and targeted incentives
16357,4,Loyal Customers,"Loyalty rewards, cross-sell, and upsell"
16358,4,Loyal Customers,"Loyalty rewards, cross-sell, and upsell"
16359,3,Champions / VIP,"VIP treatment, rewards, and premium offers"
16360,4,Loyal Customers,"Loyalty rewards, cross-sell, and upsell"
16361,4,Loyal Customers,"Loyalty rewards, cross-sell, and upsell"
16362,4,Loyal Customers,"Loyalty rewards, cross-sell, and upsell"
16363,1,New / One-Time,Second-purchase campaigns and onboarding
16364,4,Loyal Customers,"Loyalty rewards, cross-sell, and upsell"
16365,3,Champions / VIP,"VIP treatment, rewards, and premium offers"
16366,1,New / One-Time,Second-purchase campaigns and onboarding
16367,3,Champions / VIP,"VIP treatment, rewards, and premium offers"
16368,4,Loyal Customers,"Loyalty rewards, cross-sell, and upsell"
16369,4,Loyal Customers,"Loyalty rewards, cross-sell, and upsell"
16370,2,At Risk / Needs Attention,Retention campaigns and targeted incentives
16372,4,Loyal Customers,"Loyalty rewards, cross-sell, and upsell"
16374,2,At Risk / Needs Attention,Retention campaigns and targeted incentives
16376,4,Loyal Customers,"Loyalty rewards, cross-sell, and upsell"
16377,0,Dormant / Lost,Win-back campaigns and reactivation offers
16378,2,At Risk / Needs Attention,Retention campaigns and targeted incentives
16379,4,Loyal Customers,"Loyalty rewards, cross-sell, and upsell"
16380,1,New / One-Time,Second-purchase campaigns and onboarding
16383,2,At Risk / Needs Attention,Retention campaigns and targeted incentives
16384,2,At Risk / Needs Attention,Retention campaigns and targeted incentives
16385,2,At Risk / Needs Attention,Retention campaigns and targeted incentives
16386,4,Loyal Customers,"Loyalty rewards, cross-sell, and upsell"
16387,0,Dormant / Lost,Win-back campaigns and reactivation offers
16389,3,Champions / VIP,"VIP treatment, rewards, and premium offers"
16392,0,Dormant / Lost,Win-back campaigns and reactivation offers
16393,3,Champions / VIP,"VIP treatment, rewards, and premium offers"
16394,3,Champions / VIP,"VIP treatment, rewards, and premium offers"
16395,3,Champions / VIP,"VIP treatment, rewards, and premium offers"
16398,2,At Risk / Needs Attention,Retention campaigns and targeted incentives
16399,4,Loyal Customers,"Loyalty rewards, cross-sell, and upsell"
16400,1,New / One-Time,Second-purchase campaigns and onboarding
16401,3,Champions / VIP,"VIP treatment, rewards, and premium offers"
16402,2,At Risk / Needs Attention,Retention campaigns and targeted incentives
16403,0,Dormant / Lost,Win-back campaigns and reactivation offers
16404,1,New / One-Time,Second-purchase campaigns and onboarding
16405,2,At Risk / Needs Attention,Retention campaigns and targeted incentives
16406,1,New / One-Time,Second-purchase campaigns and onboarding
16407,3,Champions / VIP,"VIP treatment, rewards, and premium offers"
16409,3,Champions / VIP,"VIP treatment, rewards, and premium offers"
16411,3,Champions / VIP,"VIP treatment, rewards, and premium offers"
16412,1,New / One-Time,Second-purchase campaigns and onboarding
16413,1,New / One-Time,Second-purchase campaigns and onboarding
16414,4,Loyal Customers,"Loyalty rewards, cross-sell, and upsell"
16415,1,New / One-Time,Second-purchase campaigns and onboarding
16416,4,Loyal Customers,"Loyalty rewards, cross-sell, and upsell"
16418,4,Loyal Customers,"Loyalty rewards, cross-sell, and upsell"
16419,2,At Risk / Needs Attention,Retention campaigns and targeted incentives
16422,3,Champions / VIP,"VIP treatment, rewards, and premium offers"
16423,1,New / One-Time,Second-purchase campaigns and onboarding
16424,0,Dormant / Lost,Win-back campaigns and reactivation offers
16425,0,Dormant / Lost,Win-back campaigns and reactivation offers
16426,3,Champions / VIP,"VIP treatment, rewards, and premium offers"
16427,2,At Risk / Needs Attention,Retention campaigns and targeted incentives
16429,1,New / One-Time,Second-purchase campaigns and onboarding
16430,1,New / One-Time,Second-purchase campaigns and onboarding
16431,2,At Risk / Needs Attention,Retention campaigns and targeted incentives
16432,1,New / One-Time,Second-purchase campaigns and onboarding
16433,1,New / One-Time,Second-purchase campaigns and onboarding
16434,3,Champions / VIP,"VIP treatment, rewards, and premium offers"
16438,4,Loyal Customers,"Loyalty rewards, cross-sell, and upsell"
16440,3,Champions / VIP,"VIP treatment, rewards, and premium offers"
16441,2,At Risk / Needs Attention,Retention campaigns and targeted incentives
16442,3,Champions / VIP,"VIP treatment, rewards, and premium offers"
16444,2,At Risk / Needs Attention,Retention campaigns and targeted incentives
16445,1,New / One-Time,Second-purchase campaigns and onboarding
16446,3,Champions / VIP,"VIP treatment, rewards, and premium offers"
16447,1,New / One-Time,Second-purchase campaigns and onboarding
16448,0,Dormant / Lost,Win-back campaigns and reactivation offers
16449,2,At Risk / Needs Attention,Retention campaigns and targeted incentives
16450,1,New / One-Time,Second-purchase campaigns and onboarding
16451,1,New / One-Time,Second-purchase campaigns and onboarding
16454,4,Loyal Customers,"Loyalty rewards, cross-sell, and upsell"
16455,3,Champions / VIP,"VIP treatment, rewards, and premium offers"
16456,2,At Risk / Needs Attention,Retention campaigns and targeted incentives
16457,0,Dormant / Lost,Win-back campaigns and reactivation offers
16458,3,Champions / VIP,"VIP treatment, rewards, and premium offers"
16460,4,Loyal Customers,"Loyalty rewards, cross-sell, and upsell"
16461,0,Dormant / Lost,Win-back campaigns and reactivation offers
16462,2,At Risk / Needs Attention,Retention campaigns and targeted incentives
16463,4,Loyal Customers,"Loyalty rewards, cross-sell, and upsell"
16464,4,Loyal Customers,"Loyalty rewards, cross-sell, and upsell"
16466,3,Champions / VIP,"VIP treatment, rewards, and premium offers"
16468,1,New / One-Time,Second-purchase campaigns and onboarding
16469,4,Loyal Customers,"Loyalty rewards, cross-sell, and upsell"
16470,3,Champions / VIP,"VIP treatment, rewards, and premium offers"
16471,0,Dormant / Lost,Win-back campaigns and reactivation offers
16473,2,At Risk / Needs Attention,Retention campaigns and targeted incentives
16474,4,Loyal Customers,"Loyalty rewards, cross-sell, and upsell"
16475,2,At Risk / Needs Attention,Retention campaigns and targeted incentives
16477,3,Champions / VIP,"VIP treatment, rewards, and premium offers"
16478,4,Loyal Customers,"Loyalty rewards, cross-sell, and upsell"
16479,4,Loyal Customers,"Loyalty rewards, cross-sell, and upsell"
16480,1,New / One-Time,Second-purchase campaigns and onboarding
16482,1,New / One-Time,Second-purchase campaigns and onboarding
16483,0,Dormant / Lost,Win-back campaigns and reactivation offers
16484,2,At Risk / Needs Attention,Retention campaigns and targeted incentives
16485,1,New / One-Time,Second-purchase campaigns and onboarding
16488,4,Loyal Customers,"Loyalty rewards, cross-sell, and upsell"
16491,1,New / One-Time,Second-purchase campaigns and onboarding
16493,2,At Risk / Needs Attention,Retention campaigns and targeted incentives
16494,0,Dormant / Lost,Win-back campaigns and reactivation offers
16495,3,Champions / VIP,"VIP treatment, rewards, and premium offers"
16496,3,Champions / VIP,"VIP treatment, rewards, and premium offers"
16497,3,Champions / VIP,"VIP treatment, rewards, and premium offers"
16498,4,Loyal Customers,"Loyalty rewards, cross-sell, and upsell"
16499,2,At Risk / Needs Attention,Retention campaigns and targeted incentives
16500,3,Champions / VIP,"VIP treatment, rewards, and premium offers"
16503,2,At Risk / Needs Attention,Retention campaigns and targeted incentives
16504,1,New / One-Time,Second-purchase campaigns and onboarding
16505,1,New / One-Time,Second-purchase campaigns and onboarding
16506,4,Loyal Customers,"Loyalty rewards, cross-sell, and upsell"
16509,0,Dormant / Lost,Win-back campaigns and reactivation offers
16510,0,Dormant / Lost,Win-back campaigns and reactivation offers
16511,3,Champions / VIP,"VIP treatment, rewards, and premium offers"
16513,4,Loyal Customers,"Loyalty rewards, cross-sell, and upsell"
16515,3,Champions / VIP,"VIP treatment, rewards, and premium offers"
16516,1,New / One-Time,Second-purchase campaigns and onboarding
16517,0,Dormant / Lost,Win-back campaigns and reactivation offers
16518,2,At Risk / Needs Attention,Retention campaigns and targeted incentives
16519,3,Champions / VIP,"VIP treatment, rewards, and premium offers"
16520,2,At Risk / Needs Attention,Retention campaigns and targeted incentives
16523,3,Champions / VIP,"VIP treatment, rewards, and premium offers"
16525,3,Champions / VIP,"VIP treatment, rewards, and premium offers"
16526,0,Dormant / Lost,Win-back campaigns and reactivation offers
16527,1,New / One-Time,Second-purchase campaigns and onboarding
16528,1,New / One-Time,Second-purchase campaigns and onboarding
16529,0,Dormant / Lost,Win-back campaigns and reactivation offers
16531,3,Champions / VIP,"VIP treatment, rewards, and premium offers"
16532,3,Champions / VIP,"VIP treatment, rewards, and premium offers"
16533,4,Loyal Customers,"Loyalty rewards, cross-sell, and upsell"
16535,1,New / One-Time,Second-purchase campaigns and onboarding
16536,1,New / One-Time,Second-purchase campaigns and onboarding
16539,3,Champions / VIP,"VIP treatment, rewards, and premium offers"
16542,1,New / One-Time,Second-purchase campaigns and onboarding
16545,0,Dormant / Lost,Win-back campaigns and reactivation offers
16546,2,At Risk / Needs Attention,Retention campaigns and targeted incentives
16549,3,Champions / VIP,"VIP treatment, rewards, and premium offers"
16550,2,At Risk / Needs Attention,Retention campaigns and targeted incentives
16551,2,At Risk / Needs Attention,Retention campaigns and targeted incentives
16552,2,At Risk / Needs Attention,Retention campaigns and targeted incentives
16553,2,At Risk / Needs Attention,Retention campaigns and targeted incentives
16554,3,Champions / VIP,"VIP treatment, rewards, and premium offers"
16555,4,Loyal Customers,"Loyalty rewards, cross-sell, and upsell"
16556,3,Champions / VIP,"VIP treatment, rewards, and premium offers"
16557,4,Loyal Customers,"Loyalty rewards, cross-sell, and upsell"
16558,3,Champions / VIP,"VIP treatment, rewards, and premium offers"
16560,3,Champions / VIP,"VIP treatment, rewards, and premium offers"
16561,4,Loyal Customers,"Loyalty rewards, cross-sell, and upsell"
16563,1,New / One-Time,Second-purchase campaigns and onboarding
16565,0,Dormant / Lost,Win-back campaigns and reactivation offers
16566,3,Champions / VIP,"VIP treatment, rewards, and premium offers"
16567,2,At Risk / Needs Attention,Retention campaigns and targeted incentives
16569,1,New / One-Time,Second-purchase campaigns and onboarding
16570,3,Champions / VIP,"VIP treatment, rewards, and premium offers"
16571,3,Champions / VIP,"VIP treatment, rewards, and premium offers"
16572,2,At Risk / Needs Attention,Retention campaigns and targeted incentives
16573,2,At Risk / Needs Attention,Retention campaigns and targeted incentives
16574,1,New / One-Time,Second-purchase campaigns and onboarding
16581,0,Dormant / Lost,Win-back campaigns and reactivation offers
16582,1,New / One-Time,Second-purchase campaigns and onboarding
16583,0,Dormant / Lost,Win-back campaigns and reactivation offers
16584,2,At Risk / Needs Attention,Retention campaigns and targeted incentives
16586,0,Dormant / Lost,Win-back campaigns and reactivation offers
16587,0,Dormant / Lost,Win-back campaigns and reactivation offers
16589,2,At Risk / Needs Attention,Retention campaigns and targeted incentives
16591,1,New / One-Time,Second-purchase campaigns and onboarding
16592,3,Champions / VIP,"VIP treatment, rewards, and premium offers"
16593,2,At Risk / Needs Attention,Retention campaigns and targeted incentives
16594,1,New / One-Time,Second-purchase campaigns and onboarding
16595,1,New / One-Time,Second-purchase campaigns and onboarding
16596,3,Champions / VIP,"VIP treatment, rewards, and premium offers"
16597,1,New / One-Time,Second-purchase campaigns and onboarding
16598,0,Dormant / Lost,Win-back campaigns and reactivation offers
16600,3,Champions / VIP,"VIP treatment, rewards, and premium offers"
16601,1,New / One-Time,Second-purchase campaigns and onboarding
16602,1,New / One-Time,Second-purchase campaigns and onboarding
16603,4,Loyal Customers,"Loyalty rewards, cross-sell, and upsell"
16607,3,Champions / VIP,"VIP treatment, rewards, and premium offers"
16609,3,Champions / VIP,"VIP treatment, rewards, and premium offers"
16610,0,Dormant / Lost,Win-back campaigns and reactivation offers
16611,0,Dormant / Lost,Win-back campaigns and reactivation offers
16612,3,Champions / VIP,"VIP treatment, rewards, and premium offers"
16613,1,New / One-Time,Second-purchase campaigns and onboarding
16614,0,Dormant / Lost,Win-back campaigns and reactivation offers
16616,4,Loyal Customers,"Loyalty rewards, cross-sell, and upsell"
16617,0,Dormant / Lost,Win-back campaigns and reactivation offers
16618,3,Champions / VIP,"VIP treatment, rewards, and premium offers"
16619,0,Dormant / Lost,Win-back campaigns and reactivation offers
16620,4,Loyal Customers,"Loyalty rewards, cross-sell, and upsell"
16621,2,At Risk / Needs Attention,Retention campaigns and targeted incentives
16623,0,Dormant / Lost,Win-back campaigns and reactivation offers
16624,2,At Risk / Needs Attention,Retention campaigns and targeted incentives
16625,0,Dormant / Lost,Win-back campaigns and reactivation offers
16626,3,Champions / VIP,"VIP treatment, rewards, and premium offers"
16627,1,New / One-Time,Second-purchase campaigns and onboarding
16628,3,Champions / VIP,"VIP treatment, rewards, and premium offers"
16629,4,Loyal Customers,"Loyalty rewards, cross-sell, and upsell"
16633,3,Champions / VIP,"VIP treatment, rewards, and premium offers"
16634,2,At Risk / Needs Attention,Retention campaigns and targeted incentives
16637,4,Loyal Customers,"Loyalty rewards, cross-sell, and upsell"
16638,3,Champions / VIP,"VIP treatment, rewards, and premium offers"
16639,4,Loyal Customers,"Loyalty rewards, cross-sell, and upsell"
16641,1,New / One-Time,Second-purchase campaigns and onboarding
16642,4,Loyal Customers,"Loyalty rewards, cross-sell, and upsell"
16643,0,Dormant / Lost,Win-back campaigns and reactivation offers
16644,2,At Risk / Needs Attention,Retention campaigns and targeted incentives
16647,2,At Risk / Needs Attention,Retention campaigns and targeted incentives
16648,1,New / One-Time,Second-purchase campaigns and onboarding
16650,1,New / One-Time,Second-purchase campaigns and onboarding
16652,3,Champions / VIP,"VIP treatment, rewards, and premium offers"
16653,4,Loyal Customers,"Loyalty rewards, cross-sell, and upsell"
16654,2,At Risk / Needs Attention,Retention campaigns and targeted incentives
16655,3,Champions / VIP,"VIP treatment, rewards, and premium offers"
16656,3,Champions / VIP,"VIP treatment, rewards, and premium offers"
16657,3,Champions / VIP,"VIP treatment, rewards, and premium offers"
16658,0,Dormant / Lost,Win-back campaigns and reactivation offers
16659,0,Dormant / Lost,Win-back campaigns and reactivation offers
16660,3,Champions / VIP,"VIP treatment, rewards, and premium offers"
16665,0,Dormant / Lost,Win-back campaigns and reactivation offers
16666,1,New / One-Time,Second-purchase campaigns and onboarding
16667,2,At Risk / Needs Attention,Retention campaigns and targeted incentives
16668,3,Champions / VIP,"VIP treatment, rewards, and premium offers"
16669,4,Loyal Customers,"Loyalty rewards, cross-sell, and upsell"
16670,3,Champions / VIP,"VIP treatment, rewards, and premium offers"
16671,4,Loyal Customers,"Loyalty rewards, cross-sell, and upsell"
16672,3,Champions / VIP,"VIP treatment, rewards, and premium offers"
16674,4,Loyal Customers,"Loyalty rewards, cross-sell, and upsell"
16676,3,Champions / VIP,"VIP treatment, rewards, and premium offers"
16678,3,Champions / VIP,"VIP treatment, rewards, and premium offers"
16679,0,Dormant / Lost,Win-back campaigns and reactivation offers
16680,1,New / One-Time,Second-purchase campaigns and onboarding
16681,2,At Risk / Needs Attention,Retention campaigns and targeted incentives
16682,4,Loyal Customers,"Loyalty rewards, cross-sell, and upsell"
16684,3,Champions / VIP,"VIP treatment, rewards, and premium offers"
16685,1,New / One-Time,Second-purchase campaigns and onboarding
16686,3,Champions / VIP,"VIP treatment, rewards, and premium offers"
16688,4,Loyal Customers,"Loyalty rewards, cross-sell, and upsell"
16689,4,Loyal Customers,"Loyalty rewards, cross-sell, and upsell"
16690,2,At Risk / Needs Attention,Retention campaigns and targeted incentives
16692,2,At Risk / Needs Attention,Retention campaigns and targeted incentives
16693,2,At Risk / Needs Attention,Retention campaigns and targeted incentives
16696,2,At Risk / Needs Attention,Retention campaigns and targeted incentives
16697,0,Dormant / Lost,Win-back campaigns and reactivation offers
16698,2,At Risk / Needs Attention,Retention campaigns and targeted incentives
16700,3,Champions / VIP,"VIP treatment, rewards, and premium offers"
16701,3,Champions / VIP,"VIP treatment, rewards, and premium offers"
16705,3,Champions / VIP,"VIP treatment, rewards, and premium offers"
16706,4,Loyal Customers,"Loyalty rewards, cross-sell, and upsell"
16708,1,New / One-Time,Second-purchase campaigns and onboarding
16709,2,At Risk / Needs Attention,Retention campaigns and targeted incentives
16710,3,Champions / VIP,"VIP treatment, rewards, and premium offers"
16711,3,Champions / VIP,"VIP treatment, rewards, and premium offers"
16712,3,Champions / VIP,"VIP treatment, rewards, and premium offers"
16713,3,Champions / VIP,"VIP treatment, rewards, and premium offers"
16714,2,At Risk / Needs Attention,Retention campaigns and targeted incentives
16715,1,New / One-Time,Second-purchase campaigns and onboarding
16716,2,At Risk / Needs Attention,Retention campaigns and targeted incentives
16717,3,Champions / VIP,"VIP treatment, rewards, and premium offers"
16718,0,Dormant / Lost,Win-back campaigns and reactivation offers
16719,3,Champions / VIP,"VIP treatment, rewards, and premium offers"
16720,1,New / One-Time,Second-purchase campaigns and onboarding
16721,0,Dormant / Lost,Win-back campaigns and reactivation offers
16722,3,Champions / VIP,"VIP treatment, rewards, and premium offers"
16723,4,Loyal Customers,"Loyalty rewards, cross-sell, and upsell"
16725,2,At Risk / Needs Attention,Retention campaigns and targeted incentives
16726,3,Champions / VIP,"VIP treatment, rewards, and premium offers"
16727,0,Dormant / Lost,Win-back campaigns and reactivation offers
16728,3,Champions / VIP,"VIP treatment, rewards, and premium offers"
16729,3,Champions / VIP,"VIP treatment, rewards, and premium offers"
16730,2,At Risk / Needs Attention,Retention campaigns and targeted incentives
16732,1,New / One-Time,Second-purchase campaigns and onboarding
16734,4,Loyal Customers,"Loyalty rewards, cross-sell, and upsell"
16735,2,At Risk / Needs Attention,Retention campaigns and targeted incentives
16737,1,New / One-Time,Second-purchase campaigns and onboarding
16738,0,Dormant / Lost,Win-back campaigns and reactivation offers
16739,0,Dormant / Lost,Win-back campaigns and reactivation offers
16742,1,New / One-Time,Second-purchase campaigns and onboarding
16743,3,Champions / VIP,"VIP treatment, rewards, and premium offers"
16744,4,Loyal Customers,"Loyalty rewards, cross-sell, and upsell"
16745,3,Champions / VIP,"VIP treatment, rewards, and premium offers"
16746,3,Champions / VIP,"VIP treatment, rewards, and premium offers"
16747,4,Loyal Customers,"Loyalty rewards, cross-sell, and upsell"
16748,3,Champions / VIP,"VIP treatment, rewards, and premium offers"
16750,4,Loyal Customers,"Loyalty rewards, cross-sell, and upsell"
16751,1,New / One-Time,Second-purchase campaigns and onboarding
16752,0,Dormant / Lost,Win-back campaigns and reactivation offers
16753,1,New / One-Time,Second-purchase campaigns and onboarding
16754,0,Dormant / Lost,Win-back campaigns and reactivation offers
16755,2,At Risk / Needs Attention,Retention campaigns and targeted incentives
16756,0,Dormant / Lost,Win-back campaigns and reactivation offers
16757,0,Dormant / Lost,Win-back campaigns and reactivation offers
16758,1,New / One-Time,Second-purchase campaigns and onboarding
16759,4,Loyal Customers,"Loyalty rewards, cross-sell, and upsell"
16761,1,New / One-Time,Second-purchase campaigns and onboarding
16762,4,Loyal Customers,"Loyalty rewards, cross-sell, and upsell"
16763,0,Dormant / Lost,Win-back campaigns and reactivation offers
16764,4,Loyal Customers,"Loyalty rewards, cross-sell, and upsell"
16765,0,Dormant / Lost,Win-back campaigns and reactivation offers
16766,2,At Risk / Needs Attention,Retention campaigns and targeted incentives
16767,3,Champions / VIP,"VIP treatment, rewards, and premium offers"
16768,2,At Risk / Needs Attention,Retention campaigns and targeted incentives
16769,0,Dormant / Lost,Win-back campaigns and reactivation offers
16770,3,Champions / VIP,"VIP treatment, rewards, and premium offers"
16771,3,Champions / VIP,"VIP treatment, rewards, and premium offers"
16773,1,New / One-Time,Second-purchase campaigns and onboarding
16774,2,At Risk / Needs Attention,Retention campaigns and targeted incentives
16775,3,Champions / VIP,"VIP treatment, rewards, and premium offers"
16776,1,New / One-Time,Second-purchase campaigns and onboarding
16777,2,At Risk / Needs Attention,Retention campaigns and targeted incentives
16778,2,At Risk / Needs Attention,Retention campaigns and targeted incentives
16779,3,Champions / VIP,"VIP treatment, rewards, and premium offers"
16780,2,At Risk / Needs Attention,Retention campaigns and targeted incentives
16781,0,Dormant / Lost,Win-back campaigns and reactivation offers
16782,3,Champions / VIP,"VIP treatment, rewards, and premium offers"
16784,1,New / One-Time,Second-purchase campaigns and onboarding
16788,2,At Risk / Needs Attention,Retention campaigns and targeted incentives
16789,1,New / One-Time,Second-purchase campaigns and onboarding
16790,4,Loyal Customers,"Loyalty rewards, cross-sell, and upsell"
16791,3,Champions / VIP,"VIP treatment, rewards, and premium offers"
16792,0,Dormant / Lost,Win-back campaigns and reactivation offers
16793,1,New / One-Time,Second-purchase campaigns and onboarding
16794,4,Loyal Customers,"Loyalty rewards, cross-sell, and upsell"
16795,0,Dormant / Lost,Win-back campaigns and reactivation offers
16796,1,New / One-Time,Second-purchase campaigns and onboarding
16800,1,New / One-Time,Second-purchase campaigns and onboarding
16801,2,At Risk / Needs Attention,Retention campaigns and targeted incentives
16803,1,New / One-Time,Second-purchase campaigns and onboarding
16804,3,Champions / VIP,"VIP treatment, rewards, and premium offers"
16805,2,At Risk / Needs Attention,Retention campaigns and targeted incentives
16806,2,At Risk / Needs Attention,Retention campaigns and targeted incentives
16807,2,At Risk / Needs Attention,Retention campaigns and targeted incentives
16808,2,At Risk / Needs Attention,Retention campaigns and targeted incentives
16809,3,Champions / VIP,"VIP treatment, rewards, and premium offers"
16810,0,Dormant / Lost,Win-back campaigns and reactivation offers
16811,4,Loyal Customers,"Loyalty rewards, cross-sell, and upsell"
16812,0,Dormant / Lost,Win-back campaigns and reactivation offers
16813,3,Champions / VIP,"VIP treatment, rewards, and premium offers"
16814,3,Champions / VIP,"VIP treatment, rewards, and premium offers"
16816,2,At Risk / Needs Attention,Retention campaigns and targeted incentives
16817,3,Champions / VIP,"VIP treatment, rewards, and premium offers"
16818,3,Champions / VIP,"VIP treatment, rewards, and premium offers"
16820,1,New / One-Time,Second-purchase campaigns and onboarding
16823,0,Dormant / Lost,Win-back campaigns and reactivation offers
16824,4,Loyal Customers,"Loyalty rewards, cross-sell, and upsell"
16825,4,Loyal Customers,"Loyalty rewards, cross-sell, and upsell"
16826,1,New / One-Time,Second-purchase campaigns and onboarding
16828,2,At Risk / Needs Attention,Retention campaigns and targeted incentives
16829,0,Dormant / Lost,Win-back campaigns and reactivation offers
16830,1,New / One-Time,Second-purchase campaigns and onboarding
16832,2,At Risk / Needs Attention,Retention campaigns and targeted incentives
16833,3,Champions / VIP,"VIP treatment, rewards, and premium offers"
16834,0,Dormant / Lost,Win-back campaigns and reactivation offers
16835,2,At Risk / Needs Attention,Retention campaigns and targeted incentives
16836,4,Loyal Customers,"Loyalty rewards, cross-sell, and upsell"
16837,3,Champions / VIP,"VIP treatment, rewards, and premium offers"
16838,2,At Risk / Needs Attention,Retention campaigns and targeted incentives
16839,3,Champions / VIP,"VIP treatment, rewards, and premium offers"
16841,3,Champions / VIP,"VIP treatment, rewards, and premium offers"
16842,2,At Risk / Needs Attention,Retention campaigns and targeted incentives
16843,3,Champions / VIP,"VIP treatment, rewards, and premium offers"
16846,1,New / One-Time,Second-purchase campaigns and onboarding
16847,1,New / One-Time,Second-purchase campaigns and onboarding
16848,1,New / One-Time,Second-purchase campaigns and onboarding
16849,0,Dormant / Lost,Win-back campaigns and reactivation offers
16850,0,Dormant / Lost,Win-back campaigns and reactivation offers
16851,4,Loyal Customers,"Loyalty rewards, cross-sell, and upsell"
16852,4,Loyal Customers,"Loyalty rewards, cross-sell, and upsell"
16855,4,Loyal Customers,"Loyalty rewards, cross-sell, and upsell"
16856,1,New / One-Time,Second-purchase campaigns and onboarding
16858,0,Dormant / Lost,Win-back campaigns and reactivation offers
16859,2,At Risk / Needs Attention,Retention campaigns and targeted incentives
16861,4,Loyal Customers,"Loyalty rewards, cross-sell, and upsell"
16863,3,Champions / VIP,"VIP treatment, rewards, and premium offers"
16866,2,At Risk / Needs Attention,Retention campaigns and targeted incentives
16869,4,Loyal Customers,"Loyalty rewards, cross-sell, and upsell"
16871,3,Champions / VIP,"VIP treatment, rewards, and premium offers"
16872,2,At Risk / Needs Attention,Retention campaigns and targeted incentives
16873,3,Champions / VIP,"VIP treatment, rewards, and premium offers"
16875,3,Champions / VIP,"VIP treatment, rewards, and premium offers"
16877,4,Loyal Customers,"Loyalty rewards, cross-sell, and upsell"
16878,1,New / One-Time,Second-purchase campaigns and onboarding
16880,4,Loyal Customers,"Loyalty rewards, cross-sell, and upsell"
16881,1,New / One-Time,Second-purchase campaigns and onboarding
16882,2,At Risk / Needs Attention,Retention campaigns and targeted incentives
16883,2,At Risk / Needs Attention,Retention campaigns and targeted incentives
16884,4,Loyal Customers,"Loyalty rewards, cross-sell, and upsell"
16885,3,Champions / VIP,"VIP treatment, rewards, and premium offers"
16887,1,New / One-Time,Second-purchase campaigns and onboarding
16889,2,At Risk / Needs Attention,Retention campaigns and targeted incentives
16891,3,Champions / VIP,"VIP treatment, rewards, and premium offers"
16892,4,Loyal Customers,"Loyalty rewards, cross-sell, and upsell"
16893,0,Dormant / Lost,Win-back campaigns and reactivation offers
16895,1,New / One-Time,Second-purchase campaigns and onboarding
16897,2,At Risk / Needs Attention,Retention campaigns and targeted incentives
16898,3,Champions / VIP,"VIP treatment, rewards, and premium offers"
16899,3,Champions / VIP,"VIP treatment, rewards, and premium offers"
16900,4,Loyal Customers,"Loyalty rewards, cross-sell, and upsell"
16902,1,New / One-Time,Second-purchase campaigns and onboarding
16903,1,New / One-Time,Second-purchase campaigns and onboarding
16904,3,Champions / VIP,"VIP treatment, rewards, and premium offers"
16905,3,Champions / VIP,"VIP treatment, rewards, and premium offers"
16906,2,At Risk / Needs Attention,Retention campaigns and targeted incentives
16907,3,Champions / VIP,"VIP treatment, rewards, and premium offers"
16909,1,New / One-Time,Second-purchase campaigns and onboarding
16910,4,Loyal Customers,"Loyalty rewards, cross-sell, and upsell"
16912,3,Champions / VIP,"VIP treatment, rewards, and premium offers"
16913,0,Dormant / Lost,Win-back campaigns and reactivation offers
16914,1,New / One-Time,Second-purchase campaigns and onboarding
16915,3,Champions / VIP,"VIP treatment, rewards, and premium offers"
16916,3,Champions / VIP,"VIP treatment, rewards, and premium offers"
16917,0,Dormant / Lost,Win-back campaigns and reactivation offers
16918,3,Champions / VIP,"VIP treatment, rewards, and premium offers"
16919,2,At Risk / Needs Attention,Retention campaigns and targeted incentives
16921,1,New / One-Time,Second-purchase campaigns and onboarding
16923,3,Champions / VIP,"VIP treatment, rewards, and premium offers"
16924,4,Loyal Customers,"Loyalty rewards, cross-sell, and upsell"
16926,0,Dormant / Lost,Win-back campaigns and reactivation offers
16927,2,At Risk / Needs Attention,Retention campaigns and targeted incentives
16928,3,Champions / VIP,"VIP treatment, rewards, and premium offers"
16929,4,Loyal Customers,"Loyalty rewards, cross-sell, and upsell"
16930,4,Loyal Customers,"Loyalty rewards, cross-sell, and upsell"
16931,3,Champions / VIP,"VIP treatment, rewards, and premium offers"
16932,1,New / One-Time,Second-purchase campaigns and onboarding
16933,4,Loyal Customers,"Loyalty rewards, cross-sell, and upsell"
16934,4,Loyal Customers,"Loyalty rewards, cross-sell, and upsell"
16936,1,New / One-Time,Second-purchase campaigns and onboarding
16938,3,Champions / VIP,"VIP treatment, rewards, and premium offers"
16940,3,Champions / VIP,"VIP treatment, rewards, and premium offers"
16942,3,Champions / VIP,"VIP treatment, rewards, and premium offers"
16943,2,At Risk / Needs Attention,Retention campaigns and targeted incentives
16945,3,Champions / VIP,"VIP treatment, rewards, and premium offers"
16947,0,Dormant / Lost,Win-back campaigns and reactivation offers
16948,2,At Risk / Needs Attention,Retention campaigns and targeted incentives
16949,3,Champions / VIP,"VIP treatment, rewards, and premium offers"
16950,3,Champions / VIP,"VIP treatment, rewards, and premium offers"
16951,2,At Risk / Needs Attention,Retention campaigns and targeted incentives
16952,2,At Risk / Needs Attention,Retention campaigns and targeted incentives
16953,1,New / One-Time,Second-purchase campaigns and onboarding
16954,3,Champions / VIP,"VIP treatment, rewards, and premium offers"
16955,2,At Risk / Needs Attention,Retention campaigns and targeted incentives
16956,1,New / One-Time,Second-purchase campaigns and onboarding
16957,2,At Risk / Needs Attention,Retention campaigns and targeted incentives
16959,1,New / One-Time,Second-purchase campaigns and onboarding
16960,4,Loyal Customers,"Loyalty rewards, cross-sell, and upsell"
16961,1,New / One-Time,Second-purchase campaigns and onboarding
16963,0,Dormant / Lost,Win-back campaigns and reactivation offers
16965,0,Dormant / Lost,Win-back campaigns and reactivation offers
16966,3,Champions / VIP,"VIP treatment, rewards, and premium offers"
16967,0,Dormant / Lost,Win-back campaigns and reactivation offers
16968,4,Loyal Customers,"Loyalty rewards, cross-sell, and upsell"
16969,4,Loyal Customers,"Loyalty rewards, cross-sell, and upsell"
16971,1,New / One-Time,Second-purchase campaigns and onboarding
16976,0,Dormant / Lost,Win-back campaigns and reactivation offers
16978,1,New / One-Time,Second-purchase campaigns and onboarding
16979,3,Champions / VIP,"VIP treatment, rewards, and premium offers"
16980,2,At Risk / Needs Attention,Retention campaigns and targeted incentives
16982,1,New / One-Time,Second-purchase campaigns and onboarding
16983,3,Champions / VIP,"VIP treatment, rewards, and premium offers"
16984,2,At Risk / Needs Attention,Retention campaigns and targeted incentives
16985,3,Champions / VIP,"VIP treatment, rewards, and premium offers"
16986,4,Loyal Customers,"Loyalty rewards, cross-sell, and upsell"
16987,3,Champions / VIP,"VIP treatment, rewards, and premium offers"
16988,1,New / One-Time,Second-purchase campaigns and onboarding
16989,4,Loyal Customers,"Loyalty rewards, cross-sell, and upsell"
16990,0,Dormant / Lost,Win-back campaigns and reactivation offers
16992,3,Champions / VIP,"VIP treatment, rewards, and premium offers"
16996,3,Champions / VIP,"VIP treatment, rewards, and premium offers"
16997,2,At Risk / Needs Attention,Retention campaigns and targeted incentives
16998,2,At Risk / Needs Attention,Retention campaigns and targeted incentives
16999,4,Loyal Customers,"Loyalty rewards, cross-sell, and upsell"
17001,3,Champions / VIP,"VIP treatment, rewards, and premium offers"
17002,2,At Risk / Needs Attention,Retention campaigns and targeted incentives
17004,4,Loyal Customers,"Loyalty rewards, cross-sell, and upsell"
17006,4,Loyal Customers,"Loyalty rewards, cross-sell, and upsell"
17007,3,Champions / VIP,"VIP treatment, rewards, and premium offers"
17010,1,New / One-Time,Second-purchase campaigns and onboarding
17011,1,New / One-Time,Second-purchase campaigns and onboarding
17014,4,Loyal Customers,"Loyalty rewards, cross-sell, and upsell"
17015,4,Loyal Customers,"Loyalty rewards, cross-sell, and upsell"
17017,3,Champions / VIP,"VIP treatment, rewards, and premium offers"
17018,2,At Risk / Needs Attention,Retention campaigns and targeted incentives
17019,3,Champions / VIP,"VIP treatment, rewards, and premium offers"
17022,1,New / One-Time,Second-purchase campaigns and onboarding
17024,4,Loyal Customers,"Loyalty rewards, cross-sell, and upsell"
17025,2,At Risk / Needs Attention,Retention campaigns and targeted incentives
17026,2,At Risk / Needs Attention,Retention campaigns and targeted incentives
17027,2,At Risk / Needs Attention,Retention campaigns and targeted incentives
17029,2,At Risk / Needs Attention,Retention campaigns and targeted incentives
17030,1,New / One-Time,Second-purchase campaigns and onboarding
17031,4,Loyal Customers,"Loyalty rewards, cross-sell, and upsell"
17033,2,At Risk / Needs Attention,Retention campaigns and targeted incentives
17034,3,Champions / VIP,"VIP treatment, rewards, and premium offers"
17035,2,At Risk / Needs Attention,Retention campaigns and targeted incentives
17037,1,New / One-Time,Second-purchase campaigns and onboarding
17038,1,New / One-Time,Second-purchase campaigns and onboarding
17040,1,New / One-Time,Second-purchase campaigns and onboarding
17041,3,Champions / VIP,"VIP treatment, rewards, and premium offers"
17042,3,Champions / VIP,"VIP treatment, rewards, and premium offers"
17043,3,Champions / VIP,"VIP treatment, rewards, and premium offers"
17044,1,New / One-Time,Second-purchase campaigns and onboarding
17045,2,At Risk / Needs Attention,Retention campaigns and targeted incentives
17046,1,New / One-Time,Second-purchase campaigns and onboarding
17047,2,At Risk / Needs Attention,Retention campaigns and targeted incentives
17048,2,At Risk / Needs Attention,Retention campaigns and targeted incentives
17049,3,Champions / VIP,"VIP treatment, rewards, and premium offers"
17050,2,At Risk / Needs Attention,Retention campaigns and targeted incentives
17051,0,Dormant / Lost,Win-back campaigns and reactivation offers
17052,1,New / One-Time,Second-purchase campaigns and onboarding
17053,1,New / One-Time,Second-purchase campaigns and onboarding
17054,3,Champions / VIP,"VIP treatment, rewards, and premium offers"
17058,2,At Risk / Needs Attention,Retention campaigns and targeted incentives
17059,3,Champions / VIP,"VIP treatment, rewards, and premium offers"
17060,0,Dormant / Lost,Win-back campaigns and reactivation offers
17061,3,Champions / VIP,"VIP treatment, rewards, and premium offers"
17062,2,At Risk / Needs Attention,Retention campaigns and targeted incentives
17063,3,Champions / VIP,"VIP treatment, rewards, and premium offers"
17064,2,At Risk / Needs Attention,Retention campaigns and targeted incentives
17068,3,Champions / VIP,"VIP treatment, rewards, and premium offers"
17069,3,Champions / VIP,"VIP treatment, rewards, and premium offers"
17070,1,New / One-Time,Second-purchase campaigns and onboarding
17071,3,Champions / VIP,"VIP treatment, rewards, and premium offers"
17073,4,Loyal Customers,"Loyalty rewards, cross-sell, and upsell"
17075,3,Champions / VIP,"VIP treatment, rewards, and premium offers"
17076,3,Champions / VIP,"VIP treatment, rewards, and premium offers"
17078,4,Loyal Customers,"Loyalty rewards, cross-sell, and upsell"
17079,1,New / One-Time,Second-purchase campaigns and onboarding
17080,4,Loyal Customers,"Loyalty rewards, cross-sell, and upsell"
17081,4,Loyal Customers,"Loyalty rewards, cross-sell, and upsell"
17082,3,Champions / VIP,"VIP treatment, rewards, and premium offers"
17083,2,At Risk / Needs Attention,Retention campaigns and targeted incentives
17084,4,Loyal Customers,"Loyalty rewards, cross-sell, and upsell"
17085,2,At Risk / Needs Attention,Retention campaigns and targeted incentives
17086,4,Loyal Customers,"Loyalty rewards, cross-sell, and upsell"
17088,3,Champions / VIP,"VIP treatment, rewards, and premium offers"
17090,3,Champions / VIP,"VIP treatment, rewards, and premium offers"
17091,3,Champions / VIP,"VIP treatment, rewards, and premium offers"
17092,3,Champions / VIP,"VIP treatment, rewards, and premium offers"
17094,0,Dormant / Lost,Win-back campaigns and reactivation offers
17095,3,Champions / VIP,"VIP treatment, rewards, and premium offers"
17096,3,Champions / VIP,"VIP treatment, rewards, and premium offers"
17097,3,Champions / VIP,"VIP treatment, rewards, and premium offers"
17100,4,Loyal Customers,"Loyalty rewards, cross-sell, and upsell"
17101,4,Loyal Customers,"Loyalty rewards, cross-sell, and upsell"
17102,0,Dormant / Lost,Win-back campaigns and reactivation offers
17105,2,At Risk / Needs Attention,Retention campaigns and targeted incentives
17107,3,Champions / VIP,"VIP treatment, rewards, and premium offers"
17109,3,Champions / VIP,"VIP treatment, rewards, and premium offers"
17110,0,Dormant / Lost,Win-back campaigns and reactivation offers
17111,1,New / One-Time,Second-purchase campaigns and onboarding
17114,3,Champions / VIP,"VIP treatment, rewards, and premium offers"
17115,4,Loyal Customers,"Loyalty rewards, cross-sell, and upsell"
17117,0,Dormant / Lost,Win-back campaigns and reactivation offers
17118,0,Dormant / Lost,Win-back campaigns and reactivation offers
17119,4,Loyal Customers,"Loyalty rewards, cross-sell, and upsell"
17120,0,Dormant / Lost,Win-back campaigns and reactivation offers
17122,1,New / One-Time,Second-purchase campaigns and onboarding
17123,1,New / One-Time,Second-purchase campaigns and onboarding
17124,0,Dormant / Lost,Win-back campaigns and reactivation offers
17125,1,New / One-Time,Second-purchase campaigns and onboarding
17126,2,At Risk / Needs Attention,Retention campaigns and targeted incentives
17128,0,Dormant / Lost,Win-back campaigns and reactivation offers
17131,4,Loyal Customers,"Loyalty rewards, cross-sell, and upsell"
17133,3,Champions / VIP,"VIP treatment, rewards, and premium offers"
17134,2,At Risk / Needs Attention,Retention campaigns and targeted incentives
17135,3,Champions / VIP,"VIP treatment, rewards, and premium offers"
17138,0,Dormant / Lost,Win-back campaigns and reactivation offers
17139,3,Champions / VIP,"VIP treatment, rewards, and premium offers"
17140,0,Dormant / Lost,Win-back campaigns and reactivation offers
17142,0,Dormant / Lost,Win-back campaigns and reactivation offers
17144,4,Loyal Customers,"Loyalty rewards, cross-sell, and upsell"
17146,2,At Risk / Needs Attention,Retention campaigns and targeted incentives
17147,3,Champions / VIP,"VIP treatment, rewards, and premium offers"
17148,1,New / One-Time,Second-purchase campaigns and onboarding
17152,2,At Risk / Needs Attention,Retention campaigns and targeted incentives
17153,1,New / One-Time,Second-purchase campaigns and onboarding
17154,1,New / One-Time,Second-purchase campaigns and onboarding
17155,4,Loyal Customers,"Loyalty rewards, cross-sell, and upsell"
17157,4,Loyal Customers,"Loyalty rewards, cross-sell, and upsell"
17158,3,Champions / VIP,"VIP treatment, rewards, and premium offers"
17159,4,Loyal Customers,"Loyalty rewards, cross-sell, and upsell"
17160,3,Champions / VIP,"VIP treatment, rewards, and premium offers"
17162,3,Champions / VIP,"VIP treatment, rewards, and premium offers"
17163,4,Loyal Customers,"Loyalty rewards, cross-sell, and upsell"
17164,3,Champions / VIP,"VIP treatment, rewards, and premium offers"
17165,0,Dormant / Lost,Win-back campaigns and reactivation offers
17166,4,Loyal Customers,"Loyalty rewards, cross-sell, and upsell"
17169,2,At Risk / Needs Attention,Retention campaigns and targeted incentives
17171,0,Dormant / Lost,Win-back campaigns and reactivation offers
17172,1,New / One-Time,Second-purchase campaigns and onboarding
17173,4,Loyal Customers,"Loyalty rewards, cross-sell, and upsell"
17174,0,Dormant / Lost,Win-back campaigns and reactivation offers
17175,3,Champions / VIP,"VIP treatment, rewards, and premium offers"
17176,0,Dormant / Lost,Win-back campaigns and reactivation offers
17179,2,At Risk / Needs Attention,Retention campaigns and targeted incentives
17180,2,At Risk / Needs Attention,Retention campaigns and targeted incentives
17181,2,At Risk / Needs Attention,Retention campaigns and targeted incentives
17183,4,Loyal Customers,"Loyalty rewards, cross-sell, and upsell"
17186,4,Loyal Customers,"Loyalty rewards, cross-sell, and upsell"
17187,0,Dormant / Lost,Win-back campaigns and reactivation offers
17188,3,Champions / VIP,"VIP treatment, rewards, and premium offers"
17189,2,At Risk / Needs Attention,Retention campaigns and targeted incentives
17190,2,At Risk / Needs Attention,Retention campaigns and targeted incentives
17191,3,Champions / VIP,"VIP treatment, rewards, and premium offers"
17193,4,Loyal Customers,"Loyalty rewards, cross-sell, and upsell"
17194,0,Dormant / Lost,Win-back campaigns and reactivation offers
17197,1,New / One-Time,Second-purchase campaigns and onboarding
17198,3,Champions / VIP,"VIP treatment, rewards, and premium offers"
17201,1,New / One-Time,Second-purchase campaigns and onboarding
17203,4,Loyal Customers,"Loyalty rewards, cross-sell, and upsell"
17204,2,At Risk / Needs Attention,Retention campaigns and targeted incentives
17205,1,New / One-Time,Second-purchase campaigns and onboarding
17206,1,New / One-Time,Second-purchase campaigns and onboarding
17211,3,Champions / VIP,"VIP treatment, rewards, and premium offers"
17212,0,Dormant / Lost,Win-back campaigns and reactivation offers
17213,3,Champions / VIP,"VIP treatment, rewards, and premium offers"
17214,3,Champions / VIP,"VIP treatment, rewards, and premium offers"
17217,0,Dormant / Lost,Win-back campaigns and reactivation offers
17218,3,Champions / VIP,"VIP treatment, rewards, and premium offers"
17219,1,New / One-Time,Second-purchase campaigns and onboarding
17220,3,Champions / VIP,"VIP treatment, rewards, and premium offers"
17221,4,Loyal Customers,"Loyalty rewards, cross-sell, and upsell"
17222,1,New / One-Time,Second-purchase campaigns and onboarding
17223,0,Dormant / Lost,Win-back campaigns and reactivation offers
17226,0,Dormant / Lost,Win-back campaigns and reactivation offers
17227,3,Champions / VIP,"VIP treatment, rewards, and premium offers"
17228,3,Champions / VIP,"VIP treatment, rewards, and premium offers"
17229,2,At Risk / Needs Attention,Retention campaigns and targeted incentives
17230,2,At Risk / Needs Attention,Retention campaigns and targeted incentives
17231,3,Champions / VIP,"VIP treatment, rewards, and premium offers"
17232,4,Loyal Customers,"Loyalty rewards, cross-sell, and upsell"
17233,1,New / One-Time,Second-purchase campaigns and onboarding
17234,0,Dormant / Lost,Win-back campaigns and reactivation offers
17235,3,Champions / VIP,"VIP treatment, rewards, and premium offers"
17236,3,Champions / VIP,"VIP treatment, rewards, and premium offers"
17237,4,Loyal Customers,"Loyalty rewards, cross-sell, and upsell"
17238,3,Champions / VIP,"VIP treatment, rewards, and premium offers"
17239,0,Dormant / Lost,Win-back campaigns and reactivation offers
17242,2,At Risk / Needs Attention,Retention campaigns and targeted incentives
17243,3,Champions / VIP,"VIP treatment, rewards, and premium offers"
17244,1,New / One-Time,Second-purchase campaigns and onboarding
17245,0,Dormant / Lost,Win-back campaigns and reactivation offers
17247,1,New / One-Time,Second-purchase campaigns and onboarding
17248,1,New / One-Time,Second-purchase campaigns and onboarding
17250,4,Loyal Customers,"Loyalty rewards, cross-sell, and upsell"
17251,0,Dormant / Lost,Win-back campaigns and reactivation offers
17252,2,At Risk / Needs Attention,Retention campaigns and targeted incentives
17253,1,New / One-Time,Second-purchase campaigns and onboarding
17254,4,Loyal Customers,"Loyalty rewards, cross-sell, and upsell"
17255,2,At Risk / Needs Attention,Retention campaigns and targeted incentives
17256,2,At Risk / Needs Attention,Retention campaigns and targeted incentives
17259,2,At Risk / Needs Attention,Retention campaigns and targeted incentives
17262,3,Champions / VIP,"VIP treatment, rewards, and premium offers"
17263,0,Dormant / Lost,Win-back campaigns and reactivation offers
17265,2,At Risk / Needs Attention,Retention campaigns and targeted incentives
17266,4,Loyal Customers,"Loyalty rewards, cross-sell, and upsell"
17267,2,At Risk / Needs Attention,Retention campaigns and targeted incentives
17268,2,At Risk / Needs Attention,Retention campaigns and targeted incentives
17272,3,Champions / VIP,"VIP treatment, rewards, and premium offers"
17274,1,New / One-Time,Second-purchase campaigns and onboarding
17277,2,At Risk / Needs Attention,Retention campaigns and targeted incentives
17278,0,Dormant / Lost,Win-back campaigns and reactivation offers
17279,1,New / One-Time,Second-purchase campaigns and onboarding
17282,2,At Risk / Needs Attention,Retention campaigns and targeted incentives
17284,3,Champions / VIP,"VIP treatment, rewards, and premium offers"
17286,1,New / One-Time,Second-purchase campaigns and onboarding
17287,3,Champions / VIP,"VIP treatment, rewards, and premium offers"
17288,3,Champions / VIP,"VIP treatment, rewards, and premium offers"
17289,4,Loyal Customers,"Loyalty rewards, cross-sell, and upsell"
17290,4,Loyal Customers,"Loyalty rewards, cross-sell, and upsell"
17291,0,Dormant / Lost,Win-back campaigns and reactivation offers
17293,3,Champions / VIP,"VIP treatment, rewards, and premium offers"
17295,4,Loyal Customers,"Loyalty rewards, cross-sell, and upsell"
17297,1,New / One-Time,Second-purchase campaigns and onboarding
17298,2,At Risk / Needs Attention,Retention campaigns and targeted incentives
17299,4,Loyal Customers,"Loyalty rewards, cross-sell, and upsell"
17301,1,New / One-Time,Second-purchase campaigns and onboarding
17302,3,Champions / VIP,"VIP treatment, rewards, and premium offers"
17303,0,Dormant / Lost,Win-back campaigns and reactivation offers
17306,3,Champions / VIP,"VIP treatment, rewards, and premium offers"
17309,1,New / One-Time,Second-purchase campaigns and onboarding
17311,2,At Risk / Needs Attention,Retention campaigns and targeted incentives
17312,2,At Risk / Needs Attention,Retention campaigns and targeted incentives
17313,1,New / One-Time,Second-purchase campaigns and onboarding
17314,3,Champions / VIP,"VIP treatment, rewards, and premium offers"
17315,3,Champions / VIP,"VIP treatment, rewards, and premium offers"
17317,4,Loyal Customers,"Loyalty rewards, cross-sell, and upsell"
17320,2,At Risk / Needs Attention,Retention campaigns and targeted incentives
17321,4,Loyal Customers,"Loyalty rewards, cross-sell, and upsell"
17323,3,Champions / VIP,"VIP treatment, rewards, and premium offers"
17324,3,Champions / VIP,"VIP treatment, rewards, and premium offers"
17325,0,Dormant / Lost,Win-back campaigns and reactivation offers
17329,3,Champions / VIP,"VIP treatment, rewards, and premium offers"
17330,4,Loyal Customers,"Loyalty rewards, cross-sell, and upsell"
17331,1,New / One-Time,Second-purchase campaigns and onboarding
17333,1,New / One-Time,Second-purchase campaigns and onboarding
17334,2,At Risk / Needs Attention,Retention campaigns and targeted incentives
17337,2,At Risk / Needs Attention,Retention campaigns and targeted incentives
17338,3,Champions / VIP,"VIP treatment, rewards, and premium offers"
17339,2,At Risk / Needs Attention,Retention campaigns and targeted incentives
17340,3,Champions / VIP,"VIP treatment, rewards, and premium offers"
17341,2,At Risk / Needs Attention,Retention campaigns and targeted incentives
17343,0,Dormant / Lost,Win-back campaigns and reactivation offers
17344,1,New / One-Time,Second-purchase campaigns and onboarding
17345,4,Loyal Customers,"Loyalty rewards, cross-sell, and upsell"
17346,3,Champions / VIP,"VIP treatment, rewards, and premium offers"
17347,1,New / One-Time,Second-purchase campaigns and onboarding
17348,3,Champions / VIP,"VIP treatment, rewards, and premium offers"
17349,0,Dormant / Lost,Win-back campaigns and reactivation offers
17350,4,Loyal Customers,"Loyalty rewards, cross-sell, and upsell"
17351,2,At Risk / Needs Attention,Retention campaigns and targeted incentives
17353,2,At Risk / Needs Attention,Retention campaigns and targeted incentives
17354,1,New / One-Time,Second-purchase campaigns and onboarding
17356,0,Dormant / Lost,Win-back campaigns and reactivation offers
17357,4,Loyal Customers,"Loyalty rewards, cross-sell, and upsell"
17358,0,Dormant / Lost,Win-back campaigns and reactivation offers
17359,1,New / One-Time,Second-purchase campaigns and onboarding
17360,4,Loyal Customers,"Loyalty rewards, cross-sell, and upsell"
17361,2,At Risk / Needs Attention,Retention campaigns and targeted incentives
17362,2,At Risk / Needs Attention,Retention campaigns and targeted incentives
17364,3,Champions / VIP,"VIP treatment, rewards, and premium offers"
17365,3,Champions / VIP,"VIP treatment, rewards, and premium offers"
17367,0,Dormant / Lost,Win-back campaigns and reactivation offers
17368,3,Champions / VIP,"VIP treatment, rewards, and premium offers"
17370,2,At Risk / Needs Attention,Retention campaigns and targeted incentives
17371,3,Champions / VIP,"VIP treatment, rewards, and premium offers"
17372,3,Champions / VIP,"VIP treatment, rewards, and premium offers"
17373,3,Champions / VIP,"VIP treatment, rewards, and premium offers"
17374,2,At Risk / Needs Attention,Retention campaigns and targeted incentives
17375,2,At Risk / Needs Attention,Retention campaigns and targeted incentives
17376,2,At Risk / Needs Attention,Retention campaigns and targeted incentives
17377,3,Champions / VIP,"VIP treatment, rewards, and premium offers"
17379,1,New / One-Time,Second-purchase campaigns and onboarding
17381,3,Champions / VIP,"VIP treatment, rewards, and premium offers"
17382,1,New / One-Time,Second-purchase campaigns and onboarding
17383,1,New / One-Time,Second-purchase campaigns and onboarding
17384,4,Loyal Customers,"Loyalty rewards, cross-sell, and upsell"
17385,1,New / One-Time,Second-purchase campaigns and onboarding
17386,4,Loyal Customers,"Loyalty rewards, cross-sell, and upsell"
17387,4,Loyal Customers,"Loyalty rewards, cross-sell, and upsell"
17388,2,At Risk / Needs Attention,Retention campaigns and targeted incentives
17389,3,Champions / VIP,"VIP treatment, rewards, and premium offers"
17391,4,Loyal Customers,"Loyalty rewards, cross-sell, and upsell"
17392,2,At Risk / Needs Attention,Retention campaigns and targeted incentives
17394,0,Dormant / Lost,Win-back campaigns and reactivation offers
17396,3,Champions / VIP,"VIP treatment, rewards, and premium offers"
17397,4,Loyal Customers,"Loyalty rewards, cross-sell, and upsell"
17398,2,At Risk / Needs Attention,Retention campaigns and targeted incentives
17400,2,At Risk / Needs Attention,Retention campaigns and targeted incentives
17402,3,Champions / VIP,"VIP treatment, rewards, and premium offers"
17403,1,New / One-Time,Second-purchase campaigns and onboarding
17404,3,Champions / VIP,"VIP treatment, rewards, and premium offers"
17405,4,Loyal Customers,"Loyalty rewards, cross-sell, and upsell"
17406,2,At Risk / Needs Attention,Retention campaigns and targeted incentives
17408,0,Dormant / Lost,Win-back campaigns and reactivation offers
17409,2,At Risk / Needs Attention,Retention campaigns and targeted incentives
17410,4,Loyal Customers,"Loyalty rewards, cross-sell, and upsell"
17411,3,Champions / VIP,"VIP treatment, rewards, and premium offers"
17412,3,Champions / VIP,"VIP treatment, rewards, and premium offers"
17414,4,Loyal Customers,"Loyalty rewards, cross-sell, and upsell"
17415,1,New / One-Time,Second-purchase campaigns and onboarding
17416,3,Champions / VIP,"VIP treatment, rewards, and premium offers"
17418,2,At Risk / Needs Attention,Retention campaigns and targeted incentives
17419,3,Champions / VIP,"VIP treatment, rewards, and premium offers"
17420,2,At Risk / Needs Attention,Retention campaigns and targeted incentives
17422,3,Champions / VIP,"VIP treatment, rewards, and premium offers"
17423,4,Loyal Customers,"Loyalty rewards, cross-sell, and upsell"
17425,4,Loyal Customers,"Loyalty rewards, cross-sell, and upsell"
17426,3,Champions / VIP,"VIP treatment, rewards, and premium offers"
17427,1,New / One-Time,Second-purchase campaigns and onboarding
17428,3,Champions / VIP,"VIP treatment, rewards, and premium offers"
17429,2,At Risk / Needs Attention,Retention campaigns and targeted incentives
17430,3,Champions / VIP,"VIP treatment, rewards, and premium offers"
17431,0,Dormant / Lost,Win-back campaigns and reactivation offers
17432,4,Loyal Customers,"Loyalty rewards, cross-sell, and upsell"
17433,1,New / One-Time,Second-purchase campaigns and onboarding
17434,4,Loyal Customers,"Loyalty rewards, cross-sell, and upsell"
17436,4,Loyal Customers,"Loyalty rewards, cross-sell, and upsell"
17438,0,Dormant / Lost,Win-back campaigns and reactivation offers
17440,2,At Risk / Needs Attention,Retention campaigns and targeted incentives
17442,3,Champions / VIP,"VIP treatment, rewards, and premium offers"
17443,0,Dormant / Lost,Win-back campaigns and reactivation offers
17444,2,At Risk / Needs Attention,Retention campaigns and targeted incentives
17446,2,At Risk / Needs Attention,Retention campaigns and targeted incentives
17447,4,Loyal Customers,"Loyalty rewards, cross-sell, and upsell"
17449,3,Champions / VIP,"VIP treatment, rewards, and premium offers"
17450,3,Champions / VIP,"VIP treatment, rewards, and premium offers"
17451,4,Loyal Customers,"Loyalty rewards, cross-sell, and upsell"
17453,4,Loyal Customers,"Loyalty rewards, cross-sell, and upsell"
17454,2,At Risk / Needs Attention,Retention campaigns and targeted incentives
17455,0,Dormant / Lost,Win-back campaigns and reactivation offers
17456,0,Dormant / Lost,Win-back campaigns and reactivation offers
17457,2,At Risk / Needs Attention,Retention campaigns and targeted incentives
17458,1,New / One-Time,Second-purchase campaigns and onboarding
17459,4,Loyal Customers,"Loyalty rewards, cross-sell, and upsell"
17460,2,At Risk / Needs Attention,Retention campaigns and targeted incentives
17461,4,Loyal Customers,"Loyalty rewards, cross-sell, and upsell"
17462,2,At Risk / Needs Attention,Retention campaigns and targeted incentives
17463,3,Champions / VIP,"VIP treatment, rewards, and premium offers"
17464,1,New / One-Time,Second-purchase campaigns and onboarding
17466,4,Loyal Customers,"Loyalty rewards, cross-sell, and upsell"
17468,4,Loyal Customers,"Loyalty rewards, cross-sell, and upsell"
17469,4,Loyal Customers,"Loyalty rewards, cross-sell, and upsell"
17470,3,Champions / VIP,"VIP treatment, rewards, and premium offers"
17472,2,At Risk / Needs Attention,Retention campaigns and targeted incentives
17475,1,New / One-Time,Second-purchase campaigns and onboarding
17480,1,New / One-Time,Second-purchase campaigns and onboarding
17481,4,Loyal Customers,"Loyalty rewards, cross-sell, and upsell"
17483,2,At Risk / Needs Attention,Retention campaigns and targeted incentives
17486,0,Dormant / Lost,Win-back campaigns and reactivation offers
17489,2,At Risk / Needs Attention,Retention campaigns and targeted incentives
17490,4,Loyal Customers,"Loyalty rewards, cross-sell, and upsell"
17491,3,Champions / VIP,"VIP treatment, rewards, and premium offers"
17492,0,Dormant / Lost,Win-back campaigns and reactivation offers
17495,4,Loyal Customers,"Loyalty rewards, cross-sell, and upsell"
17496,0,Dormant / Lost,Win-back campaigns and reactivation offers
17498,1,New / One-Time,Second-purchase campaigns and onboarding
17499,0,Dormant / Lost,Win-back campaigns and reactivation offers
17500,4,Loyal Customers,"Loyalty rewards, cross-sell, and upsell"
17501,0,Dormant / Lost,Win-back campaigns and reactivation offers
17502,4,Loyal Customers,"Loyalty rewards, cross-sell, and upsell"
17503,4,Loyal Customers,"Loyalty rewards, cross-sell, and upsell"
17504,2,At Risk / Needs Attention,Retention campaigns and targeted incentives
17505,2,At Risk / Needs Attention,Retention campaigns and targeted incentives
17506,1,New / One-Time,Second-purchase campaigns and onboarding
17507,2,At Risk / Needs Attention,Retention campaigns and targeted incentives
17508,0,Dormant / Lost,Win-back campaigns and reactivation offers
17509,4,Loyal Customers,"Loyalty rewards, cross-sell, and upsell"
17510,1,New / One-Time,Second-purchase campaigns and onboarding
17511,3,Champions / VIP,"VIP treatment, rewards, and premium offers"
17512,3,Champions / VIP,"VIP treatment, rewards, and premium offers"
17513,1,New / One-Time,Second-purchase campaigns and onboarding
17514,1,New / One-Time,Second-purchase campaigns and onboarding
17515,3,Champions / VIP,"VIP treatment, rewards, and premium offers"
17516,3,Champions / VIP,"VIP treatment, rewards, and premium offers"
17517,0,Dormant / Lost,Win-back campaigns and reactivation offers
17519,3,Champions / VIP,"VIP treatment, rewards, and premium offers"
17520,1,New / One-Time,Second-purchase campaigns and onboarding
17521,4,Loyal Customers,"Loyalty rewards, cross-sell, and upsell"
17522,3,Champions / VIP,"VIP treatment, rewards, and premium offers"
17523,4,Loyal Customers,"Loyalty rewards, cross-sell, and upsell"
17524,0,Dormant / Lost,Win-back campaigns and reactivation offers
17525,0,Dormant / Lost,Win-back campaigns and reactivation offers
17526,3,Champions / VIP,"VIP treatment, rewards, and premium offers"
17527,2,At Risk / Needs Attention,Retention campaigns and targeted incentives
17528,4,Loyal Customers,"Loyalty rewards, cross-sell, and upsell"
17530,3,Champions / VIP,"VIP treatment, rewards, and premium offers"
17531,0,Dormant / Lost,Win-back campaigns and reactivation offers
17534,1,New / One-Time,Second-purchase campaigns and onboarding
17535,0,Dormant / Lost,Win-back campaigns and reactivation offers
17536,0,Dormant / Lost,Win-back campaigns and reactivation offers
17537,3,Champions / VIP,"VIP treatment, rewards, and premium offers"
17538,1,New / One-Time,Second-purchase campaigns and onboarding
17540,3,Champions / VIP,"VIP treatment, rewards, and premium offers"
17542,0,Dormant / Lost,Win-back campaigns and reactivation offers
17545,4,Loyal Customers,"Loyalty rewards, cross-sell, and upsell"
17548,0,Dormant / Lost,Win-back campaigns and reactivation offers
17549,4,Loyal Customers,"Loyalty rewards, cross-sell, and upsell"
17550,2,At Risk / Needs Attention,Retention campaigns and targeted incentives
17551,0,Dormant / Lost,Win-back campaigns and reactivation offers
17552,3,Champions / VIP,"VIP treatment, rewards, and premium offers"
17553,1,New / One-Time,Second-purchase campaigns and onboarding
17554,4,Loyal Customers,"Loyalty rewards, cross-sell, and upsell"
17555,3,Champions / VIP,"VIP treatment, rewards, and premium offers"
17556,0,Dormant / Lost,Win-back campaigns and reactivation offers
17557,4,Loyal Customers,"Loyalty rewards, cross-sell, and upsell"
17560,2,At Risk / Needs Attention,Retention campaigns and targeted incentives
17561,1,New / One-Time,Second-purchase campaigns and onboarding
17562,4,Loyal Customers,"Loyalty rewards, cross-sell, and upsell"
17564,4,Loyal Customers,"Loyalty rewards, cross-sell, and upsell"
17566,4,Loyal Customers,"Loyalty rewards, cross-sell, and upsell"
17567,3,Champions / VIP,"VIP treatment, rewards, and premium offers"
17569,0,Dormant / Lost,Win-back campaigns and reactivation offers
17571,3,Champions / VIP,"VIP treatment, rewards, and premium offers"
17572,2,At Risk / Needs Attention,Retention campaigns and targeted incentives
17573,4,Loyal Customers,"Loyalty rewards, cross-sell, and upsell"
17574,0,Dormant / Lost,Win-back campaigns and reactivation offers
17576,3,Champions / VIP,"VIP treatment, rewards, and premium offers"
17578,0,Dormant / Lost,Win-back campaigns and reactivation offers
17579,4,Loyal Customers,"Loyalty rewards, cross-sell, and upsell"
17580,2,At Risk / Needs Attention,Retention campaigns and targeted incentives
17581,3,Champions / VIP,"VIP treatment, rewards, and premium offers"
17582,0,Dormant / Lost,Win-back campaigns and reactivation offers
17584,4,Loyal Customers,"Loyalty rewards, cross-sell, and upsell"
17585,2,At Risk / Needs Attention,Retention campaigns and targeted incentives
17588,2,At Risk / Needs Attention,Retention campaigns and targeted incentives
17589,2,At Risk / Needs Attention,Retention campaigns and targeted incentives
17590,4,Loyal Customers,"Loyalty rewards, cross-sell, and upsell"
17591,3,Champions / VIP,"VIP treatment, rewards, and premium offers"
17593,3,Champions / VIP,"VIP treatment, rewards, and premium offers"
17594,2,At Risk / Needs Attention,Retention campaigns and targeted incentives
17595,4,Loyal Customers,"Loyalty rewards, cross-sell, and upsell"
17596,3,Champions / VIP,"VIP treatment, rewards, and premium offers"
17597,0,Dormant / Lost,Win-back campaigns and reactivation offers
17600,1,New / One-Time,Second-purchase campaigns and onboarding
17601,0,Dormant / Lost,Win-back campaigns and reactivation offers
17602,3,Champions / VIP,"VIP treatment, rewards, and premium offers"
17603,1,New / One-Time,Second-purchase campaigns and onboarding
17604,2,At Risk / Needs Attention,Retention campaigns and targeted incentives
17608,4,Loyal Customers,"Loyalty rewards, cross-sell, and upsell"
17609,3,Champions / VIP,"VIP treatment, rewards, and premium offers"
17611,3,Champions / VIP,"VIP treatment, rewards, and premium offers"
17612,3,Champions / VIP,"VIP treatment, rewards, and premium offers"
17613,3,Champions / VIP,"VIP treatment, rewards, and premium offers"
17614,1,New / One-Time,Second-purchase campaigns and onboarding
17615,2,At Risk / Needs Attention,Retention campaigns and targeted incentives
17616,2,At Risk / Needs Attention,Retention campaigns and targeted incentives
17618,3,Champions / VIP,"VIP treatment, rewards, and premium offers"
17619,0,Dormant / Lost,Win-back campaigns and reactivation offers
17620,1,New / One-Time,Second-purchase campaigns and onboarding
17621,3,Champions / VIP,"VIP treatment, rewards, and premium offers"
17623,1,New / One-Time,Second-purchase campaigns and onboarding
17624,4,Loyal Customers,"Loyalty rewards, cross-sell, and upsell"
17625,3,Champions / VIP,"VIP treatment, rewards, and premium offers"
17628,1,New / One-Time,Second-purchase campaigns and onboarding
17629,3,Champions / VIP,"VIP treatment, rewards, and premium offers"
17630,2,At Risk / Needs Attention,Retention campaigns and targeted incentives
17631,4,Loyal Customers,"Loyalty rewards, cross-sell, and upsell"
17633,4,Loyal Customers,"Loyalty rewards, cross-sell, and upsell"
17634,3,Champions / VIP,"VIP treatment, rewards, and premium offers"
17636,1,New / One-Time,Second-purchase campaigns and onboarding
17637,4,Loyal Customers,"Loyalty rewards, cross-sell, and upsell"
17639,0,Dormant / Lost,Win-back campaigns and reactivation offers
17640,1,New / One-Time,Second-purchase campaigns and onboarding
17642,2,At Risk / Needs Attention,Retention campaigns and targeted incentives
17643,0,Dormant / Lost,Win-back campaigns and reactivation offers
17644,3,Champions / VIP,"VIP treatment, rewards, and premium offers"
17646,2,At Risk / Needs Attention,Retention campaigns and targeted incentives
17647,1,New / One-Time,Second-purchase campaigns and onboarding
17648,2,At Risk / Needs Attention,Retention campaigns and targeted incentives
17649,1,New / One-Time,Second-purchase campaigns and onboarding
17650,1,New / One-Time,Second-purchase campaigns and onboarding
17651,3,Champions / VIP,"VIP treatment, rewards, and premium offers"
17652,3,Champions / VIP,"VIP treatment, rewards, and premium offers"
17653,4,Loyal Customers,"Loyalty rewards, cross-sell, and upsell"
17654,0,Dormant / Lost,Win-back campaigns and reactivation offers
17655,3,Champions / VIP,"VIP treatment, rewards, and premium offers"
17656,4,Loyal Customers,"Loyalty rewards, cross-sell, and upsell"
17658,4,Loyal Customers,"Loyalty rewards, cross-sell, and upsell"
17659,3,Champions / VIP,"VIP treatment, rewards, and premium offers"
17660,1,New / One-Time,Second-purchase campaigns and onboarding
17663,3,Champions / VIP,"VIP treatment, rewards, and premium offers"
17664,4,Loyal Customers,"Loyalty rewards, cross-sell, and upsell"
17666,4,Loyal Customers,"Loyalty rewards, cross-sell, and upsell"
17667,2,At Risk / Needs Attention,Retention campaigns and targeted incentives
17668,4,Loyal Customers,"Loyalty rewards, cross-sell, and upsell"
17669,3,Champions / VIP,"VIP treatment, rewards, and premium offers"
17670,0,Dormant / Lost,Win-back campaigns and reactivation offers
17671,3,Champions / VIP,"VIP treatment, rewards, and premium offers"
17672,3,Champions / VIP,"VIP treatment, rewards, and premium offers"
17673,3,Champions / VIP,"VIP treatment, rewards, and premium offers"
17674,2,At Risk / Needs Attention,Retention campaigns and targeted incentives
17675,3,Champions / VIP,"VIP treatment, rewards, and premium offers"
17676,3,Champions / VIP,"VIP treatment, rewards, and premium offers"
17677,3,Champions / VIP,"VIP treatment, rewards, and premium offers"
17678,0,Dormant / Lost,Win-back campaigns and reactivation offers
17679,4,Loyal Customers,"Loyalty rewards, cross-sell, and upsell"
17680,1,New / One-Time,Second-purchase campaigns and onboarding
17682,3,Champions / VIP,"VIP treatment, rewards, and premium offers"
17684,1,New / One-Time,Second-purchase campaigns and onboarding
17685,3,Champions / VIP,"VIP treatment, rewards, and premium offers"
17686,3,Champions / VIP,"VIP treatment, rewards, and premium offers"
17690,3,Champions / VIP,"VIP treatment, rewards, and premium offers"
17691,0,Dormant / Lost,Win-back campaigns and reactivation offers
17692,2,At Risk / Needs Attention,Retention campaigns and targeted incentives
17693,1,New / One-Time,Second-purchase campaigns and onboarding
17694,1,New / One-Time,Second-purchase campaigns and onboarding
17695,2,At Risk / Needs Attention,Retention campaigns and targeted incentives
17696,3,Champions / VIP,"VIP treatment, rewards, and premium offers"
17697,0,Dormant / Lost,Win-back campaigns and reactivation offers
17698,0,Dormant / Lost,Win-back campaigns and reactivation offers
17700,3,Champions / VIP,"VIP treatment, rewards, and premium offers"
17701,0,Dormant / Lost,Win-back campaigns and reactivation offers
17702,4,Loyal Customers,"Loyalty rewards, cross-sell, and upsell"
17703,4,Loyal Customers,"Loyalty rewards, cross-sell, and upsell"
17704,2,At Risk / Needs Attention,Retention campaigns and targeted incentives
17705,3,Champions / VIP,"VIP treatment, rewards, and premium offers"
17706,3,Champions / VIP,"VIP treatment, rewards, and premium offers"
17707,2,At Risk / Needs Attention,Retention campaigns and targeted incentives
17708,2,At Risk / Needs Attention,Retention campaigns and targeted incentives
17709,0,Dormant / Lost,Win-back campaigns and reactivation offers
17711,3,Champions / VIP,"VIP treatment, rewards, and premium offers"
17712,1,New / One-Time,Second-purchase campaigns and onboarding
17714,0,Dormant / Lost,Win-back campaigns and reactivation offers
17715,0,Dormant / Lost,Win-back campaigns and reactivation offers
17716,3,Champions / VIP,"VIP treatment, rewards, and premium offers"
17718,0,Dormant / Lost,Win-back campaigns and reactivation offers
17719,3,Champions / VIP,"VIP treatment, rewards, and premium offers"
17720,3,Champions / VIP,"VIP treatment, rewards, and premium offers"
17722,2,At Risk / Needs Attention,Retention campaigns and targeted incentives
17723,2,At Risk / Needs Attention,Retention campaigns and targeted incentives
17724,4,Loyal Customers,"Loyalty rewards, cross-sell, and upsell"
17725,3,Champions / VIP,"VIP treatment, rewards, and premium offers"
17727,1,New / One-Time,Second-purchase campaigns and onboarding
17728,4,Loyal Customers,"Loyalty rewards, cross-sell, and upsell"
17730,3,Champions / VIP,"VIP treatment, rewards, and premium offers"
17731,2,At Risk / Needs Attention,Retention campaigns and targeted incentives
17732,0,Dormant / Lost,Win-back campaigns and reactivation offers
17733,2,At Risk / Needs Attention,Retention campaigns and targeted incentives
17734,2,At Risk / Needs Attention,Retention campaigns and targeted incentives
17735,3,Champions / VIP,"VIP treatment, rewards, and premium offers"
17736,4,Loyal Customers,"Loyalty rewards, cross-sell, and upsell"
17737,4,Loyal Customers,"Loyalty rewards, cross-sell, and upsell"
17738,3,Champions / VIP,"VIP treatment, rewards, and premium offers"
17739,3,Champions / VIP,"VIP treatment, rewards, and premium offers"
17742,2,At Risk / Needs Attention,Retention campaigns and targeted incentives
17744,3,Champions / VIP,"VIP treatment, rewards, and premium offers"
17746,0,Dormant / Lost,Win-back campaigns and reactivation offers
17747,1,New / One-Time,Second-purchase campaigns and onboarding
17749,2,At Risk / Needs Attention,Retention campaigns and targeted incentives
17750,4,Loyal Customers,"Loyalty rewards, cross-sell, and upsell"
17752,0,Dormant / Lost,Win-back campaigns and reactivation offers
17754,3,Champions / VIP,"VIP treatment, rewards, and premium offers"
17757,3,Champions / VIP,"VIP treatment, rewards, and premium offers"
17758,3,Champions / VIP,"VIP treatment, rewards, and premium offers"
17759,4,Loyal Customers,"Loyalty rewards, cross-sell, and upsell"
17760,3,Champions / VIP,"VIP treatment, rewards, and premium offers"
17761,1,New / One-Time,Second-purchase campaigns and onboarding
17763,0,Dormant / Lost,Win-back campaigns and reactivation offers
17764,2,At Risk / Needs Attention,Retention campaigns and targeted incentives
17765,2,At Risk / Needs Attention,Retention campaigns and targeted incentives
17767,1,New / One-Time,Second-purchase campaigns and onboarding
17768,4,Loyal Customers,"Loyalty rewards, cross-sell, and upsell"
17769,3,Champions / VIP,"VIP treatment, rewards, and premium offers"
17770,2,At Risk / Needs Attention,Retention campaigns and targeted incentives
17771,2,At Risk / Needs Attention,Retention campaigns and targeted incentives
17772,4,Loyal Customers,"Loyalty rewards, cross-sell, and upsell"
17774,2,At Risk / Needs Attention,Retention campaigns and targeted incentives
17775,0,Dormant / Lost,Win-back campaigns and reactivation offers
17777,4,Loyal Customers,"Loyalty rewards, cross-sell, and upsell"
17779,4,Loyal Customers,"Loyalty rewards, cross-sell, and upsell"
17781,2,At Risk / Needs Attention,Retention campaigns and targeted incentives
17783,2,At Risk / Needs Attention,Retention campaigns and targeted incentives
17785,1,New / One-Time,Second-purchase campaigns and onboarding
17786,2,At Risk / Needs Attention,Retention campaigns and targeted incentives
17787,2,At Risk / Needs Attention,Retention campaigns and targeted incentives
17788,2,At Risk / Needs Attention,Retention campaigns and targeted incentives
17789,0,Dormant / Lost,Win-back campaigns and reactivation offers
17790,3,Champions / VIP,"VIP treatment, rewards, and premium offers"
17791,1,New / One-Time,Second-purchase campaigns and onboarding
17793,1,New / One-Time,Second-purchase campaigns and onboarding
17795,2,At Risk / Needs Attention,Retention campaigns and targeted incentives
17796,3,Champions / VIP,"VIP treatment, rewards, and premium offers"
17797,4,Loyal Customers,"Loyalty rewards, cross-sell, and upsell"
17799,3,Champions / VIP,"VIP treatment, rewards, and premium offers"
17800,3,Champions / VIP,"VIP treatment, rewards, and premium offers"
17802,2,At Risk / Needs Attention,Retention campaigns and targeted incentives
17805,1,New / One-Time,Second-purchase campaigns and onboarding
17806,1,New / One-Time,Second-purchase campaigns and onboarding
17809,3,Champions / VIP,"VIP treatment, rewards, and premium offers"
17811,3,Champions / VIP,"VIP treatment, rewards, and premium offers"
17812,3,Champions / VIP,"VIP treatment, rewards, and premium offers"
17813,4,Loyal Customers,"Loyalty rewards, cross-sell, and upsell"
17816,2,At Risk / Needs Attention,Retention campaigns and targeted incentives
17817,4,Loyal Customers,"Loyalty rewards, cross-sell, and upsell"
17819,3,Champions / VIP,"VIP treatment, rewards, and premium offers"
17824,1,New / One-Time,Second-purchase campaigns and onboarding
17827,3,Champions / VIP,"VIP treatment, rewards, and premium offers"
17828,4,Loyal Customers,"Loyalty rewards, cross-sell, and upsell"
17829,0,Dormant / Lost,Win-back campaigns and reactivation offers
17830,3,Champions / VIP,"VIP treatment, rewards, and premium offers"
17831,1,New / One-Time,Second-purchase campaigns and onboarding
17832,1,New / One-Time,Second-purchase campaigns and onboarding
17835,4,Loyal Customers,"Loyalty rewards, cross-sell, and upsell"
17836,1,New / One-Time,Second-purchase campaigns and onboarding
17837,4,Loyal Customers,"Loyalty rewards, cross-sell, and upsell"
17838,3,Champions / VIP,"VIP treatment, rewards, and premium offers"
17839,1,New / One-Time,Second-purchase campaigns and onboarding
17841,3,Champions / VIP,"VIP treatment, rewards, and premium offers"
17843,0,Dormant / Lost,Win-back campaigns and reactivation offers
17844,1,New / One-Time,Second-purchase campaigns and onboarding
17846,1,New / One-Time,Second-purchase campaigns and onboarding
17848,2,At Risk / Needs Attention,Retention campaigns and targeted incentives
17849,2,At Risk / Needs Attention,Retention campaigns and targeted incentives
17850,2,At Risk / Needs Attention,Retention campaigns and targeted incentives
17852,4,Loyal Customers,"Loyalty rewards, cross-sell, and upsell"
17854,2,At Risk / Needs Attention,Retention campaigns and targeted incentives
17855,0,Dormant / Lost,Win-back campaigns and reactivation offers
17856,3,Champions / VIP,"VIP treatment, rewards, and premium offers"
17857,3,Champions / VIP,"VIP treatment, rewards, and premium offers"
17858,3,Champions / VIP,"VIP treatment, rewards, and premium offers"
17859,0,Dormant / Lost,Win-back campaigns and reactivation offers
17860,0,Dormant / Lost,Win-back campaigns and reactivation offers
17861,3,Champions / VIP,"VIP treatment, rewards, and premium offers"
17862,0,Dormant / Lost,Win-back campaigns and reactivation offers
17863,3,Champions / VIP,"VIP treatment, rewards, and premium offers"
17864,3,Champions / VIP,"VIP treatment, rewards, and premium offers"
17865,3,Champions / VIP,"VIP treatment, rewards, and premium offers"
17866,1,New / One-Time,Second-purchase campaigns and onboarding
17867,3,Champions / VIP,"VIP treatment, rewards, and premium offers"
17869,2,At Risk / Needs Attention,Retention campaigns and targeted incentives
17870,3,Champions / VIP,"VIP treatment, rewards, and premium offers"
17871,0,Dormant / Lost,Win-back campaigns and reactivation offers
17873,2,At Risk / Needs Attention,Retention campaigns and targeted incentives
17874,2,At Risk / Needs Attention,Retention campaigns and targeted incentives
17877,0,Dormant / Lost,Win-back campaigns and reactivation offers
17878,1,New / One-Time,Second-purchase campaigns and onboarding
17879,0,Dormant / Lost,Win-back campaigns and reactivation offers
17880,0,Dormant / Lost,Win-back campaigns and reactivation offers
17881,0,Dormant / Lost,Win-back campaigns and reactivation offers
17883,3,Champions / VIP,"VIP treatment, rewards, and premium offers"
17884,3,Champions / VIP,"VIP treatment, rewards, and premium offers"
17885,1,New / One-Time,Second-purchase campaigns and onboarding
17886,4,Loyal Customers,"Loyalty rewards, cross-sell, and upsell"
17887,1,New / One-Time,Second-purchase campaigns and onboarding
17888,3,Champions / VIP,"VIP treatment, rewards, and premium offers"
17889,2,At Risk / Needs Attention,Retention campaigns and targeted incentives
17890,2,At Risk / Needs Attention,Retention campaigns and targeted incentives
17891,1,New / One-Time,Second-purchase campaigns and onboarding
17892,4,Loyal Customers,"Loyalty rewards, cross-sell, and upsell"
17893,0,Dormant / Lost,Win-back campaigns and reactivation offers
17894,2,At Risk / Needs Attention,Retention campaigns and targeted incentives
17895,1,New / One-Time,Second-purchase campaigns and onboarding
17896,1,New / One-Time,Second-purchase campaigns and onboarding
17897,2,At Risk / Needs Attention,Retention campaigns and targeted incentives
17898,2,At Risk / Needs Attention,Retention campaigns and targeted incentives
17899,0,Dormant / Lost,Win-back campaigns and reactivation offers
17900,0,Dormant / Lost,Win-back campaigns and reactivation offers
17901,1,New / One-Time,Second-purchase campaigns and onboarding
17904,1,New / One-Time,Second-purchase campaigns and onboarding
17905,2,At Risk / Needs Attention,Retention campaigns and targeted incentives
17906,0,Dormant / Lost,Win-back campaigns and reactivation offers
17908,0,Dormant / Lost,Win-back campaigns and reactivation offers
17911,1,New / One-Time,Second-purchase campaigns and onboarding
17912,2,At Risk / Needs Attention,Retention campaigns and targeted incentives
17913,2,At Risk / Needs Attention,Retention campaigns and targeted incentives
17914,1,New / One-Time,Second-purchase campaigns and onboarding
17917,2,At Risk / Needs Attention,Retention campaigns and targeted incentives
17919,1,New / One-Time,Second-purchase campaigns and onboarding
17920,3,Champions / VIP,"VIP treatment, rewards, and premium offers"
17921,2,At Risk / Needs Attention,Retention campaigns and targeted incentives
17923,0,Dormant / Lost,Win-back campaigns and reactivation offers
17924,3,Champions / VIP,"VIP treatment, rewards, and premium offers"
17925,0,Dormant / Lost,Win-back campaigns and reactivation offers
17926,2,At Risk / Needs Attention,Retention campaigns and targeted incentives
17928,2,At Risk / Needs Attention,Retention campaigns and targeted incentives
17929,3,Champions / VIP,"VIP treatment, rewards, and premium offers"
17930,3,Champions / VIP,"VIP treatment, rewards, and premium offers"
17931,2,At Risk / Needs Attention,Retention campaigns and targeted incentives
17932,4,Loyal Customers,"Loyalty rewards, cross-sell, and upsell"
17934,4,Loyal Customers,"Loyalty rewards, cross-sell, and upsell"
17935,4,Loyal Customers,"Loyalty rewards, cross-sell, and upsell"
17936,1,New / One-Time,Second-purchase campaigns and onboarding
17937,3,Champions / VIP,"VIP treatment, rewards, and premium offers"
17939,0,Dormant / Lost,Win-back campaigns and reactivation offers
17940,3,Champions / VIP,"VIP treatment, rewards, and premium offers"
17941,1,New / One-Time,Second-purchase campaigns and onboarding
17942,1,New / One-Time,Second-purchase campaigns and onboarding
17946,2,At Risk / Needs Attention,Retention campaigns and targeted incentives
17947,1,New / One-Time,Second-purchase campaigns and onboarding
17948,1,New / One-Time,Second-purchase campaigns and onboarding
17949,3,Champions / VIP,"VIP treatment, rewards, and premium offers"
17950,2,At Risk / Needs Attention,Retention campaigns and targeted incentives
17951,3,Champions / VIP,"VIP treatment, rewards, and premium offers"
17954,3,Champions / VIP,"VIP treatment, rewards, and premium offers"
17955,2,At Risk / Needs Attention,Retention campaigns and targeted incentives
17956,0,Dormant / Lost,Win-back campaigns and reactivation offers
17957,1,New / One-Time,Second-purchase campaigns and onboarding
17958,1,New / One-Time,Second-purchase campaigns and onboarding
17960,0,Dormant / Lost,Win-back campaigns and reactivation offers
17961,3,Champions / VIP,"VIP treatment, rewards, and premium offers"
17962,1,New / One-Time,Second-purchase campaigns and onboarding
17964,3,Champions / VIP,"VIP treatment, rewards, and premium offers"
17965,3,Champions / VIP,"VIP treatment, rewards, and premium offers"
17966,3,Champions / VIP,"VIP treatment, rewards, and premium offers"
17967,0,Dormant / Lost,Win-back campaigns and reactivation offers
17968,0,Dormant / Lost,Win-back campaigns and reactivation offers
17969,2,At Risk / Needs Attention,Retention campaigns and targeted incentives
17970,0,Dormant / Lost,Win-back campaigns and reactivation offers
17972,0,Dormant / Lost,Win-back campaigns and reactivation offers
17973,1,New / One-Time,Second-purchase campaigns and onboarding
17974,4,Loyal Customers,"Loyalty rewards, cross-sell, and upsell"
17975,3,Champions / VIP,"VIP treatment, rewards, and premium offers"
17976,0,Dormant / Lost,Win-back campaigns and reactivation offers
17977,1,New / One-Time,Second-purchase campaigns and onboarding
17978,0,Dormant / Lost,Win-back campaigns and reactivation offers
17979,3,Champions / VIP,"VIP treatment, rewards, and premium offers"
17980,2,At Risk / Needs Attention,Retention campaigns and targeted incentives
17984,1,New / One-Time,Second-purchase campaigns and onboarding
17985,1,New / One-Time,Second-purchase campaigns and onboarding
17986,1,New / One-Time,Second-purchase campaigns and onboarding
17987,0,Dormant / Lost,Win-back campaigns and reactivation offers
17988,3,Champions / VIP,"VIP treatment, rewards, and premium offers"
17990,2,At Risk / Needs Attention,Retention campaigns and targeted incentives
17991,2,At Risk / Needs Attention,Retention campaigns and targeted incentives
17994,2,At Risk / Needs Attention,Retention campaigns and targeted incentives
17995,0,Dormant / Lost,Win-back campaigns and reactivation offers
17997,4,Loyal Customers,"Loyalty rewards, cross-sell, and upsell"
17999,3,Champions / VIP,"VIP treatment, rewards, and premium offers"
18001,4,Loyal Customers,"Loyalty rewards, cross-sell, and upsell"
18004,0,Dormant / Lost,Win-back campaigns and reactivation offers
18005,4,Loyal Customers,"Loyalty rewards, cross-sell, and upsell"
18006,1,New / One-Time,Second-purchase campaigns and onboarding
18008,3,Champions / VIP,"VIP treatment, rewards, and premium offers"
18009,0,Dormant / Lost,Win-back campaigns and reactivation offers
18010,0,Dormant / Lost,Win-back campaigns and reactivation offers
18011,0,Dormant / Lost,Win-back campaigns and reactivation offers
18013,2,At Risk / Needs Attention,Retention campaigns and targeted incentives
18014,1,New / One-Time,Second-purchase campaigns and onboarding
18015,1,New / One-Time,Second-purchase campaigns and onboarding
18016,3,Champions / VIP,"VIP treatment, rewards, and premium offers"
18017,2,At Risk / Needs Attention,Retention campaigns and targeted incentives
18018,2,At Risk / Needs Attention,Retention campaigns and targeted incentives
18019,1,New / One-Time,Second-purchase campaigns and onboarding
18022,1,New / One-Time,Second-purchase campaigns and onboarding
18024,2,At Risk / Needs Attention,Retention campaigns and targeted incentives
18027,1,New / One-Time,Second-purchase campaigns and onboarding
18030,4,Loyal Customers,"Loyalty rewards, cross-sell, and upsell"
18032,0,Dormant / Lost,Win-back campaigns and reactivation offers
18033,1,New / One-Time,Second-purchase campaigns and onboarding
18034,4,Loyal Customers,"Loyalty rewards, cross-sell, and upsell"
18035,4,Loyal Customers,"Loyalty rewards, cross-sell, and upsell"
18036,4,Loyal Customers,"Loyalty rewards, cross-sell, and upsell"
18037,2,At Risk / Needs Attention,Retention campaigns and targeted incentives
18040,4,Loyal Customers,"Loyalty rewards, cross-sell, and upsell"
18041,3,Champions / VIP,"VIP treatment, rewards, and premium offers"
18042,1,New / One-Time,Second-purchase campaigns and onboarding
18043,3,Champions / VIP,"VIP treatment, rewards, and premium offers"
18044,3,Champions / VIP,"VIP treatment, rewards, and premium offers"
18045,1,New / One-Time,Second-purchase campaigns and onboarding
18048,0,Dormant / Lost,Win-back campaigns and reactivation offers
18050,0,Dormant / Lost,Win-back campaigns and reactivation offers
18053,1,New / One-Time,Second-purchase campaigns and onboarding
18055,3,Champions / VIP,"VIP treatment, rewards, and premium offers"
18056,0,Dormant / Lost,Win-back campaigns and reactivation offers
18058,1,New / One-Time,Second-purchase campaigns and onboarding
18059,4,Loyal Customers,"Loyalty rewards, cross-sell, and upsell"
18061,3,Champions / VIP,"VIP treatment, rewards, and premium offers"
18062,2,At Risk / Needs Attention,Retention campaigns and targeted incentives
18064,2,At Risk / Needs Attention,Retention campaigns and targeted incentives
18065,3,Champions / VIP,"VIP treatment, rewards, and premium offers"
18066,1,New / One-Time,Second-purchase campaigns and onboarding
18067,1,New / One-Time,Second-purchase campaigns and onboarding
18068,0,Dormant / Lost,Win-back campaigns and reactivation offers
18069,3,Champions / VIP,"VIP treatment, rewards, and premium offers"
18071,2,At Risk / Needs Attention,Retention campaigns and targeted incentives
18072,0,Dormant / Lost,Win-back campaigns and reactivation offers
18073,2,At Risk / Needs Attention,Retention campaigns and targeted incentives
18074,0,Dormant / Lost,Win-back campaigns and reactivation offers
18075,3,Champions / VIP,"VIP treatment, rewards, and premium offers"
18077,3,Champions / VIP,"VIP treatment, rewards, and premium offers"
18078,2,At Risk / Needs Attention,Retention campaigns and targeted incentives
18079,3,Champions / VIP,"VIP treatment, rewards, and premium offers"
18080,4,Loyal Customers,"Loyalty rewards, cross-sell, and upsell"
18081,4,Loyal Customers,"Loyalty rewards, cross-sell, and upsell"
18082,1,New / One-Time,Second-purchase campaigns and onboarding
18084,1,New / One-Time,Second-purchase campaigns and onboarding
18085,0,Dormant / Lost,Win-back campaigns and reactivation offers
18086,0,Dormant / Lost,Win-back campaigns and reactivation offers
18087,2,At Risk / Needs Attention,Retention campaigns and targeted incentives
18088,1,New / One-Time,Second-purchase campaigns and onboarding
18092,3,Champions / VIP,"VIP treatment, rewards, and premium offers"
18093,2,At Risk / Needs Attention,Retention campaigns and targeted incentives
18094,2,At Risk / Needs Attention,Retention campaigns and targeted incentives
18095,2,At Risk / Needs Attention,Retention campaigns and targeted incentives
18096,4,Loyal Customers,"Loyalty rewards, cross-sell, and upsell"
18097,3,Champions / VIP,"VIP treatment, rewards, and premium offers"
18099,1,New / One-Time,Second-purchase campaigns and onboarding
18101,4,Loyal Customers,"Loyalty rewards, cross-sell, and upsell"
18102,3,Champions / VIP,"VIP treatment, rewards, and premium offers"
18104,1,New / One-Time,Second-purchase campaigns and onboarding
18105,1,New / One-Time,Second-purchase campaigns and onboarding
18106,0,Dormant / Lost,Win-back campaigns and reactivation offers
18108,0,Dormant / Lost,Win-back campaigns and reactivation offers
18109,3,Champions / VIP,"VIP treatment, rewards, and premium offers"
18110,1,New / One-Time,Second-purchase campaigns and onboarding
18112,4,Loyal Customers,"Loyalty rewards, cross-sell, and upsell"
18113,0,Dormant / Lost,Win-back campaigns and reactivation offers
18114,0,Dormant / Lost,Win-back campaigns and reactivation offers
18116,3,Champions / VIP,"VIP treatment, rewards, and premium offers"
18117,1,New / One-Time,Second-purchase campaigns and onboarding
18118,3,Champions / VIP,"VIP treatment, rewards, and premium offers"
18119,0,Dormant / Lost,Win-back campaigns and reactivation offers
18120,0,Dormant / Lost,Win-back campaigns and reactivation offers
18121,2,At Risk / Needs Attention,Retention campaigns and targeted incentives
18122,4,Loyal Customers,"Loyalty rewards, cross-sell, and upsell"
18123,4,Loyal Customers,"Loyalty rewards, cross-sell, and upsell"
18125,3,Champions / VIP,"VIP treatment, rewards, and premium offers"
18126,1,New / One-Time,Second-purchase campaigns and onboarding
18127,4,Loyal Customers,"Loyalty rewards, cross-sell, and upsell"
18129,0,Dormant / Lost,Win-back campaigns and reactivation offers
18130,4,Loyal Customers,"Loyalty rewards, cross-sell, and upsell"
18133,0,Dormant / Lost,Win-back campaigns and reactivation offers
18135,4,Loyal Customers,"Loyalty rewards, cross-sell, and upsell"
18136,2,At Risk / Needs Attention,Retention campaigns and targeted incentives
18138,0,Dormant / Lost,Win-back campaigns and reactivation offers
18139,4,Loyal Customers,"Loyalty rewards, cross-sell, and upsell"
18142,2,At Risk / Needs Attention,Retention campaigns and targeted incentives
18143,2,At Risk / Needs Attention,Retention campaigns and targeted incentives
18144,3,Champions / VIP,"VIP treatment, rewards, and premium offers"
18145,3,Champions / VIP,"VIP treatment, rewards, and premium offers"
18146,2,At Risk / Needs Attention,Retention campaigns and targeted incentives
18147,4,Loyal Customers,"Loyalty rewards, cross-sell, and upsell"
18149,2,At Risk / Needs Attention,Retention campaigns and targeted incentives
18150,4,Loyal Customers,"Loyalty rewards, cross-sell, and upsell"
18151,2,At Risk / Needs Attention,Retention campaigns and targeted incentives
18154,4,Loyal Customers,"Loyalty rewards, cross-sell, and upsell"
18155,2,At Risk / Needs Attention,Retention campaigns and targeted incentives
18156,3,Champions / VIP,"VIP treatment, rewards, and premium offers"
18158,4,Loyal Customers,"Loyalty rewards, cross-sell, and upsell"
18159,0,Dormant / Lost,Win-back campaigns and reactivation offers
18160,2,At Risk / Needs Attention,Retention campaigns and targeted incentives
18161,3,Champions / VIP,"VIP treatment, rewards, and premium offers"
18164,1,New / One-Time,Second-purchase campaigns and onboarding
18165,0,Dormant / Lost,Win-back campaigns and reactivation offers
18167,4,Loyal Customers,"Loyalty rewards, cross-sell, and upsell"
18168,2,At Risk / Needs Attention,Retention campaigns and targeted incentives
18169,1,New / One-Time,Second-purchase campaigns and onboarding
18170,4,Loyal Customers,"Loyalty rewards, cross-sell, and upsell"
18171,3,Champions / VIP,"VIP treatment, rewards, and premium offers"
18172,3,Champions / VIP,"VIP treatment, rewards, and premium offers"
18173,2,At Risk / Needs Attention,Retention campaigns and targeted incentives
18174,1,New / One-Time,Second-purchase campaigns and onboarding
18176,0,Dormant / Lost,Win-back campaigns and reactivation offers
18177,3,Champions / VIP,"VIP treatment, rewards, and premium offers"
18178,2,At Risk / Needs Attention,Retention campaigns and targeted incentives
18179,3,Champions / VIP,"VIP treatment, rewards, and premium offers"
18180,4,Loyal Customers,"Loyalty rewards, cross-sell, and upsell"
18181,1,New / One-Time,Second-purchase campaigns and onboarding
18183,2,At Risk / Needs Attention,Retention campaigns and targeted incentives
18184,1,New / One-Time,Second-purchase campaigns and onboarding
18185,0,Dormant / Lost,Win-back campaigns and reactivation offers
18188,3,Champions / VIP,"VIP treatment, rewards, and premium offers"
18189,2,At Risk / Needs Attention,Retention campaigns and targeted incentives
18190,2,At Risk / Needs Attention,Retention campaigns and targeted incentives
18191,0,Dormant / Lost,Win-back campaigns and reactivation offers
18192,1,New / One-Time,Second-purchase campaigns and onboarding
18193,0,Dormant / Lost,Win-back campaigns and reactivation offers
18194,1,New / One-Time,Second-purchase campaigns and onboarding
18196,2,At Risk / Needs Attention,Retention campaigns and targeted incentives
18198,3,Champions / VIP,"VIP treatment, rewards, and premium offers"
18200,1,New / One-Time,Second-purchase campaigns and onboarding
18202,2,At Risk / Needs Attention,Retention campaigns and targeted incentives
18203,0,Dormant / Lost,Win-back campaigns and reactivation offers
18204,2,At Risk / Needs Attention,Retention campaigns and targeted incentives
18205,4,Loyal Customers,"Loyalty rewards, cross-sell, and upsell"
18209,1,New / One-Time,Second-purchase campaigns and onboarding
18210,3,Champions / VIP,"VIP treatment, rewards, and premium offers"
18211,3,Champions / VIP,"VIP treatment, rewards, and premium offers"
18212,0,Dormant / Lost,Win-back campaigns and reactivation offers
18213,0,Dormant / Lost,Win-back campaigns and reactivation offers
18215,1,New / One-Time,Second-purchase campaigns and onboarding
18216,1,New / One-Time,Second-purchase campaigns and onboarding
18217,4,Loyal Customers,"Loyalty rewards, cross-sell, and upsell"
18218,2,At Risk / Needs Attention,Retention campaigns and targeted incentives
18219,3,Champions / VIP,"VIP treatment, rewards, and premium offers"
18220,0,Dormant / Lost,Win-back campaigns and reactivation offers
18221,4,Loyal Customers,"Loyalty rewards, cross-sell, and upsell"
18222,1,New / One-Time,Second-purchase campaigns and onboarding
18223,3,Champions / VIP,"VIP treatment, rewards, and premium offers"
18224,0,Dormant / Lost,Win-back campaigns and reactivation offers
18225,3,Champions / VIP,"VIP treatment, rewards, and premium offers"
18226,3,Champions / VIP,"VIP treatment, rewards, and premium offers"
18227,0,Dormant / Lost,Win-back campaigns and reactivation offers
18228,4,Loyal Customers,"Loyalty rewards, cross-sell, and upsell"
18229,3,Champions / VIP,"VIP treatment, rewards, and premium offers"
18230,3,Champions / VIP,"VIP treatment, rewards, and premium offers"
18231,2,At Risk / Needs Attention,Retention campaigns and targeted incentives
18232,2,At Risk / Needs Attention,Retention campaigns and targeted incentives
18233,0,Dormant / Lost,Win-back campaigns and reactivation offers
18235,2,At Risk / Needs Attention,Retention campaigns and targeted incentives
18236,3,Champions / VIP,"VIP treatment, rewards, and premium offers"
18237,4,Loyal Customers,"Loyalty rewards, cross-sell, and upsell"
18239,2,At Risk / Needs Attention,Retention campaigns and targeted incentives
18240,1,New / One-Time,Second-purchase campaigns and onboarding
18241,3,Champions / VIP,"VIP treatment, rewards, and premium offers"
18242,2,At Risk / Needs Attention,Retention campaigns and targeted incentives
18245,3,Champions / VIP,"VIP treatment, rewards, and premium offers"
18246,4,Loyal Customers,"Loyalty rewards, cross-sell, and upsell"
18248,2,At Risk / Needs Attention,Retention campaigns and targeted incentives
18249,1,New / One-Time,Second-purchase campaigns and onboarding
18250,0,Dormant / Lost,Win-back campaigns and reactivation offers
18251,1,New / One-Time,Second-purchase campaigns and onboarding
18252,4,Loyal Customers,"Loyalty rewards, cross-sell, and upsell"
18255,1,New / One-Time,Second-purchase campaigns and onboarding
18257,3,Champions / VIP,"VIP treatment, rewards, and premium offers"
18259,3,Champions / VIP,"VIP treatment, rewards, and premium offers"
18260,2,At Risk / Needs Attention,Retention campaigns and targeted incentives
18261,4,Loyal Customers,"Loyalty rewards, cross-sell, and upsell"
18262,1,New / One-Time,Second-purchase campaigns and onboarding
18263,3,Champions / VIP,"VIP treatment, rewards, and premium offers"
18265,2,At Risk / Needs Attention,Retention campaigns and targeted incentives
18268,0,Dormant / Lost,Win-back campaigns and reactivation offers
18269,0,Dormant / Lost,Win-back campaigns and reactivation offers
18270,2,At Risk / Needs Attention,Retention campaigns and targeted incentives
18272,3,Champions / VIP,"VIP treatment, rewards, and premium offers"
18273,4,Loyal Customers,"Loyalty rewards, cross-sell, and upsell"
18274,1,New / One-Time,Second-purchase campaigns and onboarding
18276,1,New / One-Time,Second-purchase campaigns and onboarding
18277,1,New / One-Time,Second-purchase campaigns and onboarding
18278,1,New / One-Time,Second-purchase campaigns and onboarding
18280,0,Dormant / Lost,Win-back campaigns and reactivation offers
18281,0,Dormant / Lost,Win-back campaigns and reactivation offers
18282,4,Loyal Customers,"Loyalty rewards, cross-sell, and upsell"
18283,3,Champions / VIP,"VIP treatment, rewards, and premium offers"
18287,4,Loyal Customers,"Loyalty rewards, cross-sell, and upsell"
