CustomerID,Recency,Frequency,Monetary,Customer_Lifetime,Purchase_Frequency,Repeat_Rate,Churn_Risk,Engagement_Score,Days_Since_First,Average_Basket_Size
12346,326,0.6931471805599453,11.253955234248428,0,0.0,0.0,1.0,0.1501192964449634,325,11.214735039333107
12347,2,2.0794415416798357,8.368925174747135,365,0.40088844108075256,1.0,0.0222222222222222,0.3145961846653805,366,5.864036937421478
12348,75,1.6094379124341003,7.494563687769957,282,0.27613152200057794,1.0,0.8333333333333334,0.2481467969707122,357,6.373746319760489
12349,19,0.6931471805599453,7.472244884833674,0,0.0,0.0,0.2111111111111111,0.2887037046596514,18,6.448889394146858
12350,310,0.6931471805599453,5.815323849389109,0,0.0,0.0,1.0,0.0532496681430889,309,5.288267030694535
12352,36,2.1972245773362196,7.826858053356098,260,0.5260930958967791,1.0,0.4,0.2861836731656268,296,4.219507705176107
12353,204,0.6931471805599453,4.499809670330265,0,0.0,0.0,1.0,0.1379260924382279,203,3.044522437723423
12354,232,0.6931471805599453,6.985086621918461,0,0.0,0.0,1.0,0.1168800162666963,231,6.274762021241939
12355,214,0.6931471805599453,6.132095676847728,0,0.0,0.0,1.0,0.1304334558715412,213,5.484796933490655
12356,23,1.3862943611198906,7.941804157314053,302,0.18067002875548163,1.0,0.2555555555555555,0.2898703978217368,325,6.275389570682051
12357,33,0.6931471805599453,8.733701981297274,0,0.0,0.0,0.3666666666666666,0.2838263982394651,32,7.904334842085095
12358,2,1.0986122886681096,7.063955286074528,149,0.18343949989529582,1.0,0.0222222222222222,0.3029339655937467,150,4.8283137373023015
12359,58,1.6094379124341003,8.759916600117213,274,0.28402576124867046,1.0,0.6444444444444445,0.2683145549004604,331,6.007583928987866
12360,52,1.3862943611198906,7.887231116540211,148,0.3403258059372029,1.0,0.5777777777777777,0.2663951369126118,200,5.9644358747200625
12361,287,0.6931471805599453,5.251749730731702,0,0.0,0.0,1.0,0.0714925892081426,286,4.5217885770490405
12362,3,2.3978952727983707,8.56163678004062,292,0.6547480476254094,1.0,0.0333333333333333,0.3194082033618118,295,5.411199523604709
12363,110,1.0986122886681096,6.315358001522335,132,0.2034010725850085,1.0,1.0,0.2154235109150651,241,5.3230099791384085
12364,8,1.6094379124341003,7.180907299649593,104,0.6190392084062234,1.0,0.0888888888888888,0.3011989924235685,111,5.933570568689079
12365,291,1.0986122886681096,6.465180028897591,0,0.0,1.0,1.0,0.070363936973701,290,4.477336814478207
12367,4,0.6931471805599453,5.135210028677887,0,0.0,0.0,0.0444444444444444,0.2984679588590673,3,5.159055299214529
12370,51,1.6094379124341003,8.173770053153254,309,0.25562013999211797,1.0,0.5666666666666667,0.2698940830996063,359,6.378850541816241
12371,45,1.0986122886681096,7.543781692052325,14,1.0986122886681096,1.0,0.5,0.2694696594088605,59,5.69204721843778
12372,72,1.3862943611198906,7.169380809114136,224,0.23638877806423034,1.0,0.8,0.2484051888618329,296,5.582242390122105
12373,311,0.6931471805599453,5.901539839579995,0,0.0,0.0,1.0,0.0524906402422402,310,5.288267030694535
12374,25,0.6931471805599453,6.6119469443852195,0,0.0,0.0,0.2777777777777778,0.2824424789979234,24,5.83773044716594
12375,11,1.0986122886681096,6.127960291696519,87,0.29334780998745824,1.0,0.1222222222222222,0.2947003748789862,97,4.499809670330265
12377,315,1.0986122886681096,7.395795270713971,39,0.5705448584676129,1.0,1.0,0.052521192224753,354,6.159095388491933
12378,130,0.6931471805599453,8.29645175271804,0,0.0,0.0,1.0,0.2028797213797737,129,7.835974581721566
12379,82,1.0986122886681096,6.749040867823617,88,0.2904871233793895,1.0,0.9111111111111112,0.2383120028919388,169,5.320567975482857
12380,22,1.6094379124341003,7.910520910634419,164,0.4374678391943382,1.0,0.2444444444444444,0.2919842916818755,185,5.64456311499623
12381,5,1.791759469228055,7.520944331624911,115,0.7146533857809089,1.0,0.0555555555555555,0.305800557227863,119,5.0912931971137105
12383,185,1.791759469228055,7.523783805985769,167,0.538996500732687,1.0,1.0,0.1614230249755597,351,5.728149831104496
12384,29,1.0986122886681096,6.373780434317173,92,0.27958486221916157,1.0,0.3222222222222222,0.2804442665734475,121,4.1588830833596715
12386,338,1.0986122886681096,5.998688392197302,29,0.7102416139192453,1.0,1.0,0.0323215394663546,366,5.181783550292085
12388,16,1.9459101490553132,7.930803150780257,311,0.39360513081741433,1.0,0.1777777777777777,0.2997476663558632,326,5.499896739946406
12390,80,0.6931471805599453,6.311444385858925,0,0.0,0.0,0.8888888888888888,0.2380491918939646,79,5.869296913133774
12391,22,0.6931471805599453,6.1353267674944725,0,0.0,0.0,0.2444444444444444,0.2844462780651146,21,5.707110264748875
12393,72,1.6094379124341003,7.3674560152319755,260,0.2972515234679316,1.0,0.8,0.2502468109586249,332,5.3230099791384085
12394,64,1.0986122886681096,7.149508589545504,153,0.17798315519535646,1.0,0.7111111111111111,0.2533504070239555,216,6.017375928892483
12395,19,2.5649493574615367,8.012889586306857,351,0.6164133863285558,1.0,0.2111111111111111,0.3062933966261101,370,5.178970608915471
12397,36,1.0986122886681096,7.7877554007552545,99,0.26236426446749106,1.0,0.4,0.2774339910977085,134,6.4496802206016755
12398,46,0.6931471805599453,7.400412858792405,0,0.0,0.0,0.5111111111111111,0.2668719501046424,45,7.240649694255466
12399,119,1.6094379124341003,7.011799929268738,142,0.49091031406504915,1.0,1.0,0.211869702583896,261,5.688668836846153
12401,303,0.6931471805599453,4.446174454497633,0,0.0,0.0,1.0,0.0585076183832744,302,2.4849066497880004
12402,323,0.6931471805599453,5.423186348593906,0,0.0,0.0,1.0,0.0426665463630676,322,4.553876891600541
12403,50,0.6931471805599453,6.0607573736039315,0,0.0,0.0,0.5555555555555556,0.2619390055923757,49,4.574710978503383
12405,149,0.6931471805599453,7.445061184797548,0,0.0,0.0,1.0,0.1843583078992577,148,6.754604099487962
12406,22,1.0986122886681096,8.136313373066384,161,0.17086906306216681,1.0,0.2444444444444444,0.2900991673145537,183,6.813444599510896
12407,50,1.791759469228055,7.4437338971514055,214,0.4434925036974036,1.0,0.5555555555555556,0.2695084589265493,263,5.649678215663
12408,33,1.791759469228055,7.968856059639959,227,0.33270575382573603,1.0,0.3666666666666666,0.2848299112701434,259,5.644739934022418
12409,79,1.3862943611198906,9.312325497408466,103,0.4554755286828257,1.0,0.8777777777777778,0.2567437059637837,182,7.523661379198635
12410,309,1.0986122886681096,6.542947351813216,0,0.0,1.0,1.0,0.0559995940199559,308,4.66814498514948
12412,75,1.3862943611198906,7.1130443840624835,94,0.4895482253187058,1.0,0.8333333333333334,0.245897189349555,168,5.625220152153099
12413,67,1.3862943611198906,6.632133521022722,270,0.19999955449736198,1.0,0.7444444444444445,0.2516451083176279,336,4.567814399444322
12414,217,1.3862943611198906,6.334007604663526,93,0.4978384282391795,1.0,1.0,0.131044901102714,309,4.61512051684126
12415,24,3.091042453358316,11.735393027855736,313,0.8910548407443037,1.0,0.2666666666666666,0.4892103284141789,337,8.212155020284555
12417,3,2.302585092994046,8.202509843461513,354,0.5175824062288705,1.0,0.0333333333333333,0.3157214103439953,357,5.155857343179212
12418,113,0.6931471805599453,6.506650650150935,0,0.0,0.0,1.0,0.2117481075115856,112,6.0112671744041615
12420,64,0.6931471805599453,6.3992436425478765,0,0.0,0.0,0.7111111111111111,0.2509555776834362,63,5.846438775057724
12421,16,1.6094379124341003,6.69461156224626,303,0.25932320789171215,1.0,0.1777777777777777,0.2940594688068875,318,4.804021044733257
12422,96,1.3862943611198906,6.690295544136225,229,0.23270468455819246,1.0,1.0,0.2284479713403157,324,4.822966130975706
12423,1,2.1972245773362196,7.528498419486568,352,0.4668115712063936,1.0,0.0111111111111111,0.3133353187683949,353,5.126193634730528
12424,163,1.0986122886681096,7.474182104762846,0,0.0,1.0,1.0,0.1746359578147209,162,5.916202062607435
12425,78,0.6931471805599453,6.6569835605504535,0,0.0,0.0,0.8666666666666667,0.2399780311613421,77,6.208590026096629
12426,195,0.6931471805599453,6.369438547154207,0,0.0,0.0,1.0,0.1458501537574386,194,5.556828061699537
12427,22,1.3862943611198906,6.717562827807614,349,0.1582240052148941,1.0,0.2444444444444444,0.2878380081791651,371,5.185521872402692
12428,26,2.302585092994046,8.981865132439246,257,0.5292593254548287,1.0,0.2888888888888888,0.3034210596776791,283,5.976068861630009
12429,9,1.6094379124341003,8.22988438262624,356,0.22538822116803356,1.0,0.1,0.3038761505118716,365,5.9667875593955415
12430,43,0.6931471805599453,5.5506312951620265,0,0.0,0.0,0.4777777777777778,0.2673094444935829,42,4.770684624465665
12431,36,2.772588722239781,8.777778952206313,338,0.7672551527136671,1.0,0.4,0.3019150667545399,373,5.27163110128553
12432,43,1.791759469228055,8.529185001388596,129,0.3794896217049037,1.0,0.4777777777777778,0.2799073408283743,171,5.88943182154283
12433,1,2.0794415416798357,9.50128237507538,372,0.3380030444211074,1.0,0.0111111111111111,0.3283400442268767,372,7.366806289537736
12434,85,1.0986122886681096,6.6934971352559,175,0.15739217375142925,1.0,0.9444444444444444,0.2358397770578995,259,5.288267030694535
12435,80,1.0986122886681096,8.965831447914955,188,0.14805309995913982,1.0,0.8888888888888888,0.2498770234233733,267,6.935856709093012
12436,100,0.6931471805599453,6.234430333369278,0,0.0,0.0,1.0,0.2219481254596478,99,5.356586274672012
12437,2,2.9444389791664403,8.507629605767502,329,0.8209805520698302,1.0,0.0222222222222222,0.3313012846448434,330,5.095793102436563
12438,14,1.0986122886681096,7.9751692554798295,125,0.21357410029805896,1.0,0.1555555555555555,0.2957904565214244,139,6.3818160174060985
12441,367,0.6931471805599453,5.162211233551045,0,0.0,0.0,1.0,0.0072981262438492,366,4.804021044733257
12442,3,0.6931471805599453,5.153638355178593,0,0.0,0.0,0.0333333333333333,0.29927460886311,2,5.209486152841421
12444,21,1.791759469228055,8.518484357502437,149,0.5877866649021191,1.0,0.2333333333333333,0.2974775133665912,170,5.4450117456988405
12445,22,0.6931471805599453,4.900820428089049,0,0.0,0.0,0.2444444444444444,0.2839787791869677,21,4.143134726391533
12446,58,0.6931471805599453,6.9110598129904375,0,0.0,0.0,0.6444444444444445,0.2563421611800887,57,5.863631175598097
12447,243,0.6931471805599453,6.168543217293113,0,0.0,0.0,1.0,0.107195820121219,242,5.25227342804663
12448,44,0.6931471805599453,6.110247083097449,0,0.0,0.0,0.4888888888888889,0.2667828884004419,43,5.497168225293202
12449,22,1.6094379124341003,8.310978042729836,164,0.4353180712578455,1.0,0.2444444444444444,0.2939007101799506,186,5.964221810714108
12450,156,1.0986122886681096,5.292701627762401,17,1.0169342576538425,1.0,1.0,0.1780196014286605,172,4.174387269895637
12451,11,1.791759469228055,9.109029423519523,313,0.32365154819215153,1.0,0.1222222222222222,0.3112518993403749,324,7.182352111885263
12452,17,1.0986122886681096,6.067429722163682,0,0.0,1.0,0.1888888888888888,0.2898490975117311,16,4.537961436294641
12453,134,0.6931471805599453,6.562571204258897,0,0.0,0.0,1.0,0.1949581615622398,133,6.161207321695077
12454,56,0.6931471805599453,8.168866163607964,0,0.0,0.0,0.6222222222222222,0.2615524003260269,55,6.914730892718563
12455,73,1.9459101490553132,7.81110665732229,223,0.5144066481836967,1.0,0.8111111111111111,0.2535777851075974,296,5.855549363128183
12456,44,1.3862943611198906,8.065277779528966,210,0.25131442828090605,1.0,0.4888888888888889,0.2735531041016329,254,6.301397228494583
12457,66,2.0794415416798357,7.768207666517555,172,0.7131764624355179,1.0,0.7333333333333333,0.260480231058782,238,4.799326200429049
12458,71,1.0986122886681096,6.854776354191251,213,0.13176927763112334,1.0,0.7888888888888889,0.2472713752095768,284,5.537334267018537
12461,94,1.0986122886681096,6.718868216346018,60,0.4054651081081644,1.0,1.0,0.2286501325081786,154,4.973279507552487
12462,19,1.0986122886681096,7.082204261557526,284,0.10008345855698249,1.0,0.2111111111111111,0.2893283364862129,302,5.594711379601839
12463,53,1.6094379124341003,7.204729049594601,188,0.3911791508606879,1.0,0.5888888888888889,0.2651479596068578,241,5.272999558563747
12464,10,2.1972245773362196,7.100893128209941,299,0.47125702402022873,1.0,0.1111111111111111,0.3051920901379322,308,2.70805020110221
12465,17,1.0986122886681096,6.610951732080795,152,0.18012616623051889,1.0,0.1888888888888888,0.2902939416303549,168,5.482720089545816
12468,188,1.0986122886681096,6.593783986707386,128,0.2090917978585594,1.0,1.0,0.1531101080876366,315,5.214935757608986
12471,2,3.4339872044851463,9.894701568567964,362,0.9456886028598201,1.0,0.0222222222222222,0.3697571721273232,364,5.615800930236607
12472,32,2.0794415416798357,8.790742363252102,336,0.4279599441560674,1.0,0.3555555555555555,0.2937612232503001,368,6.386157558234236
12473,29,1.791759469228055,8.278821782571185,162,0.44183275227903923,1.0,0.3222222222222222,0.2895373645527784,191,6.191953407857386
12474,17,2.9444389791664403,8.906093863622669,312,0.9315582040049435,1.0,0.1888888888888888,0.3227300526367422,329,5.599450236723941
12475,54,0.6931471805599453,6.585316116572351,0,0.0,0.0,0.6,0.2591525388752684,53,6.284134161070802
12476,16,2.4849066497880004,8.82723638014411,345,0.5768081884757955,1.0,0.1777777777777777,0.3126858323182884,360,5.393214237811657
12477,23,1.9459101490553132,9.489542087633343,278,0.4302451371066514,1.0,0.2555555555555555,0.3090346998387255,301,6.413185695791152
12478,4,0.6931471805599453,6.525014994979364,0,0.0,0.0,0.0444444444444444,0.2991989781283892,3,5.4680601411351315
12479,11,0.6931471805599453,6.269474999863032,0,0.0,0.0,0.1222222222222222,0.2933644663996247,10,5.955837369464831
12480,28,1.6094379124341003,8.096400209353131,307,0.25635222231086324,1.0,0.3111111111111111,0.2879663297444601,335,6.058538912772303
12481,23,2.3978952727983707,8.630043190742814,342,0.4776275543563949,1.0,0.2555555555555555,0.3038937338892591,365,5.803326104992463
12483,17,2.1972245773362196,7.8184222269860015,322,0.5020919437972361,1.0,0.1888888888888888,0.3013942512829339,338,4.939855112035208
12484,33,1.9459101490553132,8.421281230578023,303,0.4010694966351263,1.0,0.3666666666666666,0.2886252529908035,335,5.903088603156555
12488,10,1.3862943611198906,7.169857970780942,65,0.6466271649250525,1.0,0.1111111111111111,0.2981386942457575,75,5.1780312006735345
12489,336,0.6931471805599453,5.816902804925467,0,0.0,0.0,1.0,0.0323948097559987,335,4.663439094112067
12490,5,2.3978952727983707,8.597653657970227,324,0.6061358035703156,1.0,0.0555555555555555,0.3180775810777811,329,5.728149831104496
12491,39,0.6931471805599453,6.134265345739653,0,0.0,0.0,0.4333333333333333,0.2708092149434223,38,5.564520407322694
12492,63,1.0986122886681096,5.5767442414854775,42,0.538996500732687,1.0,0.7,0.2527117918620321,104,4.574710978503383
12493,166,1.0986122886681096,6.0747481512447195,31,0.661398482245365,1.0,1.0,0.1703349061760112,196,4.6491870714048655
12494,16,2.0794415416798357,7.128576134926702,349,0.4149438520627081,1.0,0.1777777777777777,0.2989924563075071,365,4.624972813284271
12497,82,0.6931471805599453,6.950910549296065,0,0.0,0.0,0.9111111111111112,0.2371490528665035,81,7.1204443723924875
12498,21,1.3862943611198906,6.00314605188182,36,0.6061358035703156,1.0,0.2333333333333333,0.2880375905691715,57,3.9889840465642745
12500,23,2.4849066497880004,8.356747405587967,310,0.626455806061273,1.0,0.2555555555555555,0.3034184036236428,333,5.499029383470494
12501,337,0.6931471805599453,7.682662153888476,0,0.0,0.0,1.0,0.0342114010370648,336,7.486613313139955
12502,96,1.791759469228055,8.222787230875806,214,0.4451649779548489,1.0,1.0,0.235487588819527,309,5.10594547390058
12504,18,1.0986122886681096,6.180120167963518,12,1.252762968495368,1.0,0.2,0.2891204472594425,29,3.828641396489095
12506,233,0.6931471805599453,4.310799125385514,0,0.0,0.0,1.0,0.1146419337759426,232,3.1780538303479458
12507,134,1.3862943611198906,7.174578816863813,164,0.31177962403084136,1.0,1.0,0.1986822328586818,298,5.700443573390686
12508,26,1.0986122886681096,5.989637879766574,2,2.3978952727983707,1.0,0.2888888888888888,0.2825837372439824,28,4.919980925828125
12509,284,0.6931471805599453,5.178970608915471,0,0.0,0.0,1.0,0.073879877537984,283,4.02535169073515
12510,143,1.0986122886681096,6.8911888096735625,182,0.1518060128680041,1.0,1.0,0.1895675704307365,324,5.178970608915471
12512,66,1.0986122886681096,4.9346897371814515,0,0.0,1.0,0.7333333333333333,0.250126677661069,65,3.9219733362813143
12513,113,0.6931471805599453,6.418837907265026,0,0.0,0.0,1.0,0.2116677523500512,112,6.137727054086234
12514,267,0.6931471805599453,6.926262950537876,0,0.0,0.0,1.0,0.0887170433555428,266,6.089044875446846
12515,353,0.6931471805599453,5.95246380975825,0,0.0,0.0,1.0,0.0188280663226557,352,4.882801922586371
12516,78,1.0986122886681096,7.180115570136106,102,0.25562013999211797,1.0,0.8666666666666667,0.2421769617841963,180,6.083359811812238
12517,28,1.791759469228055,7.825580832414862,161,0.44183275227903923,1.0,0.3111111111111111,0.2882899973019455,189,5.617498106059188
12518,1,1.791759469228055,7.629436465014086,109,0.7375989431307791,1.0,0.0111111111111111,0.3093111482874809,109,5.5782192516808555
12519,64,0.6931471805599453,5.83434279133577,0,0.0,0.0,0.7111111111111111,0.2505850645873935,63,5.214935757608986
12520,79,1.791759469228055,7.876737127834484,194,0.4815348268449252,1.0,0.8777777777777778,0.2475685112130509,273,5.665734407018671
12521,143,0.6931471805599453,6.39806234681208,0,0.0,0.0,1.0,0.187585580186251,142,5.736572297479192
12522,39,1.0986122886681096,5.266413817535028,12,1.252762968495368,1.0,0.4333333333333333,0.2718625027995723,50,4.584967478670572
12523,19,2.4849066497880004,7.490400973937009,312,0.6737290947028437,1.0,0.2111111111111111,0.3031037663744613,331,4.377470818138021
12524,9,2.1972245773362196,8.408877201532766,324,0.49965232316786545,1.0,0.1,0.310667462105907,333,6.138536661470896
12526,1,1.3862943611198906,7.183612715167257,93,0.49365782014362525,1.0,0.0111111111111111,0.3053836409620771,93,5.355012710224582
12527,82,1.3862943611198906,5.857104239599851,243,0.2198594761130198,1.0,0.9111111111111112,0.2390286099016173,325,4.3694478524670215
12528,9,1.9459101490553132,7.567593835498341,303,0.40215931997366483,1.0,0.1,0.3041532723102265,312,4.844187086458591
12530,60,1.6094379124341003,7.416546835435133,277,0.2813443418672318,1.0,0.6666666666666666,0.2599862242873939,336,5.434813111136574
12531,15,0.6931471805599453,4.838026416156094,0,0.0,0.0,0.1666666666666666,0.2895820753265739,14,3.828641396489095
12532,30,0.6931471805599453,5.860301775655642,0,0.0,0.0,0.3333333333333333,0.2778706252746206,29,5.0369526024136295
12534,131,0.6931471805599453,6.9940980992041535,0,0.0,0.0,1.0,0.1979100202035971,130,6.480044561926653
12535,92,1.0986122886681096,6.575563866544399,94,0.2744368457017603,1.0,1.0,0.2300966266781881,186,4.705015520957808
12536,43,1.3862943611198906,9.441676670894656,15,1.0560526742493137,1.0,0.4777777777777778,0.2878036194444717,58,6.840902971994296
12538,29,0.6931471805599453,5.899760357897641,0,0.0,0.0,0.3222222222222222,0.2786929209096886,28,5.2574953720277815
12539,22,1.6094379124341003,8.625033629522884,311,0.254168515127335,1.0,0.2444444444444444,0.2960435049707263,333,6.249492500275694
12540,20,2.8903717578961645,9.503102518971122,342,0.8769296579935747,1.0,0.2222222222222222,0.3274882581899868,361,5.976947924241039
12541,30,1.3862943611198906,6.889774590946187,251,0.21433997304745023,1.0,0.3333333333333333,0.2816427041049478,280,5.42788257090268
12544,36,0.6931471805599453,5.923453336491439,0,0.0,0.0,0.4,0.2730904384570974,35,4.919980925828125
12545,75,1.0986122886681096,6.9091443138264115,184,0.1510402574128658,1.0,0.8333333333333334,0.244138463401818,259,5.570251082031678
12546,47,1.0986122886681096,7.058328137461511,31,0.676886659688165,1.0,0.5222222222222223,0.2668283443709767,77,5.760477818332746
12547,198,1.0986122886681096,5.341376856008484,82,0.30854721091574266,1.0,1.0,0.1443439228655712,280,4.219507705176107
12548,166,0.6931471805599453,4.566429357671661,0,0.0,0.0,1.0,0.1684162264913773,165,3.912023005428146
12550,79,0.6931471805599453,6.872987835288763,0,0.0,0.0,0.8777777777777778,0.2394437379039532,78,6.345636360828596
12551,358,0.6931471805599453,5.1298987149230735,0,0.0,0.0,1.0,0.0145094548387594,357,4.61512051684126
12552,39,1.0986122886681096,6.084089306213804,0,3.4339872044851463,1.0,0.4333333333333333,0.2722123882160241,39,3.8066624897703196
12553,8,2.3978952727983707,8.214270231095687,321,0.6103748942760824,1.0,0.0888888888888888,0.3132077622155835,329,5.285738584341177
12556,50,1.0986122886681096,6.404749004268278,100,0.26007680635989205,1.0,0.5555555555555556,0.2636256702760471,150,5.19295685089021
12557,16,1.791759469228055,9.391991704219832,355,0.2911970145592254,1.0,0.1777777777777777,0.311460157050795,371,6.777418777254134
12558,8,0.6931471805599453,5.601971208509516,0,0.0,0.0,0.0888888888888888,0.2954036679895739,7,5.2832037287379885
12559,311,1.0986122886681096,6.33276439774036,8,1.466337068793427,1.0,1.0,0.0542074256206775,319,4.959341999708705
12560,5,1.3862943611198906,7.666226609492505,137,0.3610133455373305,1.0,0.0555555555555555,0.3033418691662281,142,5.916202062607435
12561,303,0.6931471805599453,5.480013727948073,0,0.0,0.0,1.0,0.0587282417660269,302,5.181783550292085
12562,8,2.0794415416798357,8.238203893748778,190,0.666478933477784,1.0,0.0888888888888888,0.309029248155613,198,5.5418236123811315
12564,261,0.6931471805599453,6.12665081966305,0,0.0,0.0,1.0,0.0927293523094855,260,4.897839799950911
12565,289,0.6931471805599453,4.989888220951467,0,0.0,0.0,1.0,0.0698255287562238,288,4.394449154672439
12566,86,0.6931471805599453,5.865476063654188,0,0.0,0.0,0.9555555555555556,0.2329534372667276,85,5.583496308781699
12567,23,2.3978952727983707,9.148707492038316,346,0.5257000398812373,1.0,0.2555555555555555,0.3093253944938385,369,6.067267510523482
12569,2,3.4965075614664802,8.324988557507531,250,1.3862943611198906,1.0,0.0222222222222222,0.3502168181983543,251,4.047973345039979
12571,40,1.0986122886681096,6.255001200981438,81,0.31177962403084136,1.0,0.4444444444444444,0.2715270061276386,121,5.570251082031678
12572,9,1.0986122886681096,6.928949094989139,43,0.5292593254548287,1.0,0.1,0.2971082331196177,51,5.424950017481403
12573,227,0.6931471805599453,5.08475279001415,0,0.0,0.0,1.0,0.1195790194352537,226,4.442651256490317
12574,316,0.6931471805599453,5.391124416134243,0,0.0,0.0,1.0,0.0482713128493852,315,4.127134385045092
12576,36,1.791759469228055,7.182982612166326,268,0.36886796401660715,1.0,0.4,0.2801784032065503,304,5.2699178920263385
12577,35,1.3862943611198906,6.490419998303485,323,0.08855339734144499,1.0,0.3888888888888889,0.2771703771512697,358,5.064702515366531
12578,21,1.0986122886681096,7.935769837637909,308,0.09265883048270479,1.0,0.2333333333333333,0.2900151155413826,329,6.395261598115449
12579,78,0.6931471805599453,6.0899968031722285,0,0.0,0.0,0.8666666666666667,0.2394972706123717,77,5.655991810819852
12580,247,0.6931471805599453,6.032366538428407,0,0.0,0.0,1.0,0.1039004849650967,246,5.476463551931511
12581,40,0.6931471805599453,5.291846475417725,0,0.0,0.0,0.4444444444444444,0.2696320803937584,39,5.087596335232384
12582,239,1.0986122886681096,6.239027502962935,49,0.4700036292457356,1.0,1.0,0.1118895606295394,288,5.017279836814924
12583,3,2.772588722239781,8.89321301083995,370,0.7570959051602187,1.0,0.0333333333333333,0.3295190068000485,373,5.824031602807778
12584,4,2.302585092994046,7.757542894498013,276,0.6240253683210906,1.0,0.0444444444444444,0.3130478625481065,279,3.8548645915881976
12585,234,1.0986122886681096,7.621244157199997,117,0.22825865198098017,1.0,1.0,0.1180825643909463,350,6.4622491213367885
12586,17,0.6931471805599453,5.2879639544685455,0,0.0,0.0,0.1888888888888888,0.2880801790634902,16,4.382026634673881
12587,8,0.6931471805599453,4.976733742420574,0,0.0,0.0,0.0888888888888888,0.2952238574344688,7,3.9512437185814275
12588,39,0.6931471805599453,5.3748153375207615,0,0.0,0.0,0.4333333333333333,0.2704587585185389,38,3.9889840465642745
12589,29,1.0986122886681096,6.473396747218992,115,0.23001643060197174,1.0,0.3222222222222222,0.2805319306429061,144,5.0369526024136295
12590,211,1.0986122886681096,9.196774773912752,0,0.0,1.0,1.0,0.147700915577023,210,7.669728650471935
12591,317,0.6931471805599453,6.117766746972636,0,0.0,0.0,1.0,0.047803784752859,316,5.43372200355424
12592,92,1.0986122886681096,6.083587835983788,121,0.2214892912181832,1.0,1.0,0.2296987051774295,212,4.983606621708336
12593,109,1.3862943611198906,6.038109554931026,110,0.4353180712578455,1.0,1.0,0.2174699115785908,218,4.243721963296702
12594,38,2.3978952727983707,8.113492525763553,285,0.6109090823229733,1.0,0.4222222222222222,0.2886381629793742,322,5.185708422165383
12596,51,1.0986122886681096,6.428541364981557,190,0.1458892734711229,1.0,0.5666666666666667,0.2628443159455236,241,5.472270673671475
12597,19,1.6094379124341003,8.245966975595675,248,0.30854721091574266,1.0,0.2111111111111111,0.2959415819695621,267,6.327936783729195
12598,10,2.1972245773362196,8.01436219197595,275,0.5035263212843791,1.0,0.1111111111111111,0.3077773736375516,284,5.5073619934827445
12599,29,2.0794415416798357,6.940783782995926,275,0.5035263212843791,1.0,0.3222222222222222,0.2882598445200977,303,4.924143262742812
12600,29,2.3978952727983707,7.863282108506616,342,0.5806344887702715,1.0,0.3222222222222222,0.2948022192851308,370,4.361823927356363
12601,190,1.791759469228055,6.359677669513258,142,0.6093094019178573,1.0,1.0,0.155594381694345,332,3.912023005428146
12602,59,0.6931471805599453,5.037731519757957,0,0.0,0.0,0.6555555555555556,0.254327785517618,58,5.093750200806762
12603,22,0.6931471805599453,6.606920419952056,0,0.0,0.0,0.2444444444444444,0.2848435714565984,21,4.1588830833596715
12604,79,1.0986122886681096,5.541969178493598,182,0.1525795875952171,1.0,0.8777777777777778,0.2398646767477586,261,4.620058798481842
12607,60,0.6931471805599453,7.3655028587473295,0,0.0,0.0,0.6666666666666666,0.255561848271995,59,7.113956109566034
12609,78,1.3862943611198906,7.0280684444921455,240,0.22314355131420976,1.0,0.8666666666666667,0.2433479773037277,317,5.37989735354046
12610,23,1.791759469228055,7.6499497335130995,103,0.7672551527136671,1.0,0.2555555555555555,0.2917249732379689,125,5.350909816667207
12611,52,0.6931471805599453,7.085332264745334,0,0.0,0.0,0.5777777777777777,0.2614276662059787,51,6.741700694652055
12612,74,0.6931471805599453,6.558254538791405,0,0.0,0.0,0.8222222222222222,0.2430821498689383,73,5.572154032177765
12613,57,1.791759469228055,8.115335568501695,204,0.256719846847814,1.0,0.6333333333333333,0.2662292813051676,261,5.7984864101254985
12614,278,0.6931471805599453,5.757639147446912,0,0.0,0.0,1.0,0.0788912799446655,277,4.343805421853684
12615,2,1.6094379124341003,7.73726297143202,166,0.43318965612301924,1.0,0.0222222222222222,0.3074080707402822,167,5.84354441703136
12616,95,1.0986122886681096,6.571303042160927,202,0.1384696742651052,1.0,1.0,0.2276858556265978,296,4.962844630259907
12617,29,0.6931471805599453,5.876418387786465,0,0.0,0.0,0.3222222222222222,0.2786809011822038,28,5.365976015021851
12618,22,0.6931471805599453,5.183523608545955,0,0.0,0.0,0.2444444444444444,0.2840414616375446,21,4.574710978503383
12619,16,2.302585092994046,8.200354155974704,237,0.6994563497532099,1.0,0.1777777777777777,0.3052823825416838,252,5.930475275481553
12620,15,1.3862943611198906,7.20073081629489,189,0.2744368457017603,1.0,0.1666666666666666,0.2941861705425591,204,5.978041526775842
12621,2,3.044522437723423,9.524469857917655,364,0.8409986269592166,1.0,0.0222222222222222,0.3466461483853592,365,5.921578419643816
12622,232,0.6931471805599453,5.199049364889367,0,0.0,0.0,1.0,0.1155962465603923,231,4.248495242049359
12623,276,0.6931471805599453,5.723911845951367,0,0.0,0.0,1.0,0.0804805690482028,275,5.2574953720277815
12624,106,1.0986122886681096,6.464790775403018,71,0.352440639799944,1.0,1.0,0.2187593020185649,177,5.184588601219694
12625,212,1.0986122886681096,7.895368965589599,107,0.245122458032985,1.0,1.0,0.1366485470834204,318,6.693323668269949
12626,23,2.302585092994046,8.798074188898816,303,0.5833765144245663,1.0,0.2555555555555555,0.3039203371789167,326,5.952377158399935
12627,11,2.0794415416798357,8.407273409191232,129,0.8690378470236095,1.0,0.1222222222222222,0.3076175134559183,139,5.976713425161973
12628,4,1.3862943611198906,6.668812575758953,60,0.6931471805599453,1.0,0.0444444444444444,0.3022203521737158,64,5.012855050834569
12630,10,1.0986122886681096,7.1482513998271635,34,0.6325225587435105,1.0,0.1111111111111111,0.2966636310116196,43,5.616771097666572
12631,57,0.6931471805599453,6.463809184055691,0,0.0,0.0,0.6333333333333333,0.2566278088159452,56,5.4680601411351315
12633,59,1.6094379124341003,7.6801664025186325,229,0.3314690992306049,1.0,0.6555555555555556,0.2615045506501386,287,5.675040005790547
12635,90,1.0986122886681096,7.432590311121191,65,0.3794896217049037,1.0,1.0,0.2330896400842939,154,6.375024819828097
12637,67,2.1972245773362196,8.70332414988414,256,0.5324647988694718,1.0,0.7444444444444445,0.2663363272658526,323,5.930253816063085
12638,33,0.6931471805599453,6.511284599453549,0,0.0,0.0,0.3666666666666666,0.2759236700967934,32,6.359573868672378
12639,239,0.6931471805599453,6.188469440812497,0,0.0,0.0,1.0,0.1104180947485204,238,5.308267697401205
12640,24,1.3862943611198906,7.06951692181073,57,0.7102416139192453,1.0,0.2666666666666666,0.2867316209062166,81,4.650780697240144
12641,115,0.6931471805599453,5.230573714461517,0,0.0,0.0,1.0,0.2094547935623294,114,4.290459441148391
12642,25,1.3862943611198906,6.9219145615400475,82,0.5491078103370076,1.0,0.2777777777777778,0.2856991941683264,107,5.220355825078325
12643,128,1.9459101490553132,8.11541328460481,204,0.462623521948113,1.0,1.0,0.2107131875014587,332,5.711530161447027
12644,130,0.6931471805599453,6.171512688316606,0,0.0,0.0,1.0,0.1978395584310976,129,5.786897381366708
12645,34,1.6094379124341003,7.482220269767765,282,0.27613152200057794,1.0,0.3777777777777777,0.2810030063904699,315,5.605802066295998
12646,5,1.0986122886681096,7.206355036031724,44,0.5108256237659907,1.0,0.0555555555555555,0.300782946277683,48,6.108135853911675
12647,22,2.5649493574615367,8.222505302105255,346,0.6230215145540413,1.0,0.2444444444444444,0.3048922255823998,368,4.78957290898587
12648,155,0.6931471805599453,5.765347830314356,0,0.0,0.0,1.0,0.177557878975587,154,5.081404364984463
12649,107,1.3862943611198906,6.4369673422476765,105,0.25131442828090605,1.0,1.0,0.2193674167582852,211,5.2798138949834765
12650,3,0.6931471805599453,5.753968489569372,0,0.0,0.0,0.0333333333333333,0.2994778593143316,2,5.541263545158426
12651,335,0.6931471805599453,4.74493212836325,0,0.0,0.0,1.0,0.0328815665614584,334,4.3694478524670215
12652,331,0.6931471805599453,6.82543832049292,0,0.0,0.0,1.0,0.037240676150407,330,6.226536669287466
12653,149,1.0986122886681096,7.701132335950876,147,0.18457127652797006,1.0,1.0,0.1865067042759171,296,6.132312855695361
12654,11,1.791759469228055,6.401884028681278,284,0.2744368457017603,1.0,0.1222222222222222,0.2992128432201673,294,3.9852734671677386
12656,17,1.791759469228055,8.30700781907883,216,0.44183275227903923,1.0,0.1888888888888888,0.2993238004258882,233,5.845282036929901
12657,11,1.6094379124341003,7.4049970586737315,67,0.6394944670676252,1.0,0.1222222222222222,0.2992637714690104,78,5.568344503761097
12658,19,0.6931471805599453,6.532407069777784,0,0.0,0.0,0.2111111111111111,0.2871741158235514,18,5.771441123130016
12659,30,0.6931471805599453,4.529152699564175,0,0.0,0.0,0.3333333333333333,0.2775021107080885,29,4.663439094112067
12660,11,0.6931471805599453,5.50573795739701,0,0.0,0.0,0.1222222222222222,0.2929617627032516,10,4.852030263919617
12662,1,2.4849066497880004,8.256031004164345,372,0.5445663045938038,1.0,0.0111111111111111,0.3204829767461155,372,5.236925404947172
12664,8,2.302585092994046,8.49349048870337,314,0.5677717008390305,1.0,0.0888888888888888,0.3134705345925434,322,4.9028025892930405
12665,325,0.6931471805599453,4.1588830833596715,0,0.0,0.0,1.0,0.0408301533607633,324,3.6375861597263857
12667,58,0.6931471805599453,6.431540399799522,0,0.0,0.0,0.6444444444444445,0.2557965911741337,57,5.981414211254481
12668,12,1.6094379124341003,8.244898785891763,343,0.23240287672700644,1.0,0.1333333333333333,0.3015507452208028,355,6.014936903293124
12669,151,1.3862943611198906,7.917547282845659,105,0.4485486942444761,1.0,1.0,0.1871003861095714,256,5.9206843650469345
12670,10,1.791759469228055,8.005383750527514,222,0.4321333551903257,1.0,0.1111111111111111,0.3034325676470936,232,5.636217155160435
12672,330,0.6931471805599453,5.424509391785796,0,0.0,0.0,1.0,0.0370520013573592,329,4.3694478524670215
12673,5,1.0986122886681096,6.415947661051908,321,0.0893451003358499,1.0,0.0555555555555555,0.2997316483790868,326,5.173320876373351
12674,39,1.6094379124341003,7.586600674831223,169,0.4269293467764642,1.0,0.4333333333333333,0.2772712773725534,207,5.6498541326306455
12676,25,1.9459101490553132,7.194729601037682,286,0.4204509793359691,1.0,0.2777777777777778,0.2904595515448681,310,4.724433606814909
12678,42,2.5649493574615367,9.777326645314199,311,0.5719418969736804,1.0,0.4666666666666667,0.3087000390500922,353,6.814817283322868
12679,59,1.6094379124341003,7.015730373647435,225,0.33647223662121295,1.0,0.6555555555555556,0.2600042830970004,283,4.93806460126142
12680,1,1.6094379124341003,6.761352837213469,112,0.5858181603294468,1.0,0.0111111111111111,0.3061711672189581,112,4.716264233493678
12681,15,3.1354942159291497,9.531593091360708,353,0.9611611775695554,1.0,0.1666666666666666,0.3392288657838547,367,5.839319430551118
12682,4,3.4657359027997265,9.416477734313304,367,1.1376936387105807,1.0,0.0444444444444444,0.3588307445786023,370,5.197605527239587
12683,4,2.772588722239781,9.045179131116987,361,0.6048758815188053,1.0,0.0444444444444444,0.3304230266809712,365,5.809542910335354
12684,8,2.0794415416798357,7.733959364615189,205,0.6279612006752497,1.0,0.0888888888888888,0.3068906645520202,212,5.65098428908923
12685,28,1.9459101490553132,7.960002460651312,65,1.1962507582320256,1.0,0.3111111111111111,0.2902396541939928,93,5.540609736701008
12686,372,0.6931471805599453,4.501364017262502,0,0.0,0.0,1.0,0.0031669340024089,371,4.68213122712422
12688,114,0.6931471805599453,8.491836408313453,0,0.0,0.0,1.0,0.2169490229410051,113,8.015987811027237
12689,26,1.0986122886681096,7.1297862115656185,101,0.25782910930209973,1.0,0.2888888888888888,0.2837961879971818,127,5.752572638825633
12690,206,0.6931471805599453,5.966172379820607,0,0.0,0.0,1.0,0.1367500849622588,205,4.672828834461906
12691,28,1.9459101490553132,6.94389432559801,329,0.3756428466455433,1.0,0.3111111111111111,0.2876311734768405,356,4.199705077879927
12693,127,1.6094379124341003,6.753332895580138,192,0.38441169891033206,1.0,1.0,0.2050917986069358,318,4.1705337005796475
12694,70,1.0986122886681096,6.769263030204804,112,0.2354568115475667,1.0,0.7777777777777778,0.2479625530335428,182,5.543222409643759
12695,7,1.6094379124341003,6.368358698228111,203,0.3669666299752799,1.0,0.0777777777777777,0.3009576135522858,209,4.02535169073515
12697,29,1.3862943611198906,6.865463454791294,140,0.35454501768090746,1.0,0.3222222222222222,0.2824111679201285,168,5.137757301535594
12700,8,1.6094379124341003,8.505320994961897,207,0.3595554068040865,1.0,0.0888888888888888,0.3063764543496185,214,6.610359514342717
12701,80,1.0986122886681096,6.682997926190526,162,0.1689399880981232,1.0,0.8888888888888888,0.2398384382423697,241,5.8289456176102075
12702,20,0.6931471805599453,5.393627546352361,0,0.0,0.0,0.2222222222222222,0.2857052530661925,19,3.9889840465642745
12703,71,0.6931471805599453,5.650908985049133,0,0.0,0.0,0.7888888888888889,0.2448883086427482,70,5.10594547390058
12704,7,2.1972245773362196,7.758692224146705,162,0.7472144018302211,1.0,0.0777777777777777,0.3092098787689449,169,4.842216642471293
12705,15,2.302585092994046,8.834816031986259,341,0.4787373092144902,1.0,0.1666666666666666,0.3106912034769577,356,6.0983239388895445
12707,292,0.6931471805599453,6.404269320519532,0,0.0,0.0,1.0,0.0680722025375461,291,5.54907608489522
12708,30,2.3978952727983707,7.906145678459555,338,0.5858181603294468,1.0,0.3333333333333333,0.2941626320729583,368,4.880526608749236
12709,15,2.772588722239781,9.18374174409217,351,0.7869021500974636,1.0,0.1666666666666666,0.3233981024526355,366,5.573673789309181
12710,97,1.3862943611198906,7.047534612510416,104,0.4519851237430572,1.0,1.0,0.2281389837348182,200,5.65131890512046
12712,29,2.639057329615259,8.388707334356674,342,0.717626444644725,1.0,0.3222222222222222,0.3016738232366033,370,4.415126583100227
12713,1,0.6931471805599453,6.744706797531768,0,0.0,0.0,0.0111111111111111,0.3018445906726784,0,6.2324480165505225
12714,9,1.791759469228055,8.45741346257719,285,0.35139788683788853,1.0,0.1,0.3066797790637711,294,6.421297011664441
12715,106,0.6931471805599453,5.871723345495433,0,0.0,0.0,1.0,0.216913811339649,105,5.288267030694535
12716,4,1.0986122886681096,6.960812516706486,129,0.20763936477824443,1.0,0.0444444444444444,0.3011661364288645,132,5.872117789475416
12717,151,1.0986122886681096,6.939234566008755,94,0.27698678333503296,1.0,1.0,0.1832195644267034,245,5.537334267018537
12718,71,0.6931471805599453,5.477509030333064,0,0.0,0.0,0.7888888888888889,0.2448236419378715,70,5.318119993844216
12719,5,1.0986122886681096,6.47072210140631,59,0.4054651081081644,1.0,0.0555555555555555,0.2997807979298352,64,5.236441962829949
12720,3,3.258096538021482,8.662631168498327,366,0.968836647398724,1.0,0.0333333333333333,0.34173229179964,368,5.2358034611587945
12721,32,1.9459101490553132,7.885001871924596,323,0.38144306526927646,1.0,0.3555555555555555,0.2867356725569705,354,5.791488055075306
12722,85,1.6094379124341003,6.906384339674138,65,0.8690378470236095,1.0,0.9444444444444444,0.2389839464664377,150,4.959341999708705
12723,4,1.791759469228055,6.587646428909592,61,0.676886659688165,1.0,0.0444444444444444,0.3050035300518079,64,4.475061500641071
12724,5,1.6094379124341003,6.9396511539657,327,0.243126050901548,1.0,0.0555555555555555,0.3032032911231372,331,4.720728526622364
12725,371,0.6931471805599453,6.060990609756592,0,0.0,0.0,1.0,0.0044525173284408,370,5.10594547390058
12726,28,2.0794415416798357,7.867143813759015,329,0.43639026578515083,1.0,0.3111111111111111,0.2913124990889245,356,6.1092475827643655
12727,11,2.0794415416798357,8.2894641427604,309,0.39465419200394874,1.0,0.1222222222222222,0.3069068506371823,319,5.706160597061168
12728,71,1.6094379124341003,6.7302182580203365,261,0.29626581614317243,1.0,0.7888888888888889,0.2499836338404665,331,4.661077817926388
12729,114,0.6931471805599453,6.118119224230488,0,0.0,0.0,1.0,0.2106382377551622,113,5.455321115357702
12731,24,2.5649493574615367,9.846753695617958,341,0.6311469796371533,1.0,0.2666666666666666,0.3249478533154101,364,6.556896720364844
12732,180,0.6931471805599453,5.469156586232957,0,0.0,0.0,1.0,0.1573876460907105,179,4.718498871295094
12733,234,0.6931471805599453,5.953113455724059,0,0.0,0.0,1.0,0.1142829686574709,233,4.927253685157205
12734,353,0.6931471805599453,4.713127327493184,0,0.0,0.0,1.0,0.0184379248117774,352,4.48863636973214
12735,315,1.0986122886681096,6.660024422032584,21,0.8602012652231115,1.0,1.0,0.051309869213206,336,5.220355825078325
12736,333,0.6931471805599453,5.459585514144159,0,0.0,0.0,1.0,0.0346571471657993,332,5.159055299214529
12738,372,0.6931471805599453,5.05209708390385,0,0.0,0.0,1.0,0.0032614501730465,371,5.003946305945459
12739,78,1.0986122886681096,6.921697631104842,20,0.8873031950009028,1.0,0.8666666666666667,0.2417501044311673,98,5.497168225293202
12740,64,0.6931471805599453,6.060524083039477,0,0.0,0.0,0.7111111111111111,0.2507089163162037,63,5.83773044716594
12743,134,1.0986122886681096,6.305234599635373,0,0.0,1.0,1.0,0.1961642227242596,133,5.07829394257007
12744,52,2.0794415416798357,9.965536571182271,266,0.44583756339855196,1.0,0.5777777777777777,0.2987132519636178,317,6.619692181568611
12747,2,2.4849066497880004,8.342127645985029,366,0.5974281978610534,1.0,0.0222222222222222,0.3201750883318489,368,4.761396631999194
12748,1,5.3471075307174685,10.425868060754532,372,2.3033890592707684,1.0,0.0111111111111111,0.6473334863142277,373,4.821823823776248
12749,4,1.791759469228055,8.316759801128319,209,0.35667494393873234,1.0,0.0444444444444444,0.3098082947745644,212,5.687653092726317
12750,129,0.6931471805599453,5.623584199327089,0,0.0,0.0,1.0,0.1983532953849495,128,4.927253685157205
12752,81,0.6931471805599453,8.38201014985595,0,0.0,0.0,0.9,0.2426958151636368,80,7.724446645633537
12753,23,1.9459101490553132,9.972565287088774,339,0.36545977349446523,1.0,0.2555555555555555,0.3207541482645659,362,7.551974785918659
12754,236,1.3862943611198906,8.010273263812737,72,0.5998896870733627,1.0,1.0,0.1192993020747212,308,7.678480594187457
12755,281,1.0986122886681096,8.246158446737232,85,0.30228087187293357,1.0,1.0,0.0829113828553339,365,6.615395616979245
12756,87,0.6931471805599453,4.72809553282539,0,0.0,0.0,0.9666666666666668,0.2318093070044093,86,4.976733742420574
12757,16,2.639057329615259,8.969300125921881,195,0.7995275841185171,1.0,0.1777777777777777,0.3170422383518641,210,5.2245052086251365
12758,117,1.0986122886681096,7.934724759609325,159,0.17185025692665923,1.0,1.0,0.2130055995862492,276,6.974011074759202
12759,52,1.3862943611198906,7.334616515331031,223,0.23827512618311883,1.0,0.5777777777777777,0.264781153030324,275,5.709322655031817
12762,8,1.0986122886681096,7.549356501658852,17,0.9808292530117262,1.0,0.0888888888888888,0.299163878416481,24,6.42080892900609
12763,138,1.0986122886681096,6.204719365671822,230,0.12210269680089982,1.0,1.0,0.1928809358460437,368,5.0689042022202315
12764,317,0.6931471805599453,7.435367220848186,0,0.0,0.0,1.0,0.0495753812374742,316,5.958424693029782
12766,4,2.0794415416798357,8.852325959921869,362,0.4027064856690846,1.0,0.0444444444444444,0.3168171348993135,365,6.257393877739969
12769,239,0.6931471805599453,7.042810509975002,0,0.0,0.0,1.0,0.1113566898579331,238,5.877735781779639
12770,211,0.6931471805599453,7.209673041460572,0,0.0,0.0,1.0,0.1341132931623221,210,6.612041034833092
12772,60,0.6931471805599453,6.795112758210396,0,0.0,0.0,0.6666666666666666,0.25458108418991,59,6.322565239927284
12775,17,1.791759469228055,7.23492725912033,294,0.34228620648663277,1.0,0.1888888888888888,0.2955192711727337,310,5.172754143572691
12778,20,1.9459101490553132,6.713235627004493,292,0.4133971610280683,1.0,0.2222222222222222,0.2937434100994733,311,4.930870325627393
12779,38,2.1972245773362196,8.289629887368429,333,0.4878082538792422,1.0,0.4222222222222222,0.2866854454889639,370,5.537334267018537
12781,64,1.0986122886681096,6.718699095412067,221,0.12729023761403105,1.0,0.7111111111111111,0.2527141037782223,284,5.8185981490847825
12782,5,1.791759469228055,7.754447241564618,352,0.2926273315586362,1.0,0.0555555555555555,0.3064937757390142,357,5.38541207339897
12783,2,1.9459101490553132,7.708370253328926,73,0.9722307477564944,1.0,0.0222222222222222,0.3101856955613773,74,4.653960350157523
12784,9,1.0986122886681096,6.355100208942306,6,1.791759469228055,1.0,0.1,0.2964715587184039,14,5.017279836814924
12785,364,0.6931471805599453,5.74604343337071,0,0.0,0.0,1.0,0.009902112273476,363,4.882801922586371
12787,10,1.3862943611198906,6.141305955347142,182,0.28357529049912744,1.0,0.1111111111111111,0.2969467141448303,192,4.477336814478207
12789,65,0.6931471805599453,4.530985287798715,0,0.0,0.0,0.7222222222222222,0.2494274870765114,64,1.6094379124341003
12790,192,0.6931471805599453,5.786651952478496,0,0.0,0.0,1.0,0.1478885416603727,191,5.117993812416755
12791,374,0.6931471805599453,5.265794174842476,0,0.0,0.0,1.0,0.0017103472583712,373,4.584967478670572
12792,257,0.6931471805599453,5.995307154825432,0,0.0,0.0,1.0,0.0958574533712082,256,5.384495062789089
12793,335,1.0986122886681096,6.303497710423594,36,0.5937747067467416,1.0,1.0,0.0349329200551704,370,5.000584958242754
12794,53,1.0986122886681096,6.758570581561217,45,0.5108256237659907,1.0,0.5888888888888889,0.2615856978247153,98,5.6937321388027
12795,19,0.6931471805599453,6.067221159507229,0,0.0,0.0,0.2111111111111111,0.286809284261403,18,4.23410650459726
12797,366,0.6931471805599453,5.541381185297377,0,0.0,0.0,1.0,0.0082151521777166,365,4.77912349311153
12798,10,1.3862943611198906,8.85052335403181,160,0.3184537311185346,1.0,0.1111111111111111,0.3062447013900722,170,7.469083884921234
12802,187,0.6931471805599453,6.060477418394936,0,0.0,0.0,1.0,0.152045786161504,186,5.752572638825633
12808,37,1.3862943611198906,6.183426980938617,331,0.16612687087397396,1.0,0.4111111111111111,0.2753174962805034,368,4.15366113937852
12809,178,0.6931471805599453,6.1950378441253156,0,0.0,0.0,1.0,0.1593531583746062,177,5.3981627015177525
12811,261,1.3862943611198906,6.245816025546385,23,1.252762968495368,1.0,1.0,0.0956828905531401,283,4.352426164897591
12812,45,0.6931471805599453,5.440858053330147,0,0.0,0.0,0.5,0.2656669659546437,44,5.10594547390058
12814,102,0.6931471805599453,4.843556966714995,0,0.0,0.0,1.0,0.2197969783346447,101,3.912023005428146
12815,148,1.0986122886681096,6.970222907300612,50,0.462623521948113,1.0,1.0,0.1856723474236473,197,5.249652194566756
12816,96,1.0986122886681096,6.351234695954017,80,0.31508104663989533,1.0,1.0,0.2266822933649241,175,4.174387269895637
12817,281,0.6931471805599453,5.118233304694274,0,0.0,0.0,1.0,0.0762713627797976,280,3.9889840465642745
12818,262,0.6931471805599453,7.341535698070348,0,0.0,0.0,1.0,0.0934763305965124,261,6.835184586147301
12820,3,1.6094379124341003,6.849426769082011,323,0.2457952697383762,1.0,0.0333333333333333,0.304680419895501,326,5.201255653704905
12821,214,0.6931471805599453,4.540311613639595,0,0.0,0.0,1.0,0.1299100124423101,213,4.2626798770413155
12822,71,1.0986122886681096,6.856335660826602,16,1.0169342576538425,1.0,0.7888888888888889,0.2472734879407737,86,5.62040086571715
12823,75,1.791759469228055,7.473353138595107,221,0.4321333551903257,1.0,0.8333333333333334,0.2495283290237571,296,3.8501476017100584
12824,60,0.6931471805599453,5.986753467377863,0,0.0,0.0,0.6666666666666666,0.2538739616234498,59,5.4510384535657
12826,3,2.0794415416798357,7.296901285267718,362,0.4027064856690846,1.0,0.0333333333333333,0.3097466236632087,364,5.0248199290882125
12827,6,1.3862943611198906,6.066456057398334,38,0.9315582040049435,1.0,0.0666666666666666,0.3001074340632071,43,4.199705077879927
12828,3,1.9459101490553132,6.927273552128017,127,0.7755908497710199,1.0,0.0333333333333333,0.30766025307743,129,4.422848629194137
12829,337,1.0986122886681096,5.683579767338681,23,0.8109302162163288,1.0,1.0,0.0329682214582896,359,5.241747015059643
12830,38,1.9459101490553132,8.826975250212882,134,0.6394944670676252,1.0,0.4222222222222222,0.2878591990144155,171,7.4038732738758535
12831,262,0.6931471805599453,5.3755098623779425,0,0.0,0.0,1.0,0.0915819672991071,261,4.912654885736052
12832,32,1.0986122886681096,5.950720674536128,65,0.37469344944141064,1.0,0.3555555555555555,0.2777491475981402,97,4.590056548178043
12833,145,0.6931471805599453,6.0363901104609745,0,0.0,0.0,1.0,0.1857210650186912,144,5.056245805348308
12834,283,0.6931471805599453,5.7474165116762626,0,0.0,0.0,1.0,0.0748759881396255,282,4.709530201312334
12836,59,1.6094379124341003,7.868583334984023,252,0.3053816495511818,1.0,0.6555555555555556,0.2621453363120598,311,5.58724865840025
12837,173,0.6931471805599453,4.906015244966153,0,0.0,0.0,1.0,0.1628567837993165,172,3.2188758248682006
12838,34,1.0986122886681096,6.528147958043258,340,0.084557388028063,1.0,0.3777777777777777,0.2765732685990682,373,5.195730777772936
12839,3,2.70805020110221,8.629167388389371,364,0.7268203956665332,1.0,0.0333333333333333,0.3256711465788937,366,5.609210117831641
12840,144,1.6094379124341003,7.911239704558553,82,0.734450986701181,1.0,1.0,0.1941261270563453,226,5.9368763568235785
12841,5,3.258096538021482,8.299870167916959,367,1.0578281378156673,1.0,0.0555555555555555,0.3376164616888824,371,4.712049547615187
12842,70,1.0986122886681096,7.0210750356778515,238,0.11871630683938196,1.0,0.7777777777777778,0.2483184625889478,308,5.614951260949585
12843,66,2.1972245773362196,7.440299340765267,198,0.7204103313183096,1.0,0.7333333333333333,0.2609720891497899,263,4.5913247791660385
12844,29,1.0986122886681096,5.789837839256022,101,0.26007680635989205,1.0,0.3222222222222222,0.2800740960824637,129,4.151039905898646
12845,267,1.6094379124341003,5.872371278471126,22,1.591893602783191,1.0,1.0,0.092075974738453,289,3.9512437185814275
12847,22,0.6931471805599453,6.771408498297927,0,0.0,0.0,0.2444444444444444,0.2850324895961873,21,6.813444599510896
12849,31,1.0986122886681096,6.958343825092949,237,0.11918851726511831,1.0,0.3444444444444444,0.2795046708633641,268,5.744604469176457
12851,97,0.6931471805599453,4.9139775400548205,0,0.0,0.0,1.0,0.2238208923670016,96,4.700480365792417
12852,295,0.6931471805599453,5.744764456377822,0,0.0,0.0,1.0,0.0652491348479321,294,5.0106352940962555
12853,135,1.9459101490553132,7.579729894309281,181,0.28629990222482926,1.0,1.0,0.2031174716415338,315,4.9003242732785735
12854,79,1.3862943611198906,7.18954502572908,239,0.22314355131420976,1.0,0.8777777777777778,0.24282798780755,317,5.3471075307174685
12855,373,0.6931471805599453,3.66612246699132,0,0.0,0.0,1.0,0.0022919342891059,372,3.4339872044851463
12856,8,1.9459101490553132,7.687506670317465,55,1.3025244780544318,1.0,0.0888888888888888,0.305307223917568,63,5.197575796746505
12857,211,1.0986122886681096,7.009770204388867,91,0.2822324676842162,1.0,1.0,0.1351988858204889,302,5.150397236471415
12863,52,0.6931471805599453,6.258050656265029,0,0.0,0.0,0.5777777777777777,0.2604682007383917,51,5.241747015059643
12864,138,0.6931471805599453,4.998022756045412,0,0.0,0.0,1.0,0.190950236433925,137,5.37989735354046
12865,26,1.0986122886681096,7.358340332174572,97,0.26947610795520843,1.0,0.2888888888888888,0.2842538798055162,123,6.13880638500591
12866,283,0.6931471805599453,6.3281510464875765,0,0.0,0.0,1.0,0.0752282146906468,282,5.147494476813453
12867,26,2.0794415416798357,8.30346022135619,333,0.4310822724784647,1.0,0.2888888888888888,0.294954877558636,359,6.421622267806518
12868,186,1.9459101490553132,7.3827837624756185,187,0.5866039326530695,1.0,1.0,0.1617086912539656,373,5.0477169690007875
12871,84,1.0986122886681096,5.9444777558836455,123,0.21825356602001794,1.0,0.9333333333333332,0.2360345058762374,206,4.61512051684126
12872,327,1.0986122886681096,6.398545016483998,38,0.5705448584676129,1.0,1.0,0.0414278179782279,364,5.07829394257007
12873,282,0.6931471805599453,5.926926025970411,0,0.0,0.0,1.0,0.0757660910259439,281,4.859812404361672
12875,143,1.0986122886681096,5.841310038608051,219,0.12838116664820678,1.0,1.0,0.1886548991041176,362,6.918200536843676
12876,58,1.0986122886681096,7.704820935960926,138,0.1954247817923817,1.0,0.6444444444444445,0.2595130195295493,195,6.878841268817495
12877,4,2.5649493574615367,7.337438090181038,354,0.6573010487868095,1.0,0.0444444444444444,0.3162086682804687,358,4.596801936317575
12878,236,1.0986122886681096,6.752258693830513,29,0.6931471805599453,1.0,1.0,0.1147865168102,265,5.614951260949585
12879,45,1.3862943611198906,6.353012598149689,47,0.8226812327518476,1.0,0.5,0.2690282470440801,91,4.822966130975706
12881,276,0.6931471805599453,5.700443573390686,0,0.0,0.0,1.0,0.0804704336485423,275,3.091042453358316
12882,9,1.0986122886681096,7.288955016552379,24,0.8109302162163288,1.0,0.1,0.2977400824995846,33,4.820281565605037
12883,25,1.6094379124341003,6.5574457470395595,64,0.3794896217049037,1.0,0.2777777777777778,0.2866923691118417,88,3.912023005428146
12884,88,0.6931471805599453,5.736733574795887,0,0.0,0.0,0.9777777777777776,0.2312883467938978,87,3.784189633918261
12885,63,1.3862943611198906,7.0700611857921905,60,0.4054651081081644,1.0,0.7,0.2554491120598141,123,5.390592642657207
12886,68,1.0986122886681096,7.229403900997191,151,0.18012616623051889,1.0,0.7555555555555555,0.2502930539069057,219,5.955837369464831
12888,214,1.0986122886681096,5.87245576052578,41,0.5491078103370076,1.0,1.0,0.1317185731509134,254,3.6635616461296463
12890,24,0.6931471805599453,5.944032210673093,0,0.0,0.0,0.2666666666666666,0.2827271987450787,23,5.560681631015528
12891,186,1.3862943611198906,5.805134968916488,107,0.4451649779548489,1.0,1.0,0.1555808686102609,292,5.761002614986093
12893,31,0.6931471805599453,5.242487481587366,0,0.0,0.0,0.3444444444444444,0.2768376703539313,30,4.574710978503383
12895,42,1.0986122886681096,5.923720895021463,44,0.5198754592859085,1.0,0.4666666666666667,0.2697131536831709,86,4.663439094112067
12897,205,1.0986122886681096,5.382198850528739,97,0.26947610795520843,1.0,1.0,0.138741369036926,301,4.02535169073515
12901,9,3.367295829986474,9.778804894130932,261,1.258200719795497,1.0,0.1,0.358174364212159,270,6.715513248032156
12902,265,0.6931471805599453,4.939354092091292,0,0.0,0.0,1.0,0.0890665304020079,264,4.204692619390966
12904,18,1.0986122886681096,6.235547334435847,154,0.17798315519535646,1.0,0.2,0.2891597469147461,171,5.0238805208462765
12906,12,1.791759469228055,7.979616254055095,66,0.37001835911241676,1.0,0.1333333333333333,0.3017194553651677,77,5.860216260498028
12908,176,1.0986122886681096,6.621405651764134,136,0.1993329026204912,1.0,1.0,0.1627649836181099,312,6.398594934535208
12909,40,1.791759469228055,7.68692876817782,213,0.35105168638437023,1.0,0.4444444444444444,0.2782015693445829,252,5.54907608489522
12910,23,2.1972245773362196,8.031398334442155,218,0.523587875379842,1.0,0.2555555555555555,0.297423740146183,241,5.358941988364472
12912,3,1.791759469228055,7.416558859796489,37,1.425008873300581,1.0,0.0333333333333333,0.3071435846700698,40,4.90527477843843
12913,5,1.791759469228055,7.817879034084852,363,0.28493103907989104,1.0,0.0555555555555555,0.3067117724829813,367,5.651787179537821
12915,149,1.0986122886681096,5.898937989430242,223,0.1256882151634967,1.0,1.0,0.1838712148599509,372,3.8607297110405954
12916,139,1.6094379124341003,8.008748065349305,181,0.401795379219202,1.0,1.0,0.1985356430825494,320,5.637464593618553
12917,128,0.6931471805599453,6.38856140554563,0,0.0,0.0,1.0,0.1996095574280198,127,4.795790545596741
12919,8,1.9459101490553132,7.197577559553778,161,0.658388547194771,1.0,0.0888888888888888,0.3041013397613318,169,4.728861658330641
12920,17,0.6931471805599453,5.1073384426629,0,0.0,0.0,0.1888888888888888,0.2880334848489976,16,4.867534450455582
12921,9,3.6375861597263857,9.716440246960428,364,1.0343179379627123,1.0,0.1,0.3695692171235101,372,5.554738851705318
12922,161,0.6931471805599453,6.007288682454868,0,0.0,0.0,1.0,0.1728697101668133,160,5.916202062607435
12923,64,0.6931471805599453,5.181614996761894,0,0.0,0.0,0.7111111111111111,0.2503511367081852,63,4.248495242049359
12924,88,1.6094379124341003,6.840225622188537,239,0.3195941988338612,1.0,0.9777777777777776,0.2364862679315607,327,4.7978545298175925
12925,5,1.0986122886681096,6.5439837854231016,70,0.35667494393873234,1.0,0.0555555555555555,0.2998508892148119,74,5.60396213937399
12928,35,1.791759469228055,7.632255767200078,323,0.31508104663989533,1.0,0.3888888888888889,0.2820467149122223,358,5.68833037009728
12929,312,0.6931471805599453,4.777862193806203,0,0.0,0.0,1.0,0.051336260378575,311,3.6375861597263857
12930,78,1.0986122886681096,6.032606490439157,93,0.27958486221916157,1.0,0.8666666666666667,0.2408975317419724,170,4.844187086458591
12931,22,2.772588722239781,10.646780168946005,336,0.6841785105771849,1.0,0.2444444444444444,0.3639198110506149,357,7.5325879293582085
12933,24,1.3862943611198906,6.411046212773516,259,0.2083630410853068,1.0,0.2666666666666666,0.2859221450783953,283,5.11998783102362
12935,2,2.0794415416798357,7.678650228164007,317,0.3874274837916167,1.0,0.0222222222222222,0.3115280136103832,318,5.582421617651933
12936,17,1.6094379124341003,6.970636177021338,61,0.6849166814234299,1.0,0.1888888888888888,0.2936240028337946,77,4.9469852670198
12937,15,1.6094379124341003,7.316727563085719,252,0.3053816495511818,1.0,0.1666666666666666,0.2958569183662002,266,5.532400857900581
12938,26,0.6931471805599453,4.7461487792476635,0,0.0,0.0,0.2888888888888888,0.2807427289812544,25,4.948759890378168
12939,64,2.1972245773362196,9.357276518099342,270,0.44183275227903923,1.0,0.7111111111111111,0.2766796188250323,334,6.414278293550759
12940,55,1.0986122886681096,6.818421206622862,33,0.6466271649250525,1.0,0.6111111111111112,0.2600572639447739,87,5.330300412401088
12942,131,1.3862943611198906,6.529272842203859,234,0.22825865198098017,1.0,1.0,0.2002022878578475,365,4.229263880121471
12944,36,1.0986122886681096,6.406071078133402,319,0.08988081941758257,1.0,0.4,0.2748567588169745,354,4.980176086611547
12945,288,0.6931471805599453,6.139776787799188,0,0.0,0.0,1.0,0.071080234801318,287,5.111987788356544
12947,144,1.9459101490553132,7.380872805015112,229,0.5020919437972361,1.0,1.0,0.1953941483364457,372,5.273853894369662
12948,16,2.0794415416798357,7.63334544803145,248,0.5456944494168146,1.0,0.1777777777777777,0.3001613819430092,264,5.045266738065896
12949,31,2.1972245773362196,8.335244365149629,221,0.4321333551903257,1.0,0.3444444444444444,0.2925657378187305,251,5.699188605645974
12950,2,1.3862943611198906,7.519692404116539,21,1.3156767939059373,1.0,0.0222222222222222,0.3053328633693409,23,6.133398042996649
12951,9,1.9459101490553132,6.970795803683085,322,0.38242744004114704,1.0,0.1,0.3029121712089725,330,4.440688547322468
12952,6,1.6094379124341003,7.236188143419333,72,0.5998896870733627,1.0,0.0666666666666666,0.302909892047822,77,5.10138965736472
12953,10,0.6931471805599453,5.801665100458068,0,0.0,0.0,0.1111111111111111,0.2938848841521262,9,4.442651256490317
12955,1,2.4849066497880004,8.46761631787212,266,0.7550977694214839,1.0,0.0111111111111111,0.3217782808227374,267,5.811413138848566
12956,306,0.6931471805599453,4.691989877940651,0,0.0,0.0,1.0,0.0561351334470217,305,3.5553480614894135
12957,10,2.1972245773362196,8.298673931566155,329,0.4353180712578455,1.0,0.1111111111111111,0.3091969862497288,339,5.767148433611351
12962,7,1.0986122886681096,5.588708266810736,106,0.24921579162398486,1.0,0.0777777777777777,0.2976361174753198,112,4.182050142641207
12963,8,2.1972245773362196,7.527056760684021,357,0.4082623127292256,1.0,0.0888888888888888,0.3077165197498712,365,4.7106556938340685
12965,89,0.6931471805599453,6.65016261231351,0,0.0,0.0,0.9888888888888888,0.2311469501630697,88,5.648974238161206
12966,10,0.6931471805599453,5.0825217528963655,0,0.0,0.0,0.1111111111111111,0.29364267665066,9,4.330733340286331
12967,358,1.0986122886681096,7.415716805133478,13,1.1962507582320256,1.0,1.0,0.0180760077560955,371,5.393627546352361
12968,112,0.6931471805599453,4.919615895709087,0,0.0,0.0,1.0,0.2117899059967351,111,4.304065093204169
12970,7,1.6094379124341003,6.116421786512366,315,0.09097177820572666,1.0,0.0777777777777777,0.3007722356649727,321,4.363098624788362
12971,4,4.465908118654584,9.322857120608939,368,1.9007718453046523,1.0,0.0444444444444444,0.4362102523234282,371,4.691454554585103
12974,198,0.6931471805599453,4.982235819574558,0,0.0,0.0,1.0,0.1428185823390325,197,3.2188758248682006
12976,212,0.6931471805599453,6.60610949951297,0,0.0,0.0,1.0,0.1324362978316516,211,6.331501849893691
12977,156,0.6931471805599453,3.6948615257914836,0,0.0,0.0,1.0,0.1763577327861306,155,2.5649493574615367
12980,158,2.302585092994046,8.905973207660795,200,0.7857399673877702,1.0,1.0,0.1967085175778257,358,4.599599140938636
12981,30,1.0986122886681096,5.922168058105326,103,0.25344890080953864,1.0,0.3333333333333333,0.279337994170143,132,4.804021044733257
12982,243,0.6931471805599453,5.970087681348397,0,0.0,0.0,1.0,0.1070731246844828,242,5.666426688112432
12984,19,0.6931471805599453,4.590056548178043,0,0.0,0.0,0.2111111111111111,0.2863339482925326,18,3.295836866004329
12985,1,1.0986122886681096,7.123173063265281,27,0.7282385003712154,1.0,0.0111111111111111,0.3038379154345309,28,6.643138479461352
12987,74,1.0986122886681096,6.327400925897314,124,0.21667103680859226,1.0,0.8222222222222222,0.2443100806538876,197,4.705015520957808
12988,292,0.6931471805599453,6.284730997853663,0,0.0,0.0,1.0,0.0679749883520693,291,4.919980925828125
12989,3,2.772588722239781,8.842909215405916,361,0.6917611789520681,1.0,0.0333333333333333,0.3290089963441703,363,5.284218442168535
12990,31,1.3862943611198906,6.017375928892483,278,0.1947883255590846,1.0,0.3444444444444444,0.2800244798170979,309,4.214593690373678
12991,23,1.0986122886681096,6.22408306878471,89,0.2904871233793895,1.0,0.2555555555555555,0.2851407435549008,111,5.31566600488265
12993,23,1.6094379124341003,6.030108170700187,275,0.28312625591592017,1.0,0.2555555555555555,0.2878845075760031,297,4.110873864173311
12994,4,1.3862943611198906,6.882868147474188,264,0.20479441264601317,1.0,0.0444444444444444,0.3024886690357161,268,5.0369526024136295
12995,85,0.6931471805599453,5.358094570583897,0,0.0,0.0,0.9444444444444444,0.2335552522711511,84,4.6913478822291435
12997,22,1.6094379124341003,7.113052528147638,294,0.2662679779479644,1.0,0.2444444444444444,0.2898459793072876,316,5.117993812416755
12999,196,1.3862943611198906,6.124420774356607,49,0.7995275841185171,1.0,1.0,0.1477377470682692,245,4.74493212836325
13000,107,1.3862943611198906,6.283854271159006,258,0.2090917978585594,1.0,1.0,0.2192408527394251,364,4.846808319938465
13001,4,2.639057329615259,9.192158071241616,322,0.7504781122990538,1.0,0.0444444444444444,0.3294683034520689,326,6.050821397315695
13002,318,0.6931471805599453,4.80361112466193,0,0.0,0.0,1.0,0.0465278514693208,317,4.304065093204169
13003,106,1.3862943611198906,5.010968571886377,109,0.4385508326939298,1.0,1.0,0.2194922541445975,214,3.5648268054439574
13004,12,2.9444389791664403,8.640633085723934,346,0.8701559984632539,1.0,0.1333333333333333,0.3242855828706354,357,5.594298241814513
13005,174,1.0986122886681096,6.243584206658709,72,0.34426954708124463,1.0,1.0,0.1640319384620192,245,4.465908118654584
13006,56,0.6931471805599453,4.413646418429337,0,0.0,0.0,0.6222222222222222,0.2566320634967182,55,4.02535169073515
13008,323,0.6931471805599453,5.4401207021224,0,0.0,0.0,1.0,0.0426720708696432,322,5.170483995038151
13011,372,0.6931471805599453,3.942552210462969,0,0.0,0.0,1.0,0.003111845963972,371,2.639057329615259
13012,9,2.1972245773362196,7.416282262898624,285,0.5520685823000397,1.0,0.1,0.3066363138814684,294,4.6443908991413725
13013,1,2.639057329615259,8.478855608188903,370,0.6375773294051346,1.0,0.0111111111111111,0.3247258663034928,371,5.147941604028593
13014,11,2.3978952727983707,8.151125703889235,270,0.6913004579667806,1.0,0.1222222222222222,0.3104787253394402,280,4.516338972281476
13015,53,1.791759469228055,8.115903354718549,195,0.3778771515893353,1.0,0.5888888888888889,0.2694405497449502,248,5.781977322241258
13016,73,1.3862943611198906,6.673158893621945,49,0.4700036292457356,1.0,0.8111111111111111,0.2468776549881289,122,5.174264717878057
13017,7,0.6931471805599453,5.3230099791384085,0,0.0,0.0,0.0777777777777777,0.2961116477366392,6,3.8918202981106265
13018,16,3.367295829986474,8.892707553816384,279,1.1128474044899817,1.0,0.1777777777777777,0.3377462331171867,295,5.273548858220514
13021,4,2.302585092994046,7.869929096421559,354,0.46575733836428446,1.0,0.0444444444444444,0.3134450417379041,358,5.018750425315247
13023,64,1.0986122886681096,6.537995095494749,65,0.3794896217049037,1.0,0.7111111111111111,0.2525187617937781,129,4.969813299576001
13026,1,1.791759469228055,6.883831370862763,274,0.3632228029098636,1.0,0.0111111111111111,0.307767241414959,275,5.783825182329737
13027,114,1.9459101490553132,8.841158975945264,240,0.4839106264947108,1.0,1.0,0.2270356156217427,354,7.9658927350845286
13028,23,1.0986122886681096,6.49574882283055,22,0.8347976976229721,1.0,0.2555555555555555,0.2853656637761009,44,5.991464547107982
13029,31,1.3862943611198906,7.129698109719828,322,0.1703826659579894,1.0,0.3444444444444444,0.2812207424812619,352,3.821368637160015
13030,11,1.0986122886681096,6.685211547739895,356,0.08068891125014269,1.0,0.1222222222222222,0.2951885585375671,367,5.288267030694535
13032,52,1.0986122886681096,6.918873244715984,34,0.6190392084062234,1.0,0.5777777777777777,0.2626016366941436,86,5.2390980068880655
13033,357,0.6931471805599453,5.255148871146658,0,0.0,0.0,1.0,0.015343784476523,356,4.430816798843313
13034,55,1.0986122886681096,6.467341519456512,314,0.09097177820572666,1.0,0.6111111111111112,0.2596707340622253,368,5.22305488204749
13035,74,1.0986122886681096,6.827499215216475,186,0.1487887366858729,1.0,0.8222222222222222,0.2448285277593424,260,5.777652323222656
13037,138,1.3862943611198906,6.782271417936915,118,0.4110989258264204,1.0,1.0,0.194868778926953,255,4.974432245432295
13038,80,1.3862943611198906,6.812851016782114,210,0.25131442828090605,1.0,0.8888888888888888,0.2414319429004285,290,4.795790545596741
13040,9,1.0986122886681096,6.519132538569087,24,0.7884573603642702,1.0,0.1,0.2966179795554723,32,5.184588601219694
13043,273,0.6931471805599453,6.248854923817375,0,0.0,0.0,1.0,0.083188649914907,272,5.541263545158426
13044,291,0.6931471805599453,6.330558344434147,0,0.0,0.0,1.0,0.0688130295446382,290,6.063785208687608
13045,99,0.6931471805599453,5.724499716244923,0,0.0,0.0,1.0,0.2224594356276655,98,5.402677381872279
13046,31,1.0986122886681096,6.446211761854101,235,0.119664503756089,1.0,0.3444444444444444,0.2789028565268984,265,4.890349128221754
13047,32,2.3978952727983707,8.082877889943946,342,0.4787373092144902,1.0,0.3555555555555555,0.2933072743817439,373,4.942356453342962
13048,14,1.6094379124341003,7.515840091091689,312,0.25273337140652974,1.0,0.1555555555555555,0.2971324804942579,326,5.738183901373533
13049,64,1.0986122886681096,6.488718490843878,253,0.11163997114266942,1.0,0.7111111111111111,0.2524713395435352,317,4.90527477843843
13050,15,2.8903717578961645,8.672119570311168,351,0.8602012652231115,1.0,0.1666666666666666,0.3207020689990082,366,5.400289796177778
13052,212,0.6931471805599453,5.8555016292920445,0,0.0,0.0,1.0,0.1318789222263737,211,5.407171771460119
13055,78,1.3862943611198906,7.102836747411359,135,0.20067069546215116,1.0,0.8666666666666667,0.243472971049401,213,5.700443573390686
13058,25,1.3862943611198906,5.607271574275358,127,0.3869215303959953,1.0,0.2777777777777778,0.2846401733806931,151,2.908720896564361
13059,250,0.6931471805599453,5.2171073111224935,0,0.0,0.0,1.0,0.1011624547061561,249,3.58351893845611
13060,254,0.6931471805599453,5.731819083350057,0,0.0,0.0,1.0,0.0981310967479541,253,4.820281565605037
13061,72,0.6931471805599453,5.519899699795292,0,0.0,0.0,0.8,0.2440362920188163,71,4.68213122712422
13062,191,0.6931471805599453,5.85214500685857,0,0.0,0.0,1.0,0.1487221718128076,190,5.840641657373398
13064,13,1.6094379124341003,7.02152136861392,314,0.25131442828090605,1.0,0.1444444444444444,0.2969119148803063,326,4.867534450455582
13065,373,0.6931471805599453,5.3320422359496575,0,0.0,0.0,1.0,0.0025314152253113,372,4.31748811353631
13066,24,1.0986122886681096,6.1565551669735745,7,1.55814461804655,1.0,0.2666666666666666,0.2842915534227053,31,5.087596335232384
13067,82,0.6931471805599453,4.757547866408974,0,0.0,0.0,0.9111111111111112,0.235824827212822,81,3.4965075614664802
13068,10,1.0986122886681096,5.84354441703136,309,0.09265883048270479,1.0,0.1111111111111111,0.2953404902739581,319,4.61512051684126
13069,1,3.2188758248682006,8.39776079631407,368,0.9340188351677357,1.0,0.0111111111111111,0.3399802765368895,369,5.506178060997729
13070,192,0.6931471805599453,5.437209365414655,0,0.0,0.0,1.0,0.1477513283342636,191,4.709530201312334
13072,267,0.6931471805599453,5.1826258920518455,0,0.0,0.0,1.0,0.087517169063049,266,4.248495242049359
13075,130,0.6931471805599453,6.825036493805135,0,0.0,0.0,1.0,0.1984700944916719,129,6.186208623900494
13077,1,1.6094379124341003,6.5934143287736715,365,0.15219181534192533,1.0,0.0111111111111111,0.3059805360540745,365,5.3787446156606515
13078,3,3.295836866004329,9.443746284664895,363,1.0930874127361399,1.0,0.0333333333333333,0.352940807584155,366,5.382375669554927
13079,4,1.791759469228055,5.3986150878634005,136,0.6325225587435105,1.0,0.0444444444444444,0.3042826747325682,139,2.5952547069568657
13080,179,0.6931471805599453,4.078892457663179,0,0.0,0.0,1.0,0.1579354294222955,178,4.795790545596741
13081,12,2.4849066497880004,10.251972348590337,359,0.5108256237659907,1.0,0.1333333333333333,0.3466160125073617,370,7.45844825992894
13082,126,2.302585092994046,8.192744778040643,212,0.61467556511845,1.0,1.0,0.2170076745670468,337,6.17679084440369
13083,4,1.0986122886681096,5.719491768361381,71,0.352440639799944,1.0,0.0444444444444444,0.300095866775129,75,4.548599834499697
13085,158,1.0986122886681096,6.0332780499213925,137,0.19671029424605416,1.0,1.0,0.1767268084532221,294,4.6913478822291435
13089,3,4.584967478670572,10.982353322333951,366,1.842666676377806,1.0,0.0333333333333333,0.5208031449604713,369,5.772404143235258
13090,9,2.70805020110221,9.095133764476559,364,0.6876375247489758,1.0,0.1,0.3255968258237769,372,5.091556736448481
13091,28,0.6931471805599453,5.848805913370403,0,0.0,0.0,0.3111111111111111,0.2794691789899603,27,6.1463292576688975
13092,71,1.791759469228055,6.171345628362577,288,0.34728846793036955,1.0,0.7888888888888889,0.2509072742322258,359,4.039536325727106
13093,276,2.1972245773362196,8.966160858120457,97,1.042653635020065,1.0,1.0,0.1012738952822462,372,6.20682791110323
13094,21,2.5649493574615367,7.564404436501881,347,0.6683464929654158,1.0,0.2333333333333333,0.3031312505225698,368,4.969813299576001
13095,71,0.6931471805599453,4.32280727501391,0,0.0,0.0,0.7888888888888889,0.2445897426090848,70,4.976733742420574
13097,33,2.3978952727983707,8.701416272499749,327,0.5491078103370076,1.0,0.3666666666666666,0.2964634799937227,359,5.469325163441718
13098,1,3.367295829986474,10.271023699486712,316,1.2159263911388776,1.0,0.0111111111111111,0.3806195404340196,316,6.347889459791505
13099,99,0.6931471805599453,5.339267352876991,0,0.0,0.0,1.0,0.2223196527636143,98,5.666426688112432
13101,234,0.6931471805599453,4.626833825624118,0,0.0,0.0,1.0,0.1138793227971857,233,4.736198448394496
13102,1,3.2188758248682006,8.767965917447414,363,0.9423225705921019,1.0,0.0111111111111111,0.3428181456162191,364,5.171430516642182
13103,40,0.6931471805599453,5.501013282593141,0,0.0,0.0,0.4444444444444444,0.2696980746932385,39,4.418840607796598
13104,3,1.9459101490553132,7.0025926197429715,351,0.3558198776189989,1.0,0.0333333333333333,0.3077741264338982,354,4.442651256490317
13106,133,0.6931471805599453,4.350277936359301,0,0.0,0.0,1.0,0.194860120082495,132,2.9444389791664403
13107,44,1.6094379124341003,7.334733968170588,289,0.27110951696999414,1.0,0.4888888888888889,0.2726339289821481,333,5.781514823196553
13108,373,0.6931471805599453,5.8609571490281995,0,0.0,0.0,1.0,0.0027372637648966,372,5.700443573390686
13109,60,1.0986122886681096,6.668914163060628,97,0.2670627852490452,1.0,0.6666666666666666,0.2558652735805809,156,5.564520407322694
13110,31,2.0794415416798357,7.306309897899894,279,0.42899560551835847,1.0,0.3444444444444444,0.2873066445341318,310,4.0329756158458085
13113,1,3.2188758248682006,9.413033021909968,365,1.0307896923293487,1.0,0.0111111111111111,0.351128987760153,365,4.851053224271791
13115,12,1.6094379124341003,7.7388279340332105,172,0.41886243767998566,1.0,0.1333333333333333,0.2993918051666241,183,5.97317327713573
13116,138,0.6931471805599453,6.218878965272838,0,0.0,0.0,1.0,0.1914556074462965,137,5.676753802268282
13117,22,2.1972245773362196,6.893565072546089,350,0.46893468205683053,1.0,0.2444444444444444,0.2952421745508606,371,4.7801733619743665
13118,20,1.791759469228055,7.089084677082725,269,0.2886110088864397,1.0,0.2222222222222222,0.2928441517677425,288,4.418840607796598
13120,239,0.6931471805599453,3.4531571205928664,0,0.0,0.0,1.0,0.1097678588970565,238,2.5649493574615367
13121,269,0.6931471805599453,5.6515413628105104,0,0.0,0.0,1.0,0.0860650361847776,268,5.53338948872752
13122,94,1.0986122886681096,6.828051680471256,146,0.18687737332981533,1.0,1.0,0.2287864750464296,239,5.681877639268151
13124,90,1.3862943611198906,8.26031962543717,269,0.20067069546215116,1.0,1.0,0.2376329742999047,358,6.574610832453598
13126,5,2.1972245773362196,7.6499973391858,361,0.4036217896138752,1.0,0.0555555555555555,0.3104698387595674,366,5.594246587587894
13127,78,0.6931471805599453,5.561335263505108,0,0.0,0.0,0.8666666666666667,0.2392385324168111,77,4.852030263919617
13130,94,0.6931471805599453,4.174387269895637,0,0.0,0.0,1.0,0.2261256985289011,93,3.4965075614664802
13131,23,1.3862943611198906,6.979424565672496,164,0.31177962403084136,1.0,0.2555555555555555,0.2873891806087733,187,5.0106352940962555
13132,262,0.6931471805599453,4.360547602996757,0,0.0,0.0,1.0,0.0913853262704811,261,3.044522437723423
13133,274,1.0986122886681096,4.707726774313183,30,0.676886659688165,1.0,1.0,0.0832414589549139,303,2.833213344056216
13134,86,1.6094379124341003,7.4925262902571115,154,0.4578330936254804,1.0,0.9555555555555556,0.2393180428317985,239,5.582556017222057
13135,197,0.6931471805599453,8.038189179973203,0,0.0,0.0,1.0,0.1478336215846767,196,8.366602832783736
13136,56,1.791759469228055,7.866572791402729,156,0.4554755286828257,1.0,0.6222222222222222,0.2659796656372593,212,5.585749407744609
13137,11,2.1972245773362196,8.202868673351237,298,0.5333879610730774,1.0,0.1222222222222222,0.307870761398579,308,5.63210743794931
13138,22,1.9459101490553132,6.870458314237744,350,0.35667494393873234,1.0,0.2444444444444444,0.2923392133790333,371,4.37994112818286
13139,16,2.0794415416798357,8.530294986827844,243,0.48074816852871277,1.0,0.1777777777777777,0.3044439309046624,259,5.850559094030745
13140,108,1.3862943611198906,6.051430128275416,258,0.2090917978585594,1.0,1.0,0.2182800732844877,365,4.143134726391533
13141,85,1.791759469228055,7.778944036943872,230,0.3290234126082223,1.0,0.9444444444444444,0.2424052062883578,314,5.738505910714586
13142,19,0.6931471805599453,5.7303919480814,0,0.0,0.0,0.2111111111111111,0.2866331424354708,18,5.556828061699537
13144,333,0.6931471805599453,4.718052343044764,0,0.0,0.0,1.0,0.0344814906970339,332,3.091042453358316
13145,40,1.6094379124341003,6.428944984648157,332,0.23922968906583414,1.0,0.4444444444444444,0.2745390156346872,371,3.6176519448255684
13146,26,0.6931471805599453,5.437687927995845,0,0.0,0.0,0.2888888888888888,0.280906565575486,25,5.043425116919247
13147,10,1.6094379124341003,6.57060281105606,89,0.6987494361086152,1.0,0.1111111111111111,0.2987377734450057,99,3.6109179126442243
13148,29,2.5649493574615367,8.21828028862164,335,0.4300363688386697,1.0,0.3222222222222222,0.2992548402394281,363,5.109474592763816
13149,14,1.6094379124341003,7.424797539358498,274,0.28312625591592017,1.0,0.1555555555555555,0.296904291249787,288,5.771441123130016
13151,296,0.6931471805599453,7.1379697721602025,0,0.0,0.0,1.0,0.0657978875579354,295,5.8971538676367405
13153,6,0.6931471805599453,6.188715766456242,0,0.0,0.0,0.0666666666666666,0.2973166617729749,5,6.037870919922137
13155,33,1.6094379124341003,6.880137391945464,335,0.23795863709935033,1.0,0.3666666666666666,0.2806582464426492,368,4.830311739964974
13157,49,1.6094379124341003,7.462915441057162,248,0.30854721091574266,1.0,0.5444444444444444,0.2689224422131313,297,5.88818519765398
13158,95,1.6094379124341003,7.091792030654675,224,0.33774693405321343,1.0,1.0,0.2312529567051979,318,5.2832037287379885
13159,9,1.6094379124341003,7.271599462399201,106,0.6103748942760824,1.0,0.1,0.300574936640735,115,5.582556017222057
13160,22,0.6931471805599453,4.530446639792155,0,0.0,0.0,0.2444444444444444,0.2839193943100832,21,4.04305126783455
13161,313,0.6931471805599453,4.7340030578310595,0,0.0,0.0,1.0,0.0505268409836391,312,3.4011973816621555
13162,122,1.6094379124341003,7.432063601299488,212,0.35384074270285715,1.0,1.0,0.2102907337898019,334,6.062039499777585
13165,46,1.0986122886681096,6.929986327823459,305,0.0938187552176548,1.0,0.5111111111111111,0.2674306019069347,350,6.535241271013659
13166,283,0.6931471805599453,6.035959786994534,0,0.0,0.0,1.0,0.0750256208991216,282,5.37989735354046
13167,19,1.6094379124341003,6.674977971699642,125,0.5423242908253617,1.0,0.2111111111111111,0.2916306253384376,143,5.284471959725984
13168,36,1.6094379124341003,7.185530944616075,281,0.27698678333503296,1.0,0.4,0.278747792978811,317,5.144583266605995
13169,64,1.0986122886681096,6.570714880987815,188,0.1473247147568584,1.0,0.7111111111111111,0.2525515662281725,251,4.919980925828125
13170,27,0.6931471805599453,4.7622594012308666,0,0.0,0.0,0.3,0.2799432594082389,26,4.997212273764115
13171,22,1.3862943611198906,6.151476586982076,277,0.1954247817923817,1.0,0.2444444444444444,0.2873278264207575,298,4.3481250829982
13173,4,1.0986122886681096,5.871131387648096,363,0.07940677760441041,1.0,0.0444444444444444,0.3001671000769688,366,4.93806460126142
13174,16,1.3862943611198906,7.943793338250078,352,0.15697953602773593,1.0,0.1777777777777777,0.295493365201811,368,6.144185634125646
13176,46,0.6931471805599453,6.202211578085641,0,0.0,0.0,0.5111111111111111,0.2652405504651914,45,6.118097198041348
13177,65,0.6931471805599453,5.6470357407703125,0,0.0,0.0,0.7222222222222222,0.2496995725941602,64,4.5217885770490405
13178,26,2.4849066497880004,8.652854564021988,334,0.6409079614605255,1.0,0.2888888888888888,0.3031070878228711,360,5.785502097200062
13182,45,0.6931471805599453,4.805495367221621,0,0.0,0.0,0.5,0.2655121370184202,44,5.308267697401205
13183,8,2.302585092994046,8.283691175973804,326,0.5503991328304987,1.0,0.0888888888888888,0.3121513623634814,334,5.506685632280092
13184,15,2.3978952727983707,7.439729682398054,275,0.6257058997644127,1.0,0.1666666666666666,0.3047506087605634,289,5.136974216139274
13185,268,0.6931471805599453,4.282206299391671,0,0.0,0.0,1.0,0.0865640696715164,267,2.5649493574615367
13186,40,1.3862943611198906,7.363209831835215,89,0.5153099362133193,1.0,0.4444444444444444,0.2744702747914814,128,5.61434391200896
13187,337,0.6931471805599453,5.4681445257603025,0,0.0,0.0,1.0,0.0314514746086462,336,4.564348191467836
13188,11,0.6931471805599453,4.750135956238277,0,0.0,0.0,0.1222222222222222,0.292775471202448,10,3.258096538021482
13189,19,1.0986122886681096,5.567122383230129,96,0.26947610795520843,1.0,0.2111111111111111,0.2880022978807611,114,6.045005314036012
13192,95,1.0986122886681096,6.81667016102037,109,0.24116205681688807,1.0,1.0,0.2279694184137214,204,5.698769932832657
13193,61,0.6931471805599453,4.778114580969449,0,0.0,0.0,0.6777777777777778,0.2526732015999292,60,3.9318256327243257
13194,136,0.6931471805599453,4.122283930911342,0,0.0,0.0,1.0,0.192431148137148,135,3.295836866004329
13196,11,1.6094379124341003,7.4948639363112814,250,0.21433997304745023,1.0,0.1222222222222222,0.2994844662278168,261,5.726847747587197
13198,10,1.9459101490553132,8.132189317204716,351,0.3558198776189989,1.0,0.1111111111111111,0.3054463916116399,361,6.092063745664098
13199,4,3.6635616461296463,9.191984936991869,363,1.293254329850105,1.0,0.0444444444444444,0.3653510441303496,366,5.096973930226607
13200,19,1.6094379124341003,6.769745301020691,107,0.6103748942760824,1.0,0.2111111111111111,0.291743056898616,125,4.867534450455582
13203,10,1.6094379124341003,6.769021807549381,232,0.32661386965695594,1.0,0.1111111111111111,0.2989614088972347,241,5.303304908059076
13207,15,1.0986122886681096,5.526488259576272,135,0.20067069546215116,1.0,0.1666666666666666,0.291195979260851,150,4.189654742026425
13208,59,1.9459101490553132,7.11061448699364,250,0.46850848817478524,1.0,0.6555555555555556,0.263033380031364,308,4.90527477843843
13209,30,2.1972245773362196,8.681454302434094,331,0.3737488947286982,1.0,0.3333333333333333,0.2958294799295023,361,6.277817611820076
13210,94,0.6931471805599453,5.8706519268912345,0,0.0,0.0,1.0,0.2265389373308369,93,5.75890177387728
13211,10,1.3862943611198906,7.088759301542255,350,0.15780699103036874,1.0,0.1111111111111111,0.2979941720117241,360,5.677894703704073
13212,20,1.3862943611198906,6.670867709875668,41,0.538996500732687,1.0,0.2222222222222222,0.2893884401589332,60,4.647590901872043
13213,57,1.791759469228055,7.327504547645857,142,0.4881938233057933,1.0,0.6333333333333333,0.26362576836137,199,5.60947179518496
13216,268,0.6931471805599453,5.813354111085492,0,0.0,0.0,1.0,0.0869385655513693,267,5.697093486505405
13217,122,1.3862943611198906,6.282229363019668,34,1.0169342576538425,1.0,1.0,0.2072075252345891,156,4.481117537318113
13218,127,0.6931471805599453,4.153242203469586,0,0.0,0.0,1.0,0.1996531688649396,126,4.48863636973214
13220,78,1.6094379124341003,6.7096579362724444,158,0.4508337131380154,1.0,0.8666666666666667,0.244344335619249,236,3.912023005428146
13221,240,1.0986122886681096,6.743364009514037,119,0.2248228128339297,1.0,1.0,0.1115671400506889,358,4.812184355372417
13223,200,1.0986122886681096,5.101085197018328,31,0.661398482245365,1.0,1.0,0.1426759773505835,231,3.8066624897703196
13224,60,1.0986122886681096,7.676450465777419,91,0.28493103907989104,1.0,0.6666666666666666,0.2578201352213122,150,6.633318433280377
13225,3,2.0794415416798357,8.774133542253146,358,0.40732557376108414,1.0,0.0333333333333333,0.3168686976286431,361,6.192362489474872
13226,273,0.6931471805599453,4.693272634209637,0,0.0,0.0,1.0,0.0826059215352669,272,4.394449154672439
13227,202,0.6931471805599453,5.5556690891919835,0,0.0,0.0,1.0,0.1397711933191138,201,4.605170185988092
13228,81,0.6931471805599453,5.883322388488279,0,0.0,0.0,0.9,0.2369731972127448,80,5.303304908059076
13229,226,0.6931471805599453,5.087287645617338,0,0.0,0.0,1.0,0.1203817437563293,225,4.1588830833596715
13230,4,2.70805020110221,7.940217081327946,360,0.6917611789520681,1.0,0.0444444444444444,0.320894146473165,364,4.786896327462283
13232,13,2.0794415416798357,7.214210036757201,230,0.5761755039744411,1.0,0.1444444444444444,0.30155804202011,242,4.719773568727095
13233,74,1.0986122886681096,6.407077986267962,261,0.10840929850718486,1.0,0.8222222222222222,0.2443763461823727,335,6.220590170099739
13235,212,0.6931471805599453,6.939321773198559,0,0.0,0.0,1.0,0.1328538049216135,211,6.091309882077698
13236,25,1.0986122886681096,6.614524507599939,82,0.31177962403084136,1.0,0.2777777777777778,0.2838806265369596,106,5.342334251964811
13238,17,1.6094379124341003,6.553548714657728,343,0.23300728083654995,1.0,0.1888888888888888,0.2931055700035507,359,4.324132656254979
13239,262,0.6931471805599453,5.800788185931274,0,0.0,0.0,1.0,0.0917454327378582,261,5.793013608384144
13240,96,1.6094379124341003,6.499260586313608,269,0.2886110088864397,1.0,1.0,0.2296836535647237,365,4.324132656254979
13242,112,1.3862943611198906,5.603593747400769,101,0.26007680635989205,1.0,1.0,0.2148526496029297,213,3.791736839553644
13243,203,0.6931471805599453,6.3987114002985646,0,0.0,0.0,1.0,0.1394577946734824,202,5.455321115357702
13244,93,0.6931471805599453,4.810068296960951,0,0.0,0.0,1.0,0.2270102626334331,92,3.6635616461296463
13245,51,0.6931471805599453,6.067267510523482,0,0.0,0.0,0.5666666666666667,0.2611408636139636,50,4.836281906951478
13246,18,1.9459101490553132,7.595035281264035,312,0.3925617032722565,1.0,0.2,0.2970108501577974,329,5.5909869805108565
13247,18,1.6094379124341003,6.218839134950008,64,0.8690378470236095,1.0,0.2,0.2920184834835473,82,4.418840607796598
13248,125,1.0986122886681096,6.145643797955656,64,0.3794896217049037,1.0,1.0,0.2032682017340324,188,5.033700567027251
13249,92,1.3862943611198906,6.56865358837482,168,0.30382328863116614,1.0,1.0,0.2315249814226226,260,5.209486152841421
13253,157,1.0986122886681096,6.9386723816168585,182,0.1518060128680041,1.0,1.0,0.1784059022398787,338,6.668228248417403
13255,9,1.0986122886681096,5.992738734985712,364,0.07919704166119314,1.0,0.1,0.296221871006484,373,4.4942386252808095
13258,12,1.3862943611198906,6.550480154971372,193,0.26947610795520843,1.0,0.1333333333333333,0.295677789321832,204,4.5712686343124105
13259,62,0.6931471805599453,5.681264163225599,0,0.0,0.0,0.6888888888888889,0.252120079339509,61,4.890349128221754
13260,61,0.6931471805599453,6.325469456665338,0,0.0,0.0,0.6777777777777778,0.2533009397191887,60,4.962844630259907
13261,269,1.0986122886681096,6.8512907420010105,17,1.0169342576538425,1.0,1.0,0.0884431349782516,285,4.663439094112067
13262,263,0.6931471805599453,5.3047466543129405,0,0.0,0.0,1.0,0.0907587580505486,262,4.836281906951478
13263,1,3.58351893845611,8.916649616826117,323,1.376991968457577,1.0,0.0111111111111111,0.3600779374613314,324,4.924143262742812
13265,53,1.791759469228055,7.653807953637001,220,0.4353180712578455,1.0,0.5888888888888889,0.2676723935861353,273,5.861925175752996
13266,11,2.5649493574615367,8.25199250811344,245,0.8531118302526235,1.0,0.1222222222222222,0.3138748379432032,256,5.91350300563827
13267,3,2.995732273553991,8.416818006100614,364,0.7282385003712154,1.0,0.0333333333333333,0.3313208324437106,366,4.6504454080500786
13268,18,2.4849066497880004,8.075797232617925,249,0.7323678937132266,1.0,0.2,0.3059400087477186,266,5.809779151556912
13269,1,2.772588722239781,8.584333948798262,368,0.682218110027755,1.0,0.0111111111111111,0.3283608174589756,369,5.46071962257306
13270,366,0.6931471805599453,6.3818160174060985,0,0.0,0.0,1.0,0.008694756434613,365,5.303304908059076
13271,37,0.6931471805599453,5.38623666458592,0,0.0,0.0,0.4111111111111111,0.272066576845681,36,5.537334267018537
13272,31,1.0986122886681096,5.626037126031348,58,0.41689380393178715,1.0,0.3444444444444444,0.2783992984662971,89,3.8918202981106265
13273,113,0.6931471805599453,4.941499555261394,0,0.0,0.0,1.0,0.2109920923481711,112,5.0369526024136295
13276,64,1.0986122886681096,6.383388384649479,36,0.6061358035703156,1.0,0.7111111111111111,0.2523774800325939,99,4.400603020246817
13277,16,1.6094379124341003,5.5583712718823435,117,0.5668534552356532,1.0,0.1777777777777777,0.2932762736421297,133,3.8066624897703196
13278,41,0.6931471805599453,6.298452800117238,0,0.0,0.0,0.4555555555555555,0.2693224646789863,40,6.2878585601617845
13279,78,0.6931471805599453,4.932673752626544,0,0.0,0.0,0.8666666666666667,0.2390652028074045,77,4.304065093204169
13280,122,1.3862943611198906,6.704242771617076,214,0.24613306953890846,1.0,1.0,0.2076084873552459,336,5.1647859739235145
13282,18,1.3862943611198906,7.032747819149021,202,0.26007680635989205,1.0,0.2,0.2914838711362247,220,4.637960008811082
13283,60,1.0986122886681096,4.5502915244781015,125,0.21357410029805896,1.0,0.6666666666666666,0.2548761727753948,185,3.828641396489095
13284,331,0.6931471805599453,5.309207849379209,0,0.0,0.0,1.0,0.0362145882740651,330,4.5217885770490405
13285,23,1.6094379124341003,7.904748193336201,266,0.2904871233793895,1.0,0.2555555555555555,0.2911597548387135,289,6.241736765810445
13291,156,0.6931471805599453,5.8919480330707374,0,0.0,0.0,1.0,0.1768172089958137,155,5.455321115357702
13292,39,1.0986122886681096,6.362924649913461,245,0.11506932978478718,1.0,0.4333333333333333,0.2724138399906862,283,5.161924741642482
13294,190,1.0986122886681096,6.773926699344786,59,0.4054651081081644,1.0,1.0,0.1517116785523556,249,5.427150238391005
13295,360,0.6931471805599453,5.309257306586371,0,0.0,0.0,1.0,0.0129525704637144,359,4.418840607796598
13296,137,0.6931471805599453,4.481871969643597,0,0.0,0.0,1.0,0.1916671239125229,136,4.3694478524670215
13297,8,1.6094379124341003,7.645325960844005,59,0.6931471805599453,1.0,0.0888888888888888,0.3023078194216466,66,5.487904134333403
13298,1,0.6931471805599453,5.8888779583328805,0,0.0,0.0,0.0111111111111111,0.3011471752495551,0,4.574710978503383
13299,268,0.6931471805599453,4.966335035199676,0,0.0,0.0,1.0,0.08666556642023,267,3.4339872044851463
13300,169,0.6931471805599453,5.921283469984221,0,0.0,0.0,1.0,0.1664047901864138,168,5.318119993844216
13301,104,1.6094379124341003,6.428250657915328,188,0.3894647667617232,1.0,1.0,0.2232015034049013,291,4.468777561082536
13302,155,0.6931471805599453,4.1705337005796475,0,0.0,0.0,1.0,0.1771948603652089,154,1.791759469228055
13304,351,0.6931471805599453,5.7085046409915305,0,0.0,0.0,1.0,0.0203134604420667,350,5.476463551931511
13305,4,2.3978952727983707,7.601832027360015,368,0.550255345175859,1.0,0.0444444444444444,0.3140017806619505,372,4.821893169499378
13307,120,0.6931471805599453,2.772588722239781,0,0.0,0.0,1.0,0.2052001350227703,119,1.6094379124341003
13308,23,1.3862943611198906,7.23454507743516,180,0.28629990222482926,1.0,0.2555555555555555,0.2878348669648337,202,5.641907070938114
13309,7,1.791759469228055,7.2846768692730555,301,0.3355225689335056,1.0,0.0777777777777777,0.3036416586634012,308,5.735926927982768
13310,28,1.3862943611198906,7.032650739053453,296,0.18457127652797006,1.0,0.3111111111111111,0.2834623237345745,323,5.281510248231656
13311,4,1.0986122886681096,6.396212731621162,145,0.18687737332981533,1.0,0.0444444444444444,0.3005167285396264,149,5.033700567027251
13313,22,1.791759469228055,7.35007933912113,317,0.3210314212183095,1.0,0.2444444444444444,0.2917502267538133,339,5.1428324637076415
13314,2,1.3862943611198906,6.655363127308804,72,0.6061358035703156,1.0,0.0222222222222222,0.3038096127268315,73,5.234667339471581
13316,37,1.6094379124341003,8.695963449808062,217,0.3469503940467376,1.0,0.4111111111111111,0.2845958179885314,253,7.460490305825338
13317,66,1.9459101490553132,7.729594662150938,292,0.26866680633829343,1.0,0.7333333333333333,0.258916989847597,358,5.156177599386914
13318,1,1.3862943611198906,6.464214402021743,36,0.9808292530117262,1.0,0.0111111111111111,0.3044187794648116,36,4.628235458919088
13319,5,3.295836866004329,9.29160233605445,360,0.8472978603872036,1.0,0.0555555555555555,0.3487921302133707,365,5.207803359007205
13320,78,1.6094379124341003,7.345816642793289,135,0.36772478012531734,1.0,0.8666666666666667,0.2453855837694494,213,5.616771097666572
13321,72,1.0986122886681096,6.342755020769874,14,1.1451323043030026,1.0,0.8,0.2459267210612977,85,5.231108616854587
13322,17,0.6931471805599453,5.300714491147758,0,0.0,0.0,0.1888888888888888,0.2880838049670308,16,4.770684624465665
13323,3,1.791759469228055,6.670576188703463,81,0.9088557533866369,1.0,0.0333333333333333,0.3058952888625779,83,3.58351893845611
13324,36,2.3978952727983707,8.871077244439467,324,0.3804638059027471,1.0,0.4,0.2956437953863137,360,6.256709274440827
13325,82,0.6931471805599453,6.516636764580894,0,0.0,0.0,0.9111111111111112,0.2366240106136639,81,5.484796933490655
13327,39,2.1972245773362196,8.196649026863438,326,0.4385508326939298,1.0,0.4333333333333333,0.2853785492732232,364,5.303304908059076
13328,316,0.6931471805599453,7.177385390826169,0,0.0,0.0,1.0,0.0498273536510782,315,6.523562306149512
13329,32,1.0986122886681096,6.672032945461067,335,0.08576682175742503,1.0,0.3555555555555555,0.2783286783305634,366,5.448890225027411
13330,93,1.3862943611198906,7.040475092365302,223,0.23827512618311883,1.0,1.0,0.2313359912390221,315,5.526780079339846
13332,14,0.6931471805599453,5.86334704432754,0,0.0,0.0,0.1555555555555555,0.2907063773211056,13,5.19295685089021
13334,82,1.3862943611198906,8.17126599722425,223,0.23827512618311883,1.0,0.9111111111111112,0.2435797041286436,305,6.384069539486542
13336,77,0.6931471805599453,6.67974992825102,0,0.0,0.0,0.8555555555555555,0.2408057513765101,76,6.327936783729195
13338,158,0.6931471805599453,6.190356388619899,0,0.0,0.0,1.0,0.1753926700999986,157,5.54907608489522
13339,201,0.6931471805599453,6.758233867538541,0,0.0,0.0,1.0,0.1414332996049309,200,5.7899601708972535
13340,45,2.0794415416798357,9.28149570365981,231,0.41836851294407224,1.0,0.5,0.2892781417192356,276,6.715729646725952
13341,261,0.6931471805599453,6.65524728153801,0,0.0,0.0,1.0,0.0931846601576181,260,5.71042701737487
13343,178,0.6931471805599453,5.870510865261174,0,0.0,0.0,1.0,0.1591591868103979,177,4.912654885736052
13344,68,1.3862943611198906,7.841775903285653,209,0.13353139262452257,1.0,0.7555555555555555,0.2533919794691978,277,5.782799014974425
13345,288,0.6931471805599453,5.967427969279741,0,0.0,0.0,1.0,0.0709753833780687,287,4.955827057601261
13347,70,0.6931471805599453,5.835862815013409,0,0.0,0.0,0.7777777777777778,0.2457729726737557,69,5.327876168789581
13348,64,0.6931471805599453,5.458563715690134,0,0.0,0.0,0.7111111111111111,0.2504322056302591,63,4.919980925828125
13349,11,0.6931471805599453,5.514718236994854,0,0.0,0.0,0.1222222222222222,0.2929649318000469,10,5.420534999272286
13350,16,1.0986122886681096,6.887675013147945,63,0.3894647667617232,1.0,0.1777777777777777,0.2914343032370248,78,4.973279507552487
13351,66,0.6931471805599453,5.926766013169045,0,0.0,0.0,0.7333333333333333,0.2490280374602406,65,4.770684624465665
13352,60,0.6931471805599453,5.988911290320265,0,0.0,0.0,0.6666666666666666,0.2538751892915776,59,5.7745515455444085
13354,71,0.6931471805599453,6.612753146812557,0,0.0,0.0,0.7888888888888889,0.2455449397886457,70,6.405228458030842
13355,122,0.6931471805599453,6.515749190558129,0,0.0,0.0,1.0,0.2045375926036904,121,5.752572638825633
13356,80,0.6931471805599453,6.645403014442646,0,0.0,0.0,0.8888888888888888,0.2383609624976083,79,5.786897381366708
13357,257,0.6931471805599453,6.415015122762531,0,0.0,0.0,1.0,0.0961563905603521,256,5.777652323222656
13358,269,0.6931471805599453,6.086842906406214,0,0.0,0.0,1.0,0.0862867302083393,268,5.655991810819852
13359,64,0.6931471805599453,6.088046644954226,0,0.0,0.0,0.7111111111111111,0.250725989468308,63,5.087596335232384
13362,9,1.6094379124341003,8.036489318202769,278,0.2804618244782939,1.0,0.1,0.3029344719569284,287,5.847882818629958
13363,18,1.0986122886681096,6.901234061991872,26,0.7672551527136671,1.0,0.2,0.2898491253941949,43,5.87493073085203
13364,71,0.6931471805599453,4.9123607248279155,0,0.0,0.0,0.7888888888888889,0.2446761932856263,70,4.276666119016055
13365,34,1.0986122886681096,7.708127735453272,184,0.1510402574128658,1.0,0.3777777777777777,0.2787748487078753,217,6.436951329565632
13366,50,0.6931471805599453,4.045854353061666,0,0.0,0.0,0.5555555555555556,0.2614086244107009,49,4.976733742420574
13368,257,1.0986122886681096,6.436791188641277,80,0.31508104663989533,1.0,1.0,0.0976109974174287,337,5.1029105702054265
13369,366,0.6931471805599453,5.734247015460021,0,0.0,0.0,1.0,0.0082925951962499,365,5.0106352940962555
13370,372,0.6931471805599453,6.62786940372116,0,0.0,0.0,1.0,0.0041172776103014,371,5.840641657373398
13372,90,0.6931471805599453,5.939223435262291,0,0.0,0.0,1.0,0.229783409910916,89,5.075173815233827
13373,61,1.3862943611198906,8.105684859760789,215,0.245122458032985,1.0,0.6777777777777778,0.2601040455060389,275,6.312339586915527
13375,89,0.6931471805599453,6.658845101030894,0,0.0,0.0,0.9888888888888888,0.2311565716551418,88,6.093569770045136
13376,99,1.3862943611198906,6.928302726869797,135,0.36772478012531734,1.0,1.0,0.2263501842852863,233,5.107963638056818
13379,26,1.3862943611198906,6.351862551846838,110,0.4353180712578455,1.0,0.2888888888888888,0.284267946591398,136,5.304961909266705
13381,32,1.9459101490553132,8.199824121839633,267,0.44583756339855196,1.0,0.3555555555555555,0.2881391827313772,298,5.826491628648641
13382,281,0.6931471805599453,5.411601408001375,0,0.0,0.0,1.0,0.0763526601052441,280,4.882801922586371
13384,31,2.0794415416798357,8.331569388203366,147,0.6998812127412893,1.0,0.3444444444444444,0.2911085043228687,178,5.849324779946859
13385,330,0.6931471805599453,6.283331600299074,0,0.0,0.0,1.0,0.0374926342888002,329,5.641907070938114
13388,131,1.0986122886681096,6.519294769689797,0,0.0,1.0,1.0,0.198757174015946,130,4.955827057601261
13389,11,1.3862943611198906,6.683310881934879,221,0.2401919678159929,1.0,0.1222222222222222,0.2966217954040917,232,4.969813299576001
13390,75,0.6931471805599453,6.30093257288162,0,0.0,0.0,0.8333333333333334,0.2420516645597156,74,5.41610040220442
13391,204,0.6931471805599453,4.107589788972121,0,0.0,0.0,1.0,0.1378844088227224,203,1.6094379124341003
13394,2,2.1972245773362196,7.832418860516229,308,0.5198754592859085,1.0,0.0222222222222222,0.3134763571830378,309,5.703782474656201
13395,185,0.6931471805599453,5.7324347172293635,0,0.0,0.0,1.0,0.1534789615598468,184,5.820082930352362
13396,29,1.0986122886681096,7.216702144538598,290,0.09844007281325245,1.0,0.3222222222222222,0.2815516232248142,318,5.707110264748875
13397,73,1.791759469228055,7.342863328186895,266,0.37117603462953225,1.0,0.8111111111111111,0.2508251618838489,338,4.465908118654584
13398,192,0.6931471805599453,6.127611266781323,0,0.0,0.0,1.0,0.1480775740016479,191,5.641907070938114
13402,127,1.0986122886681096,6.433309799308897,244,0.11551288712184428,1.0,1.0,0.2018859745629975,371,5.482720089545816
13403,18,0.6931471805599453,4.330733340286331,0,0.0,0.0,0.2,0.2871039681056894,17,3.8066624897703196
13404,1,1.0986122886681096,5.5353243745214,211,0.13293880001458844,1.0,0.0111111111111111,0.3024291091569213,212,4.034240638152395
13405,74,1.3862943611198906,6.351672492640208,243,0.22067136216882063,1.0,0.8222222222222222,0.2457651171948089,317,4.02535169073515
13408,2,4.143134726391533,10.244166642215127,371,1.4412101187160054,1.0,0.0222222222222222,0.4275286045139507,373,5.571417835825495
13410,24,1.791759469228055,6.911807059422235,267,0.37117603462953225,1.0,0.2666666666666666,0.2893575858878834,290,4.650143551630823
13411,107,0.6931471805599453,5.368542811437534,0,0.0,0.0,1.0,0.2159113768196277,106,4.290459441148391
13414,134,1.3862943611198906,7.238137580965946,162,0.31342157065335635,1.0,1.0,0.1988045571399375,296,6.2646672982949285
13416,44,1.0986122886681096,6.570182436916891,37,0.581921545449721,1.0,0.4888888888888889,0.2685938045188256,80,4.276666119016055
13417,5,1.0986122886681096,6.4643234711171225,200,0.13911280246271773,1.0,0.0555555555555555,0.2997749165429899,204,4.406719247264253
13418,12,2.9444389791664403,8.720693878671442,360,0.6917611789520681,1.0,0.1333333333333333,0.3249586876097841,372,5.3875485002759795
13419,64,0.6931471805599453,5.40294761562612,0,0.0,0.0,0.7111111111111111,0.2504140761125563,63,5.62040086571715
13420,150,1.0986122886681096,5.080472253685035,20,0.8873031950009028,1.0,1.0,0.1827781470266268,170,3.9415818076696905
13421,40,1.0986122886681096,7.524064610817457,249,0.11332868530700317,1.0,0.4444444444444444,0.2734277076186344,289,6.3826616834184415
13422,64,0.6931471805599453,7.8737119818711125,0,0.0,0.0,0.7111111111111111,0.2538476069125013,63,7.190676034332207
13425,108,1.3862943611198906,7.393392317183492,186,0.27958486221916157,1.0,1.0,0.219993798064562,294,5.927814520031526
13426,1,2.3978952727983707,8.200376120238847,358,0.5608088682121617,1.0,0.0111111111111111,0.3187499890034321,359,5.418320158942733
13427,19,1.3862943611198906,6.369215816648631,195,0.2670627852490452,1.0,0.2111111111111111,0.2898972521650628,214,5.207662998279906
13428,10,0.6931471805599453,5.391215548914767,0,0.0,0.0,0.1111111111111111,0.2937258868543522,9,5.056245805348308
13429,11,1.6094379124341003,6.915525016246498,64,0.8690378470236095,1.0,0.1222222222222222,0.2983553256047852,74,5.853638230200579
13430,19,1.0986122886681096,6.5227543440063265,67,0.36545977349446523,1.0,0.2111111111111111,0.288600100882995,85,5.930918047239948
13431,67,1.0986122886681096,7.146850916510274,21,0.8873031950009028,1.0,0.7444444444444445,0.2509391648904092,88,5.820082930352362
13434,74,1.0986122886681096,6.282715244436788,22,0.8602012652231115,1.0,0.8222222222222222,0.2442751634882964,96,5.017279836814924
13435,5,2.0794415416798357,8.245618036642021,183,0.682218110027755,1.0,0.0555555555555555,0.311475849986285,188,5.720780051024772
13436,2,0.6931471805599453,5.287711320760812,0,0.0,0.0,0.0222222222222222,0.3001121932489337,1,4.343805421853684
13437,14,2.0794415416798357,8.134191872452362,175,0.7044467358138786,1.0,0.1555555555555555,0.3036829778542302,189,5.216487348300404
13439,255,0.6931471805599453,5.651471118359793,0,0.0,0.0,1.0,0.0972949541584203,254,5.493061443340548
13441,92,0.6931471805599453,5.69588470252906,0,0.0,0.0,1.0,0.2280620751075754,91,5.3230099791384085
13447,23,1.3862943611198906,7.030096797837492,12,1.791759469228055,1.0,0.2555555555555555,0.2874688933858221,35,5.276412531159987
13448,17,1.9459101490553132,8.17198652044002,357,0.28978070910870213,1.0,0.1888888888888888,0.3000286018362438,373,5.626421353498733
13449,24,0.6931471805599453,5.679762968811981,0,0.0,0.0,0.2666666666666666,0.2826007346526941,23,5.407171771460119
13450,27,1.9459101490553132,7.623016139787193,191,0.5773153650348236,1.0,0.3,0.2898721395601736,217,5.803124917988464
13451,26,1.791759469228055,7.998721746041357,308,0.3290234126082223,1.0,0.2888888888888888,0.2905699353786919,333,6.0656439452822335
13452,259,1.0986122886681096,6.3818160174060985,11,1.3156767939059373,1.0,1.0,0.0959590401385252,270,0.6931471805599453
13453,166,1.0986122886681096,5.880477118918354,123,0.21667103680859226,1.0,1.0,0.1702253296579907,289,4.219507705176107
13455,25,1.0986122886681096,6.965401351674954,341,0.08408311721054137,1.0,0.2777777777777778,0.2843281401200012,365,5.181783550292085
13456,18,1.9459101490553132,7.477445859614847,189,0.581921545449721,1.0,0.2,0.2966959675582016,206,4.855928904335275
13458,7,2.70805020110221,9.174461349151194,352,0.7457180675692834,1.0,0.0777777777777777,0.3282514025324842,359,5.977438062874841
13460,29,1.0986122886681096,5.217324207338505,20,0.9162907318741551,1.0,0.3222222222222222,0.2798706457782911,49,4.969813299576001
13461,39,1.3862943611198906,7.27655640271871,124,0.3920420877760237,1.0,0.4333333333333333,0.2750855655948903,163,5.968707559985366
13462,253,0.6931471805599453,5.0271645960474665,0,0.0,0.0,1.0,0.0987104996714379,252,4.143134726391533
13464,58,0.6931471805599453,6.515719591185634,0,0.0,0.0,0.6444444444444445,0.2558744624489907,57,6.0014148779611505
13466,184,0.6931471805599453,5.733017599924536,0,0.0,0.0,1.0,0.1542813575510742,183,5.560681631015528
13467,11,1.0986122886681096,6.989067949142608,25,0.7672551527136671,1.0,0.1222222222222222,0.2955943028538384,35,5.680172609017068
13468,2,3.6375861597263857,8.64926827413607,371,1.3409257560900396,1.0,0.0222222222222222,0.3596497347018277,372,4.262299142218517
13470,99,1.0986122886681096,5.111987788356544,15,1.0560526742493137,1.0,1.0,0.2236945896692743,114,3.9318256327243257
13471,1,1.6094379124341003,7.836993824962504,46,1.084013489246957,1.0,0.0111111111111111,0.3085533715698853,46,5.98770749823027
13473,61,1.0986122886681096,6.048884037975468,272,0.1046249510788723,1.0,0.6777777777777778,0.2545436596225161,332,4.897839799950911
13474,236,0.6931471805599453,5.440641241760233,0,0.0,0.0,1.0,0.1124583384288572,235,4.890349128221754
13475,191,1.6094379124341003,7.2673718919667785,107,0.6103748942760824,1.0,1.0,0.1545769667749514,298,5.537334267018537
13476,179,1.0986122886681096,7.122439147874555,102,0.25562013999211797,1.0,1.0,0.1610558677272474,280,5.344723739362192
13477,38,1.9459101490553132,7.283159725605137,253,0.46408061094261355,1.0,0.4222222222222222,0.2802076003799536,291,5.142637740700503
13479,201,1.0986122886681096,5.71026144075391,33,0.6325225587435105,1.0,1.0,0.1420704793417764,234,4.219507705176107
13481,46,1.791759469228055,7.498626071957096,211,0.35525213127280925,1.0,0.5111111111111111,0.2728546852091362,256,5.435467204695271
13482,232,0.6931471805599453,5.223809314372975,0,0.0,0.0,1.0,0.1156027275060908,231,4.762173934797756
13483,66,0.6931471805599453,4.951168335262708,0,0.0,0.0,0.7333333333333333,0.2486945685361968,65,5.081404364984463
13484,241,0.6931471805599453,5.751937516543248,0,0.0,0.0,1.0,0.1085678547917502,240,3.8066624897703196
13485,233,0.6931471805599453,6.120824752413689,0,0.0,0.0,1.0,0.1151854481515438,232,5.627621113690637
13486,78,1.3862943611198906,7.024123981607583,76,0.5761755039744411,1.0,0.8666666666666667,0.2433416391101372,154,5.4116460518550396
13487,58,1.3862943611198906,6.356801864125367,295,0.18457127652797006,1.0,0.6444444444444445,0.2586035515534013,352,4.4923746918427465
13488,17,2.639057329615259,9.101564029017187,350,0.6641596436866931,1.0,0.1888888888888888,0.3178263750125762,366,5.853748587205602
13489,105,1.6094379124341003,6.110402471179496,189,0.3894647667617232,1.0,1.0,0.2221587271391888,294,4.948759890378168
13491,52,2.3978952727983707,7.103996177364903,320,0.6103748942760824,1.0,0.5777777777777777,0.2743784457173366,371,4.514150787600923
13492,136,1.3862943611198906,7.147433378135437,78,0.5705448584676129,1.0,1.0,0.1970280343716845,214,4.919980925828125
13493,275,1.0986122886681096,6.429122525704993,11,1.252762968495368,1.0,1.0,0.0831656854680852,286,5.25227342804663
13494,312,0.6931471805599453,5.759721626980309,0,0.0,0.0,1.0,0.0516194948358504,311,5.093750200806762
13495,8,1.791759469228055,7.623578405880983,360,0.28698931177288023,1.0,0.0888888888888888,0.3036790162220797,367,5.116795489924646
13496,11,1.0986122886681096,6.483611811351871,349,0.0824642828799991,1.0,0.1222222222222222,0.2949799263318779,359,5.144583266605995
13497,283,1.0986122886681096,5.855215178416411,85,0.29924289485285693,1.0,1.0,0.0763623145150764,368,4.412798293340635
13499,18,1.791759469228055,7.056270107190766,252,0.3894647667617232,1.0,0.2,0.2943931847768533,269,5.6131281063880705
13500,23,1.3862943611198906,7.062851226189096,99,0.4737843520856416,1.0,0.2555555555555555,0.2875226110040231,122,5.318119993844216
13501,288,0.6931471805599453,7.201409482704207,0,0.0,0.0,1.0,0.0723326989703604,287,6.329720905522696
13502,17,1.3862943611198906,5.680172609017068,307,0.17851410046737304,1.0,0.1888888888888888,0.2910866926143849,323,4.48863636973214
13503,71,0.6931471805599453,5.383806752563451,0,0.0,0.0,0.7888888888888889,0.2447930929867819,70,5.517452896464707
13504,64,0.6931471805599453,5.693496420787701,0,0.0,0.0,0.7111111111111111,0.2505209546157377,63,5.187385805840755
13505,73,1.6094379124341003,8.388138619999735,159,0.44628710262841953,1.0,0.8111111111111111,0.2534574764997657,232,6.4337436283388625
13506,316,1.0986122886681096,6.130182466419805,53,0.4485486942444761,1.0,1.0,0.0500494245333744,369,5.093750200806762
13507,3,1.6094379124341003,7.816078353206984,142,0.49091031406504915,1.0,0.0333333333333333,0.3068742628400602,145,5.992089351876824
13508,244,0.6931471805599453,4.718230978272105,0,0.0,0.0,1.0,0.1058718935790063,243,3.2188758248682006
13509,9,2.0794415416798357,6.888286995786739,275,0.5020919437972361,1.0,0.1,0.3042271665045272,283,5.0689042022202315
13510,1,1.6094379124341003,7.4914000447169204,182,0.401795379219202,1.0,0.0111111111111111,0.3074969774210372,183,5.850764665004847
13512,261,0.6931471805599453,5.530262073815315,0,0.0,0.0,1.0,0.0924357254987553,260,4.969813299576001
13513,127,0.6931471805599453,5.328361487896413,0,0.0,0.0,1.0,0.1998565335178475,126,4.700480365792417
13514,74,0.6931471805599453,5.031744257306491,0,0.0,0.0,0.8222222222222222,0.242294386636728,73,3.713572066704308
13515,73,1.6094379124341003,6.793600652679757,175,0.4149438520627081,1.0,0.8111111111111111,0.2484575696455161,247,5.143124477142335
13516,21,1.3862943611198906,7.2373539466601775,217,0.24412015264687897,1.0,0.2333333333333333,0.2894447123719079,238,5.797070409079758
13517,60,1.3862943611198906,7.663604921153483,120,0.4054651081081644,1.0,0.6666666666666666,0.2592162422645732,179,6.125412519617721
13518,86,0.6931471805599453,6.492906279563631,0,0.0,0.0,0.9555555555555556,0.2333928139796191,85,5.973809611869261
13519,78,0.6931471805599453,4.8182634014487995,0,0.0,0.0,0.8666666666666667,0.2390437899912201,77,3.1780538303479458
13520,59,1.9459101490553132,8.195706114352095,312,0.3915238635460809,1.0,0.6555555555555556,0.2664600730053408,371,5.619796818583108
13521,1,1.3862943611198906,6.998189956453345,8,2.03688192726104,1.0,0.0111111111111111,0.3050652894862594,9,5.506685632280092
13522,30,0.6931471805599453,4.842611042003125,0,0.0,0.0,0.3333333333333333,0.2775508177273024,29,3.8066624897703196
13523,33,1.791759469228055,8.285483051435902,333,0.23922968906583414,1.0,0.3666666666666666,0.2863663950330546,365,5.861925175752996
13524,41,1.791759469228055,6.523826588404497,179,0.5130577675499314,1.0,0.4555555555555555,0.275260304245547,219,4.186619838331271
13525,15,1.0986122886681096,6.445370552049637,233,0.12062798778861472,1.0,0.1666666666666666,0.291736324539657,247,5.288267030694535
13527,34,2.0794415416798357,7.735656229758609,293,0.4133971610280683,1.0,0.3777777777777777,0.2860405883605444,326,5.491884972616619
13529,79,1.0986122886681096,5.7325642760816535,125,0.21357410029805896,1.0,0.8777777777777778,0.239941163327169,204,3.6375861597263857
13531,205,1.0986122886681096,6.1837364347551045,161,0.17086906306216681,1.0,1.0,0.1391229454213307,365,4.477336814478207
13532,34,0.6931471805599453,5.353326249578836,0,0.0,0.0,0.3777777777777777,0.2744629013839522,33,4.867534450455582
13533,183,1.3862943611198906,5.605029709281564,84,0.30228087187293357,1.0,1.0,0.1579013346783965,267,4.23410650459726
13534,2,3.258096538021482,8.677793882270105,355,0.8889541777104047,1.0,0.0222222222222222,0.3426605523243989,357,4.782814153230935
13536,1,2.0794415416798357,8.145923691744827,74,1.2332691738143668,1.0,0.0111111111111111,0.3141682145138676,74,5.724051846418264
13538,43,2.0794415416798357,7.156059625954846,272,0.5078801135362339,1.0,0.4777777777777778,0.2773843086543056,315,3.258096538021482
13539,86,1.3862943611198906,6.449427224173901,223,0.23732818630616614,1.0,0.9555555555555556,0.2362235140344296,308,4.679040034554547
13544,40,1.0986122886681096,5.678156927017229,200,0.13911280246271773,1.0,0.4444444444444444,0.2712012458174211,240,4.1666652238017265
13546,12,1.3862943611198906,6.442524242774538,188,0.27698678333503296,1.0,0.1333333333333333,0.2955755930877897,200,4.7930319231576615
13548,96,1.0986122886681096,6.527094972292893,147,0.18571714579509283,1.0,1.0,0.2268396204630357,243,5.40042258948519
13549,26,2.0794415416798357,6.823503726534546,216,0.6040389271467309,1.0,0.2888888888888888,0.2905029817713863,241,4.196127256532043
13551,319,0.6931471805599453,4.530446639792155,0,0.0,0.0,1.0,0.0456841001924361,318,2.5649493574615367
13552,66,2.5649493574615367,8.227126945747532,249,0.6115973135958376,1.0,0.7333333333333333,0.2696227326739529,315,4.779823528141867
13555,74,1.6094379124341003,8.330931080828272,128,0.21056476910734964,1.0,0.8222222222222222,0.25230652268669,201,6.501289670540389
13557,28,1.0986122886681096,6.371714406075083,252,0.11247798342669024,1.0,0.3111111111111111,0.2812446783103751,280,5.6131281063880705
13558,6,1.6094379124341003,6.406978991069148,62,0.8873031950009028,1.0,0.0666666666666666,0.3017925284736917,67,4.465908118654584
13560,7,0.6931471805599453,5.166898027681201,0,0.0,0.0,0.0777777777777777,0.2960693502870698,6,4.174387269895637
13561,216,0.6931471805599453,4.961865129726826,0,0.0,0.0,1.0,0.1283758827532636,215,4.430816798843313
13562,82,1.3862943611198906,7.495725260414088,163,0.31177962403084136,1.0,0.9111111111111112,0.2410994005291706,245,5.534706144612267
13563,84,1.0986122886681096,6.657407526177046,55,0.42899560551835847,1.0,0.9333333333333332,0.2366010747172638,139,4.658710952916121
13564,144,1.3862943611198906,7.467382495423682,223,0.23732818630616614,1.0,1.0,0.1912949616228327,367,5.3996698608083245
13565,19,1.0986122886681096,5.485709380155097,315,0.09097177820572666,1.0,0.2111111111111111,0.2879730907994857,333,4.465908118654584
13566,41,1.0986122886681096,6.775034985898857,41,0.538996500732687,1.0,0.4555555555555555,0.2712317798253422,82,5.664695085948154
13568,173,0.6931471805599453,5.267084664116938,0,0.0,0.0,1.0,0.1629406506627051,172,4.2626798770413155
13569,17,1.0986122886681096,5.926259136982707,350,0.08223809823697208,1.0,0.1888888888888888,0.2897679857640249,367,4.418840607796598
13570,243,0.6931471805599453,5.482678508639762,0,0.0,0.0,1.0,0.1068574976255067,242,5.087596335232384
13571,13,2.5649493574615367,7.646506601347098,240,0.8625922761653553,1.0,0.1444444444444444,0.3097839038000626,253,4.994392987994833
13572,206,0.6931471805599453,7.233635907747459,0,0.0,0.0,1.0,0.1381708110408777,205,6.282266746896006
13573,50,1.0986122886681096,5.68833037009728,202,0.13783247452391326,1.0,0.5555555555555556,0.2631841237311157,252,5.0271645960474665
13575,23,1.791759469228055,6.597241195280628,152,0.5790338737925242,1.0,0.2555555555555555,0.2897728809881307,175,4.508659285607248
13576,10,2.9444389791664403,8.812596379192264,362,0.8775327215747515,1.0,0.1111111111111111,0.3274050746443366,372,4.997212273764115
13577,25,1.6094379124341003,7.431655062235399,216,0.3483066942682158,1.0,0.2777777777777778,0.2880972354312734,241,5.292047753534441
13579,15,1.0986122886681096,6.148553762350757,354,0.0811255448123684,1.0,0.1666666666666666,0.2915054372803468,368,4.48863636973214
13581,309,0.6931471805599453,4.77912349311153,0,0.0,0.0,1.0,0.0537428916190363,308,3.4339872044851463
13583,156,0.6931471805599453,6.661893102980819,0,0.0,0.0,1.0,0.1774166536472884,155,6.587550014824796
13584,307,0.6931471805599453,4.96563792816552,0,0.0,0.0,1.0,0.0553820012082291,306,3.6375861597263857
13587,64,0.6931471805599453,6.570042272924791,0,0.0,0.0,0.7111111111111111,0.2511154743194899,63,5.198497031265826
13588,16,2.302585092994046,7.815993677665464,239,0.6931471805599453,1.0,0.1777777777777777,0.3036231890668255,254,5.671794799162804
13589,15,1.0986122886681096,5.941880317752221,164,0.16705408466316618,1.0,0.1666666666666666,0.291380686213257,179,4.060443010546419
13590,11,1.9459101490553132,7.592325784791223,291,0.41455607980941644,1.0,0.1222222222222222,0.3026181433564247,302,5.733341276897746
13591,65,1.3862943611198906,7.019412926024925,202,0.26007680635989205,1.0,0.7222222222222222,0.2537619092854713,266,5.0917031171850375
13592,36,1.6094379124341003,5.5172922409900265,228,0.3314690992306049,1.0,0.4,0.2772185895734024,263,3.091042453358316
13593,108,1.791759469228055,7.619763467183001,227,0.42285685082003355,1.0,1.0,0.2234539920895592,335,4.991792206294776
13594,53,0.6931471805599453,5.986376625559036,0,0.0,0.0,0.5888888888888889,0.2594887207573199,52,5.886104031450156
13596,6,1.0986122886681096,6.54827640771067,7,1.6650077635889111,1.0,0.0666666666666666,0.2990530184654048,12,5.318119993844216
13598,47,0.6931471805599453,5.199435816987919,0,0.0,0.0,0.5222222222222223,0.2639920684120015,46,4.07753744390572
13599,1,3.091042453358316,8.547658378883066,365,0.7657863641999169,1.0,0.0111111111111111,0.3366983741913997,366,5.0616904648965395
13600,312,0.6931471805599453,5.395988393721483,0,0.0,0.0,1.0,0.0514813964466723,311,5.783825182329737
13601,45,1.0986122886681096,6.54293294933599,166,0.16612687087397396,1.0,0.5,0.267764285627098,210,5.616771097666572
13602,65,0.6931471805599453,6.063529362008149,0,0.0,0.0,0.7222222222222222,0.2499086187809623,64,5.5909869805108565
13603,26,0.6931471805599453,5.108003959824529,0,0.0,0.0,0.2888888888888888,0.2808143905394179,25,5.10594547390058
13606,29,1.3862943611198906,5.640274533399819,282,0.19290366612449156,1.0,0.3222222222222222,0.2814446647736222,311,4.543294782270004
13607,40,0.6931471805599453,6.520635854990748,0,0.0,0.0,0.4444444444444444,0.2703177187679804,39,5.673323267171493
13610,12,2.0794415416798357,7.032518341914804,273,0.5064203302980743,1.0,0.1333333333333333,0.3020379609996015,284,4.31367131500961
13611,89,1.3862943611198906,7.067149331132387,270,0.20067069546215116,1.0,0.9888888888888888,0.234588614964462,359,5.546478680837534
13614,24,1.6094379124341003,7.384895879352644,306,0.25782910930209973,1.0,0.2666666666666666,0.288789255492676,330,4.966335035199676
13615,319,0.6931471805599453,6.037130789291114,0,0.0,0.0,1.0,0.0461493150368567,318,5.247024072160486
13617,40,1.3862943611198906,6.301116015363744,140,0.35667494393873234,1.0,0.4444444444444444,0.2729974870191131,179,4.61512051684126
13618,174,0.6931471805599453,5.183691840706733,0,0.0,0.0,1.0,0.1621163707733374,173,5.5093883366279774
13621,117,0.6931471805599453,5.3699401102210045,0,0.0,0.0,1.0,0.2078904147016199,116,5.840641657373398
13623,31,1.791759469228055,6.618445215404971,266,0.37117603462953225,1.0,0.3444444444444444,0.2833781950448159,296,4.091005660956586
13626,253,0.6931471805599453,5.5538506606638975,0,0.0,0.0,1.0,0.0988614314751158,252,5.3471075307174685
13627,59,1.791759469228055,7.402128297855622,298,0.3383879460193518,1.0,0.6555555555555556,0.2621897807465017,357,5.540478923698008
13629,23,2.4849066497880004,8.961027368080067,315,0.6690496289808848,1.0,0.2555555555555555,0.3084640339780513,338,5.987593427620439
13630,5,2.0794415416798357,7.617159593311352,280,0.4964368863138911,1.0,0.0555555555555555,0.3089375604805849,285,5.296887773738442
13631,100,2.4849066497880004,8.029895274358873,167,0.7282385003712154,1.0,1.0,0.239958659212139,266,3.7717154596930853
13632,25,1.791759469228055,7.660241549534091,218,0.4369283775639494,1.0,0.2777777777777778,0.2901517151961482,242,5.339459309879212
13634,33,1.791759469228055,7.362746788107369,293,0.34228620648663277,1.0,0.3666666666666666,0.2829550193602551,326,4.954417614098027
13635,68,0.6931471805599453,6.977309326313799,0,0.0,0.0,0.7555555555555555,0.2484188700543028,67,6.519147287940395
13636,37,1.791759469228055,6.856588292406893,248,0.3933437475758196,1.0,0.4111111111111111,0.2788527779142536,284,4.782479200958502
13637,52,1.3862943611198906,6.698884386954646,174,0.29626581614317243,1.0,0.5777777777777777,0.2637519959836625,225,4.922411060681417
13638,16,0.6931471805599453,4.817374117263916,0,0.0,0.0,0.1777777777777777,0.2887762532847571,15,4.543294782270004
13639,74,0.6931471805599453,6.941518821134943,0,0.0,0.0,0.8222222222222222,0.2435522325602381,73,6.68586094706836
13642,216,0.6931471805599453,5.874368775231734,0,0.0,0.0,1.0,0.1286798590918162,215,5.159055299214529
13643,31,1.3862943611198906,6.254674607635275,154,0.3290234126082223,1.0,0.3444444444444444,0.2801814214845182,185,4.5217885770490405
13644,16,1.6094379124341003,7.87293521773988,89,0.6987494361086152,1.0,0.1777777777777777,0.2966535886619855,105,6.249492500275694
13645,120,0.6931471805599453,5.533784667551078,0,0.0,0.0,1.0,0.2055386002705904,119,5.0689042022202315
13647,10,1.6094379124341003,7.42602512563736,225,0.33647223662121295,1.0,0.1111111111111111,0.3001157880929423,234,5.41498867335173
13649,257,1.0986122886681096,5.851052393391237,109,0.24116205681688807,1.0,1.0,0.097215859582774,365,4.255612709818223
13650,17,1.9459101490553132,7.516074152465826,250,0.3907491234756512,1.0,0.1888888888888888,0.2975974906131516,267,5.041272263558145
13651,35,1.0986122886681096,4.55597994179732,4,2.1400661634962708,1.0,0.3888888888888889,0.2749304195726063,39,2.8622008809294686
13652,46,1.3862943611198906,6.999495457544853,322,0.1703826659579894,1.0,0.5111111111111111,0.2689710741569103,368,5.266138468183802
13654,43,1.9459101490553132,7.90408748775984,230,0.41985384556026395,1.0,0.4777777777777778,0.2779852322244483,272,5.8989836943138165
13655,114,1.0986122886681096,6.83944431779864,127,0.21205871888971672,1.0,1.0,0.2127587974707818,241,5.715381610499553
13656,165,1.0986122886681096,5.941880317752221,172,0.15991438454400833,1.0,1.0,0.1710598305982837,336,5.5053315359323625
13657,11,1.0986122886681096,5.948400457636955,190,0.1458892734711229,1.0,0.1222222222222222,0.2945927968904762,201,4.658710952916121
13658,10,1.791759469228055,7.878598588006555,194,0.26826398659467937,1.0,0.1111111111111111,0.3029231139244362,203,5.322033893165353
13659,206,1.0986122886681096,7.36150248570835,115,0.23180161405732433,1.0,1.0,0.1398759478473107,320,6.104793232414985
13662,86,1.3862943611198906,6.80101603553803,173,0.29626581614317243,1.0,0.9555555555555556,0.2366038342002847,258,5.204006687076795
13663,179,0.6931471805599453,5.249494701850468,0,0.0,0.0,1.0,0.1581229914168593,178,4.5217885770490405
13666,60,1.3862943611198906,4.450269224770129,227,0.12412606741381707,1.0,0.6666666666666666,0.256298717509038,286,2.6855773452501515
13667,149,0.6931471805599453,5.723650459293667,0,0.0,0.0,1.0,0.1823521126005272,148,5.043425116919247
13668,3,3.091042453358316,8.758505094148523,359,0.9808292530117262,1.0,0.0333333333333333,0.3368212824203822,362,5.188449352870014
13669,51,1.0986122886681096,5.391579997007726,98,0.26469255422708216,1.0,0.5666666666666667,0.2622737072198438,149,4.783316371371566
13670,75,0.6931471805599453,5.859931157146132,0,0.0,0.0,0.8333333333333334,0.2417741830123884,74,5.645446897643238
13672,301,1.0986122886681096,5.233192006587575,30,0.676886659688165,1.0,1.0,0.0616930387836558,331,3.3843902633457743
13673,19,1.0986122886681096,5.986250980055095,13,1.1451323043030026,1.0,0.2111111111111111,0.2881967833525579,31,4.102643365036796
13675,151,1.0986122886681096,6.189946485351331,133,0.2034010725850085,1.0,1.0,0.1824427645563794,284,5.111987788356544
13678,152,0.6931471805599453,5.453610250954072,0,0.0,0.0,1.0,0.1798423144116898,151,6.829793737512425
13680,1,1.6094379124341003,8.22239787975808,337,0.23607730009877798,1.0,0.0111111111111111,0.3102533207715477,338,6.184148890937483
13681,18,1.6094379124341003,6.720015067761323,137,0.5020919437972361,1.0,0.2,0.2924848688952526,154,4.51085950651685
13682,187,0.6931471805599453,4.102643365036796,0,0.0,0.0,1.0,0.1515203442027624,186,2.3978952727983707
13684,286,0.6931471805599453,4.222884350827332,0,0.0,0.0,1.0,0.0721196142348203,285,3.6888794541139363
13685,3,2.0794415416798357,8.045729296501372,57,1.2770950691548986,1.0,0.0333333333333333,0.312094496132187,59,6.583804322914596
13686,183,0.6931471805599453,4.290459441148391,0,0.0,0.0,1.0,0.1547467443659819,182,4.2626798770413155
13689,63,0.6931471805599453,6.814542897259958,0,0.0,0.0,0.7,0.2521996915221245,62,6.240275845170769
13690,59,0.6931471805599453,5.1547356380700124,0,0.0,0.0,0.6555555555555556,0.2543550939958584,58,4.219507705176107
13692,25,1.3862943611198906,7.30607491892943,211,0.24921579162398486,1.0,0.2777777777777778,0.2863773523320947,235,6.015343820897925
13694,4,3.9318256327243257,11.082767276771584,369,1.3235560204864674,1.0,0.0444444444444444,0.4614072072957002,373,7.144596586218542
13695,31,2.772588722239781,7.826095908379989,228,0.99714282850325,1.0,0.3444444444444444,0.3002394886774839,259,4.680895896516227
13697,39,0.6931471805599453,5.025852259901116,0,0.0,0.0,0.4333333333333333,0.2703679681779173,38,5.181783550292085
13699,155,0.6931471805599453,5.735216540145732,0,0.0,0.0,1.0,0.1775443603509693,154,4.204692619390966
13700,26,2.3978952727983707,7.725824396937778,300,0.5292593254548287,1.0,0.2888888888888888,0.2967319585587457,326,5.444147814759576
13703,318,0.6931471805599453,4.61015772749913,0,0.0,0.0,1.0,0.0464972311421772,317,2.3978952727983707
13704,5,2.302585092994046,7.744595794291895,83,1.3588117154260586,1.0,0.0555555555555555,0.3122027694014077,87,5.142313118071455
13705,8,1.3862943611198906,6.569285047698251,366,0.1518060128680041,1.0,0.0888888888888888,0.2989053029514932,373,4.804021044733257
13706,303,0.6931471805599453,5.8045022386644325,0,0.0,0.0,1.0,0.058859488054026,302,5.247024072160486
13707,267,1.0986122886681096,6.693831593776871,48,0.48550781578170077,1.0,1.0,0.0898508576757566,314,5.173320876373351
13708,271,0.6931471805599453,5.696690720842445,0,0.0,0.0,1.0,0.0844795300120996,270,5.726847747587197
13709,4,2.639057329615259,8.752905424886302,311,0.5146644000731564,1.0,0.0444444444444444,0.3244851556952863,314,5.603820466213733
13710,32,0.6931471805599453,5.201145454795763,0,0.0,0.0,0.3555555555555555,0.2760245965050333,31,5.176149732573829
13711,219,1.0986122886681096,5.5336266147611175,0,0.0,1.0,1.0,0.1275621851624295,218,4.2626798770413155
13712,247,0.6931471805599453,5.437383414671034,0,0.0,0.0,1.0,0.1036337383762833,246,5.8664680569332965
13715,281,1.791759469228055,6.985031085389294,91,0.6876375247489758,1.0,1.0,0.0833167445754653,372,4.732683506287051
13716,269,0.6931471805599453,4.936486295459933,0,0.0,0.0,1.0,0.0858574032438437,268,4.9344739331306915
13717,32,1.9459101490553132,7.276563318324119,266,0.4471889514795642,1.0,0.3555555555555555,0.2850067732278269,297,5.791488055075306
13718,246,1.0986122886681096,5.728637675654378,49,0.4776275543563949,1.0,1.0,0.1059822167753266,295,4.471638793363569
13719,15,1.791759469228055,6.949549600639115,219,0.4369283775639494,1.0,0.1666666666666666,0.2966319680888511,233,4.810557015713042
13720,117,1.6094379124341003,6.685736095329637,138,0.5020919437972361,1.0,1.0,0.2130332335256351,254,4.838264068155469
13721,36,0.6931471805599453,6.263664893709055,0,0.0,0.0,0.4,0.2733066222492943,35,5.75890177387728
13722,132,1.3862943611198906,7.773346224518516,151,0.1812171944509014,1.0,1.0,0.201814815000677,282,6.148468295917647
13723,217,0.6931471805599453,5.302558360805291,0,0.0,0.0,1.0,0.127656525663199,216,3.784189633918261
13725,50,2.1972245773362196,7.5916396922628975,258,0.5937747067467416,1.0,0.5555555555555556,0.2742035928649935,308,4.622518824322705
13726,39,1.0986122886681096,6.985327244577022,61,0.39465419200394874,1.0,0.4333333333333333,0.2731286283453404,100,6.269096283706261
13727,29,1.0986122886681096,5.81257708704831,4,1.9459101490553132,1.0,0.3222222222222222,0.2800848310409775,33,4.406719247264253
13728,37,1.9459101490553132,6.924750046357999,273,0.4366053488438875,1.0,0.4111111111111111,0.2803838570755299,310,4.3481250829982
13730,136,1.0986122886681096,6.624861723262153,25,0.7672551527136671,1.0,1.0,0.1948542566702414,161,5.501258210544727
13731,219,1.0986122886681096,6.416062123365316,27,0.7472144018302211,1.0,1.0,0.1280739942948671,246,4.941642422609304
13732,28,0.6931471805599453,6.200225158054739,0,0.0,0.0,0.3111111111111111,0.2796776541683308,27,6.212606095751519
13735,25,1.6094379124341003,7.967709895959368,209,0.35667494393873234,1.0,0.2777777777777778,0.2898068917762727,233,5.647212123167807
13736,5,1.0986122886681096,6.597009266931805,255,0.11122563511022436,1.0,0.0555555555555555,0.2999049208876503,259,5.519458915191573
13737,200,0.6931471805599453,5.830708768228588,0,0.0,0.0,1.0,0.1414923853703465,199,4.836281906951478
13739,18,0.6931471805599453,5.384036241950574,0,0.0,0.0,0.2,0.287306533346793,17,4.007333185232471
13740,241,0.6931471805599453,5.862920695994498,0,0.0,0.0,1.0,0.1086206016956175,240,6.054439346269371
13741,72,1.3862943611198906,6.50642660402637,145,0.34426954708124463,1.0,0.8,0.2475064073153123,216,4.299550412849643
13742,17,2.5649493574615367,8.049433442786347,303,0.6865464965285932,1.0,0.1888888888888888,0.3080581137950402,319,4.550361949493096
13743,3,2.0794415416798357,7.2023633115046515,256,0.5308571102003703,1.0,0.0333333333333333,0.3095565920571782,258,5.540142468807827
13744,95,1.0986122886681096,7.053896828321335,197,0.1417462887434141,1.0,1.0,0.2283183331158395,291,6.438551329906966
13745,162,0.6931471805599453,5.707243146285182,0,0.0,0.0,1.0,0.171917196058923,161,6.208590026096629
13747,374,0.6931471805599453,4.389498649512583,0,0.0,0.0,1.0,0.0015490373764493,373,2.1972245773362196
13748,96,1.791759469228055,6.855672199111912,278,0.2804618244782939,1.0,1.0,0.2315253327623588,373,4.486386649998124
13750,54,1.791759469228055,7.407475465015805,283,0.3534896643034453,1.0,0.6,0.2662130238439514,336,4.646312129319266
13751,288,0.6931471805599453,5.694573535570891,0,0.0,0.0,1.0,0.0708422670374562,287,5.030437921392435
13752,124,1.9459101490553132,7.0794202555875625,122,0.8017810215627408,1.0,1.0,0.2108406392552187,246,4.990432586778736
13753,288,0.6931471805599453,6.609699586102796,0,0.0,0.0,1.0,0.0714775281928018,287,6.240275845170769
13754,152,1.0986122886681096,5.647564794657972,165,0.16612687087397396,1.0,1.0,0.1813490971642022,316,4.68213122712422
13755,4,2.302585092994046,7.67895087223838,59,1.5040773967762742,1.0,0.0444444444444444,0.3127954768213474,62,4.951907021221187
13756,2,2.70805020110221,8.55458916381921,365,0.6440144919823007,1.0,0.0222222222222222,0.3258995648946949,367,5.432473563941401
13758,12,2.0794415416798357,8.068261971187837,361,0.4036217896138752,1.0,0.1333333333333333,0.3049767558192131,373,5.577571163518185
13759,33,1.0986122886681096,6.492860854269306,37,0.581921545449721,1.0,0.3666666666666666,0.2773415468365086,70,4.973279507552487
13760,54,1.0986122886681096,5.662231047497966,202,0.1384696742651052,1.0,0.6,0.2599647041459722,255,4.600157644164547
13761,50,1.0986122886681096,6.976954795783142,129,0.2090917978585594,1.0,0.5555555555555556,0.2642922369686543,179,5.7745515455444085
13762,219,0.6931471805599453,5.729190278590734,0,0.0,0.0,1.0,0.1262048067660406,218,5.60947179518496
13763,63,0.6931471805599453,7.447727969752915,0,0.0,0.0,0.7,0.2533487888898399,62,6.591673732008658
13764,71,1.3862943611198906,7.328279756761194,266,0.20271151249700387,1.0,0.7888888888888889,0.2495266929150498,336,5.741934240620577
13767,2,3.6375861597263857,9.753905752795765,371,1.231357208582019,1.0,0.0222222222222222,0.3760881966592118,373,5.292761420282375
13769,2,2.3978952727983707,7.936485014799888,365,0.5053311044483499,1.0,0.0222222222222222,0.3167418658832872,366,4.76473475565943
13771,64,1.6094379124341003,7.876809224383177,182,0.28357529049912744,1.0,0.7111111111111111,0.2581654613049886,246,5.914178453147908
13772,34,1.3862943611198906,7.032738994075221,205,0.25562013999211797,1.0,0.3777777777777777,0.2786496322620834,239,5.209486152841421
13774,82,0.6931471805599453,5.846438775057724,0,0.0,0.0,0.9111111111111112,0.2361525004012852,81,5.262690188904886
13777,1,3.5263605246161616,10.165011464005927,372,1.0472719586981325,1.0,0.0111111111111111,0.3836492254865771,372,5.970797910299423
13778,103,0.6931471805599453,5.191288793789513,0,0.0,0.0,1.0,0.2190701838597588,102,4.2626798770413155
13780,7,1.0986122886681096,5.888905658780245,163,0.1689399880981232,1.0,0.0777777777777777,0.2977697619987315,170,5.075173815233827
13781,251,0.6931471805599453,4.858571324462998,0,0.0,0.0,1.0,0.1002810025975762,250,3.4339872044851463
13782,13,1.9459101490553132,6.816735880594968,315,0.3894647667617232,1.0,0.1444444444444444,0.2994865319287632,327,4.1404857182199555
13784,10,2.4849066497880004,7.809456093748633,322,0.6568941955647967,1.0,0.1111111111111111,0.3112837679479178,331,5.4277494594216185
13786,367,0.6931471805599453,5.444147814759576,0,0.0,0.0,1.0,0.0073792808171878,366,4.919980925828125
13787,76,1.0986122886681096,5.736701321413311,288,0.0987644146724124,1.0,0.8444444444444444,0.2423494076664495,363,5.1328529268205045
13790,4,0.6931471805599453,5.857361562584502,0,0.0,0.0,0.0444444444444444,0.2987247699011713,3,6.618738983517219
13791,128,1.0986122886681096,7.324489979348532,40,0.5491078103370076,1.0,1.0,0.2023611385613806,167,6.398594934535208
13792,66,1.0986122886681096,5.280916851867869,221,0.12729023761403105,1.0,0.7333333333333333,0.2502087886735305,286,3.8501476017100584
13798,1,4.060443010546419,10.522849593441716,370,1.6495912198210791,1.0,0.0111111111111111,0.4340539468200694,371,6.04296615313049
13799,117,1.0986122886681096,6.5364886784538845,177,0.1557545294092328,1.0,1.0,0.2100039081878988,293,5.308267697401205
13800,310,0.6931471805599453,6.32672176017265,0,0.0,0.0,1.0,0.0535693186630885,309,5.805134968916488
13801,67,0.6931471805599453,5.786283696167945,0,0.0,0.0,0.7444444444444445,0.2481557500369876,66,5.1298987149230735
13802,139,1.3862943611198906,8.433902882657025,172,0.29774685906792164,1.0,1.0,0.199374662893451,311,6.754992524429727
13803,255,0.6931471805599453,5.627872880555851,0,0.0,0.0,1.0,0.097285475418456,254,4.804021044733257
13804,31,2.0794415416798357,7.8773175472322325,259,0.456887094343264,1.0,0.3444444444444444,0.2889441825142223,289,5.3706380281276624
13805,52,1.0986122886681096,6.830442175879467,76,0.3290234126082223,1.0,0.5777777777777777,0.2624794694402066,128,6.85751406254539
13806,64,0.6931471805599453,5.550553592065519,0,0.0,0.0,0.7111111111111111,0.250464496157065,63,4.04305126783455
13807,367,0.6931471805599453,4.732683506287051,0,0.0,0.0,1.0,0.0072111188340869,366,3.6109179126442243
13808,6,1.791759469228055,7.466605059322925,91,0.8409986269592166,1.0,0.0666666666666666,0.3048590207570699,96,5.058790335983303
13809,305,0.6931471805599453,5.0501764687167885,0,0.0,0.0,1.0,0.0570043374247442,304,3.4011973816621555
13810,29,1.3862943611198906,7.313227053734746,27,0.7282385003712154,1.0,0.3222222222222222,0.2831840563826961,55,4.653960350157523
13811,184,1.3862943611198906,6.703801422061068,55,0.7282385003712154,1.0,1.0,0.1578753531268018,238,3.164067588373206
13812,42,1.3862943611198906,6.29156913955832,63,0.6690496289808848,1.0,0.4666666666666667,0.2713858143850578,104,4.718498871295094
13813,40,1.6094379124341003,7.221002753764198,95,0.666478933477784,1.0,0.4444444444444444,0.2756072867589121,134,4.9344739331306915
13814,92,1.0986122886681096,7.365256072504094,44,0.5108256237659907,1.0,1.0,0.2313282490394778,136,6.07073772800249
13815,22,1.6094379124341003,8.301114624224146,296,0.26547791514077046,1.0,0.2444444444444444,0.2938437092632679,318,6.46302945692067
13816,24,1.0986122886681096,6.3503096345809205,40,0.5491078103370076,1.0,0.2666666666666666,0.2844355474739394,63,4.908971640319756
13817,29,1.0986122886681096,5.950590467898009,322,0.08907963005368875,1.0,0.3222222222222222,0.2801554933343858,351,4.66814498514948
13819,302,1.3862943611198906,7.039967051290641,18,1.466337068793427,1.0,1.0,0.0636881044532669,319,5.915303186142418
13821,145,1.0986122886681096,5.957494027536828,116,0.22825865198098017,1.0,1.0,0.1871111621982097,261,4.350277936359301
13822,6,1.0986122886681096,6.450470422144176,34,0.6190392084062234,1.0,0.0666666666666666,0.2989601724944296,39,5.725217755376266
13823,19,1.0986122886681096,6.865536476045727,72,0.34426954708124463,1.0,0.2111111111111111,0.288997251522371,91,5.395897694886901
13824,33,1.791759469228055,7.438348235303808,277,0.3588308915938006,1.0,0.3666666666666666,0.2831317179194081,309,5.040841136153322
13826,176,0.6931471805599453,5.249652194566756,0,0.0,0.0,1.0,0.1605294513547912,175,4.418840607796598
13827,58,1.3862943611198906,6.023568651008515,85,0.5292593254548287,1.0,0.6444444444444445,0.258370365985154,142,3.8712010109078907
13828,22,0.6931471805599453,5.349438146055751,0,0.0,0.0,0.2444444444444444,0.2840873992658653,21,5.7430031878094825
13831,16,1.9459101490553132,7.69802463305743,353,0.3541221131664424,1.0,0.1777777777777777,0.2989230302541835,369,4.82964618253608
13832,19,0.6931471805599453,3.9740583963475986,0,0.0,0.0,0.2111111111111111,0.286269281587656,18,3.367295829986474
13833,159,0.6931471805599453,5.955319100471629,0,0.0,0.0,1.0,0.1744446098578747,158,4.77912349311153
13835,25,1.6094379124341003,6.728114126692287,190,0.38776553100876343,1.0,0.2777777777777778,0.2868795171252927,214,4.7140245909001735
13837,212,1.0986122886681096,5.606684030192651,105,0.24921579162398486,1.0,1.0,0.1332045382787559,317,4.52720864451838
13838,6,1.6094379124341003,6.540640312882445,364,0.1525795875952171,1.0,0.0666666666666666,0.3019162517256047,369,4.200954297280359
13841,253,0.6931471805599453,4.454347296253507,0,0.0,0.0,1.0,0.0986155695196875,252,4.61512051684126
13842,59,2.302585092994046,8.127587652841866,308,0.5761755039744411,1.0,0.6555555555555556,0.2704255009938557,366,5.285457250818432
13844,11,0.6931471805599453,5.893355453997662,0,0.0,0.0,0.1222222222222222,0.2931280974593714,10,5.2832037287379885
13845,65,0.6931471805599453,5.749329289612172,0,0.0,0.0,0.7222222222222222,0.2497431548127007,64,5.209486152841421
13846,25,1.3862943611198906,6.763954190227071,335,0.16430305129127623,1.0,0.2777777777777778,0.2854876355444254,359,4.870095271317256
13848,92,1.3862943611198906,7.135687347028144,273,0.19801288658863017,1.0,1.0,0.2323009676059316,365,7.118286292245503
13849,52,1.0986122886681096,7.338855644682132,119,0.2248228128339297,1.0,0.5777777777777777,0.2633550394939835,170,6.2324480165505225
13850,129,0.6931471805599453,7.375556484672672,0,0.0,0.0,1.0,0.2002370522007382,128,6.851184927493743
13851,96,1.3862943611198906,7.883242790261331,192,0.27069929982263463,1.0,1.0,0.2310858875421161,287,6.344466085680406
13853,57,0.6931471805599453,6.994978300240205,0,0.0,0.0,0.6333333333333333,0.2572696793938864,56,5.746203190540153
13854,9,3.258096538021482,9.000917263426343,356,1.1041988953767496,1.0,0.1,0.3402424268674211,365,4.530877581406236
13856,169,1.3862943611198906,5.964863865310803,34,0.9985288301111271,1.0,1.0,0.1692993147086644,202,5.109977737428519
13858,57,0.6931471805599453,5.38068045697316,0,0.0,0.0,0.6333333333333333,0.2560220687965123,56,4.330733340286331
13859,326,0.6931471805599453,5.309059463079938,0,0.0,0.0,1.0,0.0402252406355985,325,4.867534450455582
13860,1,1.791759469228055,7.1284157500025405,85,0.7221347174331976,1.0,0.0111111111111111,0.3081534429676594,86,4.7808027546312495
13862,18,2.1972245773362196,7.700910677173299,314,0.5120986984127889,1.0,0.2,0.3001986588857193,331,5.356586274672012
13863,248,0.6931471805599453,5.726130878319963,0,0.0,0.0,1.0,0.1029414328106649,247,5.41610040220442
13865,58,1.6094379124341003,6.219715035790337,231,0.3290234126082223,1.0,0.6444444444444445,0.2599335500954959,289,3.9512437185814275
13866,74,0.6931471805599453,4.988185165258664,0,0.0,0.0,0.8222222222222222,0.2422850649240824,73,4.060443010546419
13867,31,1.3862943611198906,6.923914020481024,186,0.27827971977339055,1.0,0.3444444444444444,0.2808892578115178,217,5.147494476813453
13868,7,1.0986122886681096,8.068885298365506,31,0.676886659688165,1.0,0.0777777777777777,0.3018132582805031,38,6.890609120147166
13869,123,1.6094379124341003,8.04107490570398,233,0.32542240043462795,1.0,1.0,0.2115109067640806,356,6.06668796834557
13870,2,2.1972245773362196,7.927302715053892,285,0.42285685082003355,1.0,0.0222222222222222,0.3138345507721691,287,5.115745778498873
13871,23,2.639057329615259,8.764717111455825,286,0.7672551527136671,1.0,0.2555555555555555,0.3093518635691937,308,5.379188133652576
13873,120,1.3862943611198906,5.967684018442578,190,0.2744368457017603,1.0,1.0,0.2086056978160759,309,3.8642323415917974
13874,358,0.6931471805599453,6.294250726074389,0,0.0,0.0,1.0,0.0150411350646161,357,5.198497031265826
13875,54,1.791759469228055,7.488735499171278,247,0.39465419200394874,1.0,0.6,0.266412205860098,300,5.576706392088225
13876,64,0.6931471805599453,4.8178592793984425,0,0.0,0.0,0.7111111111111111,0.2502736651392304,63,3.6109179126442243
13877,86,0.6931471805599453,4.772716457199891,0,0.0,0.0,0.9555555555555556,0.2326188120506098,85,4.6913478822291435
13878,55,0.6931471805599453,7.156589968584206,0,0.0,0.0,0.6111111111111112,0.2591471707280538,54,6.16541785423142
13880,21,2.639057329615259,8.077375740386112,345,0.5768081884757955,1.0,0.2333333333333333,0.3064116568396294,366,4.960690617579998
13881,4,3.044522437723423,9.75036667561313,308,0.9005836026687971,1.0,0.0444444444444444,0.3499951543263038,311,6.228313745478304
13882,3,1.791759469228055,7.083496902081326,61,1.076872302031704,1.0,0.0333333333333333,0.3064709795632987,63,5.25540986553676
13883,11,1.791759469228055,7.891884082485147,242,0.22067136216882063,1.0,0.1222222222222222,0.3021713806563009,252,5.663654683565421
13884,7,1.791759469228055,6.670259221443527,276,0.2822324676842162,1.0,0.0777777777777777,0.3026863758325755,282,4.110873864173311
13885,189,1.0986122886681096,6.230087669270578,11,1.3156767939059373,1.0,1.0,0.1519900030050771,200,4.5217885770490405
13886,71,0.6931471805599453,5.499460677582579,0,0.0,0.0,0.7888888888888889,0.2448312220748008,70,4.844187086458591
13887,204,0.6931471805599453,5.859503349652977,0,0.0,0.0,1.0,0.1382980330553496,203,4.997212273764115
13888,120,1.0986122886681096,6.407919050015748,98,0.26469255422708216,1.0,1.0,0.2074786784961979,217,4.867534450455582
13889,93,0.6931471805599453,6.03524216945387,0,0.0,0.0,1.0,0.2274316097550973,92,4.990432586778736
13890,1,2.3978952727983707,7.541582299045909,357,0.5141813316129631,1.0,0.0111111111111111,0.3162411064319584,358,4.432006566978902
13892,27,1.6094379124341003,6.4520016347056774,219,0.3429447511268304,1.0,0.3,0.2849874508009091,246,5.508375678313591
13893,298,0.6931471805599453,6.711862042158088,0,0.0,0.0,1.0,0.063570111101414,297,5.25227342804663
13894,24,1.3862943611198906,6.337922474636114,286,0.09941955811765943,1.0,0.2666666666666666,0.2858608901488974,309,4.77912349311153
13895,28,1.6094379124341003,7.860983349863101,136,0.5078801135362339,1.0,0.3111111111111111,0.286983395830335,164,5.835541464168558
13897,50,0.6931471805599453,5.743515876874802,0,0.0,0.0,0.5555555555555556,0.2617726422858343,49,5.303304908059076
13898,326,0.6931471805599453,5.055799846050629,0,0.0,0.0,1.0,0.0401606738571974,325,4.897839799950911
13899,16,1.0986122886681096,5.9649152118744455,258,0.11000089521432846,1.0,0.1777777777777777,0.2905912092877942,274,4.3694478524670215
13900,183,1.3862943611198906,6.609281855452135,79,0.5650260806636703,1.0,1.0,0.1585724979888779,262,4.972125439334381
13901,72,1.791759469228055,7.961439934295112,246,0.39730179746900346,1.0,0.8,0.2535160112352147,318,5.8544986920348245
13904,37,1.0986122886681096,5.810062567373411,257,0.11040613086440129,1.0,0.4111111111111111,0.2736665196238059,294,5.117993812416755
13908,80,1.6094379124341003,7.770877274716226,196,0.3762784870216326,1.0,0.8888888888888888,0.244953086372243,276,5.914853444736142
13911,57,2.302585092994046,7.856284714098846,251,0.6709911886627367,1.0,0.6333333333333333,0.2708810385812764,307,5.718488622045896
13914,12,1.0986122886681096,6.441663986556317,24,0.7884573603642702,1.0,0.1333333333333333,0.2941394155278424,35,5.25227342804663
13917,50,1.0986122886681096,5.609618304598452,141,0.1916674192121923,1.0,0.5555555555555556,0.2631522043597902,191,4.74493212836325
13918,50,1.0986122886681096,7.101544167216986,203,0.13720112151348496,1.0,0.5555555555555556,0.2644952161908708,252,6.3473892096560105
13919,59,1.0986122886681096,5.955345020301596,62,0.39465419200394874,1.0,0.6555555555555556,0.2560939345749656,121,5.472270673671475
13922,352,0.6931471805599453,5.1547356380700124,0,0.0,0.0,1.0,0.0193283560279439,351,4.543294782270004
13923,54,0.6931471805599453,5.864000425598742,0,0.0,0.0,0.6,0.2586211441536275,53,5.225746673713202
13924,2,1.9459101490553132,7.517439325540823,70,1.1354828244764374,1.0,0.0222222222222222,0.3096331592525571,71,5.574053367981417
13925,93,1.6094379124341003,6.520989248306457,42,0.8873031950009028,1.0,1.0,0.2321109124847759,134,4.427836170705175
13926,23,0.6931471805599453,5.415433513216716,0,0.0,0.0,0.2555555555555555,0.283305759431126,22,4.653960350157523
13927,75,0.6931471805599453,5.857904582646717,0,0.0,0.0,0.8333333333333334,0.2417731694724223,74,5.3706380281276624
13928,11,1.6094379124341003,6.143262461351643,122,0.5491078103370076,1.0,0.1222222222222222,0.2975812808501436,132,3.504054767101863
13929,169,1.0986122886681096,6.737737716644347,157,0.17486281150627858,1.0,1.0,0.1685122167081071,325,4.283586561860629
13930,58,1.0986122886681096,5.824051307047146,78,0.32190002976212223,1.0,0.6444444444444445,0.2568283091867808,136,4.927253685157205
13931,96,1.0986122886681096,7.121680471486267,185,0.15028220304933793,1.0,1.0,0.2276320659643851,280,5.895779296973574
13932,295,0.6931471805599453,5.731397641689174,0,0.0,0.0,1.0,0.0652432106354545,294,4.290459441148391
13933,109,1.0986122886681096,6.413114635600407,39,0.5705448584676129,1.0,1.0,0.2163067188745721,147,4.639571612705423
13934,264,0.6931471805599453,6.8277375709961055,0,0.0,0.0,1.0,0.0909870180031157,263,5.968707559985366
13936,180,0.6931471805599453,5.933782466766897,0,0.0,0.0,1.0,0.1575879558485094,179,5.802118375377063
13937,169,0.6931471805599453,5.074235875505851,0,0.0,0.0,1.0,0.1661006710957533,168,4.820281565605037
13938,35,0.6931471805599453,4.2857910267930555,0,0.0,0.0,0.3888888888888889,0.273462836548922,34,4.2626798770413155
13939,23,1.3862943611198906,6.344846575345921,288,0.18924199963852836,1.0,0.2555555555555555,0.2866686393441708,311,5.646624060816253
13940,17,1.6094379124341003,6.73356854461668,126,0.5357102670818683,1.0,0.1888888888888888,0.2933031531960888,143,4.867534450455582
13941,22,1.791759469228055,8.539729334154528,350,0.29407187055055195,1.0,0.2444444444444444,0.2968288328451457,372,6.160785291724685
13946,79,1.3862943611198906,6.332515570780452,188,0.27698678333503296,1.0,0.8777777777777778,0.2417388891507831,267,5.001706663351954
13947,65,0.6931471805599453,4.517431271680085,0,0.0,0.0,0.7222222222222222,0.2494257026751627,64,3.8066624897703196
13948,361,0.6931471805599453,4.634728988229636,0,0.0,0.0,1.0,0.0120088213352489,360,3.713572066704308
13949,3,1.9459101490553132,7.794954939211736,91,0.9671491491076462,1.0,0.0333333333333333,0.3096710735444564,94,6.024254369930973
13950,11,1.6094379124341003,6.61480602592395,235,0.32423966818557853,1.0,0.1222222222222222,0.2979816862375796,246,4.403665809777363
13951,176,1.3862943611198906,6.5153791354156905,118,0.4110989258264204,1.0,1.0,0.1640925410991594,293,5.0369526024136295
13952,218,1.0986122886681096,8.087047303147697,20,0.8873031950009028,1.0,1.0,0.1326454756183797,238,6.574378247268227
13953,7,2.0794415416798357,8.16527264169811,345,0.41985384556026395,1.0,0.0777777777777777,0.3094515809347795,352,5.966512972418392
13954,2,1.0986122886681096,6.088863453095115,69,0.3610133455373305,1.0,0.0222222222222222,0.3018945303953166,70,4.330733340286331
13955,154,1.0986122886681096,5.780620051380789,151,0.1812171944509014,1.0,1.0,0.1798024338400825,305,4.356708826689592
13956,5,1.791759469228055,6.934806084458451,266,0.3723410606831317,1.0,0.0555555555555555,0.3046315744915178,270,4.597138014290827
13959,79,1.3862943611198906,6.3955954322030095,283,0.19228354952270224,1.0,0.8777777777777778,0.2417911792479052,361,4.787491742782046
13960,21,1.0986122886681096,5.443369638247176,50,0.4700036292457356,1.0,0.2333333333333333,0.2863545375138299,71,4.276666119016055
13962,22,1.0986122886681096,5.139028508864655,223,0.1256882151634967,1.0,0.2444444444444444,0.2854657907725365,245,3.7954891891721947
13963,308,1.6094379124341003,6.500598741212994,59,0.9264088620397397,1.0,1.0,0.0596314481226551,367,4.7535901911063645
13967,146,0.6931471805599453,4.403054001865957,0,0.0,0.0,1.0,0.1844383081843956,145,3.7612001156935624
13969,7,2.9444389791664403,9.111065744122175,357,0.8504851140813828,1.0,0.0777777777777777,0.3331470375097216,364,5.534706144612267
13971,19,2.1972245773362196,7.922717806819661,266,0.5802678324880917,1.0,0.2111111111111111,0.3001800861685244,285,5.444579873526289
13972,71,1.0986122886681096,5.253581472706645,131,0.2062070417833114,1.0,0.7888888888888889,0.2461905276246463,201,4.548599834499697
13973,287,0.6931471805599453,5.582367852765768,0,0.0,0.0,1.0,0.0715993677848484,286,4.700480365792417
13974,49,0.6931471805599453,6.027290080077415,0,0.0,0.0,0.5444444444444444,0.2627210023073848,48,5.521460917862246
13975,31,1.9459101490553132,7.834898904574059,245,0.3986391430377645,1.0,0.3444444444444444,0.2873524479823014,276,5.668730836597282
13976,207,0.6931471805599453,5.8832666766299955,0,0.0,0.0,1.0,0.1359036499457457,206,5.043425116919247
13978,15,1.0986122886681096,5.287205861793318,30,0.676886659688165,1.0,0.1666666666666666,0.2911196497087593,44,5.065754593317335
13979,73,0.6931471805599453,6.769492711981713,0,0.0,0.0,0.8111111111111111,0.2441210147268945,72,6.461468176353717
13980,60,0.6931471805599453,5.304001183016334,0,0.0,0.0,0.6666666666666666,0.2535927685213173,59,5.153291594497779
13982,39,1.6094379124341003,7.535195255760907,326,0.2437878788945556,1.0,0.4333333333333333,0.2771302525651635,364,5.652489180268651
13983,30,2.5649493574615367,7.864969120264265,337,0.5884458607071366,1.0,0.3333333333333333,0.2968771604623635,366,4.600994814577611
13984,27,1.791759469228055,6.8260136289229445,339,0.30228087187293357,1.0,0.3,0.2868333269105163,365,4.918520005188451
13985,4,2.772588722239781,8.862360374336811,260,0.9614111671546246,1.0,0.0444444444444444,0.3284010287238966,263,5.44097366694956
13986,17,0.6931471805599453,5.7728731191409945,0,0.0,0.0,0.1888888888888888,0.2882565064671628,16,6.066108090103747
13988,20,1.9459101490553132,8.330612979409075,234,0.49365782014362525,1.0,0.2222222222222222,0.2984909597773854,254,6.231137400373402
13989,66,1.0986122886681096,7.144470319606423,173,0.15906469462968736,1.0,0.7333333333333333,0.2517369928141839,238,6.48844476405192
13990,213,0.6931471805599453,5.7439642642890325,0,0.0,0.0,1.0,0.1310241790371811,212,5.25227342804663
13991,12,1.9459101490553132,6.753402912150755,131,0.6502556159306323,1.0,0.1333333333333333,0.3002086869601425,142,5.11998783102362
13992,30,0.6931471805599453,4.354141431184346,0,0.0,0.0,0.3333333333333333,0.2774808691944336,29,4.174387269895637
13993,43,2.302585092994046,8.151148776464021,287,0.6061358035703156,1.0,0.4777777777777778,0.283374983644701,330,4.61512051684126
13994,4,1.9459101490553132,7.746793407219949,144,0.7102416139192453,1.0,0.0444444444444444,0.3087059401502282,147,5.0604830998238235
13995,15,1.791759469228055,7.240427447338227,230,0.41985384556026395,1.0,0.1666666666666666,0.297134469783854,245,5.175019150203543
13999,10,2.5649493574615367,8.269452085493503,351,0.6627760826836465,1.0,0.1111111111111111,0.3147734060295198,361,5.235998602148778
14000,211,0.6931471805599453,6.456235761113554,0,0.0,0.0,1.0,0.1330914878492172,210,6.566672429803241
14001,46,1.3862943611198906,7.622703089500935,327,0.16799173123912964,1.0,0.5111111111111111,0.2703243641397593,372,5.773515812670876
14002,134,1.0986122886681096,6.274253417348632,22,0.8602012652231115,1.0,1.0,0.196140383122241,155,6.085637717125231
14004,43,2.0794415416798357,8.430248721279204,245,0.5508309583796898,1.0,0.4777777777777778,0.2820976834775874,288,5.945794510274794
14005,10,1.791759469228055,7.964058356660503,206,0.4590212125771265,1.0,0.1111111111111111,0.303259366514584,215,6.207784873074067
14006,116,1.3862943611198906,6.870250692440862,196,0.26587235615723126,1.0,1.0,0.2126316382604072,311,5.369086437436244
14009,198,1.0986122886681096,6.546225713269575,7,1.6650077635889111,1.0,1.0,0.1450402819230961,204,5.212214667494625
14012,278,0.6931471805599453,5.7984864101254985,0,0.0,0.0,1.0,0.0789101232229077,277,5.081404364984463
14013,110,1.3862943611198906,6.161249514897758,165,0.3101549283038395,1.0,1.0,0.2167461719988138,275,5.043425116919247
14014,77,0.6931471805599453,6.226892337255411,0,0.0,0.0,0.8555555555555555,0.240391855914878,76,6.981934677156389
14015,53,0.6931471805599453,6.8225676924206855,0,0.0,0.0,0.5888888888888889,0.2602315599011756,52,5.937536205082426
14016,162,1.6094379124341003,8.376138714077541,195,0.3778771515893353,1.0,1.0,0.1819922715132561,356,6.2771133037735884
14019,47,1.3862943611198906,7.260248491657529,91,0.5020919437972361,1.0,0.5222222222222223,0.2686350635773882,137,5.848363703467308
14020,17,1.0986122886681096,6.467388118864708,71,0.3483066942682158,1.0,0.1888888888888888,0.2901520603103176,87,5.40042258948519
14021,155,1.3862943611198906,6.45031243178126,101,0.46628384814320356,1.0,1.0,0.1808767198633462,255,4.174387269895637
14022,225,0.6931471805599453,6.089044875446846,0,0.0,0.0,1.0,0.1215822325508447,224,6.1903154058531475
14023,7,1.0986122886681096,6.371731498193053,242,0.11641035184441119,1.0,0.0777777777777777,0.2980896123716821,249,5.156177599386914
14024,122,1.0986122886681096,5.795145480670174,2,2.3978952727983707,1.0,1.0,0.2054776494878577,123,4.330733340286331
14027,61,0.6931471805599453,4.661739537475985,0,0.0,0.0,0.6777777777777778,0.2526545581746381,60,4.143134726391533
14029,63,1.0986122886681096,6.149877558850261,80,0.31508104663989533,1.0,0.7,0.2530036485466244,143,4.605170185988092
14030,18,2.1972245773362196,7.766878655799901,348,0.41689380393178715,1.0,0.2,0.3004138291379502,365,5.225074404780319
14031,7,2.995732273553991,9.757759800051202,365,0.8394392737746823,1.0,0.0777777777777777,0.3463351110496339,371,5.722380386205609
14032,2,2.4849066497880004,7.998533628991687,364,0.6011282818396932,1.0,0.0222222222222222,0.318432913056671,366,5.224279322019251
14034,22,1.3862943611198906,6.481301440435488,135,0.20067069546215116,1.0,0.2444444444444444,0.2875896480618486,156,4.955827057601261
14035,29,1.791759469228055,7.264744173633186,268,0.36886796401660715,1.0,0.3222222222222222,0.2859535300584303,297,5.002603122398992
14036,285,0.6931471805599453,6.441982686264217,0,0.0,0.0,1.0,0.0737203371142423,284,5.594711379601839
14037,176,1.0986122886681096,4.998562712861987,188,0.14805309995913982,1.0,1.0,0.161904473911716,364,3.1780538303479458
14038,78,1.3862943611198906,7.353325324586606,128,0.38193461069797024,1.0,0.8666666666666667,0.243966850517087,206,5.7766197986084675
14039,33,0.6931471805599453,5.0317442573064906,0,0.0,0.0,0.3666666666666666,0.2751820871714873,32,4.532599493153256
14040,41,2.5649493574615367,8.193101597373525,290,0.7084927502346058,1.0,0.4555555555555555,0.2894975543467507,330,4.871373226762748
14041,266,0.6931471805599453,4.958710221231336,0,0.0,0.0,1.0,0.0882682884971203,265,4.553876891600541
14044,27,1.6094379124341003,6.48283208421685,283,0.27613152200057794,1.0,0.3,0.2850157870943264,309,4.356708826689592
14045,109,1.6094379124341003,7.415024586545351,264,0.20479441264601317,1.0,1.0,0.2206777998248395,373,4.903421209789107
14046,284,0.6931471805599453,5.049791902630777,0,0.0,0.0,1.0,0.0738491715595757,283,6.133398042996649
14047,9,1.791759469228055,7.177484661947136,364,0.28493103907989104,1.0,0.1,0.3018258505150554,372,4.3463994570307305
14048,305,0.6931471805599453,6.018422883689063,0,0.0,0.0,1.0,0.0573681839973481,304,5.666426688112432
14049,17,1.6094379124341003,8.645185270331435,301,0.26159729523649,1.0,0.1888888888888888,0.3002160382226132,317,6.875748482847051
14050,32,1.0986122886681096,6.616546996753798,74,0.33647223662121295,1.0,0.3555555555555555,0.2782678088317568,105,5.844992643207725
14051,1,3.1780538303479458,9.655756055028828,365,1.001113924183232,1.0,0.0111111111111111,0.354496375805256,366,5.101720487420339
14052,20,0.6931471805599453,5.422126652274323,0,0.0,0.0,0.2222222222222222,0.2857143321002546,19,4.499809670330265
14053,124,1.0986122886681096,5.565477803279021,35,0.6190392084062234,1.0,1.0,0.2037770851162159,159,4.686750172980514
14054,65,0.6931471805599453,4.53753353727228,0,0.0,0.0,0.7222222222222222,0.2494283578643696,64,4.143134726391533
14055,106,0.6931471805599453,6.588431169193958,0,0.0,0.0,1.0,0.2174445351263828,105,5.37989735354046
14056,1,3.1780538303479458,9.013796150895738,282,1.20361938499022,1.0,0.0111111111111111,0.3439388010607876,283,5.229945420259551
14057,24,2.8903717578961645,8.735357969180969,336,0.7688435471811577,1.0,0.2666666666666666,0.3140268459452994,360,5.6623475472329075
14059,267,0.6931471805599453,5.218191322068752,0,0.0,0.0,1.0,0.0875263765740082,266,4.859812404361672
14060,5,2.995732273553991,8.722811264760628,368,0.9031614404323625,1.0,0.0555555555555555,0.3320276110691964,372,5.650640750906868
14062,10,2.5649493574615367,9.255872854706382,354,0.6125174461598362,1.0,0.1111111111111111,0.3241422839715426,363,6.14650768571826
14064,29,1.791759469228055,7.211364832983292,245,0.3986391430377645,1.0,0.3222222222222222,0.2858474937926856,273,5.8822075611710325
14066,267,0.6931471805599453,5.034026246886832,0,0.0,0.0,1.0,0.0874820520445067,266,3.828641396489095
14067,64,1.0986122886681096,5.928790952579924,32,0.6466271649250525,1.0,0.7111111111111111,0.2520688071496916,96,5.201255653704905
14068,320,0.6931471805599453,5.586686702779954,0,0.0,0.0,1.0,0.045130421198795,319,4.304065093204169
14071,4,2.1972245773362196,7.272273384756895,261,0.5245244681241525,1.0,0.0444444444444444,0.3103286433176057,264,4.8313092462821
14073,32,0.6931471805599453,5.024143644121048,0,0.0,0.0,0.3555555555555555,0.2759825702844689,31,4.875197323201151
14075,5,1.3862943611198906,6.849341960431477,256,0.20982568898206078,1.0,0.0555555555555555,0.3016406209203838,260,5.530750964769339
14076,129,0.6931471805599453,4.815998211579652,0,0.0,0.0,1.0,0.1981342993762271,128,4.406719247264253
14077,41,1.791759469228055,6.2154477458196355,233,0.41397579777607296,1.0,0.4555555555555555,0.2750022655353151,273,4.000033882750859
14078,102,1.9459101490553132,6.956897762032364,271,0.4392032477400145,1.0,1.0,0.2282922561678284,372,3.963982744358857
14079,125,0.6931471805599453,5.929855065476291,0,0.0,0.0,1.0,0.2017034901761361,124,5.71042701737487
14080,33,0.6931471805599453,3.8416005411316,0,0.0,0.0,0.3666666666666666,0.2750299134244707,32,3.8918202981106265
14081,302,1.0986122886681096,6.84110252442736,67,0.37001835911241676,1.0,1.0,0.061958871091021,368,5.700443573390686
14082,365,0.6931471805599453,5.2108513407667605,0,0.0,0.0,1.0,0.0089148237521024,364,4.709530201312334
14083,4,2.302585092994046,6.926998926548841,367,0.45248041845352927,1.0,0.0444444444444444,0.3111639344297885,371,4.410776047959867
14085,2,2.9444389791664403,8.40055599903064,366,0.8017810215627408,1.0,0.0222222222222222,0.3305834271198694,368,5.181159135660495
14087,3,0.6931471805599453,5.275151088516197,0,0.0,0.0,0.0333333333333333,0.2993065282344354,2,5.529429087511423
14088,10,2.639057329615259,10.829586228889369,312,0.7215851158804788,1.0,0.1111111111111111,0.3827170197965834,321,6.882674129382575
14089,57,0.6931471805599453,5.087596335232384,0,0.0,0.0,0.6333333333333333,0.2559433124585864,56,4.90527477843843
14090,325,0.6931471805599453,4.34795265434013,0,0.0,0.0,1.0,0.040849167941535,324,4.290459441148391
14092,8,2.70805020110221,8.313339881248881,350,0.6627760826836465,1.0,0.0888888888888888,0.3194984564424402,357,5.001065843080105
14093,12,0.6931471805599453,6.095486667514328,0,0.0,0.0,0.1333333333333333,0.2924419159591818,11,6.008813185442595
14096,4,2.8903717578961645,11.084689916963537,97,1.7831312880047168,1.0,0.0444444444444444,0.4142174690565213,101,6.869931237088139
14098,37,0.6931471805599453,4.99957434673683,0,0.0,0.0,0.4111111111111111,0.2719666075445218,36,4.653960350157523
14099,16,2.4849066497880004,8.040823743271407,338,0.6352923878617711,1.0,0.1777777777777777,0.3073865171929388,354,5.293761550012176
14100,138,0.6931471805599453,5.277604324950495,0,0.0,0.0,1.0,0.1910184433910774,137,4.174387269895637
14101,74,1.9459101490553132,8.695806213421232,252,0.4655470732191628,1.0,0.8222222222222222,0.2577861451308197,325,7.05444965813294
14102,5,1.791759469228055,7.216180712571818,39,1.4053425560905852,1.0,0.0555555555555555,0.3051081666789376,44,5.263725921778418
14104,155,1.0986122886681096,5.380864627515602,11,1.3156767939059373,1.0,1.0,0.1788479069274709,165,3.6109179126442243
14105,239,0.6931471805599453,7.144588695022355,0,0.0,0.0,1.0,0.1115317467678453,238,6.68586094706836
14107,52,2.0794415416798357,7.902572492717126,312,0.4543059835025369,1.0,0.5777777777777777,0.2721955347496907,363,5.549631794828943
14108,31,1.0986122886681096,6.395111336409363,70,0.352440639799944,1.0,0.3444444444444444,0.2788580323650192,101,5.254887808620701
14109,73,0.6931471805599453,4.978112102390695,0,0.0,0.0,0.8111111111111111,0.2430851055055295,72,4.48863636973214
14110,4,2.5649493574615367,8.645436878735076,263,0.8130403668199608,1.0,0.0444444444444444,0.3221291406529038,266,5.321789722733179
14111,14,1.6094379124341003,6.54225579881702,227,0.33395175639587793,1.0,0.1555555555555555,0.2955007382497479,241,4.749270529961848
14112,23,2.0794415416798357,7.978019532134758,253,0.3881889309162953,1.0,0.2555555555555555,0.2957600871023043,275,5.467457186639927
14113,4,1.6094379124341003,7.518292292095946,351,0.22825865198098017,1.0,0.0444444444444444,0.3051603089886555,354,5.232444622397329
14114,274,1.0986122886681096,5.959793265151517,56,0.42285685082003355,1.0,1.0,0.083636496863093,330,3.9415818076696905
14116,20,1.791759469228055,7.2325452572578,101,0.7777045685880084,1.0,0.2222222222222222,0.2931081432408736,121,4.958639998977875
14117,144,0.6931471805599453,4.51085950651685,0,0.0,0.0,1.0,0.1860558622052961,143,4.290459441148391
14121,4,1.6094379124341003,7.930619790211972,56,0.9582549309731871,1.0,0.0444444444444444,0.3065017933721816,59,6.256709274440827
14124,84,0.6931471805599453,6.041634711020558,0,0.0,0.0,0.9333333333333332,0.2346546868484873,83,7.389563953677635
14125,11,1.3862943611198906,7.916234961051039,67,0.6325225587435105,1.0,0.1222222222222222,0.2993947122743288,77,6.305666829369159
14126,8,1.3862943611198906,6.56121452452395,2,2.3978952727983707,1.0,0.0888888888888888,0.2988971232557108,10,5.137757301535594
14127,123,1.3862943611198906,6.566264470368445,187,0.27698678333503296,1.0,1.0,0.2066562444763606,310,4.68213122712422
14128,61,1.0986122886681096,6.459121675472594,195,0.1431008436406733,1.0,0.6777777777777778,0.2548503768015403,255,5.645446897643238
14129,2,1.791759469228055,7.025413862450224,259,0.2982438605028894,1.0,0.0222222222222222,0.3071770892577506,260,4.782479200958502
14130,319,0.6931471805599453,6.183860189473411,0,0.0,0.0,1.0,0.0462437741066511,318,5.556828061699537
14132,2,2.4849066497880004,8.185079841032296,181,0.9773702388399353,1.0,0.0222222222222222,0.3193043290241081,183,5.727439813915919
14133,130,1.3862943611198906,6.4079355343926805,186,0.1495317339709637,1.0,1.0,0.2008927090956417,315,4.762173934797756
14135,2,2.772588722239781,8.453467140135627,371,0.7184312952542506,1.0,0.0222222222222222,0.3266223387954345,372,5.551666759919312
14138,2,1.0986122886681096,6.890995617166797,62,0.39465419200394874,1.0,0.0222222222222222,0.3026689034798064,63,5.723585101952381
14139,46,0.6931471805599453,6.032654473932845,0,0.0,0.0,0.5111111111111111,0.2651306027916903,45,6.236369590203704
14140,4,1.0986122886681096,6.841668893854277,27,0.7282385003712154,1.0,0.0444444444444444,0.3009970608322731,31,6.007583928987866
14141,3,1.6094379124341003,6.820158276001622,102,0.6279612006752497,1.0,0.0333333333333333,0.3046415770469426,104,4.497028027368389
14142,373,0.6931471805599453,5.745595977469612,0,0.0,0.0,1.0,0.0026826610836266,372,5.749392985908253
14143,134,0.6931471805599453,4.760463070394127,0,0.0,0.0,1.0,0.1941140826234647,133,3.4339872044851463
14145,47,1.6094379124341003,8.227696139552007,170,0.42285685082003355,1.0,0.5222222222222223,0.2733831614165643,216,5.247024072160486
14146,9,1.791759469228055,8.340933226000878,348,0.22942749087274414,1.0,0.1,0.3059405229978236,356,6.1911347422365495
14147,78,1.0986122886681096,6.182911011678937,207,0.13534134786976207,1.0,0.8666666666666667,0.2409940321669098,285,4.007333185232471
14148,234,0.6931471805599453,5.063860055333554,0,0.0,0.0,1.0,0.113959278252818,233,2.833213344056216
14149,221,0.6931471805599453,6.103944658191983,0,0.0,0.0,1.0,0.12480023889012,220,5.389071729816501
14150,36,1.0986122886681096,6.49169423166057,324,0.08855339734144499,1.0,0.4,0.2749340305329783,359,5.517452896464707
14152,75,1.0986122886681096,6.433406222026163,158,0.1728428128394108,1.0,0.8333333333333334,0.2435972901607863,233,5.8763342398543505
14154,239,1.0986122886681096,7.205353028221294,0,0.0,1.0,1.0,0.1130804843648681,238,5.453182077108952
14155,266,0.6931471805599453,4.785406236291025,0,0.0,0.0,1.0,0.0882359408694712,265,3.258096538021482
14156,10,4.02535169073515,11.673177181281428,361,1.4997710228495873,1.0,0.1111111111111111,0.5384878741116237,371,6.959830086090871
14157,20,1.0986122886681096,6.072767998172017,265,0.10686314554236126,1.0,0.2222222222222222,0.287445977973124,284,4.962844630259907
14158,40,0.6931471805599453,6.231779816930511,0,0.0,0.0,0.4444444444444444,0.2700745405521805,39,6.661854740545311
14159,20,2.4849066497880004,8.454042506787907,343,0.6284142770716795,1.0,0.2222222222222222,0.3064460636342925,362,5.99577343233237
14161,216,1.3862943611198906,7.013483726944571,153,0.3290234126082223,1.0,1.0,0.132629478718733,368,5.028256895446075
14162,174,1.0986122886681096,5.67112153241664,118,0.2248228128339297,1.0,1.0,0.1637116883831665,292,4.276666119016055
14163,87,1.6094379124341003,7.802581283035999,151,0.46505720531041006,1.0,0.9666666666666668,0.2394471186197999,238,5.412761500938905
14164,71,1.0986122886681096,7.398033237980444,10,1.3862943611198906,1.0,0.7888888888888889,0.248248327810381,80,6.249009525139524
14165,276,0.6931471805599453,4.816564990267753,0,0.0,0.0,1.0,0.0802199608000289,275,4.007333185232471
14167,39,1.6094379124341003,6.355829844330721,291,0.26866680633829343,1.0,0.4333333333333333,0.2752788005513916,330,3.6506582412937387
14171,98,0.6931471805599453,5.899321845543751,0,0.0,0.0,1.0,0.2233450989234283,97,5.123963979403259
14173,11,1.6094379124341003,6.1133281348648225,208,0.2523771276370281,1.0,0.1222222222222222,0.2975616809857295,218,3.6506582412937387
14174,33,0.6931471805599453,4.908676393786758,0,0.0,0.0,0.3666666666666666,0.2751567629475466,32,4.553876891600541
14175,60,1.3862943611198906,8.078160958464125,269,0.20067069546215116,1.0,0.6666666666666666,0.2607777790224201,329,6.226536669287466
14176,297,1.6094379124341003,6.359400843323733,70,0.6190392084062234,1.0,1.0,0.0683298695870602,367,3.9749978045895347
14177,86,1.6094379124341003,6.328668658700502,93,0.4978384282391795,1.0,0.9555555555555556,0.237556239141785,179,3.9560398908449206
14178,9,2.0794415416798357,7.391372077147292,173,0.7102416139192453,1.0,0.1,0.3051425072955638,181,5.375278407684165
14179,41,1.0986122886681096,6.580333958961338,11,1.252762968495368,1.0,0.4555555555555555,0.2710106139845798,51,5.111987788356544
14180,11,3.258096538021482,8.465798839290947,361,1.066804181471884,1.0,0.1222222222222222,0.333840250446188,371,3.393165209964891
14184,67,0.6931471805599453,6.1178548779353035,0,0.0,0.0,0.7444444444444445,0.2483386012119909,66,4.852030263919617
14185,331,0.6931471805599453,5.291544482260608,0,0.0,0.0,1.0,0.0362095348494456,330,1.9459101490553132
14188,31,1.9459101490553132,7.628206294069428,279,0.42899560551835847,1.0,0.3444444444444444,0.2866787722347211,309,5.271288694160117
14189,2,2.772588722239781,8.44571437538519,366,0.7254080427781668,1.0,0.0222222222222222,0.326570619706744,368,5.5739268577655485
14191,2,2.639057329615259,8.452283401366893,218,0.9722307477564944,1.0,0.0222222222222222,0.3237436026563172,220,5.6443590541854
14193,68,1.0986122886681096,6.750387764017587,201,0.1384696742651052,1.0,0.7555555555555555,0.2495435910652437,269,5.409411414053624
14194,5,3.091042453358316,9.337018836838048,303,0.8677636909794947,1.0,0.0555555555555555,0.3423345245187085,307,5.631553078753006
14195,202,1.0986122886681096,6.920671504248683,50,0.462623521948113,1.0,1.0,0.1422833791675339,251,5.942799375126701
14196,107,0.6931471805599453,5.818657582682613,0,0.0,0.0,1.0,0.2160854915656278,106,4.962844630259907
14198,18,1.6094379124341003,6.554503042320907,221,0.3416302106614813,1.0,0.2,0.2923043874052404,238,4.297285406218791
14199,218,0.6931471805599453,5.2278949022514904,0,0.0,0.0,1.0,0.126833758946175,217,3.367295829986474
14201,60,2.0794415416798357,6.617991040326031,299,0.47125702402022873,1.0,0.6666666666666666,0.2629864909992167,358,4.446006964337289
14204,2,0.6931471805599453,5.087781503272909,0,0.0,0.0,0.0222222222222222,0.3000610023430423,1,4.418840607796598
14205,17,1.0986122886681096,6.147827064731841,247,0.11419236752565483,1.0,0.1888888888888888,0.2899006738483137,263,4.634728988229636
14206,239,0.6931471805599453,5.796543954737512,0,0.0,0.0,1.0,0.1101926320693103,238,5.6240175061873385
14208,95,0.6931471805599453,5.0287371294602385,0,0.0,0.0,1.0,0.2254488101909354,94,4.74493212836325
14209,11,1.9459101490553132,7.637441696132993,321,0.38242744004114704,1.0,0.1222222222222222,0.3027487758103598,331,4.755025941532469
14210,106,1.9459101490553132,7.553202700664662,265,0.4471889514795642,1.0,1.0,0.2263063289965881,371,4.8494227005125365
14211,53,2.302585092994046,7.715168205670426,241,0.689006387893914,1.0,0.5888888888888889,0.2736045087931694,294,4.9344739331306915
14212,90,0.6931471805599453,6.976796149317125,0,0.0,0.0,1.0,0.23077102609418,89,7.050122520269059
14214,31,1.791759469228055,6.913120858480547,246,0.39597351142659304,1.0,0.3444444444444444,0.2837444969536756,277,5.018603463745433
14215,12,1.9459101490553132,7.490373052597007,356,0.3507752218115441,1.0,0.1333333333333333,0.3015416347676165,367,5.426417369175352
14216,3,1.6094379124341003,7.517683880791149,34,1.2939210409888755,1.0,0.0333333333333333,0.3059608492024802,37,5.0072963928307415
14217,2,2.8903717578961645,7.603887998382448,364,0.8032907596583713,1.0,0.0222222222222222,0.3256597870136143,365,3.726401893437026
14218,43,0.6931471805599453,5.1386179877903615,0,0.0,0.0,0.4777777777777778,0.2671853643614001,42,5.081404364984463
14219,4,0.6931471805599453,4.510199948396864,0,0.0,0.0,0.0444444444444444,0.2983552417946731,3,4.3694478524670215
14220,247,1.0986122886681096,6.45110213410454,110,0.23922968906583414,1.0,1.0,0.1056452354814708,357,4.919980925828125
14221,42,2.302585092994046,8.141422798643111,296,0.4737843520856416,1.0,0.4666666666666667,0.2841292150747245,338,5.498988062010188
14222,177,0.6931471805599453,6.528206424753791,0,0.0,0.0,1.0,0.1604320366484056,176,6.410174881966167
14223,92,1.3862943611198906,6.89985414708588,171,0.29924289485285693,1.0,1.0,0.2319242876188278,263,5.278114659230518
14224,110,1.6094379124341003,6.957611541333566,209,0.35667494393873234,1.0,1.0,0.2190054011120432,319,4.863680881139593
14226,29,1.791759469228055,7.711186335546904,240,0.4040810248422259,1.0,0.3222222222222222,0.2871014996844933,268,5.5706319618686955
14227,26,2.3978952727983707,8.117300528356548,258,0.4583075894825443,1.0,0.2888888888888888,0.2982820180471179,284,5.209486152841421
14229,52,1.3862943611198906,7.344848244770613,281,0.19290366612449156,1.0,0.5777777777777777,0.2648036507625284,333,5.319752647268102
14231,184,1.3862943611198906,6.831640679513165,104,0.4519851237430572,1.0,1.0,0.1580341077459923,288,4.922411060681417
14232,43,1.791759469228055,7.625141310661702,221,0.4321333551903257,1.0,0.4777777777777778,0.275608717979372,264,5.96409335031185
14233,49,1.6094379124341003,7.288736419398736,268,0.28954600588984364,1.0,0.5444444444444444,0.2685248775926424,317,5.14166355650266
14234,22,1.6094379124341003,6.654745128061633,35,1.2729656758128876,1.0,0.2444444444444444,0.2892015534666152,56,5.487904134333403
14235,75,1.791759469228055,8.053842581674434,185,0.3964152725882465,1.0,0.8333333333333334,0.2515059596256978,259,5.973300576480311
14236,81,1.0986122886681096,6.198194123153937,291,0.0977977432761265,1.0,0.9,0.2385982643618593,371,5.049856007249537
14237,373,0.6931471805599453,5.087596335232384,0,0.0,0.0,1.0,0.0024673766297094,372,3.6635616461296463
14238,326,0.6931471805599453,4.996198246298486,0,0.0,0.0,1.0,0.0401477119658005,325,4.718498871295094
14239,43,2.4849066497880004,7.775632775640216,272,0.7414139215297798,1.0,0.4777777777777778,0.2846962086354141,315,4.513852027453304
14240,30,1.0986122886681096,6.792725948397371,195,0.1431008436406733,1.0,0.3333333333333333,0.280077621391571,225,5.3471075307174685
14241,184,0.6931471805599453,5.369241704884735,0,0.0,0.0,1.0,0.1541468850654366,183,4.990432586778736
14242,235,1.0986122886681096,5.640310051700627,91,0.28493103907989104,1.0,1.0,0.1147686306390385,325,4.135166556742356
14243,9,2.3978952727983707,7.859324347661553,357,0.5632107588532816,1.0,0.1,0.3108303393923131,365,4.812997033190408
14245,220,1.0986122886681096,7.435113483382488,43,0.5198754592859085,1.0,1.0,0.1288176607329908,263,6.192362489474872
14246,111,1.3862943611198906,7.296453945912695,135,0.36772478012531734,1.0,1.0,0.2173730386622575,245,5.594711379601839
14247,278,0.6931471805599453,4.925585628056508,0,0.0,0.0,1.0,0.0786359963501161,277,3.8712010109078907
14248,318,0.6931471805599453,5.715645167198713,0,0.0,0.0,1.0,0.0467871321228914,317,4.634728988229636
14250,7,1.3862943611198906,7.552263533935522,82,0.31177962403084136,1.0,0.0777777777777777,0.3014093183440453,88,5.993961427306569
14251,2,1.791759469228055,7.965788599152331,55,1.1451323043030026,1.0,0.0222222222222222,0.3096835878690224,57,5.81651574464344
14256,260,1.0986122886681096,6.8773579252545485,104,0.25344890080953864,1.0,1.0,0.0956980172412807,364,5.337538079701318
14257,64,1.791759469228055,8.039389621570026,254,0.3869215303959953,1.0,0.7111111111111111,0.2602650507359584,318,5.821269170111868
14258,9,2.302585092994046,9.447069618390275,328,0.4948449517776407,1.0,0.1,0.3237860724701173,337,6.671892288593264
14259,142,0.6931471805599453,4.795790545596741,0,0.0,0.0,1.0,0.1877029659125311,141,4.23410650459726
14261,51,1.0986122886681096,7.060004151519799,27,0.7282385003712154,1.0,0.5666666666666667,0.2636225718873481,78,5.318119993844216
14262,8,2.1972245773362196,7.870635660430322,232,0.6445725104113881,1.0,0.0888888888888888,0.308803719803603,240,5.330905556141189
14264,155,1.0986122886681096,5.814040975576219,90,0.28493103907989104,1.0,1.0,0.1790160118097286,245,3.58351893845611
14265,109,1.0986122886681096,6.275100946851013,39,0.5705448584676129,1.0,1.0,0.2161945014425554,148,5.111987788356544
14267,163,1.3862943611198906,7.3246481738226015,97,0.2670627852490452,1.0,1.0,0.1757220215548437,260,5.179909135497735
14270,332,0.6931471805599453,6.201826764057459,0,0.0,0.0,1.0,0.0358285145303041,331,5.288267030694535
14271,226,0.6931471805599453,4.730215674962316,0,0.0,0.0,1.0,0.1203123234062597,225,4.48863636973214
14272,74,1.0986122886681096,6.0844082927507195,180,0.15336110221024069,1.0,0.8222222222222222,0.2441377217588147,253,5.705447753975262
14273,51,1.6094379124341003,6.329667428156979,190,0.3860812412871159,1.0,0.5666666666666667,0.2656319048637497,241,4.204692619390966
14276,99,1.3862943611198906,7.021744460399267,191,0.273179511085154,1.0,1.0,0.2264929078427602,289,5.517452896464707
14277,15,1.3862943611198906,8.346926679702795,197,0.26587235615723126,1.0,0.1666666666666666,0.2982928489072852,211,6.495768953883707
14280,197,0.6931471805599453,4.905571030847647,0,0.0,0.0,1.0,0.1436053612496561,196,3.970291913552122
14282,3,2.772588722239781,8.224254661298708,364,0.7672551527136671,1.0,0.0333333333333333,0.3244483948267583,367,5.186640649323414
14284,31,1.0986122886681096,6.390660042202551,55,0.42899560551835847,1.0,0.3444444444444444,0.2788542351589492,85,4.400603020246817
14285,21,1.6094379124341003,7.555387177088957,155,0.4578330936254804,1.0,0.2333333333333333,0.2916232865441763,176,4.914491433543353
14286,24,1.3862943611198906,8.440258149942116,219,0.2421400520048648,1.0,0.2666666666666666,0.2916625213915095,242,7.277247726631484
14287,8,1.3862943611198906,5.179702735211794,190,0.14660347419187533,1.0,0.0888888888888888,0.2981412508444043,198,4.477336814478207
14288,213,0.6931471805599453,6.05818817915089,0,0.0,0.0,1.0,0.1311887722175846,212,5.241747015059643
14289,9,1.9459101490553132,6.815925037163848,280,0.427753420770002,1.0,0.1,0.3026940317128974,289,3.905334017277349
14290,11,1.791759469228055,7.747445704647496,350,0.29479954022064486,1.0,0.1222222222222222,0.3016577157464606,361,5.214935757608986
14291,2,2.4849066497880004,8.264685193972111,273,0.5049690916532779,1.0,0.0222222222222222,0.319728616839195,274,5.525090685912825
14292,8,2.302585092994046,8.491450677872692,275,0.4353180712578455,1.0,0.0888888888888888,0.3134563307578078,282,5.224551216308427
14293,3,1.6094379124341003,6.954218929392177,365,0.2204000653684589,1.0,0.0333333333333333,0.3048291961423497,368,5.183187059294405
14295,40,0.6931471805599453,5.119190700650601,0,0.0,0.0,0.4444444444444444,0.2695870992045606,39,4.442651256490317
14297,18,1.6094379124341003,7.174976957856922,257,0.3002486950516393,1.0,0.2,0.2931665102104535,274,5.381048764145501
14298,8,3.8066624897703196,10.849886450287096,352,1.11365016603265,1.0,0.0888888888888888,0.4302970893289989,359,7.190658907378664
14299,8,2.302585092994046,8.285669625656425,357,0.5141813316129631,1.0,0.0888888888888888,0.3121625541287404,365,5.479712568481861
14300,19,0.6931471805599453,3.7887247890836524,0,0.0,0.0,0.2111111111111111,0.2862564338979454,18,3.4965075614664802
14301,117,0.6931471805599453,6.463247841809304,0,0.0,0.0,1.0,0.2084989526623675,116,6.408528791059498
14304,223,0.6931471805599453,5.9518137414781895,0,0.0,0.0,1.0,0.1231057843086961,222,4.941642422609304
14305,71,1.3862943611198906,7.528310261099659,64,0.661398482245365,1.0,0.7888888888888889,0.2500080530228734,134,5.8971538676367405
14306,51,1.0986122886681096,7.646984197329087,34,0.6325225587435105,1.0,0.5666666666666667,0.2649499809130357,85,6.288787496596443
14307,89,1.9459101490553132,8.005273636192019,284,0.35139788683788853,1.0,0.9888888888888888,0.2414985193064829,373,5.840641657373398
14309,8,2.302585092994046,7.763671607732549,350,0.5221893824163057,1.0,0.0888888888888888,0.3098598341514894,357,5.206445712676154
14311,243,0.6931471805599453,5.740628575776864,0,0.0,0.0,1.0,0.1069585232922643,242,4.990432586778736
14312,47,1.9459101490553132,7.385596861065875,290,0.4157216082753534,1.0,0.5222222222222223,0.2732124841276618,336,5.133835727882413
14314,107,0.6931471805599453,4.795790545596741,0,0.0,0.0,1.0,0.2157778322226915,106,5.6937321388027
14315,45,1.9459101490553132,7.816872341508149,221,0.5162164724008671,1.0,0.5,0.2760580488815224,265,5.142637740700503
14317,65,0.6931471805599453,6.233586857019973,0,0.0,0.0,0.7222222222222222,0.2500223779357443,64,5.545177444479562
14320,207,1.0986122886681096,6.17126208791851,126,0.21357410029805896,1.0,1.0,0.1375100879447798,332,5.096812990337308
14321,11,1.791759469228055,7.334166151605764,322,0.31591744682247913,1.0,0.1222222222222222,0.3005386819726681,333,6.178358965747071
14323,115,1.0986122886681096,6.406978991069148,123,0.21667103680859226,1.0,1.0,0.2114885599963486,238,5.170483995038151
14326,242,0.6931471805599453,5.219544685382641,0,0.0,0.0,1.0,0.1075802093901068,241,4.6443908991413725
14327,163,0.6931471805599453,5.745084354013307,0,0.0,0.0,1.0,0.1711316305412165,162,4.941642422609304
14329,17,2.0794415416798357,8.520356183877372,312,0.3925617032722565,1.0,0.1888888888888888,0.3035702730611737,328,6.093892194681171
14331,124,1.0986122886681096,6.139151525006747,10,1.3156767939059373,1.0,1.0,0.2040660296578071,134,4.844187086458591
14332,23,1.3862943611198906,6.7653964676596825,125,0.3920420877760237,1.0,0.2555555555555555,0.2870936980206404,147,5.083472618048522
14333,68,0.6931471805599453,6.031165913959534,0,0.0,0.0,0.7555555555555555,0.247482658905092,67,4.07753744390572
14334,17,2.1972245773362196,7.845106670027843,341,0.4787373092144902,1.0,0.1888888888888888,0.3014902235250721,357,5.381623972674447
14335,16,1.0986122886681096,6.151156985841575,80,0.3184537311185346,1.0,0.1777777777777777,0.29070503981863,95,5.249652194566756
14336,17,1.6094379124341003,7.387653544460817,259,0.2972515234679316,1.0,0.1888888888888888,0.2944105812235095,275,6.08847782127798
14338,161,1.0986122886681096,6.3787996283436765,35,0.6190392084062234,1.0,1.0,0.1745661248194539,195,5.126935749792416
14339,243,0.6931471805599453,5.73824831153748,0,0.0,0.0,1.0,0.1069574669266659,242,5.1298987149230735
14340,219,0.6931471805599453,4.9104465668408235,0,0.0,0.0,1.0,0.1259592445900388,218,4.07753744390572
14341,45,2.1972245773362196,7.688583612181916,273,0.36433781668430143,1.0,0.5,0.278502247604206,317,5.172612410172978
14342,21,1.6094379124341003,6.506620780234419,188,0.3894647667617232,1.0,0.2333333333333333,0.289851090500708,209,4.4744918623459755
14344,127,2.1972245773362196,6.7922658609726465,241,0.6266704060120233,1.0,1.0,0.2108819896683001,368,4.104707349257647
14345,39,0.6931471805599453,4.700298531079668,0,0.0,0.0,0.4333333333333333,0.270307555485856,38,3.9318256327243257
14346,121,1.0986122886681096,6.9300841244652,176,0.15656906069153992,1.0,1.0,0.2072703168515559,296,5.715381610499553
14348,260,0.6931471805599453,6.017546438106483,0,0.0,0.0,1.0,0.0934639267742517,259,5.214935757608986
14349,10,0.6931471805599453,4.901564199041894,0,0.0,0.0,0.1111111111111111,0.2936045903882734,9,4.465908118654584
14350,274,0.6931471805599453,5.6487277289070565,0,0.0,0.0,1.0,0.0820531989807487,273,5.214935757608986
14351,165,0.6931471805599453,3.9512437185814275,0,0.0,0.0,1.0,0.1691552690971207,164,2.5649493574615367
14352,157,1.6094379124341003,6.984679282395341,116,0.41689380393178715,1.0,1.0,0.1813460360606019,272,4.908971640319756
14353,215,0.6931471805599453,4.517431271680085,0,0.0,0.0,1.0,0.1291048470601895,214,4.174387269895637
14354,6,1.0986122886681096,5.103639787544498,24,0.7884573603642702,1.0,0.0666666666666666,0.2982915501714688,29,4.663439094112067
14355,366,0.6931471805599453,5.1670690799380825,0,0.0,0.0,1.0,0.0081014786741995,365,4.532599493153256
14356,80,1.0986122886681096,6.5542609856927125,1,2.772588722239781,1.0,0.8888888888888888,0.2397007110086721,80,4.93806460126142
14357,43,0.6931471805599453,5.423936287972195,0,0.0,0.0,0.4777777777777778,0.2672657195229345,42,5.003946305945459
14359,19,1.3862943611198906,6.816933013408364,68,0.6325225587435105,1.0,0.2111111111111111,0.2903677345622646,87,4.825643508746422
14360,32,1.6094379124341003,7.663515690998327,62,0.6690496289808848,1.0,0.3555555555555555,0.2831112707822611,94,5.665561261836003
14362,22,0.6931471805599453,5.088830141681313,0,0.0,0.0,0.2444444444444444,0.2840184642729626,21,4.61512051684126
14364,109,2.1972245773362196,8.221035300483413,102,1.0107179094136018,1.0,1.0,0.229356693991155,210,5.508882135655386
14367,8,2.833213344056216,9.133731428846275,267,0.851553185957342,1.0,0.0888888888888888,0.3297704099007287,275,5.628969125577532
14368,320,0.6931471805599453,5.049856007249537,0,0.0,0.0,1.0,0.0449721804871929,319,3.6109179126442243
14371,295,0.6931471805599453,4.620058798481842,0,0.0,0.0,1.0,0.0649478565242187,294,3.5553480614894135
14373,358,0.6931471805599453,4.350922889622548,0,0.0,0.0,1.0,0.014378908036089,357,2.8903717578961645
14375,185,0.6931471805599453,5.555591776578392,0,0.0,0.0,1.0,0.1534075284050559,184,5.272999558563747
14377,191,1.0986122886681096,6.426569360333832,70,0.352440639799944,1.0,1.0,0.1505431091291655,261,4.705015520957808
14379,44,1.0986122886681096,5.855358414110991,251,0.11290173020196187,1.0,0.4888888888888889,0.2680736158376545,294,4.990432586778736
14381,52,0.6931471805599453,5.316550134809097,0,0.0,0.0,0.5777777777777777,0.260013506724323,51,4.990432586778736
14382,26,0.6931471805599453,6.441058177144555,0,0.0,0.0,0.2888888888888888,0.2814735198472036,25,7.121252453244542
14383,38,1.3862943611198906,7.129850280760371,125,0.3920420877760237,1.0,0.4222222222222222,0.2756060404482348,163,5.610692051590189
14385,9,1.3862943611198906,5.3137477042033945,14,1.6650077635889111,1.0,0.1,0.2973754850440629,23,3.9889840465642745
14386,297,0.6931471805599453,4.96563792816552,0,0.0,0.0,1.0,0.0634033915825606,296,4.007333185232471
14387,33,1.3862943611198906,7.479615793333997,76,0.5761755039744411,1.0,0.3666666666666666,0.2803631435819536,108,5.6131281063880705
14388,10,2.1972245773362196,8.07522176285542,362,0.45749477955402684,1.0,0.1111111111111111,0.308048260037494,372,5.4956301578277245
14389,65,1.0986122886681096,6.9512552844279885,125,0.2151113796169455,1.0,0.7222222222222222,0.2522213371090201,190,5.901266279189834
14390,10,2.302585092994046,8.445443666706893,362,0.45749477955402684,1.0,0.1111111111111111,0.3115392685393318,372,5.4736702540258975
14393,218,0.6931471805599453,4.233381604239311,0,0.0,0.0,1.0,0.1266660965954517,217,2.639057329615259
14395,2,2.302585092994046,8.163003727539861,369,0.49995595152908684,1.0,0.0222222222222222,0.3163217121760752,371,5.2423347317971
14396,65,1.0986122886681096,6.19234203936802,306,0.09352605801082345,1.0,0.7222222222222222,0.2514283919752931,370,4.7318028369214575
14397,3,2.995732273553991,7.868621591848266,210,1.2695475182880682,1.0,0.0333333333333333,0.3285963656388932,213,4.609895844559307
14400,149,0.6931471805599453,6.355586691681764,0,0.0,0.0,1.0,0.1827370864850997,148,6.12029741895095
14401,4,2.639057329615259,8.307084318372484,355,0.7001647532185918,1.0,0.0444444444444444,0.3212353040325704,359,5.85131791536474
14403,130,1.6094379124341003,7.297639635123279,116,0.5705448584676129,1.0,1.0,0.2035703018114803,246,4.873287102945032
14404,34,1.9459101490553132,7.296630194396398,335,0.3690974639372895,1.0,0.3777777777777777,0.2834443357957847,368,4.947577158129119
14406,119,0.6931471805599453,5.061011501421323,0,0.0,0.0,1.0,0.2062046251731453,118,4.356708826689592
14407,107,1.9459101490553132,7.677275364797242,169,0.6352923878617711,1.0,1.0,0.2258637682437328,276,5.467356658869045
14408,11,2.0794415416798357,7.866158692081993,253,0.5357102670818683,1.0,0.1222222222222222,0.3049451939961152,263,5.446121418459278
14409,71,1.9459101490553132,7.630679684529584,297,0.3393540829961018,1.0,0.7888888888888889,0.2546004768196868,367,5.327876168789581
14410,92,2.302585092994046,7.008568471218721,213,0.6125174461598362,1.0,1.0,0.2406993795619515,305,4.165803526204246
14411,311,0.6931471805599453,6.96979066990159,0,0.0,0.0,1.0,0.0534876209637822,310,5.2832037287379885
14412,43,1.0986122886681096,6.647727283312172,30,0.6931471805599453,1.0,0.4777777777777778,0.269478068843931,72,5.976350909297934
14413,362,0.6931471805599453,4.8178592793984425,0,0.0,0.0,1.0,0.0112362319841502,361,4.23410650459726
14414,92,2.0794415416798357,7.311872812853191,267,0.5153099362133193,1.0,1.0,0.2383880259508754,358,5.885707127297297
14415,1,2.639057329615259,8.682924555516289,359,0.6945389692327678,1.0,0.0111111111111111,0.3262809221156413,359,5.449386379837887
14416,22,1.0986122886681096,6.1968920926164115,20,0.9162907318741551,1.0,0.2444444444444444,0.2859235539569249,41,5.099866427824199
14418,4,1.3862943611198906,7.569540783099068,104,0.4519851237430572,1.0,0.0444444444444444,0.3038631291561661,107,6.347972810489615
14419,11,1.9459101490553132,6.965137001220243,354,0.35327935493759416,1.0,0.1222222222222222,0.3012993137324216,364,4.408749704814635
14420,99,0.6931471805599453,5.962344648534129,0,0.0,0.0,1.0,0.2225768349611988,98,5.814130531825066
14421,57,1.0986122886681096,6.702095492007746,154,0.17798315519535646,1.0,0.6333333333333333,0.2583096199279482,211,5.212214667494625
14422,1,1.9459101490553132,8.358113048391361,266,0.44583756339855196,1.0,0.0111111111111111,0.3138967371270288,266,6.184835940088521
14423,218,0.6931471805599453,5.5842479059610115,0,0.0,0.0,1.0,0.1269476751282755,217,4.795790545596741
14424,18,0.6931471805599453,5.777899970574095,0,0.0,0.0,0.2,0.2874566800138775,17,3.8918202981106265
14426,24,2.3978952727983707,8.407974130025062,289,0.4841760803338472,1.0,0.2666666666666666,0.301500408481169,312,5.6017497490910495
14427,50,1.0986122886681096,5.898087497602683,13,1.1962507582320256,1.0,0.5555555555555556,0.2632825370342988,63,4.74493212836325
14428,7,1.791759469228055,7.127557253441968,317,0.32016752759626926,1.0,0.0777777777777777,0.303339081295506,324,4.4796069630127455
14431,303,0.6931471805599453,6.1556221332742656,0,0.0,0.0,1.0,0.0590587271710157,302,4.875197323201151
14432,10,1.9459101490553132,7.72157465089916,79,1.0560526742493137,1.0,0.1111111111111111,0.3038108378858491,88,5.846438775057724
14434,22,1.9459101490553132,7.225335901779781,50,1.37147927533475,1.0,0.2444444444444444,0.2929250823050471,71,4.132496328186477
14436,99,0.6931471805599453,4.500476114873425,0,0.0,0.0,1.0,0.2221507770199739,98,4.867534450455582
14437,366,0.6931471805599453,4.1588830833596715,0,0.0,0.0,1.0,0.0079424528260039,365,4.110873864173311
14438,306,0.6931471805599453,4.8895969657192,0,0.0,0.0,1.0,0.0561691512743332,305,4.418840607796598
14439,320,0.6931471805599453,7.8869231526671975,0,0.0,0.0,1.0,0.0485498909161123,319,6.267200548541362
14440,8,1.791759469228055,7.765857419506838,357,0.28978070910870213,1.0,0.0888888888888888,0.3041255590907876,365,4.775756486563625
14441,1,1.6094379124341003,7.446520919735376,254,0.30228087187293357,1.0,0.0111111111111111,0.3073846743377559,255,4.722953221644475
14442,205,1.0986122886681096,7.372004885545176,112,0.23732818630616614,1.0,1.0,0.1407018122850761,316,5.488937726156687
14443,54,1.6094379124341003,7.259256864146872,314,0.25131442828090605,1.0,0.6,0.2644534842091994,368,5.461710913456472
14446,1,1.6094379124341003,6.947533528990549,245,0.31177962403084136,1.0,0.0111111111111111,0.3064235101200849,246,5.456388921118531
14447,19,1.791759469228055,7.059815203273879,261,0.29528667183700025,1.0,0.2111111111111111,0.2935969271262654,280,4.746669748261791
14448,9,1.0986122886681096,5.930519561480541,354,0.0811255448123684,1.0,0.1,0.2961873820972164,363,3.970291913552122
14449,19,1.6094379124341003,6.811354504695783,353,0.2265276492984503,1.0,0.2111111111111111,0.2917958894537482,371,5.248338996741795
14450,181,1.3862943611198906,6.182601302287106,139,0.35667494393873234,1.0,1.0,0.1598089038816975,320,4.398555936625092
14451,60,1.0986122886681096,6.4976644888838795,134,0.20202662787328698,1.0,0.6666666666666666,0.2556883323428445,194,5.27556037942542
14452,11,1.0986122886681096,5.581388826442135,83,0.30854721091574266,1.0,0.1222222222222222,0.2944247776594832,93,4.102643365036796
14453,190,0.6931471805599453,4.795211865797184,0,0.0,0.0,1.0,0.1492001921892641,189,3.912023005428146
14456,5,2.302585092994046,8.027280689230453,137,0.9293438541187342,1.0,0.0555555555555555,0.3132796056521064,141,5.781086392531502
14457,311,0.6931471805599453,4.741796783519916,0,0.0,0.0,1.0,0.0521323895522657,310,4.48863636973214
14459,155,0.6931471805599453,7.516933721754878,0,0.0,0.0,1.0,0.1797275254378579,154,6.634633357861686
14460,110,1.3862943611198906,6.076127334986691,200,0.26236426446749106,1.0,1.0,0.2166909554834798,310,5.685844773969534
14461,148,1.3862943611198906,7.651624090561262,113,0.4259037757854384,1.0,1.0,0.1885918050358933,261,5.546478680837534
14462,66,2.4849066497880004,7.603409314753263,273,0.6308040499858097,1.0,0.7333333333333333,0.2657090780062691,339,4.484542198199477
14463,98,1.3862943611198906,6.2740461341708045,107,0.4451649779548489,1.0,1.0,0.2264526381410805,204,4.105394398408685
14465,247,1.3862943611198906,6.965665632266971,56,0.42899560551835847,1.0,1.0,0.1076890802143075,302,4.912654885736052
14466,29,2.0794415416798357,7.72903178725261,343,0.421851016898983,1.0,0.3222222222222222,0.2900297137042072,371,4.97476135519337
14467,18,1.6094379124341003,6.396529575194807,295,0.2662679779479644,1.0,0.2,0.2921578666416965,312,4.255612709818223
14470,12,1.0986122886681096,6.135976061950666,275,0.10318423623523074,1.0,0.1333333333333333,0.2939035033943344,287,4.579852378003801
14472,104,2.1972245773362196,7.569329229702976,251,0.6061358035703156,1.0,1.0,0.2308256736220312,354,4.983606621708336
14473,74,1.0986122886681096,5.461031277035783,208,0.1347325939701567,1.0,0.8222222222222222,0.2438470499167179,281,3.8066624897703196
14474,46,0.6931471805599453,6.3074789418267985,0,0.0,0.0,0.5111111111111111,0.2653188071707397,45,4.948759890378168
14475,72,1.3862943611198906,6.831791740175098,233,0.22913415545136673,1.0,0.8,0.2478738797914568,304,5.0106352940962555
14476,257,0.6931471805599453,5.378513908542313,0,0.0,0.0,1.0,0.0955935903749742,256,4.890349128221754
14477,20,1.6094379124341003,7.178240326605397,277,0.2804618244782939,1.0,0.2222222222222222,0.2915683276505943,296,5.198497031265826
14479,254,1.0986122886681096,5.759690106594497,111,0.23732818630616614,1.0,1.0,0.0995789514303272,364,4.085976312551584
14480,11,0.6931471805599453,5.634968158655841,0,0.0,0.0,0.1222222222222222,0.2930102270438821,10,4.969813299576001
14481,165,1.0986122886681096,6.457569963184063,122,0.21825356602001794,1.0,1.0,0.171426503662624,286,5.503296947234575
14482,18,1.9459101490553132,7.63489317390932,220,0.5180393610896823,1.0,0.2,0.2971262652370309,238,5.6179824848528686
14483,282,0.6931471805599453,4.9279780604152466,0,0.0,0.0,1.0,0.0754279112823395,281,4.584967478670572
14484,50,0.6931471805599453,5.777404614526815,0,0.0,0.0,0.5555555555555556,0.2617880024126439,49,5.351858133476067
14485,39,0.6931471805599453,5.1164956847957335,0,0.0,0.0,0.4333333333333333,0.2703885958575083,38,4.276666119016055
14487,27,1.9459101490553132,7.08784935678574,341,0.3007541540191337,1.0,0.3,0.2886624724730782,367,4.816241156068032
14488,68,0.6931471805599453,6.97099295438666,0,0.0,0.0,0.7555555555555555,0.2484092342870199,67,6.684611727667927
14489,207,0.6931471805599453,6.14070318257422,0,0.0,0.0,1.0,0.1360541106674675,206,5.703782474656201
14491,175,1.0986122886681096,5.834606037750557,197,0.1417462887434141,1.0,1.0,0.1629831666077751,372,4.255612709818223
14493,7,1.791759469228055,7.7766356942591806,147,0.5937747067467416,1.0,0.0777777777777777,0.3049641855669988,154,5.552959584921617
14494,26,0.6931471805599453,4.945634443878841,0,0.0,0.0,0.2888888888888888,0.2807790165670814,25,4.532599493153256
14495,51,1.0986122886681096,4.826712455935327,70,0.352440639799944,1.0,0.5666666666666667,0.2621384495976129,120,3.4657359027997265
14496,312,1.0986122886681096,6.2912172257920815,61,0.39465419200394874,1.0,1.0,0.0533725963505363,372,4.388257184424518
14497,309,0.6931471805599453,6.166194863206115,0,0.0,0.0,1.0,0.0542530448270223,308,5.4638318050256105
14498,43,1.791759469228055,7.579842241810434,319,0.3193083102903268,1.0,0.4777777777777778,0.2754791704414568,361,5.396351106819402
14499,26,1.3862943611198906,6.704806434953447,252,0.21357410029805896,1.0,0.2888888888888888,0.284614491608525,278,5.123963979403259
14500,88,1.3862943611198906,5.880113904184607,101,0.46628384814320356,1.0,0.9777777777777776,0.234227395698601,189,3.6888794541139363
14501,184,1.0986122886681096,5.530262073815315,136,0.1993329026204912,1.0,1.0,0.1556358380796728,319,4.400603020246817
14502,20,2.4849066497880004,7.81264931452068,293,0.5968160716215132,1.0,0.2222222222222222,0.3032736264396883,312,4.921307185969479
14503,3,1.9459101490553132,8.173084672465158,175,0.6190392084062234,1.0,0.0333333333333333,0.311264101417305,178,5.814130531825066
14504,47,1.6094379124341003,6.513615793203887,231,0.3290234126082223,1.0,0.5222222222222223,0.2690021848765171,277,4.356708826689592
14505,17,2.1972245773362196,8.683832420808084,344,0.4754236967150748,1.0,0.1888888888888888,0.3062773155368711,361,5.84607743810709
14506,17,1.791759469228055,7.607465873142059,351,0.29334780998745824,1.0,0.1888888888888888,0.2964130849458996,368,4.990432586778736
14507,24,1.9459101490553132,7.2328631855243,252,0.3881889309162953,1.0,0.2666666666666666,0.2913356218989804,275,4.61512051684126
14508,22,1.0986122886681096,5.625532603335144,67,0.37001835911241676,1.0,0.2444444444444444,0.2856183499502444,89,4.197201947661808
14511,11,1.791759469228055,7.182207724562218,122,0.6849166814234299,1.0,0.1222222222222222,0.3002304230708786,133,5.061328408411774
14512,188,1.0986122886681096,5.621414844220772,44,0.5108256237659907,1.0,1.0,0.1524616423623107,231,4.127134385045092
14513,101,1.3862943611198906,6.1237858328484185,188,0.27698678333503296,1.0,1.0,0.2239405416433061,288,4.7985415789686305
14514,61,1.3862943611198906,6.962574848746244,270,0.20067069546215116,1.0,0.6777777777777778,0.2568822731829461,330,5.2848943462158955
14515,18,1.9459101490553132,7.651162970792683,200,0.46813621507094005,1.0,0.2,0.2971747153024506,218,5.247024072160486
14517,33,1.0986122886681096,5.8034769686874,108,0.245122458032985,1.0,0.3666666666666666,0.2768719495023756,141,3.839452312593311
14518,64,0.6931471805599453,5.166898027681201,0,0.0,0.0,0.7111111111111111,0.25034742515338,63,5.631211781821365
14520,2,1.0986122886681096,5.604330395684541,289,0.0987644146724124,1.0,0.0222222222222222,0.301652822526228,290,4.304065093204169
14522,24,1.6094379124341003,6.882991163835519,173,0.41689380393178715,1.0,0.2666666666666666,0.2878814662881471,197,4.8846940707384086
14523,108,0.6931471805599453,5.489309557845162,0,0.0,0.0,1.0,0.215148551712709,107,5.529429087511423
14524,32,2.302585092994046,7.532987578243441,329,0.3756428466455433,1.0,0.3555555555555555,0.2899163636579624,360,4.332194260926006
14525,20,2.302585092994046,8.374061578071412,341,0.5316597106688327,1.0,0.2222222222222222,0.3030601863566657,360,5.7056326139443625
14527,3,4.02535169073515,9.048976069757353,366,1.673806119341506,1.0,0.0333333333333333,0.3886874712157843,368,3.6630953369582215
14528,37,0.6931471805599453,5.900499911733888,0,0.0,0.0,0.4111111111111111,0.2722761940409147,36,5.631211781821365
14529,60,1.3862943611198906,6.431395492097425,50,0.7884573603642702,1.0,0.6666666666666666,0.2570629980194995,109,4.762173934797756
14530,26,1.9459101490553132,7.9817025380127955,270,0.4405140128026805,1.0,0.2888888888888888,0.2919336234182498,296,5.4638318050256105
14532,236,1.6094379124341003,6.839315825759616,115,0.5742859776832164,1.0,1.0,0.1177684769985366,351,4.276666119016055
14533,25,2.0794415416798357,7.575953814178117,328,0.4374678391943382,1.0,0.2777777777777778,0.2927776373521827,352,6.354618457144423
14534,3,2.9444389791664403,8.400221076874432,315,0.9608525599340658,1.0,0.0333333333333333,0.3297791610760286,318,4.742513747498968
14535,60,1.3862943611198906,7.96038994457645,188,0.27698678333503296,1.0,0.6666666666666666,0.2602665694488357,248,6.415642364148301
14536,260,0.6931471805599453,5.152134856369956,0,0.0,0.0,1.0,0.0931245050873087,259,3.713572066704308
14537,58,0.6931471805599453,5.876502528638301,0,0.0,0.0,0.6444444444444445,0.2554189119222747,57,4.795790545596741
14538,65,1.0986122886681096,5.964221810714108,191,0.1451820098444979,1.0,0.7222222222222222,0.2512860110228782,255,4.363098624788362
14539,16,1.0986122886681096,6.288750355702458,28,0.7102416139192453,1.0,0.1777777777777777,0.2908038528277152,44,5.3706380281276624
14540,10,1.3862943611198906,6.905011518311074,299,0.18232155679395462,1.0,0.1111111111111111,0.2977070118714816,308,4.951121166563848
14541,59,2.1972245773362196,7.288005137949238,260,0.5245244681241525,1.0,0.6555555555555556,0.2662435865650147,318,4.405193693955416
14542,186,0.6931471805599453,4.646791860678911,0,0.0,0.0,1.0,0.1523849372873998,185,2.995732273553991
14543,29,2.833213344056216,8.19735425133861,336,0.8109302162163288,1.0,0.3222222222222222,0.3048868476900335,364,3.771323123325011
14544,24,1.0986122886681096,7.613547177075161,337,0.08527891770220852,1.0,0.2666666666666666,0.2865094215470232,361,6.649632008771901
14546,5,1.791759469228055,7.855191902519445,243,0.40134139092430227,1.0,0.0555555555555555,0.3068466161240994,248,5.577463107977531
14547,4,2.1972245773362196,8.29618236422828,50,1.6326947745983678,1.0,0.0444444444444444,0.3139955452635382,53,5.8126368795682835
14548,151,1.0986122886681096,6.48280149429011,167,0.16520991632123336,1.0,1.0,0.1826797045050643,317,4.859812404361672
14549,311,0.6931471805599453,5.670708166926772,0,0.0,0.0,1.0,0.0523830622537302,310,4.919980925828125
14550,11,1.0986122886681096,6.6419912418312865,33,0.6325225587435105,1.0,0.1222222222222222,0.2951402226738337,44,5.288267030694535
14551,18,1.0986122886681096,5.232337807614061,185,0.1495317339709637,1.0,0.2,0.2886981579738661,203,3.9889840465642745
14552,152,0.6931471805599453,5.112409386218662,0,0.0,0.0,1.0,0.179745913913228,151,4.5217885770490405
14553,19,1.791759469228055,6.757246293462842,319,0.24783616390458124,1.0,0.2111111111111111,0.2931630178191063,338,4.601162164590552
14554,10,1.6094379124341003,7.775712542385502,42,1.1451323043030026,1.0,0.1111111111111111,0.3011192212097611,51,5.914853444736142
14555,57,1.0986122886681096,5.784255858806078,244,0.11551288712184428,1.0,0.6333333333333333,0.2576116049459717,301,4.189654742026425
14557,85,0.6931471805599453,6.671247827209794,0,0.0,0.0,0.9444444444444444,0.2343790175849727,84,6.236369590203704
14560,7,3.1354942159291497,7.71368188689169,350,0.9664405155596266,1.0,0.0777777777777777,0.3291584379512414,357,4.065134184122299
14561,76,1.3862943611198906,6.986344623342368,108,0.4385508326939298,1.0,0.8444444444444444,0.244886460932065,183,5.82600010738045
14562,4,2.9444389791664403,8.532233516538977,300,0.9534648850908103,1.0,0.0444444444444444,0.3298731055702769,303,4.63364965730996
14565,96,1.6094379124341003,8.039196099401456,265,0.2914344220703314,1.0,1.0,0.2331603383268855,360,5.955837369464831
14566,111,0.6931471805599453,7.267525427828172,0,0.0,0.0,1.0,0.2144421837285474,110,6.68586094706836
14567,57,1.0986122886681096,7.3339115084475965,73,0.3403258059372029,1.0,0.6333333333333333,0.2593335094218284,129,5.332718793265369
14569,1,0.6931471805599453,5.431054693986231,0,0.0,0.0,0.0111111111111111,0.3009578716792749,0,4.382026634673881
14570,281,1.0986122886681096,5.3893456648956,0,0.0,1.0,1.0,0.0777810291248894,280,3.8815637979434374
14572,3,2.0794415416798357,7.949387961352689,320,0.4451649779548489,1.0,0.0333333333333333,0.3116853685909586,323,5.3230099791384085
14573,180,2.302585092994046,7.411205773215894,192,0.7362463730417974,1.0,1.0,0.1708939254514787,371,4.118133424186116
14576,372,0.6931471805599453,3.594568774642695,0,0.0,0.0,1.0,0.0030902190196259,371,2.5649493574615367
14577,13,1.6094379124341003,6.757757630038034,350,0.22884157242884745,1.0,0.1444444444444444,0.2965410734544155,362,4.491441420659749
14578,3,0.6931471805599453,5.133619594507631,0,0.0,0.0,0.0333333333333333,0.2992697124658092,2,5.484796933490655
14581,17,0.6931471805599453,4.938781190328272,0,0.0,0.0,0.1888888888888888,0.2879968974837441,16,5.384495062789089
14582,41,0.6931471805599453,4.74588819292697,0,0.0,0.0,0.4555555555555555,0.2687106005941247,40,4.304065093204169
14583,6,1.791759469228055,6.959920692962816,200,0.4700036292457356,1.0,0.0666666666666666,0.3038667365798778,205,5.071416766356115
14584,169,1.6094379124341003,6.9501057048558685,29,1.4118276631250553,1.0,1.0,0.1716679775878064,197,4.572130331909891
14585,50,0.6931471805599453,5.062911438661627,0,0.0,0.0,0.5555555555555556,0.2615526470123566,49,4.5217885770490405
14586,277,0.6931471805599453,5.473782135878778,0,0.0,0.0,1.0,0.0795817297328813,276,6.09807428216624
14587,19,2.302585092994046,7.379095514571502,312,0.5691548109821816,1.0,0.2111111111111111,0.2999636796762088,330,4.44916593751151
14589,372,0.6931471805599453,3.7074558396868715,0,0.0,0.0,1.0,0.0030964287363193,371,1.791759469228055
14591,15,1.6094379124341003,7.278035253354833,197,0.1410785982599055,1.0,0.1666666666666666,0.2957753640869595,212,5.784594117392615
14592,35,1.3862943611198906,6.3481944895342695,28,1.121340539745666,1.0,0.3888888888888889,0.2770456974602338,63,4.936869143856646
14593,22,1.3862943611198906,6.428089117465248,177,0.15656906069153992,1.0,0.2444444444444444,0.2875413550237475,198,4.715518243156957
14594,7,1.0986122886681096,5.942353081326715,365,0.0787808778531142,1.0,0.0777777777777777,0.2977980554665164,372,4.537961436294641
14595,20,1.9459101490553132,7.462559509920338,293,0.41224479509354317,1.0,0.2222222222222222,0.295054402632753,312,5.099866427824199
14597,11,1.0986122886681096,6.784626731500986,180,0.15415067982725825,1.0,0.1222222222222222,0.2953079992262433,191,5.66815529701305
14598,44,0.6931471805599453,5.40703723326228,0,0.0,0.0,0.4888888888888889,0.2664581559054013,43,5.247024072160486
14600,306,0.6931471805599453,5.977188122189173,0,0.0,0.0,1.0,0.0565423481100043,305,4.836281906951478
14601,11,0.6931471805599453,5.370451964307236,0,0.0,0.0,0.1222222222222222,0.292917309696853,10,5.1298987149230735
14603,275,0.6931471805599453,6.493753839851687,0,0.0,0.0,1.0,0.081789335316557,274,5.993961427306569
14606,1,4.543294782270004,9.405713880264752,372,2.0914657346466377,1.0,0.0111111111111111,0.4500445580535485,372,4.218400197745445
14607,16,2.70805020110221,9.71537928498044,245,0.5491078103370076,1.0,0.1777777777777777,0.3309147796987136,260,6.735101127590319
14608,4,1.6094379124341003,7.48781774447192,358,0.22426024601428482,1.0,0.0444444444444444,0.3050814098986217,361,4.702750514326955
14609,72,1.6094379124341003,6.401187245468788,224,0.33774693405321343,1.0,0.8,0.2488463556793272,296,7.47164762368482
14616,243,1.3862943611198906,6.009009726323731,74,0.5877866649021191,1.0,1.0,0.109966121759179,317,3.574216545793796
14618,9,1.3862943611198906,6.317958595345153,328,0.16799173123912964,1.0,0.1,0.297877016024732,337,4.48863636973214
14619,246,0.6931471805599453,5.979999068998704,0,0.0,0.0,1.0,0.1046722749043913,245,5.030437921392435
14620,206,1.0986122886681096,6.0253344316155975,78,0.32542240043462795,1.0,1.0,0.1382194238368701,283,4.68213122712422
14621,1,1.791759469228055,7.489613293002015,357,0.28978070910870213,1.0,0.0111111111111111,0.3089278160521492,357,5.296315363877364
14622,185,0.6931471805599453,5.773246346316266,0,0.0,0.0,1.0,0.1534973194809222,184,4.990432586778736
14623,32,1.791759469228055,6.791502322157887,203,0.4644463441808693,1.0,0.3555555555555555,0.2827780074144224,234,4.440295542797857
14624,57,1.0986122886681096,5.424289006109973,1,2.772588722239781,1.0,0.6333333333333333,0.2574712938991212,58,4.406719247264253
14625,196,1.0986122886681096,6.803094518438584,164,0.16705408466316618,1.0,1.0,0.1469358028484908,360,5.126935749792416
14626,24,1.6094379124341003,7.934610164077709,209,0.35667494393873234,1.0,0.2666666666666666,0.2904748866579165,232,5.862920695994498
14628,91,1.0986122886681096,6.511685892514335,151,0.1812171944509014,1.0,1.0,0.2308353980549264,241,4.919980925828125
14629,4,1.0986122886681096,6.8669437010742955,43,0.5292593254548287,1.0,0.0444444444444444,0.3010312642373248,46,5.25227342804663
14631,51,1.3862943611198906,6.915703607164632,248,0.21667103680859226,1.0,0.5666666666666667,0.2648346143626886,298,5.339139361068292
14632,263,0.6931471805599453,4.749789875598035,0,0.0,0.0,1.0,0.0906363766684498,262,4.574710978503383
14633,266,0.6931471805599453,5.846149715943123,0,0.0,0.0,1.0,0.0885587747614768,265,4.574710978503383
14636,36,1.0986122886681096,6.414851429850069,232,0.12160713209478688,1.0,0.4,0.2748643817795361,268,4.799914262780603
14638,51,0.6931471805599453,6.097175001530096,0,0.0,0.0,0.5666666666666667,0.2611595641400979,50,5.117993812416755
14639,52,1.9459101490553132,8.001519166458744,309,0.25562013999211797,1.0,0.5777777777777777,0.271161632629793,360,5.4785534168509695
14640,24,1.9459101490553132,7.662035187544821,203,0.5532620778915094,1.0,0.2666666666666666,0.2923946997874568,227,5.001706663351954
14641,22,0.6931471805599453,4.7136657821413905,0,0.0,0.0,0.2444444444444444,0.2839460318534165,21,4.51085950651685
14642,59,0.6931471805599453,4.575947327311188,0,0.0,0.0,0.6555555555555556,0.2542464168161175,58,4.343805421853684
14643,170,1.0986122886681096,6.54363842689435,187,0.14805309995913982,1.0,1.0,0.1674976054332823,357,6.012491914300058
14644,68,1.0986122886681096,6.723543937669715,230,0.12210269680089982,1.0,0.7555555555555555,0.249511286263227,297,4.867534450455582
14645,157,1.0986122886681096,6.393741244298632,118,0.2248228128339297,1.0,1.0,0.1777873430811568,275,5.254887808620701
14646,2,4.304065093204169,12.5432839661044,353,1.5559056440535273,1.0,0.0222222222222222,0.8031804109203491,354,7.900438651010836
14647,201,0.6931471805599453,5.498069458404876,0,0.0,0.0,1.0,0.1405526618513237,200,4.564348191467836
14649,5,1.6094379124341003,7.257207199581212,207,0.25344890080953864,1.0,0.0555555555555555,0.3037541429570842,211,5.543222409643759
14651,67,1.0986122886681096,6.485550846869675,143,0.18924199963852836,1.0,0.7444444444444445,0.2500619531873915,210,5.153291594497779
14652,77,0.6931471805599453,4.7464961220785264,0,0.0,0.0,0.8555555555555555,0.2398336951730067,76,3.9889840465642745
14653,1,2.0794415416798357,7.5748407852142225,337,0.36818119273022804,1.0,0.0111111111111111,0.3120258765298372,337,4.917893242397641
14655,8,1.6094379124341003,7.5669474581621285,214,0.35105168638437023,1.0,0.0888888888888888,0.3020828135491817,221,5.610387127056648
14656,169,1.0986122886681096,5.676925020486318,114,0.23361485118150516,1.0,1.0,0.1677247960809557,282,4.110873864173311
14657,18,1.6094379124341003,6.744318281129723,308,0.25562013999211797,1.0,0.2,0.2925139760500526,325,4.7664383335842135
14658,5,1.0986122886681096,5.51403340203345,111,0.23732818630616614,1.0,0.0555555555555555,0.299212930044627,116,3.1986731175506815
14659,9,2.302585092994046,7.836342103110113,306,0.5776010548347841,1.0,0.1,0.3093109373534627,315,4.896180048532547
14660,87,1.0986122886681096,5.6585758818181215,14,1.1451323043030026,1.0,0.9666666666666668,0.2334926170135452,100,4.74493212836325
14661,27,0.6931471805599453,4.690889061390629,0,0.0,0.0,0.3,0.2799317535883425,26,3.58351893845611
14662,29,1.6094379124341003,6.649204733036604,287,0.27193371548364176,1.0,0.3222222222222222,0.2835804561391544,315,5.020585624949424
14664,20,1.0986122886681096,6.459732295584099,13,1.1451323043030026,1.0,0.2222222222222222,0.2877386340695205,32,5.455321115357702
14665,61,1.791759469228055,7.5157257621344895,250,0.3074846997479606,1.0,0.6777777777777778,0.2608670526540376,310,5.003946305945459
14666,24,0.6931471805599453,5.279389356662517,0,0.0,0.0,0.2666666666666666,0.2824627932908347,23,5.087596335232384
14667,11,3.258096538021482,9.131535231533652,357,1.0450622107097676,1.0,0.1222222222222222,0.3402536458471862,367,5.377128546972327
14669,242,1.3862943611198906,7.147551403337889,90,0.28493103907989104,1.0,1.0,0.1120015105319319,332,5.558114235510282
14670,280,1.0986122886681096,6.022308930402963,0,0.0,1.0,1.0,0.0788593506654679,279,5.1328529268205045
14672,235,1.0986122886681096,6.641899927756463,101,0.25782910930209973,1.0,1.0,0.1154609783623315,335,5.429345628954441
14673,3,1.791759469228055,7.46014502182582,364,0.28493103907989104,1.0,0.0333333333333333,0.3072493639820203,367,5.307277107919509
14675,16,0.6931471805599453,6.406467359696635,0,0.0,0.0,0.1777777777777777,0.2894644754721319,15,5.834810737062605
14676,31,1.9459101490553132,7.843550554514271,251,0.46702300110759776,1.0,0.3444444444444444,0.2873837963451953,282,6.034683666227958
14680,25,2.833213344056216,10.266570769562204,346,0.8331604107866588,1.0,0.2777777777777778,0.3439601293727864,371,6.737263473941759
14681,71,1.3862943611198906,6.214508093421858,140,0.1941560144409574,1.0,0.7888888888888889,0.2480666100802842,211,3.2708355637989115
14682,188,1.0986122886681096,3.970291913552122,13,1.1451323043030026,1.0,1.0,0.1521429054558016,200,3.713572066704308
14684,26,1.791759469228055,7.1206707008607255,336,0.304600460541843,1.0,0.2888888888888888,0.288086234279051,362,5.145166187053862
14687,107,0.6931471805599453,6.444735207830545,0,0.0,0.0,1.0,0.2165035553888105,106,6.154858094016418
14688,8,3.091042453358316,8.636196815185112,366,0.9389821430762257,1.0,0.0888888888888888,0.3317646139882448,373,5.15576582256413
14689,209,0.6931471805599453,4.73444252169223,0,0.0,0.0,1.0,0.1339493722527412,208,4.343805421853684
14690,44,1.0986122886681096,5.9207738064852125,107,0.24715209136621874,1.0,0.4888888888888889,0.2681073053351178,151,4.454347296253507
14691,31,1.791759469228055,7.656966107678013,182,0.401795379219202,1.0,0.3444444444444444,0.2853289739752614,212,4.958639998977875
14692,137,1.6094379124341003,6.384435257634458,185,0.3964152725882465,1.0,1.0,0.1966930287601717,321,4.208417018481948
14693,265,0.6931471805599453,5.158480421360237,0,0.0,0.0,1.0,0.0891153801733297,264,3.5553480614894135
14696,4,2.0794415416798357,7.640099133944896,368,0.39730179746900346,1.0,0.0444444444444444,0.3098070356873123,372,5.454710428315821
14697,218,1.0986122886681096,5.2449693310461125,0,0.0,1.0,1.0,0.128273747987403,217,4.516338972281476
14698,2,1.791759469228055,7.132305839993802,49,1.2237754316221157,1.0,0.0222222222222222,0.30735824168267,50,4.820281565605037
14699,214,0.6931471805599453,4.701661486176852,0,0.0,0.0,1.0,0.1299334380632157,213,4.356708826689592
14700,32,1.3862943611198906,7.712577993432672,206,0.25562013999211797,1.0,0.3555555555555555,0.2818287087656201,237,6.10553700336783
14701,11,2.302585092994046,7.843993725665985,305,0.462623521948113,1.0,0.1222222222222222,0.3077344102883713,316,4.64971856224916
14702,1,2.8903717578961645,8.099596795897188,364,0.8409986269592166,1.0,0.0111111111111111,0.3282993740830348,364,4.460484376545222
14703,15,0.6931471805599453,5.765723876196384,0,0.0,0.0,0.1666666666666666,0.2898575155187582,14,5.214935757608986
14704,11,2.302585092994046,7.3446609129246205,168,0.8838164411197282,1.0,0.1222222222222222,0.3063033775075623,179,4.7976254084968515
14705,199,0.6931471805599453,5.19295685089021,0,0.0,0.0,1.0,0.1420652645224996,198,4.61512051684126
14708,3,1.3862943611198906,7.027642765394543,365,0.1518060128680041,1.0,0.0333333333333333,0.3035077199010964,368,5.337538079701318
14709,15,2.639057329615259,8.501478357695712,343,0.6740148824787878,1.0,0.1666666666666666,0.3136530898502215,357,5.257895932818236
14710,14,1.6094379124341003,6.408742936168336,45,1.0986122886681096,1.0,0.1555555555555555,0.295376943621781,58,4.5591262474866845
14711,10,2.4849066497880004,7.961997619914306,252,0.7841189587656721,1.0,0.1111111111111111,0.3118633557811842,261,4.498799058824342
14712,29,1.3862943611198906,6.822273640436711,82,0.5440040224633094,1.0,0.3222222222222222,0.2823533247660092,111,4.663439094112067
14713,9,2.4849066497880004,7.888844498199721,355,0.6112300580920585,1.0,0.1,0.3123765074513938,364,4.995983017309385
14714,24,0.6931471805599453,5.08258379340884,0,0.0,0.0,0.2666666666666666,0.2824127444018066,23,5.438079308923196
14715,25,1.6094379124341003,6.766629406877568,306,0.25708853309999324,1.0,0.2777777777777778,0.2869263540918932,330,4.877103901471733
14716,43,1.0986122886681096,5.801151140384475,105,0.25131442828090605,1.0,0.4777777777777778,0.2688494599368133,148,5.713732805509369
14719,2,1.791759469228055,7.379713247262653,247,0.39465419200394874,1.0,0.0222222222222222,0.3078598297641823,248,5.334649295795427
14720,6,1.3862943611198906,6.499501285546037,120,0.4027064856690846,1.0,0.0666666666666666,0.3004409886385157,126,4.304065093204169
14722,147,0.6931471805599453,5.241323645027916,0,0.0,0.0,1.0,0.1837892279570479,146,4.795790545596741
14723,10,1.9459101490553132,7.055571653676355,361,0.28698931177288023,1.0,0.1111111111111111,0.3022445474828092,370,4.760748417806535
14725,25,0.6931471805599453,6.577972617178215,0,0.0,0.0,0.2777777777777778,0.2824070050991114,24,6.386879319362645
14727,274,0.6931471805599453,5.596865192310124,0,0.0,0.0,1.0,0.0820327140532657,273,4.143134726391533
14729,374,0.6931471805599453,5.750952279132591,0,0.0,0.0,1.0,0.001882920281606,373,5.288267030694535
14730,1,2.1972245773362196,7.60392787834377,275,0.5035263212843791,1.0,0.0111111111111111,0.3135433799656525,276,4.959341999708705
14731,47,1.3862943611198906,5.942851867187289,165,0.3101549283038395,1.0,0.5222222222222223,0.2671481718967598,211,4.458215773031428
14732,8,2.1972245773362196,7.902298809906396,330,0.4913009034694187,1.0,0.0888888888888888,0.3089240027297157,338,5.1740288410046915
14733,16,2.5649493574615367,9.168153905320404,351,0.6627760826836465,1.0,0.1777777777777777,0.3180747443698072,367,5.751513877477391
14735,4,3.4965075614664802,8.710568430543226,354,0.9576759480370094,1.0,0.0444444444444444,0.351383358537739,357,4.273187854639731
14737,4,1.3862943611198906,7.060948357598531,349,0.1582240052148941,1.0,0.0444444444444444,0.3027600836184578,352,4.7535901911063645
14738,43,2.0794415416798357,7.181934091396172,273,0.5049690916532779,1.0,0.4777777777777778,0.2774322733625584,315,4.464264732910854
14739,4,2.0794415416798357,8.269572504294867,363,0.4027064856690846,1.0,0.0444444444444444,0.3124098776962028,366,6.303926336370389
14740,197,1.3862943611198906,7.278773859355933,86,0.5292593254548287,1.0,1.0,0.1483521800231152,283,5.5053315359323625
14741,12,1.9459101490553132,7.245184200691345,361,0.3474916318708235,1.0,0.1333333333333333,0.3009857866098931,372,4.949941225423999
14744,16,2.0794415416798357,7.00395597125342,350,0.35667494393873234,1.0,0.1777777777777777,0.2987838669274502,366,4.506138805381912
14745,113,1.791759469228055,7.107638391655096,172,0.41886243767998566,1.0,1.0,0.2182772691346817,284,5.340418542566672
14747,249,0.6931471805599453,5.796665468802915,0,0.0,0.0,1.0,0.1021712987958219,248,4.442651256490317
14748,29,1.791759469228055,7.256120795049728,339,0.2354568115475667,1.0,0.3222222222222222,0.2859360143747915,368,5.503704196272987
14752,44,0.6931471805599453,5.967786419753405,0,0.0,0.0,0.4888888888888889,0.2666975083647097,43,5.564520407322694
14753,87,0.6931471805599453,6.335320173584455,0,0.0,0.0,0.9666666666666668,0.2324532189374934,86,5.356586274672012
14754,45,1.0986122886681096,6.459982698577723,250,0.11290173020196187,1.0,0.5,0.2676853865370642,295,5.497168225293202
14755,10,2.4849066497880004,8.519446650469105,324,0.653926467406664,1.0,0.1111111111111111,0.314920363621344,333,5.311861591655794
14756,15,0.6931471805599453,6.606596130683188,0,0.0,0.0,0.1666666666666666,0.2904582021135716,14,6.0330862217988015
14757,75,0.6931471805599453,6.04381977744191,0,0.0,0.0,0.8333333333333334,0.2418752515047783,74,5.081404364984463
14758,145,1.6094379124341003,7.303210454460983,114,0.578077850775158,1.0,1.0,0.1915499932988844,259,4.661077817926388
14759,5,1.3862943611198906,7.394474668204541,228,0.23361485118150516,1.0,0.0555555555555555,0.3026166313572759,232,5.250526702711688
14760,297,0.6931471805599453,4.502029427068578,0,0.0,0.0,1.0,0.0633274474611603,296,3.713572066704308
14761,59,1.0986122886681096,5.548686904115838,276,0.10318423623523074,1.0,0.6555555555555556,0.2559099128326775,334,4.0943445622221
14762,264,0.6931471805599453,5.70883634895888,0,0.0,0.0,1.0,0.090099699450859,263,5.834810737062605
14764,47,0.6931471805599453,5.632286472951131,0,0.0,0.0,0.5222222222222223,0.2641321510554793,46,5.25227342804663
14765,29,1.3862943611198906,5.541694824693056,147,0.34228620648663277,1.0,0.3222222222222222,0.2814069353915054,175,3.828641396489095
14766,8,1.9459101490553132,7.813741097146052,358,0.3499484611777816,1.0,0.0888888888888888,0.3057261157029765,365,5.419797264085746
14768,17,1.0986122886681096,5.265794174842476,109,0.24116205681688807,1.0,0.1888888888888888,0.2895093903205722,126,3.295836866004329
14769,3,2.1972245773362196,9.275730093240115,354,0.46470794167102514,1.0,0.0333333333333333,0.3243152671137888,357,6.835722076082305
14770,232,1.0986122886681096,6.7769857830927895,90,0.28493103907989104,1.0,1.0,0.1180256647366546,322,5.5053315359323625
14772,112,0.6931471805599453,4.943497843108764,0,0.0,0.0,1.0,0.2117946310915064,111,4.418840607796598
14775,58,1.3862943611198906,6.9205727826927514,313,0.17486281150627858,1.0,0.6444444444444445,0.259226664504365,371,5.972111818592167
14776,51,2.4849066497880004,7.839643731479347,261,0.6520856937621714,1.0,0.5666666666666667,0.2785038595298303,311,5.655673896336171
14778,127,1.0986122886681096,6.595589238838791,181,0.15336110221024069,1.0,1.0,0.2020424736988833,308,5.0369526024136295
14779,281,1.3862943611198906,5.958812214832733,43,0.8735288725360734,1.0,1.0,0.0794563878416155,323,3.367295829986474
14780,55,1.0986122886681096,6.106309938777023,24,0.7884573603642702,1.0,0.6111111111111112,0.2593922389749321,78,5.049856007249537
14782,320,0.6931471805599453,5.303802296778606,0,0.0,0.0,1.0,0.0450365616878538,319,4.74493212836325
14784,26,1.0986122886681096,5.673288902319859,297,0.09622803209455376,1.0,0.2888888888888888,0.2824291652615532,323,4.783316371371566
14785,10,1.0986122886681096,4.361823927356363,4,1.9459101490553132,1.0,0.1111111111111111,0.2949599131543087,14,3.7612001156935624
14788,7,1.0986122886681096,6.522739647741382,19,0.9473813189441862,1.0,0.0777777777777777,0.298225755056982,25,5.354224998486333
14789,29,0.6931471805599453,5.2914941411999115,0,0.0,0.0,0.3222222222222222,0.2784555098790476,28,4.762173934797756
14790,17,1.6094379124341003,6.61480602592395,236,0.32190002976212223,1.0,0.1888888888888888,0.2931688520129807,253,5.169062530690774
14792,64,0.6931471805599453,1.9740810260220096,0,0.0,0.0,0.7111111111111111,0.2501073589335321,63,1.0986122886681096
14793,21,0.6931471805599453,5.438035829717119,0,0.0,0.0,0.2333333333333333,0.2849173749643381,20,4.5217885770490405
14794,3,2.0794415416798357,7.186076171996967,331,0.43318965612301924,1.0,0.0333333333333333,0.3095256291249757,333,4.576182649114839
14795,166,0.6931471805599453,4.886205215718078,0,0.0,0.0,1.0,0.1684679741304894,165,2.8903717578961645
14796,1,2.8903717578961645,8.990128768299758,365,0.8394392737746823,1.0,0.0111111111111111,0.3350520484188681,366,5.873277017890401
14798,53,1.3862943611198906,5.163299154869948,257,0.2090917978585594,1.0,0.5888888888888889,0.2620408686239941,309,3.9318256327243257
14799,51,0.6931471805599453,5.0670156275323635,0,0.0,0.0,0.5666666666666667,0.2607514358636248,50,4.990432586778736
14800,48,2.5649493574615367,8.375800119472242,322,0.7054930163822447,1.0,0.5333333333333333,0.2849172769131665,369,5.722222518283326
14801,61,0.6931471805599453,5.26857954828408,0,0.0,0.0,0.6777777777777778,0.2527806368363314,60,5.170483995038151
14803,162,1.3862943611198906,6.741169266574241,130,0.3794896217049037,1.0,1.0,0.1755667364798328,291,4.822966130975706
14804,9,0.6931471805599453,5.8700593342813,0,0.0,0.0,0.1,0.2947204557332285,8,4.804021044733257
14805,15,1.6094379124341003,6.3201385996316555,298,0.26391185311786897,1.0,0.1666666666666666,0.2945013157992032,313,3.392829131991639
14806,75,0.6931471805599453,5.269866450374021,0,0.0,0.0,0.8333333333333334,0.2415510471925369,74,5.802118375377063
14808,40,2.1972245773362196,7.91650485674164,132,0.7550977694214839,1.0,0.4444444444444444,0.2833107700471887,171,5.596104460858013
14810,41,2.4849066497880004,7.644383316153618,328,0.6480735059350687,1.0,0.4555555555555555,0.285882265859779,369,4.536501937130188
14813,370,1.0986122886681096,5.052608625573679,0,0.0,1.0,1.0,0.0063012491481637,369,3.5409593240373143
14815,37,1.0986122886681096,6.658652688497831,31,0.676886659688165,1.0,0.4111111111111111,0.2743029941720686,67,5.921578419643816
14816,197,0.6931471805599453,5.608922193632241,0,0.0,0.0,1.0,0.1438020879295468,196,1.791759469228055
14817,200,1.0986122886681096,7.0133217734248765,76,0.3290234126082223,1.0,1.0,0.1440280396653047,276,5.794536837924666
14818,74,1.3862943611198906,6.490419998303485,179,0.2876820724517809,1.0,0.8222222222222222,0.2458869546913767,253,4.6913478822291435
14819,64,1.0986122886681096,5.609728172573878,127,0.21056476910734964,1.0,0.7111111111111111,0.2519223006613584,191,4.0163830207523885
14820,21,1.6094379124341003,6.231052150838124,152,0.46505720531041006,1.0,0.2333333333333333,0.289620874176305,172,4.162781723775329
14821,367,0.6931471805599453,3.9080149840306073,0,0.0,0.0,1.0,0.0071200429892496,366,3.044522437723423
14823,180,1.3862943611198906,5.775886058412575,14,1.1451323043030026,1.0,1.0,0.1603800414581343,194,3.41224721784874
14824,10,1.6094379124341003,7.028830666672488,81,0.7472144018302211,1.0,0.1111111111111111,0.2993300662158748,90,4.8846940707384086
14825,4,2.5649493574615367,7.708819205258206,364,0.6440144919823007,1.0,0.0444444444444444,0.3171952851989775,368,4.425844138173935
14828,197,1.3862943611198906,7.668916185155464,140,0.35667494393873234,1.0,1.0,0.1493393822252663,336,6.586171654854675
14829,29,1.6094379124341003,6.549006758096496,343,0.23300728083654995,1.0,0.3222222222222222,0.2834753620373217,371,4.736198448394496
14830,53,0.6931471805599453,5.2889233809061675,0,0.0,0.0,0.5888888888888889,0.2592034449449016,52,5.135798437050262
14834,18,1.9459101490553132,7.4508350982774605,222,0.5144066481836967,1.0,0.2,0.2966297020297165,239,4.814890716970161
14836,10,1.3862943611198906,4.639088404191552,20,1.3862943611198906,1.0,0.1111111111111111,0.2964310792559011,29,2.772588722239781
14837,90,1.6094379124341003,7.408833551293248,111,0.5897688261061101,1.0,1.0,0.2359038094450102,201,5.886104031450156
14840,268,0.6931471805599453,4.156536582478548,0,0.0,0.0,1.0,0.0865518643662913,267,3.4657359027997265
14841,53,1.9459101490553132,8.10069544697357,305,0.3999856423435388,1.0,0.5888888888888889,0.270803838078606,358,5.6948538439119
14842,44,1.6094379124341003,7.946507861544517,264,0.2923879634891936,1.0,0.4888888888888889,0.2744798136637121,307,5.678464666671911
14844,64,1.6094379124341003,8.068030082042343,177,0.40920343021877154,1.0,0.7111111111111111,0.2589582494113969,240,6.129594724095235
14847,149,0.6931471805599453,5.737861788309064,0,0.0,0.0,1.0,0.182358365142853,148,4.795790545596741
14849,22,3.258096538021482,8.978602495018041,351,0.7044467358138786,1.0,0.2444444444444444,0.3295591216580787,373,5.4326734190471155
14850,312,0.6931471805599453,5.789195352504331,0,0.0,0.0,1.0,0.0516330420108896,311,5.683579767338681
14851,23,1.0986122886681096,6.239007985245727,232,0.12111557861206393,1.0,0.2555555555555555,0.2851515784398901,255,5.096812990337308
14852,58,1.9459101490553132,7.950745619900337,193,0.4815348268449252,1.0,0.6444444444444445,0.2661378107897245,251,5.67732441569318
14853,24,1.0986122886681096,6.16709711575114,187,0.1487887366858729,1.0,0.2666666666666666,0.2842986910281,210,3.7376696182833684
14854,78,2.0794415416798357,7.923286638140286,196,0.6514744841593774,1.0,0.8666666666666667,0.2514207174694975,274,5.571067075549008
14855,119,1.0986122886681096,6.471805189861254,15,1.0986122886681096,1.0,1.0,0.2083379469272108,134,4.901564199041894
14856,36,1.3862943611198906,7.179597561714504,20,0.9162907318741551,1.0,0.4,0.2773012373406198,56,5.476463551931511
14857,60,1.0986122886681096,7.068274209815247,88,0.2904871233793895,1.0,0.6666666666666666,0.2564171246792832,147,5.4510384535657
14859,13,1.6094379124341003,7.211364832983292,191,0.27193371548364176,1.0,0.1444444444444444,0.2972463116930515,203,5.128418329752639
14860,19,0.6931471805599453,5.14353315274717,0,0.0,0.0,0.2111111111111111,0.2864379003775021,18,5.4510384535657
14861,52,0.6931471805599453,4.842532174539857,0,0.0,0.0,0.5777777777777777,0.2599037446285622,51,4.770684624465665
14862,26,1.0986122886681096,6.736017515727827,122,0.21825356602001794,1.0,0.2888888888888888,0.2832160291554838,148,5.958424693029782
14863,29,0.6931471805599453,5.590091056903071,0,0.0,0.0,0.3222222222222222,0.278554180136025,28,4.890349128221754
14865,7,1.0986122886681096,3.9740583963475986,364,0.07898841131863037,1.0,0.0777777777777777,0.2973303567354185,371,4.007333185232471
14866,11,2.5649493574615367,9.574351341358595,355,0.6112300580920585,1.0,0.1222222222222222,0.3289432365450605,365,6.334463060230471
14867,186,1.3862943611198906,6.567066163812884,150,0.33457829666114214,1.0,1.0,0.1561222988050868,335,4.703506086708953
14868,3,2.1972245773362196,7.99111517232888,230,0.578077850775158,1.0,0.0333333333333333,0.313293148459807,232,5.1740288410046915
14869,9,1.0986122886681096,6.58851373762259,94,0.2744368457017603,1.0,0.1,0.2966875141072282,102,5.62040086571715
14870,262,0.6931471805599453,5.793775513182905,0,0.0,0.0,1.0,0.0917421351641658,261,4.787491742782046
14871,3,1.6094379124341003,6.260307777673182,357,0.2248228128339297,1.0,0.0333333333333333,0.3040809181431832,360,3.855452653939752
14873,210,0.6931471805599453,6.25513564959826,0,0.0,0.0,1.0,0.1337280629919131,209,5.1298987149230735
14875,108,1.0986122886681096,7.290511139663592,155,0.1769307081590782,1.0,1.0,0.2183315725417623,262,5.634789603169249
14878,13,2.302585092994046,7.304206550922399,345,0.5268810145192884,1.0,0.1444444444444444,0.3046114924640806,358,4.501043476779193
14880,77,1.3862943611198906,6.561299370951966,211,0.2502606874036344,1.0,0.8555555555555555,0.2435496153240878,288,4.830976854721785
14881,20,0.6931471805599453,5.546738725046515,0,0.0,0.0,0.2222222222222222,0.2857572148334665,19,5.75890177387728
14882,27,1.0986122886681096,6.38130827431319,7,1.6650077635889111,1.0,0.3,0.2820548685666935,33,4.382026634673881
14883,19,1.9459101490553132,6.636720534303131,193,0.48351300163526767,1.0,0.2111111111111111,0.2944589842586787,211,4.887839716616328
14885,132,0.6931471805599453,6.6415998370746365,0,0.0,0.0,1.0,0.1966455641895337,131,6.586171654854675
14886,253,0.6931471805599453,5.9020867359567655,0,0.0,0.0,1.0,0.099014989917579,252,5.081404364984463
14887,79,0.6931471805599453,7.529943370601589,0,0.0,0.0,0.8777777777777778,0.240724466990359,78,7.00397413672268
14888,207,0.6931471805599453,5.914043400139397,0,0.0,0.0,1.0,0.1359196667322515,206,5.220355825078325
14889,336,0.6931471805599453,4.919250732294404,0,0.0,0.0,1.0,0.0321106902356544,335,4.51085950651685
14890,254,0.6931471805599453,4.841427376447684,0,0.0,0.0,1.0,0.0978714592141138,253,3.9512437185814275
14891,148,1.0986122886681096,6.319652564141498,39,0.5705448584676129,1.0,1.0,0.1849456249927731,187,5.535363823031238
14893,10,1.0986122886681096,7.121938808924836,2,2.772588722239781,1.0,0.1111111111111111,0.2966164799903817,11,5.992713766508414
14894,85,0.6931471805599453,6.4873034285656495,0,0.0,0.0,0.9444444444444444,0.2341896854642709,84,5.583496308781699
14895,8,3.044522437723423,9.31827148082645,282,0.7227402887072548,1.0,0.0888888888888888,0.33819176498919,289,5.495322260252552
14896,205,1.0986122886681096,6.152243213225461,160,0.17086906306216681,1.0,1.0,0.1391014897795139,365,4.9452074887738
14897,8,1.6094379124341003,7.220651779074644,289,0.27110951696999414,1.0,0.0888888888888888,0.3012750507466552,296,4.770684624465665
14898,23,1.9459101490553132,7.173590436003909,347,0.3583975972501786,1.0,0.2555555555555555,0.292024044607264,370,5.14166355650266
14901,11,2.302585092994046,7.260023527685966,361,0.5097169762023266,1.0,0.1222222222222222,0.3061240523096241,372,4.3100531350487925
14902,26,0.6931471805599453,5.810122510427528,0,0.0,0.0,0.2888888888888888,0.2810546708874276,25,5.389071729816501
14903,21,1.791759469228055,7.941519665325918,257,0.38316910255279096,1.0,0.2333333333333333,0.2943443472768691,278,5.730748922886015
14904,2,1.0986122886681096,6.933851783703411,23,0.8347976976229721,1.0,0.0222222222222222,0.3027303725374662,25,6.901234061991872
14905,158,1.0986122886681096,6.425112106189937,76,0.33270575382573603,1.0,1.0,0.1770124125954886,233,4.973279507552487
14907,3,2.0794415416798357,8.161118067549472,364,0.3450693978184245,1.0,0.0333333333333333,0.3126393238271809,367,5.49129621781598
14908,74,0.6931471805599453,5.630494678886369,0,0.0,0.0,0.8222222222222222,0.2424736832842447,73,4.890349128221754
14910,3,1.6094379124341003,6.076150305274624,51,1.0045833390198333,1.0,0.0333333333333333,0.3039552534626028,54,4.102643365036796
14911,1,5.308267697401205,11.876359931772127,372,2.447941455554529,1.0,0.0111111111111111,0.7930279122059734,372,5.99228510587992
14912,17,1.0986122886681096,6.767170498168263,229,0.1226023220923323,1.0,0.1888888888888888,0.2904733239291364,246,6.1872369016260595
14913,36,1.6094379124341003,7.113492210280828,323,0.245122458032985,1.0,0.4,0.2786168036446061,358,6.079360949014166
14915,91,1.0986122886681096,5.731657011422181,186,0.1495317339709637,1.0,1.0,0.230315095172069,277,4.04305126783455
14916,71,1.6094379124341003,7.146756431297139,253,0.30330739035486176,1.0,0.7888888888888889,0.2506012508352763,323,5.652489180268651
14918,116,1.0986122886681096,7.384703488712166,38,0.5705448584676129,1.0,1.0,0.212121208120162,154,5.82452409235233
14920,213,1.0986122886681096,6.886296681323568,0,0.0,1.0,1.0,0.1334109857092367,212,5.543222409643759
14921,30,1.0986122886681096,7.1831648514317985,171,0.16164135155641585,1.0,0.3333333333333333,0.2806853599405144,200,6.168564159920785
14923,51,0.6931471805599453,6.62020653097559,0,0.0,0.0,0.5666666666666667,0.2615956718297186,50,6.037870919922137
14924,246,0.6931471805599453,5.739953670961029,0,0.0,0.0,1.0,0.1045518064005383,245,4.174387269895637
14929,32,0.6931471805599453,5.415566926598276,0,0.0,0.0,0.3555555555555555,0.2760865509198599,31,4.919980925828125
14930,109,1.3862943611198906,7.772272601231864,165,0.16612687087397396,1.0,1.0,0.2202603726828883,273,5.965291672803959
14931,5,1.791759469228055,7.137818831761513,236,0.4110989258264204,1.0,0.0555555555555555,0.3049617030162369,240,4.4355674016019115
14932,366,0.6931471805599453,5.89860885258863,0,0.0,0.0,1.0,0.0083714657358622,365,4.394449154672439
14934,82,1.0986122886681096,7.5453580366354,200,0.13911280246271773,1.0,0.9111111111111112,0.239794769036649,282,6.257667587882639
14935,297,0.6931471805599453,7.487571374232199,0,0.0,0.0,1.0,0.0657478237257387,296,6.8416154764775925
14936,34,2.1972245773362196,9.004302186164907,241,0.4027064856690846,1.0,0.3777777777777777,0.2958262938856654,275,6.237591934812567
14937,57,1.3862943611198906,7.3919576276276855,73,0.3403258059372029,1.0,0.6333333333333333,0.2608995628495389,129,5.0896518344144805
14944,30,2.5649493574615367,8.682919471860497,266,0.5153099362133193,1.0,0.3333333333333333,0.3015834405058829,296,5.46206470790559
14946,14,0.6931471805599453,4.623991940228679,0,0.0,0.0,0.1555555555555555,0.2903494970513669,13,3.1354942159291497
14947,72,1.0986122886681096,5.676137173835876,58,0.41689380393178715,1.0,0.8,0.2455319543821236,130,4.505349850705881
14948,23,1.9459101490553132,7.005761820334205,196,0.568324115827207,1.0,0.2555555555555555,0.2917363277338007,218,4.728861658330641
14950,19,0.6931471805599453,5.91943134420815,0,0.0,0.0,0.2111111111111111,0.2867246608118425,18,4.919980925828125
14951,79,0.6931471805599453,5.745212284419341,0,0.0,0.0,0.8777777777777778,0.2385113667864447,78,5.7430031878094825
14952,60,2.4849066497880004,8.999679832658012,304,0.5238551240563245,1.0,0.6666666666666666,0.2792233241420039,364,5.723585101952381
14953,25,0.6931471805599453,5.67270451908534,0,0.0,0.0,0.2777777777777778,0.2817956549218383,24,5.420534999272286
14954,12,0.6931471805599453,5.820587254198285,0,0.0,0.0,0.1333333333333333,0.2922896280104788,11,4.852030263919617
14957,253,0.6931471805599453,4.085808231199814,0,0.0,0.0,1.0,0.0985777259358844,252,3.5553480614894135
14958,147,1.3862943611198906,6.215967174459823,98,0.4776275543563949,1.0,1.0,0.187105085325752,245,3.784189633918261
14959,64,1.6094379124341003,6.545952926608586,232,0.32781417387809836,1.0,0.7111111111111111,0.2553974551072631,295,4.824305715904762
14960,8,1.0986122886681096,5.4038928590966755,162,0.1689399880981232,1.0,0.0888888888888888,0.2967695686868042,170,4.7140245909001735
14961,11,2.302585092994046,8.860169942031078,349,0.4700036292457356,1.0,0.1222222222222222,0.3141515600698071,360,6.023447592961033
14962,271,0.6931471805599453,4.8496837630384935,0,0.0,0.0,1.0,0.0842365944748831,270,3.8066624897703196
14963,10,1.791759469228055,7.305725705328041,173,0.5245244681241525,1.0,0.1111111111111111,0.3012795089797602,183,5.464678903763262
14964,247,0.6931471805599453,5.333732771768991,0,0.0,0.0,1.0,0.1036014335742665,246,4.969813299576001
14965,96,1.0986122886681096,6.396929655216146,0,0.0,1.0,1.0,0.2267205509298401,95,5.212214667494625
14966,15,0.6931471805599453,5.259160651346843,0,0.0,0.0,0.1666666666666666,0.2896764344698928,14,5.236441962829949
14967,50,0.6931471805599453,6.141607205537701,0,0.0,0.0,0.5555555555555556,0.261990539103326,49,4.948759890378168
14968,30,0.6931471805599453,5.001190835268256,0,0.0,0.0,0.3333333333333333,0.2775819234116128,29,4.852030263919617
14970,68,1.6094379124341003,7.373411973984176,248,0.3096171493180365,1.0,0.7555555555555555,0.2534688714577644,316,4.151039905898646
14971,35,1.3862943611198906,7.0189119643469615,8,1.55814461804655,1.0,0.3888888888888889,0.2778252809966617,42,5.373734005832791
14972,128,0.6931471805599453,4.751605464217637,0,0.0,0.0,1.0,0.1989254465013523,127,3.367295829986474
14973,107,1.3862943611198906,7.181934091396172,118,0.4110989258264204,1.0,1.0,0.2203537481725781,225,4.820281565605037
14974,37,0.6931471805599453,4.748317695206576,0,0.0,0.0,0.4111111111111111,0.2719195564497594,36,3.8066624897703196
14975,57,0.6931471805599453,5.638141123402764,0,0.0,0.0,0.6333333333333333,0.2561131018157173,56,5.942799375126701
14976,57,2.0794415416798357,6.674384608512411,269,0.36886796401660715,1.0,0.6333333333333333,0.2654548910767644,326,3.5388867844353418
14978,72,1.791759469228055,7.566528382450746,258,0.38193461069797024,1.0,0.8,0.2521801655599505,330,4.663439094112067
14981,246,0.6931471805599453,4.635893358630932,0,0.0,0.0,1.0,0.1042549819425913,245,4.584967478670572
14984,19,1.0986122886681096,5.3672369020126345,161,0.17086906306216681,1.0,0.2111111111111111,0.2879346191064079,180,3.4339872044851463
14985,198,1.0986122886681096,5.696254208235409,159,0.17185025692665923,1.0,1.0,0.1444709008655443,357,4.875197323201151
14987,16,1.0986122886681096,5.791182664937034,349,0.08223809823697208,1.0,0.1777777777777777,0.2905025316783695,365,4.174387269895637
14988,212,0.6931471805599453,5.8157411743422545,0,0.0,0.0,1.0,0.1318594936644891,211,4.955827057601261
14995,39,1.0986122886681096,5.456303538604819,241,0.1168643401393109,1.0,0.4333333333333333,0.2719203316784808,279,3.960813169597578
14997,46,1.3862943611198906,6.3048143663083405,131,0.37469344944141064,1.0,0.5111111111111111,0.2681875363870936,177,5.925146666070334
14998,170,1.0986122886681096,6.06580642047611,71,0.352440639799944,1.0,1.0,0.167120825519703,240,4.912654885736052
15000,48,0.6931471805599453,6.197502630519253,0,0.0,0.0,0.5333333333333333,0.2636329605414219,47,5.389071729816501
15002,116,1.6094379124341003,7.404133033112973,251,0.3053816495511818,1.0,1.0,0.215037145458597,366,5.377590547442544
15004,147,0.6931471805599453,7.128752528637921,0,0.0,0.0,1.0,0.1853001162670136,146,6.447305862541213
15005,16,3.367295829986474,8.751089919533372,350,1.1962507582320256,1.0,0.1777777777777777,0.336374199782571,365,5.028334871195657
15006,51,0.6931471805599453,6.220769080535664,0,0.0,0.0,0.5666666666666667,0.261243059848006,50,5.713732805509369
15007,159,0.6931471805599453,5.062025250478552,0,0.0,0.0,1.0,0.1741192920791917,158,4.248495242049359
15009,12,1.3862943611198906,7.141070918737701,12,1.7255100836868542,1.0,0.1333333333333333,0.2964817691934993,24,5.3706380281276624
15010,36,0.6931471805599453,5.736378730359188,0,0.0,0.0,0.4,0.2729994197131032,35,5.220355825078325
15012,54,1.0986122886681096,6.049827790404897,319,0.08961215868968714,1.0,0.6,0.2601592038929798,373,4.757891273005756
15014,43,1.0986122886681096,5.56517153628838,133,0.2034010725850085,1.0,0.4777777777777778,0.2687502329466151,175,4.33729074083249
15016,173,0.6931471805599453,5.141897447276735,0,0.0,0.0,1.0,0.1629080889068941,172,4.343805421853684
15017,34,0.6931471805599453,4.840874519347159,0,0.0,0.0,0.3777777777777777,0.2743419475229324,33,4.1588830833596715
15018,39,1.3862943611198906,6.209012472065032,329,0.16752159285307439,1.0,0.4333333333333333,0.2737311478703888,367,4.1588830833596715
15019,267,0.6931471805599453,5.58724865840025,0,0.0,0.0,1.0,0.0876440043109141,266,5.075173815233827
15021,9,2.302585092994046,7.55790100839738,357,0.46158843232045105,1.0,0.1,0.308432854862587,366,4.555045798805523
15022,12,1.6094379124341003,6.809083455178767,35,0.9808292530117262,1.0,0.1333333333333333,0.2974079220223576,46,4.91815444130209
15023,3,2.4849066497880004,8.825230679525026,366,0.5986563371390229,1.0,0.0333333333333333,0.3230941398669808,368,5.568344503761097
15024,10,2.3978952727983707,7.415975511662447,357,0.40732557376108414,1.0,0.1111111111111111,0.3087042602054142,366,4.532599493153256
15025,33,0.6931471805599453,5.934920650296115,0,0.0,0.0,0.3666666666666666,0.2755030081852471,32,5.247024072160486
15026,80,1.3862943611198906,6.152732694704104,197,0.26587235615723126,1.0,0.8888888888888888,0.2408046044870711,276,4.564348191467836
15027,31,1.6094379124341003,6.972746822489577,207,0.3595554068040865,1.0,0.3444444444444444,0.2823972682321581,237,4.95758607300644
15028,8,1.6094379124341003,6.442747151414763,360,0.15415067982725825,1.0,0.0888888888888888,0.300219755789038,368,4.751432692966343
15030,72,1.0986122886681096,6.252443236725213,196,0.1417462887434141,1.0,0.8,0.2458566583267426,267,5.231108616854587
15031,4,1.6094379124341003,6.505993305798354,277,0.2804618244782939,1.0,0.0444444444444444,0.3034868545782185,281,4.617592705986649
15032,256,1.3862943611198906,8.50918118080606,110,0.24116205681688807,1.0,1.0,0.1060378462954503,365,6.898041586794498
15033,5,2.3978952727983707,7.8585131358985345,324,0.6047362232158923,1.0,0.0555555555555555,0.3140358977477799,328,5.1387352967235715
15034,16,2.1972245773362196,8.368602691764597,338,0.4269293467764642,1.0,0.1777777777777777,0.3047996605855813,353,5.716204994654758
15035,90,0.6931471805599453,5.536270709515726,0,0.0,0.0,1.0,0.2296036707318648,89,5.5053315359323625
15036,72,1.3862943611198906,6.145365195680031,107,0.4451649779548489,1.0,0.8,0.2472167918388139,179,4.700480365792417
15038,59,1.9459101490553132,6.560309047742739,311,0.39360513081741433,1.0,0.6555555555555556,0.2622933388288231,369,3.6154123022320634
15039,10,3.8712010109078907,9.89925058927075,359,1.4875377780484371,1.0,0.1111111111111111,0.3878710073337828,368,5.282879667163454
15041,170,0.6931471805599453,5.200428865728911,0,0.0,0.0,1.0,0.1653292237615176,169,4.653960350157523
15042,199,0.6931471805599453,4.919469846344143,0,0.0,0.0,1.0,0.142003781189629,198,3.4339872044851463
15043,31,0.6931471805599453,6.2878585601617845,0,0.0,0.0,0.3444444444444444,0.2773356753575354,30,5.707110264748875
15044,19,2.8903717578961645,8.9491353353444,342,0.7995275841185171,1.0,0.2111111111111111,0.3201535128021674,361,5.10843790887434
15045,152,1.0986122886681096,6.602126456028984,105,0.24921579162398486,1.0,1.0,0.1819958498642334,257,4.060443010546419
15046,9,2.772588722239781,8.559250262914823,329,0.8226812327518476,1.0,0.1,0.3217546157173921,337,5.442706269173341
15047,270,0.6931471805599453,5.842442360714953,0,0.0,0.0,1.0,0.0853483913847631,269,5.407171771460119
15048,65,1.6094379124341003,5.953373195985259,303,0.26007680635989205,1.0,0.7222222222222222,0.2541508288314758,368,3.907010463604602
15049,274,0.6931471805599453,4.8054135174159684,0,0.0,0.0,1.0,0.081822283171017,273,4.1588830833596715
15050,25,1.3862943611198906,7.486103093313854,46,0.5020919437972361,1.0,0.2777777777777778,0.2867967151994592,70,6.013715156042802
15051,23,1.3862943611198906,7.238934963295533,127,0.3869215303959953,1.0,0.2555555555555555,0.2878435748434153,149,5.823045895483019
15052,319,0.6931471805599453,5.378883014387604,0,0.0,0.0,1.0,0.0458610842558049,318,4.418840607796598
15053,5,1.3862943611198906,6.549350267911373,277,0.19606542416502318,1.0,0.0555555555555555,0.3012916348422118,281,5.7980820429546025
15054,12,1.0986122886681096,5.714062784063757,28,0.7282385003712154,1.0,0.1333333333333333,0.2936763990658835,39,4.605170185988092
15057,275,1.0986122886681096,7.306866913118126,40,0.5596157879354227,1.0,1.0,0.0844088707501145,315,5.814130531825066
15058,25,2.4849066497880004,7.661992855221969,286,0.5491078103370076,1.0,0.2777777777777778,0.2987694657659495,311,4.586821047319895
15059,41,2.302585092994046,7.199469212547289,293,0.4776275543563949,1.0,0.4555555555555555,0.2819405832500612,334,4.2211403585999925
15060,8,1.6094379124341003,5.717323710222868,0,3.4339872044851463,1.0,0.0888888888888888,0.2997571818586135,8,4.200954297280359
15061,4,3.8918202981106265,10.906600543518254,368,1.1867522065742655,1.0,0.0444444444444444,0.443539599754034,371,6.402746040537586
15062,71,1.6094379124341003,6.896552764474143,288,0.27193371548364176,1.0,0.7888888888888889,0.2501999461095605,358,5.256192440247365
15063,213,0.6931471805599453,5.918356075287344,0,0.0,0.0,1.0,0.1311091165413789,212,4.04305126783455
15065,38,1.6094379124341003,8.058051952218728,253,0.30330739035486176,1.0,0.4222222222222222,0.2797686405168776,290,5.848604059194941
15066,53,0.6931471805599453,6.796365512756079,0,0.0,0.0,0.5888888888888889,0.2601976562755504,52,5.762051382780177
15067,78,1.3862943611198906,7.464945269906789,204,0.13720112151348496,1.0,0.8666666666666667,0.2442300568536246,282,5.765191102784844
15068,46,1.0986122886681096,6.317814295200602,210,0.13353139262452257,1.0,0.5111111111111111,0.2667623507394543,255,5.209486152841421
15069,179,0.6931471805599453,7.012592657827759,0,0.0,0.0,1.0,0.1594363964607624,178,6.255750041753367
15070,373,0.6931471805599453,4.674696248636701,0,0.0,0.0,1.0,0.0023891484745827,372,3.6109179126442243
15071,94,1.0986122886681096,6.890680328191671,182,0.1525795875952171,1.0,1.0,0.2288716695044216,275,4.908971640319756
15073,10,1.3862943611198906,6.951207411654662,177,0.291910408561302,1.0,0.1111111111111111,0.2977743194903543,186,5.103923228519813
15074,105,0.6931471805599453,6.619899858173064,0,0.0,0.0,1.0,0.2182798354784801,104,6.1224928095143865
15075,78,0.6931471805599453,6.651610632528512,0,0.0,0.0,0.8666666666666667,0.2399720783984428,77,6.104793232414985
15076,173,0.6931471805599453,6.782021973516374,0,0.0,0.0,1.0,0.1639227851650259,172,6.349138991379798
15078,7,3.4965075614664802,9.184418278884316,361,0.9473813189441862,1.0,0.0777777777777777,0.3542265359916091,368,5.078488627667541
15079,213,1.6094379124341003,6.798620984904737,153,0.3308542443169896,1.0,1.0,0.1361645139745189,365,4.58751525074937
15081,22,1.791759469228055,6.226141334235865,345,0.2984929885559965,1.0,0.2444444444444444,0.2902505873099498,366,3.6635616461296463
15083,257,0.6931471805599453,4.490881039585964,0,0.0,0.0,1.0,0.0954115814374075,256,3.6635616461296463
15087,282,0.6931471805599453,5.7299049588017725,0,0.0,0.0,1.0,0.0756703614623892,281,6.154858094016418
15088,21,1.0986122886681096,7.057097272731341,45,0.5020919437972361,1.0,0.2333333333333333,0.2876819179890958,66,5.442417710521793
15089,10,1.9459101490553132,7.7922828608243835,118,0.8203023560451919,1.0,0.1111111111111111,0.3040468499458327,127,5.427150238391005
15090,308,0.6931471805599453,5.946257954269903,0,0.0,0.0,1.0,0.0549209255069798,307,5.342334251964811
15091,68,0.6931471805599453,6.177342273229703,0,0.0,0.0,0.7555555555555555,0.2475761758109743,67,5.849324779946859
15092,215,1.0986122886681096,6.1286361810072245,68,0.36545977349446523,1.0,1.0,0.1310644537741571,283,4.22683374526818
15093,18,1.9459101490553132,8.433381055030935,353,0.35327935493759416,1.0,0.2,0.3007362804679671,371,6.4420092399890425
15095,104,1.6094379124341003,7.223733220588765,99,0.4700036292457356,1.0,1.0,0.2242757272920255,202,5.6011958858811
15096,43,0.6931471805599453,5.3953987041986,0,0.0,0.0,0.4777777777777778,0.2672566119384507,42,4.795790545596741
15097,4,0.6931471805599453,5.517774130004251,0,0.0,0.0,0.0444444444444444,0.298580989978099,3,5.14166355650266
15098,182,1.3862943611198906,10.594570103213856,0,0.0,1.0,1.0,0.2152985604309545,181,3.721669276936927
15099,84,0.6931471805599453,6.019760416262829,0,0.0,0.0,0.9333333333333332,0.2346416964066688,83,5.840641657373398
15100,334,1.3862943611198906,6.776506992372183,40,0.9162907318741551,1.0,1.0,0.0376422900581842,373,3.3202283191284883
15101,9,1.0986122886681096,5.763716662099238,350,0.08201315166083509,1.0,0.1,0.2961048428284313,358,4.799914262780603
15103,31,1.0986122886681096,6.557289589092577,55,0.4353180712578455,1.0,0.3444444444444444,0.279008564462795,85,5.1089711948171175
15104,197,1.0986122886681096,6.93579837000678,85,0.29924289485285693,1.0,1.0,0.1463161152801588,281,5.766757273817589
15105,18,2.0794415416798357,7.740633966671485,116,0.7102416139192453,1.0,0.2,0.2988911152501967,134,5.159055299214529
15106,18,1.791759469228055,7.2608879564964575,251,0.3894647667617232,1.0,0.2,0.2947692081042608,268,5.468903667123571
15107,311,1.9459101490553132,5.7698822763607245,61,1.2409842693027553,1.0,1.0,0.0596032925344023,371,3.373026504695459
15108,142,1.6094379124341003,7.171080619929179,85,0.716136698784644,1.0,1.0,0.1936940177616612,227,4.8342958089798485
15109,246,0.6931471805599453,6.18610573794948,0,0.0,0.0,1.0,0.1048014798372475,245,4.882801922586371
15110,24,1.6094379124341003,6.904851065834747,294,0.2662679779479644,1.0,0.2666666666666666,0.2879122436426093,318,4.135166556742356
15111,29,1.3862943611198906,7.357862276513416,343,0.16120611478074306,1.0,0.3222222222222222,0.2832817987509721,372,5.470869131746186
15113,10,1.3862943611198906,8.19155445989142,44,0.8472978603872036,1.0,0.1111111111111111,0.3014372243772658,53,6.6800178586577
15114,30,2.3978952727983707,7.923551016427315,271,0.6913004579667806,1.0,0.3333333333333333,0.2942306534523705,301,5.738505910714586
15115,18,0.6931471805599453,5.832205005910728,0,0.0,0.0,0.2,0.287482418218931,17,5.062595033026967
15116,18,1.6094379124341003,7.2106337983152,187,0.3929088893327518,1.0,0.2,0.2932342032600176,204,5.093750200806762
15117,15,1.791759469228055,7.3478021518130685,200,0.46813621507094005,1.0,0.1666666666666666,0.2973601465912259,215,5.967684018442578
15118,134,0.6931471805599453,5.504518197131935,0,0.0,0.0,1.0,0.1942982328426499,133,7.273092595999522
15119,246,0.6931471805599453,5.588745664667843,0,0.0,0.0,1.0,0.1044894951054419,245,4.48863636973214
15120,134,0.6931471805599453,5.885603906408473,0,0.0,0.0,1.0,0.1944609987960723,133,5.6937321388027
15121,50,1.0986122886681096,6.12844000213506,238,0.11871630683938196,1.0,0.5555555555555556,0.2634172664737306,288,4.61015772749913
15122,114,1.3862943611198906,7.399263517702882,183,0.28357529049912744,1.0,1.0,0.2151946252166887,297,5.589742425278652
15123,7,1.0986122886681096,7.696353538510563,198,0.14041717882974725,1.0,0.0777777777777777,0.3003954015192529,205,6.394426524998027
15124,23,1.0986122886681096,5.221382325073915,169,0.16340610980141884,1.0,0.2555555555555555,0.2846845506436993,191,4.7664383335842135
15125,25,2.772588722239781,9.35266251250627,245,0.7429086901190092,1.0,0.2777777777777778,0.3179347727509475,270,6.025543860760845
15127,66,0.6931471805599453,6.010114549603027,0,0.0,0.0,0.7333333333333333,0.2490745603722038,65,5.529429087511423
15128,60,1.6094379124341003,7.294377299288821,159,0.4485486942444761,1.0,0.6666666666666666,0.2597131680554114,219,5.819340815290474
15129,50,2.4849066497880004,8.14566563433577,241,0.7515726567130494,1.0,0.5555555555555556,0.2806037579801411,291,5.10042059796861
15130,170,0.6931471805599453,5.802450646452902,0,0.0,0.0,1.0,0.1655430093183019,169,5.288267030694535
15132,18,1.791759469228055,6.886460138441978,244,0.3999856423435388,1.0,0.2,0.2941345465077683,262,4.918520005188451
15133,128,1.3862943611198906,6.891036292375263,174,0.29626581614317243,1.0,1.0,0.2030348485626365,301,5.42788257090268
15134,15,2.1972245773362196,7.236332143304382,225,0.6571072440767485,1.0,0.1666666666666666,0.3014325530093977,240,4.717382176595019
15135,239,0.6931471805599453,4.941999501706118,0,0.0,0.0,1.0,0.1099226735580691,238,3.784189633918261
15136,3,1.6094379124341003,7.160612960279738,93,0.49365782014362525,1.0,0.0333333333333333,0.3051720010542498,95,5.272999558563747
15139,240,1.0986122886681096,5.192734603972972,96,0.26947610795520843,1.0,1.0,0.1106129135854617,336,4.653960350157523
15140,52,2.0794415416798357,7.764402157928777,211,0.5350579371537586,1.0,0.5777777777777777,0.2716973584435572,263,5.4186368652003285
15142,46,0.6931471805599453,6.214087963175304,0,0.0,0.0,0.5111111111111111,0.2652489728395573,45,5.902633333401366
15143,226,0.6931471805599453,5.562410904191201,0,0.0,0.0,1.0,0.1205223545826063,225,5.017279836814924
15144,8,2.8903717578961645,8.792008845361094,304,0.8254442591005828,1.0,0.0888888888888888,0.3273785183849295,311,5.195241820058035
15145,4,1.6094379124341003,7.0865121565162825,244,0.3139727676834985,1.0,0.0444444444444444,0.3042385729031853,247,5.247024072160486
15146,165,1.0986122886681096,7.1915498047067254,126,0.21205871888971672,1.0,1.0,0.1724124210958041,290,6.603266088213974
15147,240,0.6931471805599453,6.436951329565632,0,0.0,0.0,1.0,0.1098120971073356,239,5.905361848054571
15148,11,0.6931471805599453,5.711386821516136,0,0.0,0.0,0.1222222222222222,0.2930419751126781,10,5.236441962829949
15149,134,0.6931471805599453,6.257284372702628,0,0.0,0.0,1.0,0.1946922286604414,133,4.859812404361672
15150,17,2.3978952727983707,8.578376715841037,251,0.7282385003712154,1.0,0.1888888888888888,0.3083042212977546,268,5.9048167403823095
15152,10,2.639057329615259,8.465202812016113,177,1.1060750098696994,1.0,0.1111111111111111,0.3174134692161927,186,5.342334251964811
15153,31,0.6931471805599453,5.799849943402434,0,0.0,0.0,0.3444444444444444,0.2770391078533826,30,5.293304824724492
15154,75,0.6931471805599453,5.695145281260538,0,0.0,0.0,0.8333333333333334,0.2416981246893016,74,4.653960350157523
15156,1,1.3862943611198906,6.869523676497577,32,1.0560526742493137,1.0,0.0111111111111111,0.3048766283004647,33,5.298317366548036
15157,4,1.3862943611198906,7.568931801112307,354,0.15616073075528245,1.0,0.0444444444444444,0.3038614446812929,357,6.682526221176906
15158,45,0.6931471805599453,5.9974466187855295,0,0.0,0.0,0.5,0.2659121569751649,44,5.293304824724492
15159,2,3.4339872044851463,9.83317291504409,359,0.9162907318741551,1.0,0.0222222222222222,0.3680683575900767,360,5.946380008619112
15160,357,0.6931471805599453,5.069909985558728,0,0.0,0.0,1.0,0.0152975470687756,356,4.442651256490317
15163,18,1.0986122886681096,5.721851574117079,173,0.15906469462968736,1.0,0.2,0.2888669480662417,191,4.543294782270004
15164,69,1.3862943611198906,6.738211734547398,270,0.19999955449736198,1.0,0.7666666666666667,0.2501620981584188,338,4.795790545596741
15165,373,0.6931471805599453,6.1918511112995755,0,0.0,0.0,1.0,0.0029338191422579,372,5.081404364984463
15167,321,0.6931471805599453,5.099866427824199,0,0.0,0.0,1.0,0.0441814616183914,320,4.219507705176107
15168,26,0.6931471805599453,4.678048831400664,0,0.0,0.0,0.2888888888888888,0.2807319083714759,25,3.970291913552122
15171,331,0.6931471805599453,7.162785019158669,0,0.0,0.0,1.0,0.0377681737395023,330,5.673323267171493
15172,9,1.791759469228055,7.393293863521244,227,0.42285685082003355,1.0,0.1,0.3022761477642009,236,5.77827132664694
15174,323,0.6931471805599453,4.91815444130209,0,0.0,0.0,1.0,0.0425382835941235,322,4.983606621708336
15175,72,0.6931471805599453,5.416722430926658,0,0.0,0.0,0.8,0.2440013605780143,71,6.12029741895095
15178,260,0.6931471805599453,3.725693427236653,0,0.0,0.0,1.0,0.0929370715696419,259,3.4339872044851463
15179,18,1.791759469228055,7.69981976221305,300,0.3355225689335056,1.0,0.2,0.2958889984642252,318,5.96255053694334
15180,367,0.6931471805599453,4.483002552013883,0,0.0,0.0,1.0,0.0071752880550052,366,3.6109179126442243
15181,66,1.3862943611198906,6.537387007911402,203,0.25894805313597724,1.0,0.7333333333333333,0.2523492908586232,269,5.205836513753871
15182,154,1.0986122886681096,6.43590995485703,114,0.23361485118150516,1.0,1.0,0.1802305331364502,268,4.848116364598481
15184,29,1.0986122886681096,6.010678766031786,161,0.17086906306216681,1.0,0.3222222222222222,0.2801894397856433,190,4.722953221644475
15185,70,0.6931471805599453,5.741784496789209,0,0.0,0.0,0.7777777777777778,0.2457290906757886,69,6.502790045915623
15186,14,1.0986122886681096,6.022018000151438,154,0.17798315519535646,1.0,0.1555555555555555,0.2922281633201578,167,4.686750172980514
15187,2,2.833213344056216,8.471814999842545,210,1.046736801059141,1.0,0.0222222222222222,0.3281817542501279,211,4.778598145056368
15189,1,3.7376696182833684,9.694394208164745,331,1.4709742206224592,1.0,0.0111111111111111,0.3812116218429758,332,5.017118298974334
15192,120,1.3862943611198906,6.952078337618801,245,0.21825356602001794,1.0,1.0,0.2095403244168891,364,5.726847747587197
15193,61,0.6931471805599453,6.215247893709531,0,0.0,0.0,0.6777777777777778,0.2532177152402857,60,4.976733742420574
15194,3,2.772588722239781,8.938207449152076,365,0.7657863641999169,1.0,0.0333333333333333,0.3299974404896602,367,5.943324171780047
15195,3,0.6931471805599453,8.258940462988459,0,0.0,0.0,0.0333333333333333,0.3045406484721091,2,7.247792581767846
15197,11,1.3862943611198906,6.985280975485229,347,0.15906469462968736,1.0,0.1222222222222222,0.2970238567159793,357,5.058366696917446
15198,92,1.0986122886681096,5.271151698475267,31,0.661398482245365,1.0,1.0,0.2293504471350077,123,4.110873864173311
15199,59,1.6094379124341003,7.1465359310757455,249,0.30854721091574266,1.0,0.6555555555555556,0.260226519578572,307,4.605170185988092
15201,87,1.791759469228055,7.120880817152784,160,0.44628710262841953,1.0,0.9666666666666668,0.2391561241511091,246,5.493061443340548
15203,26,1.9459101490553132,7.511415293040546,285,0.4216504325291817,1.0,0.2888888888888888,0.2903660482462389,311,5.6807412755095035
15204,357,0.6931471805599453,5.760729755097951,0,0.0,0.0,1.0,0.0155236949581036,356,5.556828061699537
15205,85,1.0986122886681096,6.483474256616332,42,0.538996500732687,1.0,0.9444444444444444,0.2356215090849273,126,5.247024072160486
15206,10,1.6094379124341003,6.04334516898497,265,0.2923879634891936,1.0,0.1111111111111111,0.2983202235294115,275,3.725693427236653
15208,1,1.791759469228055,6.769779740037806,352,0.29334780998745824,1.0,0.0111111111111111,0.3076170090966098,352,4.162003210695915
15210,225,0.6931471805599453,5.805676990670853,0,0.0,0.0,1.0,0.1214268897070329,224,5.43372200355424
15211,60,1.0986122886681096,6.797281713937488,304,0.0938187552176548,1.0,0.6666666666666666,0.2560192602793678,364,4.795790545596741
15212,241,0.6931471805599453,4.632785353021065,0,0.0,0.0,1.0,0.1082652203230118,240,3.6109179126442243
15213,319,1.0986122886681096,5.797121015086702,11,1.3156767939059373,1.0,1.0,0.0474571870022274,329,4.919980925828125
15214,2,2.1972245773362196,7.416041681653177,241,0.6266704060120233,1.0,0.0222222222222222,0.3122507161350689,242,5.061011501421323
15215,47,1.3862943611198906,6.601148593666668,49,0.4700036292457356,1.0,0.5222222222222223,0.2676548276781024,96,4.330733340286331
15216,88,0.6931471805599453,4.580877493419047,0,0.0,0.0,0.9777777777777776,0.2309850699406739,87,3.367295829986474
15218,11,2.4849066497880004,8.658326367134135,308,0.5761755039744411,1.0,0.1222222222222222,0.3151840260966692,318,5.715830813172375
15219,176,0.6931471805599453,5.7260330835910205,0,0.0,0.0,1.0,0.1606954006802197,175,3.828641396489095
15220,52,1.9459101490553132,7.484346171123521,229,0.5038142015281868,1.0,0.5777777777777777,0.2694407131434808,280,5.451753505437426
15221,366,0.6931471805599453,6.002033498457216,0,0.0,0.0,1.0,0.0084281668731183,365,3.784189633918261
15222,319,0.6931471805599453,6.373319789577012,0,0.0,0.0,1.0,0.0463881535885766,318,6.089044875446846
15223,226,1.0986122886681096,6.629032947901828,23,0.8109302162163288,1.0,1.0,0.1226662399926561,249,4.677490847567718
15224,358,1.0986122886681096,5.777899970574095,4,2.1400661634962708,1.0,1.0,0.0161648139851693,362,4.343805421853684
15225,234,0.6931471805599453,6.01713229385656,0,0.0,0.0,1.0,0.1143192990689303,233,5.424950017481403
15226,311,0.6931471805599453,5.04606678592752,0,0.0,0.0,1.0,0.0521905895866547,310,4.276666119016055
15227,37,1.791759469228055,7.106933952842515,280,0.2778473932736893,1.0,0.4111111111111111,0.2792386083114735,316,5.017279836814924
15228,66,1.6094379124341003,8.127909455886419,228,0.33270575382573603,1.0,0.7333333333333333,0.2576350502369767,294,6.336383155348113
15230,239,1.0986122886681096,6.065179584930263,1,3.4339872044851463,1.0,1.0,0.111772846506124,240,5.173320876373351
15232,113,1.0986122886681096,6.418462810428566,27,0.7472144018302211,1.0,1.0,0.2131028307187676,140,5.840641657373398
15234,277,0.6931471805599453,5.288267030694535,0,0.0,0.0,1.0,0.0795241149821347,276,5.2832037287379885
15235,218,2.5649493574615367,7.718023053610256,155,1.0045833390198333,1.0,1.0,0.1455669381225087,372,4.712528704308591
15236,299,0.6931471805599453,5.7747068129929,0,0.0,0.0,1.0,0.0620541401484496,298,5.598421958998375
15237,2,1.6094379124341003,7.253696825551129,225,0.3352072143146262,1.0,0.0222222222222222,0.3061534652896213,226,5.593781579441872
15238,29,1.3862943611198906,6.978204422922778,154,0.32721291120841617,1.0,0.3222222222222222,0.2825744763315609,183,5.445299556896682
15239,10,1.0986122886681096,6.661330306378558,68,0.36545977349446523,1.0,0.1111111111111111,0.2959637317018189,78,5.697093486505405
15240,45,1.791759469228055,7.442826586212262,267,0.37117603462953225,1.0,0.5,0.2735169414560426,311,5.616043560348194
15241,67,2.1972245773362196,7.471613483699497,216,0.676886659688165,1.0,0.7444444444444445,0.2602472932044145,283,5.430441519475078
15243,74,0.6931471805599453,5.7610445868229965,0,0.0,0.0,0.8222222222222222,0.2425291853037944,73,5.225746673713202
15244,65,1.0986122886681096,6.449790886414747,182,0.1518060128680041,1.0,0.7222222222222222,0.2516333554518095,247,5.31566600488265
15245,134,1.3862943611198906,7.83075942537543,127,0.3869215303959953,1.0,1.0,0.2004110037109283,260,6.3896812264913185
15246,238,1.0986122886681096,6.244458120391077,120,0.22314355131420976,1.0,1.0,0.1126956824507828,358,4.824305715904762
15247,122,0.6931471805599453,5.877735781779639,0,0.0,0.0,1.0,0.2040826416358275,121,5.081404364984463
15249,32,2.639057329615259,8.808288432375653,224,0.9028677115420144,1.0,0.3555555555555555,0.302539755519224,256,5.620958124020787
15251,9,2.4849066497880004,9.257795359479534,232,0.7718627480254192,1.0,0.1,0.3235377665849412,241,6.331501849893691
15252,36,1.0986122886681096,6.60905270324689,146,0.18571714579509283,1.0,0.4,0.2750512871144037,182,5.568344503761097
15253,16,1.791759469228055,6.823503726534546,153,0.3308542443169896,1.0,0.1777777777777777,0.2956535587485887,169,5.160204064418402
15254,127,0.6931471805599453,5.708305563383786,0,0.0,0.0,1.0,0.1999925191758287,126,5.62040086571715
15255,67,0.6931471805599453,6.793297957004312,0,0.0,0.0,0.7444444444444445,0.2489637983437299,66,6.194405391104672
15256,149,0.6931471805599453,4.599655005299981,0,0.0,0.0,1.0,0.1820572295712475,148,4.02535169073515
15257,283,0.6931471805599453,5.762522969678801,0,0.0,0.0,1.0,0.0748827974151721,282,3.8501476017100584
15258,169,1.0986122886681096,6.4364067457583465,48,0.4776275543563949,1.0,1.0,0.1681988901064874,216,4.276666119016055
15260,100,2.0794415416798357,7.502059546979103,272,0.4392032477400145,1.0,1.0,0.2324188554907754,372,4.847555983524696
15261,135,0.6931471805599453,5.544474072171247,0,0.0,0.0,1.0,0.1935103975664279,134,5.602118820879701
15262,324,0.6931471805599453,5.19267903452504,0,0.0,0.0,1.0,0.0417978134673012,323,4.304065093204169
15263,107,0.6931471805599453,5.059488948313644,0,0.0,0.0,1.0,0.2158299510172841,106,4.499809670330265
15264,64,0.6931471805599453,5.978227320325962,0,0.0,0.0,0.7111111111111111,0.2506605804524702,63,5.583496308781699
15265,151,1.0986122886681096,7.317955823857119,84,0.3053816495511818,1.0,1.0,0.183897836792158,235,5.726847747587197
15266,338,0.6931471805599453,4.789988622980633,0,0.0,0.0,1.0,0.0304827153108774,337,2.9444389791664403
15267,22,1.791759469228055,7.449125626576209,160,0.5596157879354227,1.0,0.2444444444444444,0.2919815422694471,182,5.245970886175828
15269,24,0.6931471805599453,6.0156692358048,0,0.0,0.0,0.2666666666666666,0.2827676404172455,23,3.295836866004329
15270,16,2.0794415416798357,7.775061627827598,294,0.3413031638908785,1.0,0.1777777777777777,0.3006103944231835,309,5.385804820671153
15271,7,2.772588722239781,7.8272688120491205,358,0.7761935377776913,1.0,0.0777777777777777,0.3194950224878517,364,4.44421865493033
15272,57,1.0986122886681096,6.58332623116324,28,0.7102416139192453,1.0,0.6333333333333333,0.2581794728311799,85,5.049856007249537
15274,4,1.0986122886681096,6.5758705038506235,14,1.1451323043030026,1.0,0.0444444444444444,0.3006851760269431,17,5.738183901373533
15275,38,0.6931471805599453,6.4234742104382585,0,0.0,0.0,0.4222222222222222,0.2718322485926129,37,6.212606095751519
15276,66,0.6931471805599453,4.914931703582751,0,0.0,0.0,0.7333333333333333,0.2486873881051697,65,4.174387269895637
15277,47,0.6931471805599453,5.548686904115838,0,0.0,0.0,0.5222222222222223,0.2641001745833107,46,5.327876168789581
15279,355,0.6931471805599453,5.675074310519458,0,0.0,0.0,1.0,0.0170907575584416,354,5.247024072160486
15280,172,0.6931471805599453,4.737250526345299,0,0.0,0.0,1.0,0.1636289734445132,171,5.043425116919247
15281,59,2.302585092994046,7.754974564853873,274,0.6273958029971648,1.0,0.6555555555555556,0.2689216503628093,332,4.909381560391083
15286,50,0.6931471805599453,5.4870764910004155,0,0.0,0.0,0.5555555555555556,0.2616718450224493,49,4.02535169073515
15287,22,1.0986122886681096,6.189679958097341,48,0.48550781578170077,1.0,0.2444444444444444,0.2859185148075162,70,5.382198850528739
15288,43,1.791759469228055,7.743928633728395,322,0.3167583365332898,1.0,0.4777777777777778,0.2759776608022278,364,5.049856007249537
15289,29,1.3862943611198906,6.846709318414996,220,0.24116205681688807,1.0,0.3222222222222222,0.2823857437697123,249,5.820082930352362
15290,5,2.9444389791664403,8.98019989919854,354,0.8553139353754396,1.0,0.0555555555555555,0.3331657393717713,358,5.525674251515115
15291,26,2.772588722239781,8.448764446494256,348,0.7915872533731978,1.0,0.2888888888888888,0.307339582158091,373,4.950177325059141
15292,201,0.6931471805599453,5.203676962393915,0,0.0,0.0,1.0,0.1404637558385265,200,4.04305126783455
15296,51,1.9459101490553132,8.208998159442066,275,0.4340384805522204,1.0,0.5666666666666667,0.2729464343523462,326,5.688104661936971
15297,10,1.3862943611198906,6.466051407286527,53,0.7570959051602187,1.0,0.1111111111111111,0.2972012126027863,63,4.58836306767171
15298,2,2.5649493574615367,8.476558679320053,364,0.6011282818396932,1.0,0.0222222222222222,0.3224725607347835,365,5.563242451877201
15299,67,2.0794415416798357,8.413611093435822,304,0.2585739882937102,1.0,0.7444444444444445,0.2627383831599903,371,6.0453437807848855
15300,64,0.6931471805599453,6.2094749463104435,0,0.0,0.0,0.7111111111111111,0.2508071868672789,63,5.680172609017068
15301,51,2.5649493574615367,8.53136233333043,317,0.61467556511845,1.0,0.5666666666666667,0.2835538209763621,368,5.447814377693948
15303,290,0.6931471805599453,6.354404822801145,0,0.0,0.0,1.0,0.0696345114926912,289,5.517452896464707
15304,61,2.1972245773362196,6.544487219573761,307,0.5198754592859085,1.0,0.6777777777777778,0.2635440429423204,368,2.639057329615259
15306,64,1.3862943611198906,7.069321254563527,83,0.538996500732687,1.0,0.7111111111111111,0.2546457310790422,147,5.602118820879701
15307,96,0.6931471805599453,5.329331420077207,0,0.0,0.0,1.0,0.2247231291824911,95,3.6375861597263857
15308,274,0.6931471805599453,5.741303025403381,0,0.0,0.0,1.0,0.0820925129112631,273,5.170483995038151
15311,1,4.5217885770490405,11.014833423928879,373,2.0990207302531556,1.0,0.0111111111111111,0.5165673287057556,373,6.041953947030374
15312,75,1.6094379124341003,6.830712234483825,279,0.27958486221916157,1.0,0.8333333333333334,0.2469014418566429,353,4.867534450455582
15313,110,0.6931471805599453,3.970291913552122,0,0.0,0.0,1.0,0.2132743436770231,109,3.258096538021482
15314,199,0.6931471805599453,5.795966561197395,0,0.0,0.0,1.0,0.1422779223376314,198,5.749392985908253
15315,64,1.0986122886681096,6.348264483234865,51,0.4554755286828257,1.0,0.7111111111111111,0.2523483157769509,115,6.068425588244111
15316,327,0.6931471805599453,5.111987788356544,0,0.0,0.0,1.0,0.0393714824359503,326,4.61512051684126
15318,4,0.6931471805599453,5.748182061952885,0,0.0,0.0,0.0444444444444444,0.2986731221885347,3,6.466144724237619
15319,284,0.6931471805599453,5.32544603393629,0,0.0,0.0,1.0,0.0739198481281947,283,5.170483995038151
15320,44,0.6931471805599453,5.591471937527057,0,0.0,0.0,0.4888888888888889,0.2665226227573269,43,5.7899601708972535
15321,71,1.3862943611198906,7.919105250086756,220,0.12729023761403105,1.0,0.7888888888888889,0.2512776188944417,291,5.978041526775842
15322,86,0.6931471805599453,6.523092298503236,0,0.0,0.0,0.9555555555555556,0.2334217070062571,85,6.0330862217988015
15325,104,0.6931471805599453,5.0955277611142185,0,0.0,0.0,1.0,0.21824461920142,103,5.4510384535657
15326,334,0.6931471805599453,5.74527624348556,0,0.0,0.0,1.0,0.0339659407914117,333,5.958424693029782
15327,53,0.6931471805599453,5.345916345347316,0,0.0,0.0,0.5888888888888889,0.2592200327398391,52,4.762173934797756
15329,39,1.3862943611198906,6.957211887694729,132,0.37469344944141064,1.0,0.4333333333333333,0.2745212665123794,171,5.093750200806762
15330,32,1.0986122886681096,6.573624299478299,28,0.7282385003712154,1.0,0.3555555555555555,0.2782229846698776,60,6.487684018484611
15332,366,1.6094379124341003,7.415813075846797,3,2.3978952727983707,1.0,1.0,0.014529937257132,369,5.099866427824199
15333,208,0.6931471805599453,6.936886805488385,0,0.0,0.0,1.0,0.1360587779934379,207,5.84354441703136
15334,157,1.3862943611198906,5.8655327755013085,16,1.5105920777974677,1.0,1.0,0.1788724075565244,172,4.5254052175192285
15335,54,0.6931471805599453,5.164614530656529,0,0.0,0.0,0.6,0.2583682445192799,53,4.394449154672439
15339,66,1.0986122886681096,6.354491772518179,251,0.11247798342669024,1.0,0.7333333333333333,0.2507491339523364,317,5.342334251964811
15341,81,0.6931471805599453,7.611604982675218,0,0.0,0.0,0.9,0.2393464795569285,80,6.70073110954781
15342,130,0.6931471805599453,6.0090342912180414,0,0.0,0.0,1.0,0.1977370338672071,129,5.648974238161206
15343,87,0.6931471805599453,5.901266279189834,0,0.0,0.0,0.9666666666666668,0.232169641875159,86,4.442651256490317
15344,1,1.3862943611198906,6.3367195308171205,73,0.5937747067467416,1.0,0.0111111111111111,0.3043091172955263,73,3.6805112044434196
15345,46,0.6931471805599453,5.9777205293157225,0,0.0,0.0,0.5111111111111111,0.2650987976220512,45,4.406719247264253
15346,333,0.6931471805599453,5.5350481913707625,0,0.0,0.0,1.0,0.0346834421040736,332,4.976733742420574
15347,366,0.6931471805599453,5.311233591814583,0,0.0,0.0,1.0,0.008140307247547,365,4.875197323201151
15348,72,0.6931471805599453,5.069155742908264,0,0.0,0.0,0.8,0.2439070014346954,71,4.442651256490317
15349,158,1.0986122886681096,6.1629147240133015,29,0.7102416139192453,1.0,1.0,0.1768092192451102,186,5.1029105702054265
15350,373,0.6931471805599453,4.759177998467439,0,0.0,0.0,1.0,0.0024026385487788,372,3.9512437185814275
15351,12,2.0794415416798357,7.581265918452825,357,0.4082623127292256,1.0,0.1333333333333333,0.3032202767828241,369,4.6874082842250635
15353,255,1.0986122886681096,6.656752230788848,113,0.2354568115475667,1.0,1.0,0.099434571280444,367,5.150397236471415
15355,29,1.0986122886681096,5.627800953633573,23,0.8109302162163288,1.0,0.3222222222222222,0.2800042760264921,52,3.157000421150113
15356,31,2.3978952727983707,7.925699664582792,336,0.5884458607071366,1.0,0.3444444444444444,0.2934369938901463,367,5.12574810119676
15358,5,3.1354942159291497,9.029801225744318,360,0.771697191506805,1.0,0.0555555555555555,0.3394840561315058,365,5.772856150959163
15360,40,0.6931471805599453,6.061293735451147,0,0.0,0.0,0.4444444444444444,0.2699607242965554,39,5.4116460518550396
15361,362,0.6931471805599453,6.040064216944044,0,0.0,0.0,1.0,0.0116590922781581,361,5.820082930352362
15363,373,0.6931471805599453,5.7899601708972535,0,0.0,0.0,1.0,0.0027029176077369,372,4.976733742420574
15364,96,1.0986122886681096,6.818038427312331,158,0.1728428128394108,1.0,1.0,0.2271690637776369,253,5.511410582008745
15365,26,2.0794415416798357,7.74730318590928,289,0.27029032973991174,1.0,0.2888888888888888,0.2924959725001365,314,5.048939836777757
15366,75,1.0986122886681096,6.40276261040859,282,0.10075629289691551,1.0,0.8333333333333334,0.2435704813149235,357,5.741399338227508
15367,57,1.6094379124341003,7.538276774433291,218,0.243126050901548,1.0,0.6333333333333333,0.262700000963203,274,5.580672777494092
15368,21,0.6931471805599453,6.104659294874325,0,0.0,0.0,0.2333333333333333,0.2852285031834963,20,5.442417710521793
15370,41,2.0794415416798357,7.77781357291459,291,0.48022518331727365,1.0,0.4555555555555555,0.2805662830256326,332,4.783913921434162
15372,137,0.6931471805599453,7.605093664160551,0,0.0,0.0,1.0,0.1944079643841159,136,7.981049759665957
15373,8,2.5649493574615367,7.79024514376692,363,0.6023721559210118,1.0,0.0888888888888888,0.3142565305331673,370,3.7534179752515073
15374,129,0.6931471805599453,5.1298987149230735,0,0.0,0.0,1.0,0.1981992944109519,128,4.844187086458591
15376,40,1.3862943611198906,7.118307896116917,182,0.28493103907989104,1.0,0.4444444444444444,0.2739813059963071,221,5.334327804071069
15379,169,2.0794415416798357,8.217246886437776,189,0.6690496289808848,1.0,1.0,0.179772874100231,357,5.799958080736955
15380,9,1.791759469228055,7.433229092253918,356,0.28978070910870213,1.0,0.1,0.3023706639348385,364,4.333361462692601
15381,214,1.0986122886681096,6.393339886365589,54,0.4353180712578455,1.0,1.0,0.1320650753424081,267,4.460144413937834
15382,15,1.9459101490553132,8.692273594221074,280,0.3556067579728234,1.0,0.1666666666666666,0.3050822561950315,295,6.506780076146825
15384,170,1.0986122886681096,6.46678215711498,189,0.14660347419187533,1.0,1.0,0.167424230849824,359,5.700443573390686
15385,40,0.6931471805599453,5.761673953071979,0,0.0,0.0,0.4444444444444444,0.2698021980807375,39,5.087596335232384
15386,186,0.6931471805599453,5.979240132485259,0,0.0,0.0,1.0,0.1528001888940569,185,6.102558594613569
15388,270,0.6931471805599453,4.952582362647639,0,0.0,0.0,1.0,0.085058490404049,269,4.48863636973214
15389,172,0.6931471805599453,6.2166061010848646,0,0.0,0.0,1.0,0.1641812527995392,171,5.993961427306569
15392,5,1.6094379124341003,7.337281906274171,355,0.22538822116803356,1.0,0.0555555555555555,0.3039229330494599,359,5.769101940776844
15393,16,1.0986122886681096,5.45043741460887,264,0.1072455303535976,1.0,0.1777777777777777,0.2903675738355651,280,4.330733340286331
15394,10,1.6094379124341003,7.6891605590501255,348,0.22942749087274414,1.0,0.1111111111111111,0.3008372857966676,358,5.43153621033426
15395,326,0.6931471805599453,4.6862892372728835,0,0.0,0.0,1.0,0.0400914676352897,325,2.8903717578961645
15396,113,0.6931471805599453,5.66704933159998,0,0.0,0.0,1.0,0.2112050784931512,112,4.812184355372417
15397,290,0.6931471805599453,4.553876891600541,0,0.0,0.0,1.0,0.0689492728243713,289,3.044522437723423
15398,16,1.0986122886681096,7.2052861919886055,62,0.39465419200394874,1.0,0.1777777777777777,0.2919573612355646,77,5.954541193003384
15399,1,1.3862943611198906,6.705357537478585,77,0.5705448584676129,1.0,0.0111111111111111,0.3046686099288395,78,5.321382639479032
15400,92,1.791759469228055,6.575354741730978,186,0.4978384282391795,1.0,1.0,0.23440263264572,278,4.3694478524670215
15402,149,1.0986122886681096,6.4421738573469876,47,0.48550781578170077,1.0,1.0,0.1842468242062455,195,5.8522024797744745
15405,189,0.6931471805599453,5.85821882796062,0,0.0,0.0,1.0,0.1503294762323613,188,5.267858159063328
15406,31,1.0986122886681096,6.237758058320892,269,0.1053605156578263,1.0,0.3444444444444444,0.2787335525269343,300,4.852030263919617
15407,34,1.6094379124341003,6.963606171722143,271,0.2858421455297737,1.0,0.3777777777777777,0.279976989890182,304,4.9452074887738
15408,264,0.6931471805599453,5.591658396851496,0,0.0,0.0,1.0,0.0900521058980867,263,4.672828834461906
15410,84,2.1972245773362196,8.146662701187065,177,0.7822749604559527,1.0,0.9333333333333332,0.2490297212842317,261,5.017279836814924
15411,26,1.6094379124341003,7.215151739543018,156,0.4554755286828257,1.0,0.2888888888888888,0.2868258416647662,182,4.894101477840304
15412,171,0.6931471805599453,5.25504445431457,0,0.0,0.0,1.0,0.1645416168886682,170,4.6913478822291435
15414,10,1.3862943611198906,6.654023645899904,232,0.22913415545136673,1.0,0.1111111111111111,0.2973910158054442,241,5.001706663351954
15415,313,0.6931471805599453,6.3522983310705525,0,0.0,0.0,1.0,0.051183586331223,312,6.3561076606958915
15416,65,1.6094379124341003,8.290372889129587,218,0.3456047201844854,1.0,0.7222222222222222,0.259290290146404,282,6.260537030310592
15417,85,0.6931471805599453,6.234018491942015,0,0.0,0.0,0.9444444444444444,0.2339799112417185,84,5.652489180268651
15419,25,0.6931471805599453,4.918958505524352,0,0.0,0.0,0.2777777777777778,0.2815758737765224,24,5.442417710521793
15421,59,1.6094379124341003,6.857892539809733,251,0.21357410029805896,1.0,0.6555555555555556,0.2597720825182976,309,4.836281906951478
15422,323,1.0986122886681096,4.592084946439436,0,0.0,1.0,1.0,0.0439193731156339,322,2.995732273553991
15423,38,0.6931471805599453,3.7954891891721947,0,0.0,0.0,0.4222222222222222,0.2710162204430392,37,4.624972813284271
15424,254,1.0986122886681096,5.951527577504281,0,0.0,1.0,1.0,0.0996747238195142,253,5.627621113690637
15426,19,1.791759469228055,7.278207873697534,350,0.22884157242884745,1.0,0.2111111111111111,0.2940025715160612,368,4.911183215124596
15427,33,1.3862943611198906,7.302590758900265,13,1.1451323043030026,1.0,0.3666666666666666,0.2799528454734404,46,5.825016339470317
15428,15,0.6931471805599453,4.551558416539442,0,0.0,0.0,0.1666666666666666,0.2895371940638516,14,4.634728988229636
15429,27,1.0986122886681096,5.987331015826375,48,0.4776275543563949,1.0,0.3,0.2817802848871566,74,5.25227342804663
15432,23,0.6931471805599453,5.148598518298095,0,0.0,0.0,0.2555555555555555,0.2832305861711082,22,4.189654742026425
15433,214,1.0986122886681096,6.2809574789637255,53,0.44183275227903923,1.0,1.0,0.1319743563778405,266,5.5909869805108565
15434,8,1.791759469228055,6.94935776883665,191,0.38441169891033206,1.0,0.0888888888888888,0.3022466558466674,199,4.870606649492553
15435,22,0.6931471805599453,5.012566760946003,0,0.0,0.0,0.2444444444444444,0.2840014624969122,21,4.007333185232471
15436,12,1.3862943611198906,7.024230793538577,221,0.23922968906583414,1.0,0.1333333333333333,0.2962829868832549,233,5.32463467486541
15437,262,0.6931471805599453,5.304100611303764,0,0.0,0.0,1.0,0.0915607115102415,261,4.382026634673881
15438,131,0.6931471805599453,5.059933265817542,0,0.0,0.0,1.0,0.1965787140453639,130,4.0943445622221
15440,55,1.3862943611198906,5.952411819844281,154,0.3290234126082223,1.0,0.6111111111111112,0.2607362843244435,208,4.199705077879927
15442,249,0.6931471805599453,6.38856140554563,0,0.0,0.0,1.0,0.102550733898608,248,4.795790545596741
15443,2,2.0794415416798357,8.08268333891615,318,0.44741499296667414,1.0,0.0222222222222222,0.313064326070765,319,5.474668756355487
15444,9,1.0986122886681096,7.257890888001,31,0.676886659688165,1.0,0.1,0.297676158105669,39,5.948034989180646
15445,264,0.6931471805599453,4.740574822994295,0,0.0,0.0,1.0,0.0898327244586729,263,4.07753744390572
15447,331,0.6931471805599453,5.050945157499754,0,0.0,0.0,1.0,0.0361488937540116,330,4.454347296253507
15448,313,0.6931471805599453,6.2058498567482925,0,0.0,0.0,1.0,0.0510719970084812,312,5.4510384535657
15449,26,1.3862943611198906,6.882970662159506,235,0.22738984219566086,1.0,0.2888888888888888,0.2848417529642946,261,5.604575824572753
15450,30,0.6931471805599453,6.0657367914825695,0,0.0,0.0,0.3333333333333333,0.2779848412361478,29,5.932245187448011
15452,30,1.3862943611198906,6.291069014516638,234,0.22738984219566086,1.0,0.3333333333333333,0.2810110974035644,263,4.557379522151742
15453,2,2.0794415416798357,7.236605685971544,185,0.676886659688165,1.0,0.0222222222222222,0.3104254962554741,187,4.801676377774003
15454,362,0.6931471805599453,5.19351225218191,0,0.0,0.0,1.0,0.0113167441730032,361,4.465908118654584
15456,283,1.3862943611198906,6.105284183307442,75,0.33270575382573603,1.0,1.0,0.077939288479041,358,5.3981627015177525
15457,262,0.6931471805599453,5.472564748074418,0,0.0,0.0,1.0,0.0916134013132657,261,4.890349128221754
15458,25,0.6931471805599453,5.091539169320091,0,0.0,0.0,0.2777777777777778,0.2816126752699379,24,5.056245805348308
15460,354,0.6931471805599453,5.383393538903156,0,0.0,0.0,1.0,0.0177876169163019,353,4.700480365792417
15462,94,1.3862943611198906,5.462135451777431,92,0.4978384282391795,1.0,1.0,0.2292400470220999,186,4.0661736852554045
15463,29,0.6931471805599453,4.845288841508263,0,0.0,0.0,0.3222222222222222,0.2783534421219024,28,4.672828834461906
15464,338,0.6931471805599453,6.956402575803658,0,0.0,0.0,1.0,0.0318096675298198,337,5.860786223465865
15465,20,2.9444389791664403,8.903219925879805,349,0.898999234764094,1.0,0.2222222222222222,0.3202934149032013,369,4.260329699696362
15466,85,0.6931471805599453,5.815711371192059,0,0.0,0.0,0.9444444444444444,0.2337311371432891,84,5.5093883366279774
15467,9,1.3862943611198906,6.265073049828404,142,0.3503613487818801,1.0,0.1,0.2978362460227171,151,4.647590901872043
15468,51,1.0986122886681096,6.149557446167864,0,0.0,1.0,0.5666666666666667,0.2626291028676604,50,4.363098624788362
15469,50,1.0986122886681096,6.290735458809743,69,0.35667494393873234,1.0,0.5555555555555556,0.2635326530025424,119,4.350277936359301
15471,2,0.6931471805599453,6.153753450151701,0,0.0,0.0,0.0222222222222222,0.3005013212198459,1,5.58724865840025
15472,113,0.6931471805599453,5.920398098674122,0,0.0,0.0,1.0,0.2113241052007144,112,5.529429087511423
15473,14,2.0794415416798357,7.479976991613202,46,1.084013489246957,1.0,0.1555555555555555,0.3013463257009325,60,4.574710978503383
15475,77,0.6931471805599453,6.120539147973894,0,0.0,0.0,0.8555555555555555,0.2403189524133757,76,5.768320995793772
15478,40,1.0986122886681096,7.274077537572236,16,1.0560526742493137,1.0,0.4444444444444444,0.2728429093334298,56,5.681877639268151
15480,116,0.6931471805599453,6.809591030194905,0,0.0,0.0,1.0,0.209679898693312,115,5.717027701406222
15482,16,2.5649493574615367,9.3107249280559,343,0.5304567391845525,1.0,0.1777777777777777,0.3201718442108456,358,6.038666148592276
15483,161,1.6094379124341003,5.458776676484857,105,0.25131442828090605,1.0,1.0,0.1769310104709908,266,4.314149212270796
15484,1,1.6094379124341003,8.187385497313695,77,0.7741883905630712,1.0,0.0111111111111111,0.3100704410461228,77,6.670766320845874
15485,30,1.3862943611198906,7.853993087224244,343,0.16120611478074306,1.0,0.3333333333333333,0.2839179157510074,372,6.07840647724179
15488,93,0.6931471805599453,4.52526080275979,0,0.0,0.0,1.0,0.2269668374422113,92,4.304065093204169
15489,23,1.3862943611198906,7.034634595526282,188,0.2757058814050652,1.0,0.2555555555555555,0.2874762308441679,210,5.316484670503486
15491,95,1.9459101490553132,8.039508941575132,140,0.6190392084062234,1.0,1.0,0.2368346754568945,235,5.6179824848528686
15492,28,1.0986122886681096,6.492936561946857,46,0.5020919437972361,1.0,0.3111111111111111,0.2813523133997282,73,5.491001710377538
15493,33,1.791759469228055,7.60230148045579,238,0.32074293471266907,1.0,0.3666666666666666,0.2835640569533803,270,4.727387818712341
15494,21,1.0986122886681096,7.170296450877509,99,0.26236426446749106,1.0,0.2333333333333333,0.2878805718224432,120,6.354370040797351
15497,18,1.0986122886681096,7.141403462941432,302,0.09470795154161885,1.0,0.2,0.290234127829189,319,5.746203190540153
15498,3,3.332204510175204,9.496826729846124,364,0.8409986269592166,1.0,0.0333333333333333,0.3553590054447368,366,5.425439373987376
15500,8,1.6094379124341003,7.032235836086242,73,0.8032907596583713,1.0,0.0888888888888888,0.3009398402468951,80,4.969813299576001
15502,16,2.5649493574615367,9.248207284539456,353,0.46575733836428446,1.0,0.1777777777777777,0.3192153622623136,368,5.869296913133774
15503,363,0.6931471805599453,4.997820197049412,0,0.0,0.0,1.0,0.0104689101858327,362,4.31748811353631
15504,81,0.6931471805599453,3.985830932572866,0,0.0,0.0,0.9,0.2365375606050802,80,3.5263605246161616
15505,53,1.791759469228055,8.192005840278435,102,0.772442783230483,1.0,0.5888888888888889,0.2698183860241279,154,6.171700597410915
15506,23,1.3862943611198906,6.88781784259962,116,0.41689380393178715,1.0,0.2555555555555555,0.2872549365265083,138,5.6477998399052645
15507,172,0.6931471805599453,6.201239130683238,0,0.0,0.0,1.0,0.164170346538496,171,5.093750200806762
15508,189,1.9459101490553132,6.909024473214282,46,1.084013489246957,1.0,1.0,0.1584360686261672,234,4.308559482792009
15510,331,0.6931471805599453,5.5254529391317835,0,0.0,0.0,1.0,0.0362842655779289,330,1.0986122886681096
15511,12,1.791759469228055,6.813697314828437,73,0.9637930658591582,1.0,0.1333333333333333,0.298849310034243,84,4.01096295328305
15512,156,1.0986122886681096,4.804021044733257,203,0.13720112151348496,1.0,1.0,0.1779098536081105,359,3.5553480614894135
15513,33,2.995732273553991,9.599623251229634,340,0.8043728156701697,1.0,0.3666666666666666,0.3218698091752838,373,5.708682729474041
15514,12,2.4849066497880004,8.328562171758088,352,0.467870674295594,1.0,0.1333333333333333,0.3120729716405024,363,5.285047897079922
15516,45,1.3862943611198906,4.149936935645806,1,2.772588722239781,1.0,0.5,0.2682990835521608,46,2.302585092994046
15517,233,0.6931471805599453,5.591098914544516,0,0.0,0.0,1.0,0.1149182019303527,232,5.683579767338681
15518,64,2.1972245773362196,7.572220023179759,268,0.5138062519041285,1.0,0.7111111111111111,0.2629192435126103,331,5.075954760216899
15520,2,0.6931471805599453,5.842094090453713,0,0.0,0.0,0.0222222222222222,0.3003214821143192,1,5.752572638825633
15521,40,2.1972245773362196,8.006767487671574,214,0.5311778526148893,1.0,0.4444444444444444,0.2836805408322704,254,5.440250862436703
15522,33,1.0986122886681096,5.991064467086642,54,0.4353180712578455,1.0,0.3666666666666666,0.2769695776689653,87,5.661222860237405
15523,84,0.6931471805599453,6.023471805742962,0,0.0,0.0,0.9333333333333332,0.2346438805139196,83,4.890349128221754
15524,25,0.6931471805599453,6.089044875446846,0,0.0,0.0,0.2777777777777778,0.2820100400374757,24,1.6094379124341003
15525,2,1.3862943611198906,6.717707955157117,371,0.14990602749631263,1.0,0.0222222222222222,0.3038809602303577,372,4.939258631254028
15526,33,1.0986122886681096,5.006894974480533,0,0.0,1.0,0.3666666666666666,0.2766121263907951,32,2.5649493574615367
15527,19,2.1972245773362196,7.795967472483399,335,0.48550781578170077,1.0,0.2111111111111111,0.2997111740445093,353,4.8283137373023015
15528,254,0.6931471805599453,5.4395130632148145,0,0.0,0.0,1.0,0.0980194645995798,253,4.820281565605037
15529,23,2.4849066497880004,8.293106695669628,343,0.6270570687309552,1.0,0.2555555555555555,0.3030435508635201,366,5.764620977341807
15530,22,1.6094379124341003,7.315451230241661,225,0.33647223662121295,1.0,0.2444444444444444,0.2902392042636965,246,5.474369310328396
15531,8,1.0986122886681096,7.605113580313547,22,0.8602012652231115,1.0,0.0888888888888888,0.2993193640124008,29,6.316261752148692
15532,25,1.6094379124341003,7.366400899561026,332,0.23922968906583414,1.0,0.2777777777777778,0.2879449617577813,357,4.877103901471733
15533,19,1.3862943611198906,6.695267255355902,69,0.6190392084062234,1.0,0.2111111111111111,0.2902184015821952,88,4.578141513600172
15535,173,1.6094379124341003,6.286742696181391,154,0.3290234126082223,1.0,1.0,0.1677372956250738,327,3.6041382256588457
15537,163,0.6931471805599453,4.717784330357226,0,0.0,0.0,1.0,0.1708450842350379,162,3.4011973816621555
15539,7,0.6931471805599453,6.290568639224737,0,0.0,0.0,0.0777777777777777,0.2965890964367064,6,6.018593214496234
15540,11,0.6931471805599453,5.367376902479531,0,0.0,0.0,0.1222222222222222,0.2929163675329408,10,5.303304908059076
15541,114,0.6931471805599453,4.455857782801083,0,0.0,0.0,1.0,0.2101130813006363,113,3.912023005428146
15543,288,0.6931471805599453,4.858726543710496,0,0.0,0.0,1.0,0.070601886762971,287,4.465908118654584
15544,9,2.302585092994046,8.174057603899483,363,0.5075143624623346,1.0,0.1,0.3107624122361223,372,5.847722472281503
15545,54,1.0986122886681096,5.68262693258341,316,0.09042300606957858,1.0,0.6,0.2599731693459704,370,4.412798293340635
15547,7,2.70805020110221,8.50832195812781,354,0.6573010487868095,1.0,0.0777777777777777,0.3215538590607201,361,5.666426688112432
15549,77,1.3862943611198906,7.435001346315463,239,0.22398002145917575,1.0,0.8555555555555555,0.2449586785554917,315,5.45389559836648
15550,4,1.6094379124341003,6.357200812987149,297,0.26469255422708216,1.0,0.0444444444444444,0.3033547946032044,301,4.314149212270796
15551,37,0.6931471805599453,6.080070485442007,0,0.0,0.0,0.4111111111111111,0.2723787471552268,36,5.389071729816501
15552,217,0.6931471805599453,4.512177319138926,0,0.0,0.0,1.0,0.1274998837752053,216,4.110873864173311
15553,60,0.6931471805599453,6.082743886707506,0,0.0,0.0,0.6666666666666666,0.2539312194939266,59,6.113682179832232
15554,278,0.6931471805599453,5.38541207339897,0,0.0,0.0,1.0,0.0787508118704964,277,4.31748811353631
15555,12,2.833213344056216,8.477655788121927,357,0.8155878864903097,1.0,0.1333333333333333,0.3202003201907963,368,5.629193617665129
15556,24,0.6931471805599453,5.637535828837275,0,0.0,0.0,0.2666666666666666,0.2825834473724279,23,5.4680601411351315
15557,29,0.6931471805599453,6.162577690327807,0,0.0,0.0,0.3222222222222222,0.2788495199720499,28,5.393627546352361
15561,12,1.6094379124341003,6.686597255202886,203,0.25782910930209973,1.0,0.1333333333333333,0.2972588174456608,215,4.21582445975981
15562,352,0.6931471805599453,4.909340575944674,0,0.0,0.0,1.0,0.0192745384832673,351,3.6888794541139363
15563,22,1.6094379124341003,7.245255558414779,336,0.16430305129127623,1.0,0.2444444444444444,0.2900937255905402,358,5.930253816063085
15565,50,1.0986122886681096,5.159974416926293,20,0.9162907318741551,1.0,0.5555555555555556,0.2630110510755032,70,3.4339872044851463
15567,19,0.6931471805599453,5.231162091360629,0,0.0,0.0,0.2111111111111111,0.2864602981832309,18,5.4116460518550396
15568,3,1.3862943611198906,6.6323837861074395,70,0.6125174461598362,1.0,0.0333333333333333,0.3029822779423548,72,5.041272263558145
15569,104,1.791759469228055,7.227451873789157,228,0.3314690992306049,1.0,1.0,0.2257184286233036,331,4.8993312245375815
15570,7,2.5649493574615367,8.334836434002748,362,0.6479417437918986,1.0,0.0777777777777777,0.3175562747255503,368,5.1547356380700124
15571,12,1.6094379124341003,6.47916994643317,66,0.851553185957342,1.0,0.1333333333333333,0.297044460880445,77,4.204692619390966
15572,5,2.0794415416798357,7.845361219115093,273,0.3632228029098636,1.0,0.0555555555555555,0.3096814131644066,277,5.173725488962323
15573,32,1.0986122886681096,6.410914739782809,53,0.44183275227903923,1.0,0.3555555555555555,0.2780695118786792,85,5.206750173022546
15574,178,1.6094379124341003,6.555712447369967,194,0.26826398659467937,1.0,1.0,0.1639633548088526,371,4.480173695813406
15576,38,0.6931471805599453,6.8476548947291755,0,0.0,0.0,0.4222222222222222,0.272296949529445,37,6.003887067106539
15577,151,1.3862943611198906,5.5602199860123305,154,0.17798315519535646,1.0,1.0,0.1835527821002071,304,3.4231762883809305
15578,162,0.6931471805599453,4.852811208902689,0,0.0,0.0,1.0,0.1716703205635286,161,3.970291913552122
15579,69,1.0986122886681096,5.85678964378138,245,0.11551288712184428,1.0,0.7666666666666667,0.2480208536623651,313,4.110873864173311
15581,121,2.639057329615259,8.210931583386559,245,0.8507761247635285,1.0,1.0,0.2268546982968488,365,3.1354942159291497
15582,25,1.3862943611198906,6.527826330017913,195,0.2670627852490452,1.0,0.2777777777777778,0.2852276125798938,219,5.0238805208462765
15584,24,1.6094379124341003,6.58770151849905,138,0.4992480704235479,1.0,0.2666666666666666,0.2875253997054234,161,4.375757021660286
15585,177,0.6931471805599453,6.123150487933357,0,0.0,0.0,1.0,0.1601067474201442,176,5.771441123130016
15587,50,1.6094379124341003,6.818574277330894,301,0.26159729523649,1.0,0.5555555555555556,0.2669389723820199,351,4.3694478524670215
15589,256,1.3862943611198906,6.172806457538428,54,0.4353180712578455,1.0,1.0,0.0996417381747182,310,4.406719247264253
15592,47,0.6931471805599453,5.965069235748451,0,0.0,0.0,0.5222222222222223,0.2642895780800665,46,5.872117789475416
15593,71,0.6931471805599453,5.302309387817574,0,0.0,0.0,0.7888888888888889,0.2447687537523857,70,4.110873864173311
15594,16,1.791759469228055,7.48030421490088,218,0.4369283775639494,1.0,0.1777777777777777,0.2968720621911628,234,5.286244785313768
15596,101,1.791759469228055,7.249634301131203,264,0.37351350830156205,1.0,1.0,0.2281689275865212,364,4.729156165769083
15597,35,0.6931471805599453,5.785577492291319,0,0.0,0.0,0.3888888888888889,0.2738238709050004,34,5.634789603169249
15598,53,0.6931471805599453,5.487614537078416,0,0.0,0.0,0.5888888888888889,0.2592656134878901,52,5.081404364984463
15599,27,1.0986122886681096,6.636917213055248,177,0.1557545294092328,1.0,0.3,0.2823004592931169,203,5.886104031450156
15601,11,2.70805020110221,8.821372434155471,361,0.7325276934312538,1.0,0.1222222222222222,0.3209458466109407,372,5.877535681728946
15602,8,2.302585092994046,7.16924993468027,359,0.5108256237659907,1.0,0.0888888888888888,0.308354284770359,367,4.846808319938465
15603,79,0.6931471805599453,3.901568547524287,0,0.0,0.0,0.8777777777777778,0.238135628963253,78,4.574710978503383
15604,52,0.6931471805599453,5.381692975469088,0,0.0,0.0,0.5777777777777777,0.2600330780383155,51,5.075173815233827
15605,36,1.791759469228055,7.089434963153261,337,0.304600460541843,1.0,0.4,0.2800105267276652,372,4.490881039585964
15606,61,2.302585092994046,7.9797360766493295,263,0.6484361379219747,1.0,0.6777777777777778,0.2681567689575792,324,4.606280680272119
15607,337,0.6931471805599453,4.6611723761033765,0,0.0,0.0,1.0,0.0312640981918226,336,5.313205979041787
15608,28,1.6094379124341003,6.998217362097996,92,0.5020919437972361,1.0,0.3111111111111111,0.2848429849997612,120,5.190175207928333
15609,184,0.6931471805599453,5.702047637362485,0,0.0,0.0,1.0,0.1542679103025104,183,5.003946305945459
15610,52,0.6931471805599453,4.731450351898421,0,0.0,0.0,0.5777777777777777,0.2598847157725797,51,4.204692619390966
15611,10,2.639057329615259,7.373028989779162,325,0.7008100533055143,1.0,0.1111111111111111,0.3129107251281106,334,3.6830935170468924
15612,36,1.0986122886681096,5.278879672655561,25,0.7884573603642702,1.0,0.4,0.2742723887880936,61,3.295836866004329
15615,10,3.1780538303479458,9.249632236444302,348,0.8651482329328678,1.0,0.1111111111111111,0.3398388117583024,358,5.482629694065528
15618,33,1.6094379124341003,6.656534989127213,103,0.4554755286828257,1.0,0.3666666666666666,0.2803800097366712,136,4.740574822994295
15619,11,0.6931471805599453,5.821269170111868,0,0.0,0.0,0.1222222222222222,0.2930920953777602,10,4.919980925828125
15620,57,1.3862943611198906,7.348703354335633,301,0.1812171944509014,1.0,0.6333333333333333,0.2608014921514147,357,5.723585101952381
15621,4,1.6094379124341003,7.165516658717914,17,1.5105920777974677,1.0,0.0444444444444444,0.3043788982252465,21,4.838264068155469
15622,43,2.302585092994046,8.2189380876069,239,0.4068588365567682,1.0,0.4777777777777778,0.2837221567711028,281,5.231108616854587
15623,141,0.6931471805599453,5.7105263501895465,0,0.0,0.0,1.0,0.1887635290908874,140,4.836281906951478
15624,117,1.6094379124341003,6.3786468723710446,139,0.4964368863138911,1.0,1.0,0.2127309273867448,255,4.502583597212991
15625,104,1.6094379124341003,7.336455026785429,131,0.5198754592859085,1.0,1.0,0.2245093553918072,234,5.697093486505405
15626,75,1.0986122886681096,6.517375808292013,254,0.11122563511022436,1.0,0.8333333333333334,0.2436751043348001,329,5.950642552587727
15628,5,2.302585092994046,7.962499271193586,362,0.50861323348305,1.0,0.0555555555555555,0.3130052932015744,366,5.35396228995993
15630,45,1.0986122886681096,7.079479212140812,159,0.1728428128394108,1.0,0.5,0.268468096344655,204,5.993961427306569
15632,16,2.1972245773362196,8.097520633770152,259,0.5937747067467416,1.0,0.1777777777777777,0.3033388782654869,274,5.578313729455029
15634,17,0.6931471805599453,5.499419786985366,0,0.0,0.0,0.1888888888888888,0.2881467158209803,16,4.605170185988092
15636,90,1.0986122886681096,6.587219381659278,192,0.1444815825552332,1.0,1.0,0.2317129102053284,281,4.962844630259907
15637,53,0.6931471805599453,5.413251904640136,0,0.0,0.0,0.5888888888888889,0.2592408888228026,52,4.859812404361672
15639,134,0.6931471805599453,6.055190237988527,0,0.0,0.0,1.0,0.1945559289478228,133,5.780743515792329
15640,4,2.772588722239781,9.43481583590086,367,0.7614151516889481,1.0,0.0444444444444444,0.3361889127957663,371,6.090102517004981
15641,105,1.6094379124341003,7.543379273298417,253,0.30330739035486176,1.0,1.0,0.2242110456439803,358,5.969985515430857
15643,192,1.3862943611198906,6.499787040655854,90,0.28493103907989104,1.0,1.0,0.1512433989049539,281,4.418840607796598
15644,166,1.6094379124341003,6.70196036600254,94,0.4895482253187058,1.0,1.0,0.1737471212175448,260,4.943426544402806
15645,19,0.6931471805599453,6.418381249016855,0,0.0,0.0,0.2111111111111111,0.2870684221628656,18,5.54907608489522
15646,158,1.3862943611198906,6.106220784406171,214,0.24613306953890846,1.0,1.0,0.1782072677170385,371,4.885323992019081
15648,204,1.0986122886681096,6.489736704802353,62,0.3894647667617232,1.0,1.0,0.1401728307420164,266,4.7140245909001735
15649,336,1.0986122886681096,6.705639094860003,31,0.676886659688165,1.0,1.0,0.034516954020016,367,4.574710978503383
15651,37,1.3862943611198906,6.472809865551464,223,0.1256882151634967,1.0,0.4111111111111111,0.2755496825839954,260,5.07933182538249
15652,91,0.6931471805599453,5.825232851462975,0,0.0,0.0,1.0,0.2289228852613536,90,5.342334251964811
15653,93,1.0986122886681096,6.7781476070590925,23,0.8347976976229721,1.0,1.0,0.2295244470113637,115,6.398594934535208
15654,9,1.0986122886681096,6.828203284222655,16,1.0169342576538425,1.0,0.1,0.2969684930811989,25,5.474369310328396
15655,243,0.6931471805599453,6.330914488818843,0,0.0,0.0,1.0,0.1073159888456454,242,5.783825182329737
15656,45,1.6094379124341003,6.619406317542652,238,0.3195941988338612,1.0,0.5,0.2707138696373639,283,4.4630304188269685
15657,23,0.6931471805599453,3.4339872044851463,0,0.0,0.0,0.2555555555555555,0.2830290344699706,22,3.2188758248682006
15658,190,1.791759469228055,6.932545447789356,182,0.5064203302980743,1.0,1.0,0.156232540717481,372,3.899950424193877
15659,44,0.6931471805599453,5.7283124723994785,0,0.0,0.0,0.4888888888888889,0.2665787528861514,43,4.718498871295094
15660,25,2.302585092994046,7.378920733047961,340,0.36545977349446523,1.0,0.2777777777777778,0.2951504457457078,365,4.767855768265187
15661,317,1.0986122886681096,5.739149618493492,21,0.8873031950009028,1.0,1.0,0.0490349845610792,338,4.77912349311153
15663,106,0.6931471805599453,4.935480620495495,0,0.0,0.0,1.0,0.2166058664924969,105,4.672828834461906
15664,51,0.6931471805599453,5.959535187313809,0,0.0,0.0,0.5666666666666667,0.2610779527600141,50,5.062595033026967
15665,168,1.0986122886681096,7.7155739928250275,74,0.33647223662121295,1.0,1.0,0.1713119716425863,242,6.726233402358747
15667,40,0.6931471805599453,5.711486059041234,0,0.0,0.0,0.4444444444444444,0.269779985852749,39,5.484796933490655
15668,218,0.6931471805599453,4.34795265434013,0,0.0,0.0,1.0,0.1266780449468826,217,4.290459441148391
15669,40,1.6094379124341003,6.529915065486092,223,0.3390314190800344,1.0,0.4444444444444444,0.274632975072104,263,4.460144413937834
15670,297,0.6931471805599453,5.159342614257448,0,0.0,0.0,1.0,0.0634471451036306,296,4.5217885770490405
15671,19,2.0794415416798357,7.885378147031288,252,0.538996500732687,1.0,0.2111111111111111,0.298600314263245,270,5.495996578996311
15673,88,1.6094379124341003,7.966246716160649,238,0.3195941988338612,1.0,0.9777777777777776,0.2392661082790307,326,5.938854596835685
15674,73,1.791759469228055,7.802863231588385,181,0.50861323348305,1.0,0.8111111111111111,0.2521134568319731,254,5.545177444479562
15675,81,1.3862943611198906,5.782870880975165,198,0.2635232369750453,1.0,0.9,0.239795032361655,279,5.174264717878057
15676,19,1.3862943611198906,8.142284446073054,265,0.20409535634351522,1.0,0.2111111111111111,0.2939701982066932,283,6.622292963268669
15677,49,0.6931471805599453,6.489554414321968,0,0.0,0.0,0.5444444444444444,0.2630688035430613,48,5.768320995793772
15678,53,0.6931471805599453,5.868449096211435,0,0.0,0.0,0.5888888888888889,0.2594255243991546,52,5.220355825078325
15679,24,1.6094379124341003,6.6622127327244485,158,0.4508337131380154,1.0,0.2666666666666666,0.2876055835644283,182,5.681877639268151
15680,9,1.3862943611198906,7.1964468417270915,356,0.15535044001916237,1.0,0.1,0.2989908250713756,365,5.76309905181262
15681,25,1.791759469228055,7.263441734527154,255,0.30228087187293357,1.0,0.2777777777777778,0.2891594310189561,279,5.101085197018328
15683,117,0.6931471805599453,5.271716684750857,0,0.0,0.0,1.0,0.2078617215279329,116,4.882801922586371
15687,9,2.302585092994046,8.004398964555403,321,0.5020919437972361,1.0,0.1,0.3099721222916022,329,4.987404575381095
15689,120,1.0986122886681096,5.541655625147766,241,0.1168643401393109,1.0,1.0,0.206976862011313,361,3.7612001156935624
15690,4,1.0986122886681096,5.48380058667957,96,0.27193371548364176,1.0,0.0444444444444444,0.3000045197012867,100,5.3230099791384085
15691,252,0.6931471805599453,4.925803358579558,0,0.0,0.0,1.0,0.0994916541490105,251,4.290459441148391
15692,28,0.6931471805599453,5.25770368366274,0,0.0,0.0,0.3111111111111111,0.2792482272773597,27,4.9344739331306915
15694,1,2.70805020110221,8.776537515836264,372,0.7170527014134997,1.0,0.0111111111111111,0.3285430348214501,372,4.794018019283322
15695,267,1.0986122886681096,6.018544551511725,0,0.0,1.0,1.0,0.0892849454944266,266,4.672828834461906
15696,33,2.1972245773362196,7.914785762145856,293,0.5404175610826719,1.0,0.3666666666666666,0.288919019684939,326,4.863680881139593
15699,18,0.6931471805599453,5.738666876509702,0,0.0,0.0,0.2,0.2874389359268661,17,4.736198448394496
15700,172,1.0986122886681096,6.54776054491873,1,3.4339872044851463,1.0,1.0,0.1658974243439126,172,5.190175207928333
15701,2,1.6094379124341003,7.34157458058683,108,0.6061358035703156,1.0,0.0222222222222222,0.3063387860760913,110,5.445659204445964
15703,265,0.6931471805599453,5.358941988364472,0,0.0,0.0,1.0,0.0891704824869774,264,4.204692619390966
15704,140,1.6094379124341003,7.738322531443156,75,0.5877866649021191,1.0,1.0,0.1967163524507287,215,5.552959584921617
15705,201,0.6931471805599453,4.970507503005476,0,0.0,0.0,1.0,0.1404097384408988,200,4.143134726391533
15706,64,1.6094379124341003,6.967494803332995,52,0.9925527167077854,1.0,0.7111111111111111,0.2559187001540326,115,4.3975308212098465
15707,35,1.6094379124341003,6.852855489000475,51,1.0169342576538425,1.0,0.3888888888888889,0.2790165958659359,85,5.025523906590006
15708,41,2.0794415416798357,8.121254561972354,328,0.43639026578515083,1.0,0.4555555555555555,0.2819626698698553,369,5.204006687076795
15709,284,0.6931471805599453,4.899703733388974,0,0.0,0.0,1.0,0.0738181372513192,283,4.804021044733257
15712,9,1.791759469228055,6.978549194282216,278,0.3588308915938006,1.0,0.1,0.3014885986601524,287,4.58700621536042
15713,143,1.0986122886681096,5.879694646264972,222,0.1262177172674014,1.0,1.0,0.1886741278130511,365,4.330733340286331
15714,12,1.0986122886681096,5.804773457796085,66,0.37469344944141064,1.0,0.1333333333333333,0.2937174831225358,77,4.548599834499697
15716,146,1.6094379124341003,7.0209143070410205,223,0.33774693405321343,1.0,1.0,0.190226452187363,369,5.231108616854587
15717,234,0.6931471805599453,5.01926462079431,0,0.0,0.0,1.0,0.1139494283573732,233,4.2626798770413155
15719,33,2.639057329615259,8.526472009726604,304,0.7794752640484425,1.0,0.3666666666666666,0.2993924134772301,337,5.350033648386858
15720,24,0.6931471805599453,6.3964795539357615,0,0.0,0.0,0.2666666666666666,0.2830387694957713,23,5.641907070938114
15721,12,0.6931471805599453,6.230638915494719,0,0.0,0.0,0.1333333333333333,0.292533605638083,11,6.016157159698354
15722,36,1.791759469228055,7.706864794070598,254,0.30228087187293357,1.0,0.4,0.2814727793944709,290,5.32884657158286
15723,365,0.6931471805599453,5.318610069815799,0,0.0,0.0,1.0,0.0089445875665986,364,4.477336814478207
15724,201,1.0986122886681096,5.390212631252292,83,0.30854721091574266,1.0,1.0,0.1419524233485468,284,3.624340932976365
15725,15,0.6931471805599453,6.031286041294654,0,0.0,0.0,0.1666666666666666,0.2899960992651031,14,5.402677381872279
15727,17,2.0794415416798357,8.552552613215992,342,0.421851016898983,1.0,0.1888888888888888,0.3038045578206517,358,6.08417394521225
15729,213,0.6931471805599453,4.454347296253507,0,0.0,0.0,1.0,0.1307011310170137,212,3.367295829986474
15730,66,1.3862943611198906,7.022761128491225,140,0.35454501768090746,1.0,0.7333333333333333,0.2529651234520843,206,5.44097366694956
15732,212,1.0986122886681096,5.68738205328842,159,0.17185025692665923,1.0,1.0,0.1332371999610424,371,4.686750172980514
15733,283,0.6931471805599453,5.095588999976419,0,0.0,0.0,1.0,0.074661745776096,282,4.143134726391533
15734,115,1.0986122886681096,7.200760657465263,85,0.29924289485285693,1.0,1.0,0.2125369172015222,199,5.159055299214529
15737,15,2.1972245773362196,7.095163874824649,228,0.581921545449721,1.0,0.1666666666666666,0.3011715022296893,242,4.329087249379662
15738,19,2.833213344056216,8.479163129156776,353,0.7822749604559527,1.0,0.2111111111111111,0.3145956964565866,372,5.2331119564227615
15739,66,0.6931471805599453,6.109514213881797,0,0.0,0.0,0.7333333333333333,0.2491353584949564,65,6.159095388491933
15740,49,0.6931471805599453,5.049086480470509,0,0.0,0.0,0.5444444444444444,0.2623516883290485,48,5.030437921392435
15743,16,1.6094379124341003,6.666269533420063,168,0.42899560551835847,1.0,0.1777777777777777,0.2940272353809247,184,4.007333185232471
15744,78,0.6931471805599453,3.5779478934066544,0,0.0,0.0,0.8666666666666667,0.2389182395123261,77,4.795790545596741
15745,19,1.6094379124341003,6.999048309928502,217,0.3469503940467376,1.0,0.2111111111111111,0.2920635353808414,235,4.665794807804526
15746,134,0.6931471805599453,5.287660786359508,0,0.0,0.0,1.0,0.1942298260325464,133,5.187385805840755
15747,13,1.3862943611198906,6.882478495797344,160,0.3184537311185346,1.0,0.1444444444444444,0.2952688752408077,172,5.081404364984463
15748,40,0.6931471805599453,5.012699828145135,0,0.0,0.0,0.4444444444444444,0.269562988373537,39,3.9512437185814275
15749,235,1.3862943611198906,10.70403741211812,97,0.26947610795520843,1.0,1.0,0.1793771982853942,331,8.701235489108258
15750,3,2.1972245773362196,7.810547311984927,364,0.401795379219202,1.0,0.0333333333333333,0.3125963611459584,366,5.412761500938905
15752,40,2.0794415416798357,7.877920371424875,333,0.4321333551903257,1.0,0.4444444444444444,0.2817272009358394,372,5.647464044065978
15753,305,0.6931471805599453,4.384523514872469,0,0.0,0.0,1.0,0.0568960599509055,304,4.976733742420574
15754,51,1.3862943611198906,6.130291269692714,195,0.26826398659467937,1.0,0.5666666666666667,0.2640517475277791,246,4.209655408733095
15755,10,1.9459101490553132,7.768639003584553,284,0.42407029593919887,1.0,0.1111111111111111,0.3039660665279746,294,5.475765958600117
15756,61,1.6094379124341003,6.280320929787532,187,0.3911791508606879,1.0,0.6777777777777778,0.2575719571450756,248,4.119037174812473
15757,66,1.0986122886681096,6.572869782822179,152,0.18012616623051889,1.0,0.7333333333333333,0.2509494865357677,217,5.5073619934827445
15758,25,0.6931471805599453,5.32908902521479,0,0.0,0.0,0.2777777777777778,0.2816749294641911,24,3.8712010109078907
15759,218,1.3862943611198906,5.537491734934774,139,0.35667494393873234,1.0,1.0,0.1298011298690846,357,3.044522437723423
15762,65,1.0986122886681096,6.371184405464288,12,1.252762968495368,1.0,0.7222222222222222,0.2515650913938138,76,4.840242308167575
15763,32,1.0986122886681096,6.992022895300703,45,0.5020919437972361,1.0,0.3555555555555555,0.2787539654104056,77,4.916324614625014
15764,88,1.9459101490553132,8.095894389365505,188,0.3911791508606879,1.0,0.9777777777777776,0.2427064312106089,276,5.836758157347001
15766,64,0.6931471805599453,5.755932068980957,0,0.0,0.0,0.7111111111111111,0.2505482630939781,63,5.14166355650266
15768,116,1.3862943611198906,6.434273608356568,110,0.4353180712578455,1.0,1.0,0.2121457671859742,225,4.410776047959867
15769,7,3.295836866004329,10.937627451213288,363,1.0045833390198333,1.0,0.0777777777777777,0.4120075444491835,370,7.040738444434525
15773,6,0.6931471805599453,6.4562671745616536,0,0.0,0.0,0.0666666666666666,0.2975300190734355,5,5.7430031878094825
15774,69,0.6931471805599453,5.605066501717044,0,0.0,0.0,0.7666666666666667,0.2464743858238578,68,4.477336814478207
15775,245,0.6931471805599453,4.662495252607361,0,0.0,0.0,1.0,0.1050610894886239,244,4.23410650459726
15776,133,0.6931471805599453,5.491496433342773,0,0.0,0.0,1.0,0.195095832363052,132,4.9344739331306915
15777,241,1.6094379124341003,6.954743821204941,120,0.4054651081081644,1.0,1.0,0.1139208903698522,360,4.5591262474866845
15780,184,1.3862943611198906,6.166005916582974,174,0.29626581614317243,1.0,1.0,0.1573911094263988,357,4.308559482792009
15781,25,1.3862943611198906,5.847767371850795,280,0.1941560144409574,1.0,0.2777777777777778,0.2847458955918005,305,4.110873864173311
15782,10,1.3862943611198906,7.869302319258532,79,0.5596157879354227,1.0,0.1111111111111111,0.3000174261873482,88,5.666426688112432
15783,11,0.6931471805599453,5.510602174527371,0,0.0,0.0,0.1222222222222222,0.2929634757285463,10,5.3612921657094255
15785,33,1.791759469228055,7.753610670940375,262,0.29431402475553214,1.0,0.3666666666666666,0.2840310990247819,294,5.778889947143006
15786,46,1.3862943611198906,8.503743143691834,68,0.36545977349446523,1.0,0.5111111111111111,0.2744486438393889,113,7.0231651304929645
15787,26,1.3862943611198906,6.855461484261003,35,0.6190392084062234,1.0,0.2888888888888888,0.2848039664813347,60,5.198497031265826
15789,358,0.6931471805599453,5.864483085347192,0,0.0,0.0,1.0,0.0147711194525318,357,6.0844994130751715
15790,10,0.6931471805599453,5.402001477824919,0,0.0,0.0,0.1111111111111111,0.2937292843545201,9,4.74493212836325
15791,44,1.0986122886681096,7.386278760989393,160,0.17086906306216681,1.0,0.4888888888888889,0.2698788447188898,203,5.903998521326706
15793,15,1.3862943611198906,6.873795104898541,253,0.21205871888971672,1.0,0.1666666666666666,0.2936525631632459,268,5.222156005582472
15795,150,0.6931471805599453,6.415113325649775,0,0.0,0.0,1.0,0.1819853532169644,149,6.366470447731438
15796,1,2.1972245773362196,7.9056481174197435,301,0.5292593254548287,1.0,0.0111111111111111,0.314551923607934,301,4.687901583585556
15797,113,1.6094379124341003,7.70002355040989,206,0.3624832855344793,1.0,1.0,0.2182510255939964,318,5.390212631252292
15799,76,1.3862943611198906,6.785745824587275,258,0.2083630410853068,1.0,0.8444444444444444,0.2446057817375209,333,5.766235489302751
15800,107,1.0986122886681096,6.551194614227576,139,0.1954247817923817,1.0,1.0,0.2180398878276572,246,5.126935749792416
15801,46,1.3862943611198906,6.97068312868461,63,0.6690496289808848,1.0,0.5111111111111111,0.2689266354257224,109,5.25227342804663
15802,143,0.6931471805599453,6.11461095192969,0,0.0,0.0,1.0,0.1873739359110851,142,0.6931471805599453
15803,51,0.6931471805599453,6.032654473932845,0,0.0,0.0,0.5666666666666667,0.2611199076045246,50,5.673323267171493
15804,1,2.639057329615259,8.344597781932357,198,1.0360919316867756,1.0,0.0111111111111111,0.3238628584352108,198,5.289819826037596
15805,23,2.8903717578961645,8.617849057545314,341,0.7206254097510731,1.0,0.2555555555555555,0.3138447377492149,364,5.299493145637049
15806,46,1.3862943611198906,6.666422298467717,230,0.23180161405732433,1.0,0.5111111111111111,0.2685278288618948,276,5.306616169362732
15807,50,1.3862943611198906,6.807824440357088,26,0.7472144018302211,1.0,0.5555555555555556,0.2654896045273031,76,4.972125439334381
15808,306,1.6094379124341003,8.225762769337907,63,0.8873031950009028,1.0,1.0,0.0656188297439763,368,5.819340815290474
15809,36,1.791759469228055,6.247597901247849,266,0.3723410606831317,1.0,0.4,0.2790363006921218,302,4.11414718951828
15810,79,1.6094379124341003,7.239200616174941,218,0.3456047201844854,1.0,0.8777777777777778,0.2443597236285224,296,5.376435145811989
15811,22,1.9459101490553132,7.705091289043697,343,0.3627787268767502,1.0,0.2444444444444444,0.2941325081840486,364,5.190175207928333
15812,107,1.791759469228055,7.496730126604398,210,0.4519851237430572,1.0,1.0,0.2239193218036238,317,5.2225156531317545
15813,208,1.0986122886681096,7.173889351861322,31,0.661398482245365,1.0,1.0,0.1378872526210927,239,5.7120812774708964
15814,17,1.6094379124341003,7.573700826991937,33,1.0169342576538425,1.0,0.1888888888888888,0.2948822627384176,50,5.7644070964726355
15815,64,1.791759469228055,7.65045423837133,196,0.4776275543563949,1.0,0.7111111111111111,0.2588387858755532,259,5.91943134420815
15819,49,1.6094379124341003,7.552998152884997,227,0.33395175639587793,1.0,0.5444444444444444,0.269156883999928,276,5.829680641531575
15820,320,0.6931471805599453,5.337441921232086,0,0.0,0.0,1.0,0.045046383032877,319,4.859812404361672
15821,44,1.0986122886681096,6.349069058864647,17,1.0169342576538425,1.0,0.4888888888888889,0.2683917531853103,60,4.624972813284271
15822,3,1.0986122886681096,6.787247283994098,356,0.08090663861280038,1.0,0.0333333333333333,0.3017284233746117,358,5.2390980068880655
15823,372,0.6931471805599453,2.772588722239781,0,0.0,0.0,1.0,0.0030610975896152,371,0.6931471805599453
15825,172,0.6931471805599453,6.2802834730968256,0,0.0,0.0,1.0,0.16422827534388,171,5.3981627015177525
15826,56,1.3862943611198906,7.411743581448863,154,0.17798315519535646,1.0,0.6222222222222222,0.2617479963955626,210,5.7745515455444085
15827,73,2.70805020110221,7.515938076938256,299,0.694818024724763,1.0,0.8111111111111111,0.2641606012251419,371,4.1588830833596715
15829,99,1.0986122886681096,6.456989411643809,41,0.5491078103370076,1.0,1.0,0.2243671519504131,140,6.212606095751519
15830,38,0.6931471805599453,6.3578422665081,0,0.0,0.0,0.4222222222222222,0.2717763754175826,37,6.030685260261263
15831,58,1.3862943611198906,6.688055790070482,265,0.2034010725850085,1.0,0.6444444444444445,0.2589266852248335,323,5.911699578639119
15832,254,0.6931471805599453,6.7307674724187825,0,0.0,0.0,1.0,0.0988866265542016,253,6.144185634125646
15834,70,1.6094379124341003,7.711884643967962,206,0.25452986513488046,1.0,0.7777777777777778,0.2527806193840525,276,5.489970250770876
15835,44,1.6094379124341003,6.861805576878038,286,0.27359733257004193,1.0,0.4888888888888889,0.2718094927334194,330,4.707275408925245
15836,50,0.6931471805599453,4.929931256681293,0,0.0,0.0,0.5555555555555556,0.2615245533975228,49,3.295836866004329
15837,65,0.6931471805599453,5.97375871998905,0,0.0,0.0,0.7222222222222222,0.2498559289779381,64,5.247024072160486
15838,11,2.995732273553991,10.423592390918046,356,0.7792217893311884,1.0,0.1222222222222222,0.3664754037219215,367,6.874960192987401
15839,33,1.3862943611198906,6.9560596108684605,114,0.41985384556026395,1.0,0.3666666666666666,0.2793323734364728,147,5.420534999272286
15840,59,1.0986122886681096,5.876502528638301,113,0.23361485118150516,1.0,0.6555555555555556,0.2560521795834062,172,5.293304824724492
15841,73,1.6094379124341003,7.110745101371203,266,0.2914344220703314,1.0,0.8111111111111111,0.2489328485135433,338,5.465948207931987
15843,304,0.6931471805599453,4.787074989285704,0,0.0,0.0,1.0,0.0577549429512271,303,3.332204510175204
15844,46,0.6931471805599453,4.880830283212546,0,0.0,0.0,0.5111111111111111,0.2647236450825019,45,4.90527477843843
15845,18,2.1972245773362196,8.219533507739182,319,0.5045560107523953,1.0,0.2,0.3023433808299516,336,5.487904134333403
15847,38,1.0986122886681096,5.966838807281578,249,0.11332868530700317,1.0,0.4222222222222222,0.272945221105074,287,5.418320158942733
15850,19,1.0986122886681096,5.480013727948073,148,0.18343949989529582,1.0,0.2111111111111111,0.2879711350956075,167,5.0238805208462765
15852,187,1.0986122886681096,5.085804607589853,10,1.3156767939059373,1.0,1.0,0.153100230309728,196,3.2188758248682006
15853,52,0.6931471805599453,4.716711560720999,0,0.0,0.0,0.5777777777777777,0.2598823460875887,51,4.912654885736052
15854,4,2.5649493574615367,7.998217781509793,357,0.5632107588532816,1.0,0.0444444444444444,0.318262699810555,361,4.37260741275739
15855,137,1.791759469228055,6.569817969665846,126,0.665201250169386,1.0,1.0,0.1983007229777554,263,4.553876891600541
15856,4,3.332204510175204,9.704339419609372,361,0.9790964506374116,1.0,0.0444444444444444,0.3589410263193569,364,6.012718553468809
15857,19,0.6931471805599453,5.697093486505405,0,0.0,0.0,0.2111111111111111,0.2866187387477841,18,5.733341276897746
15858,16,1.791759469228055,7.272294220477655,351,0.29334780998745824,1.0,0.1777777777777777,0.2963967975983464,366,5.457029057702858
15860,41,2.1972245773362196,6.885724370911315,327,0.4948449517776407,1.0,0.4555555555555555,0.2799905409273227,368,4.02535169073515
15861,12,2.1972245773362196,8.06033794212576,254,0.462623521948113,1.0,0.1333333333333333,0.3063762032617989,266,5.765191102784844
15862,8,1.6094379124341003,6.726089507114236,365,0.2204000653684589,1.0,0.0888888888888888,0.3005134682510329,373,4.992131822531696
15863,26,1.0986122886681096,4.246206911531347,167,0.16520991632123336,1.0,0.2888888888888888,0.2821134689749424,192,2.3513752571634776
15864,22,1.9459101490553132,7.569060853685923,293,0.41224479509354317,1.0,0.2444444444444444,0.2937295189834597,315,5.296649309447339
15865,41,1.3862943611198906,6.798085491736212,173,0.29774685906792164,1.0,0.4555555555555555,0.2726963365043391,213,4.817589773939326
15866,101,0.6931471805599453,5.444709454763107,0,0.0,0.0,1.0,0.2207484503521473,100,4.844187086458591
15867,5,2.772588722239781,8.246339392612617,363,0.7672551527136671,1.0,0.0555555555555555,0.3229630292577689,368,4.926770476643333
15869,277,1.0986122886681096,5.014892884348897,0,0.0,1.0,1.0,0.0808919142824,276,4.483002552013883
15870,33,0.6931471805599453,5.872371278471126,0,0.0,0.0,0.3666666666666666,0.2754702894021175,32,5.817111159963204
15872,15,1.0986122886681096,5.8914508229616045,0,0.0,1.0,0.1666666666666666,0.2913539630186589,14,4.672828834461906
15874,64,2.0794415416798357,8.390922235063499,220,0.5180393610896823,1.0,0.7111111111111111,0.2650004350655751,283,5.8944028342648505
15877,2,1.0986122886681096,6.20310215823599,16,1.0560526742493137,1.0,0.0222222222222222,0.3019707029200896,17,5.2284312390838705
15880,369,0.6931471805599453,5.8414552797812735,0,0.0,0.0,1.0,0.0059361413217139,368,5.356586274672012
15881,312,1.791759469228055,6.2193767104972935,52,0.7672551527136671,1.0,1.0,0.0576253986074556,363,3.970291913552122
15882,199,1.6094379124341003,6.248738957138337,169,0.1625189294977749,1.0,1.0,0.1468530731293895,367,4.248495242049359
15883,2,1.0986122886681096,5.9851446183631625,31,0.676886659688165,1.0,0.0222222222222222,0.3018325188796468,32,4.722953221644475
15885,93,1.3862943611198906,5.9410918814433105,216,0.24412015264687897,1.0,1.0,0.2302488197357118,308,3.6375861597263857
15886,60,0.6931471805599453,5.204501070343752,0,0.0,0.0,0.6666666666666666,0.2535655742447631,59,4.997212273764115
15888,81,0.6931471805599453,5.131731354140141,0,0.0,0.0,0.9,0.2367024107392779,80,4.343805421853684
15889,157,1.0986122886681096,6.104503011733608,212,0.13176927763112334,1.0,1.0,0.1775729008646763,368,4.686750172980514
15891,227,0.6931471805599453,6.2643882485842175,0,0.0,0.0,1.0,0.1200986085575717,226,6.093569770045136
15894,253,1.0986122886681096,5.5780302693501405,115,0.23001643060197174,1.0,1.0,0.1003058601068994,368,4.442651256490317
15895,150,0.6931471805599453,5.1939008496276085,0,0.0,0.0,1.0,0.1813703200353076,149,4.553876891600541
15897,194,1.0986122886681096,5.407395961574274,0,0.0,1.0,1.0,0.147572821190679,193,4.879006851617819
15898,1,1.791759469228055,7.236972691462756,367,0.28290227502801946,1.0,0.0111111111111111,0.3083575499315283,368,4.74493212836325
15899,369,0.6931471805599453,4.047427642434349,0,0.0,0.0,1.0,0.0055263999464215,368,3.6888794541139363
15900,24,0.6931471805599453,5.863943626780142,0,0.0,0.0,0.2666666666666666,0.2826852867262006,23,5.402677381872279
15901,17,1.3862943611198906,5.899568532403445,138,0.3610133455373305,1.0,0.1888888888888888,0.2911893028295401,154,4.859812404361672
15903,10,2.0794415416798357,8.54242419563319,285,0.4881938233057933,1.0,0.1111111111111111,0.3093450144823623,294,5.84437223164817
15904,8,0.6931471805599453,5.110058217087329,0,0.0,0.0,0.0888888888888888,0.2952533785703816,7,4.442651256490317
15906,20,2.0794415416798357,7.357996155136706,235,0.4110989258264204,1.0,0.2222222222222222,0.2962429766615555,254,4.365824660097601
15907,4,1.3862943611198906,6.875696855288249,206,0.25452986513488046,1.0,0.0444444444444444,0.3024787192137958,209,5.139712336371398
15909,174,0.6931471805599453,5.262379259742407,0,0.0,0.0,1.0,0.1621372125810901,173,4.59511985013459
15910,1,2.1972245773362196,7.117351477910972,315,0.5095589991507977,1.0,0.0111111111111111,0.31244007747415,316,4.851053224271791
15912,178,1.0986122886681096,5.582066715972105,54,0.4353180712578455,1.0,1.0,0.1604678153619405,232,4.537961436294641
15916,16,2.1972245773362196,7.33242806619807,350,0.4149438520627081,1.0,0.1777777777777777,0.3008304096751261,365,4.5604342921467
15917,248,0.6931471805599453,4.821087692210561,0,0.0,0.0,1.0,0.1026806532599614,247,3.7612001156935624
15918,191,1.0986122886681096,5.814816863409831,80,0.31508104663989533,1.0,1.0,0.1501393776176155,270,4.350277936359301
15919,20,1.0986122886681096,6.462857835330253,349,0.0824642828799991,1.0,0.2222222222222222,0.2877414891116784,368,5.611301621862036
15920,154,1.6094379124341003,5.126935749792416,0,0.0,1.0,1.0,0.1824513248102774,153,3.248434627109745
15921,173,0.6931471805599453,5.820171947161762,0,0.0,0.0,1.0,0.1631450431307898,172,5.117993812416755
15922,373,0.6931471805599453,5.914853444736142,0,0.0,0.0,1.0,0.0027650147746715,372,4.9344739331306915
15923,373,0.6931471805599453,4.852655068688459,0,0.0,0.0,1.0,0.0024189551147113,372,4.812184355372417
15925,194,0.6931471805599453,5.3382589736409845,0,0.0,0.0,1.0,0.1461161444280379,193,4.543294782270004
15930,67,0.6931471805599453,6.058258335716989,0,0.0,0.0,0.7444444444444445,0.2483011145084576,66,4.941642422609304
15932,4,2.1972245773362196,7.822793226449505,285,0.5520685823000397,1.0,0.0444444444444444,0.3118376044741147,288,5.675468730341594
15933,21,1.3862943611198906,7.010726943606016,65,0.653926467406664,1.0,0.2333333333333333,0.2890422228036967,86,5.69035945432406
15935,239,1.0986122886681096,6.035146448194105,2,2.772588722239781,1.0,1.0,0.1117546598875781,241,4.069026754237811
15937,64,0.6931471805599453,4.986001013137895,0,0.0,0.0,0.7111111111111111,0.2503059984916687,63,4.304065093204169
15938,112,1.791759469228055,6.0053181413965175,211,0.4502602419009964,1.0,1.0,0.2179150077784331,323,3.8918202981106265
15939,90,2.772588722239781,8.718665202103209,241,0.9599516679901711,1.0,1.0,0.2580678927825037,331,5.756374924775372
15940,311,0.6931471805599453,3.6054978451748854,0,0.0,0.0,1.0,0.0520212713114799,310,1.6094379124341003
15942,134,0.6931471805599453,5.8243468240563,0,0.0,0.0,1.0,0.1944304783954042,133,5.4510384535657
15944,277,0.6931471805599453,5.787204082795274,0,0.0,0.0,1.0,0.0797069804323488,276,3.9318256327243257
15945,365,0.6931471805599453,5.204006687076795,0,0.0,0.0,1.0,0.0089130393507537,364,3.970291913552122
15947,83,0.6931471805599453,7.443804106257556,0,0.0,0.0,0.9222222222222224,0.2372964151995262,82,6.80128303447162
15948,8,1.0986122886681096,6.863008927569726,35,0.6190392084062234,1.0,0.0888888888888888,0.2978173263331246,43,5.6507332535663855
15949,17,1.0986122886681096,5.901868013296226,54,0.4353180712578455,1.0,0.1888888888888888,0.2897550952486819,70,4.962844630259907
15950,32,1.6094379124341003,7.476761127694584,327,0.24246782414061255,1.0,0.3555555555555555,0.2825934803365026,359,5.2108513407667605
15951,9,1.0986122886681096,6.56416577459204,276,0.10283024139985862,1.0,0.1,0.2966625610387681,285,5.059425458265688
15952,34,1.6094379124341003,6.694029738646186,191,0.38441169891033206,1.0,0.3777777777777777,0.2796202951981836,224,4.612642200826793
15953,15,2.1972245773362196,7.414801770816047,354,0.46575733836428446,1.0,0.1666666666666666,0.3018199679550152,368,4.722953221644475
15955,24,2.70805020110221,8.393274873346142,348,0.5742859776832164,1.0,0.2666666666666666,0.307148661121653,372,5.033700567027251
15957,32,0.6931471805599453,6.063529362008149,0,0.0,0.0,0.3555555555555555,0.2763792070162564,31,5.356586274672012
15958,74,0.6931471805599453,4.657288140250198,0,0.0,0.0,0.8222222222222222,0.2422260797531,73,3.5263605246161616
15963,20,1.0986122886681096,6.156470381692249,25,0.7672551527136671,1.0,0.2222222222222222,0.2875000524715947,44,5.0106352940962555
15965,17,1.6094379124341003,6.741275574785469,350,0.1582240052148941,1.0,0.1888888888888888,0.293312432083102,366,4.738389029774314
15967,23,1.0986122886681096,6.039849867434441,295,0.09684982598991766,1.0,0.2555555555555555,0.2850195041896652,318,4.66814498514948
15969,3,1.3862943611198906,6.502939959715469,182,0.28357529049912744,1.0,0.0333333333333333,0.3028506747740859,185,3.7455747977904816
15970,304,0.6931471805599453,5.752890048763229,0,0.0,0.0,1.0,0.0580335236897851,303,4.762173934797756
15971,18,2.5649493574615367,8.343042164747578,293,0.7032995520239632,1.0,0.2,0.3087817521124262,310,4.97039183589529
15973,367,0.6931471805599453,5.732758582892719,0,0.0,0.0,1.0,0.0074897994991205,366,4.672828834461906
15974,39,2.0794415416798357,8.14414202904651,249,0.5440040224633094,1.0,0.4333333333333333,0.283678166111983,288,5.781184335724529
15975,84,0.6931471805599453,5.91892073563227,0,0.0,0.0,0.9333333333333332,0.2345853521496825,83,5.497168225293202
15976,165,1.0986122886681096,6.068286689709266,54,0.4353180712578455,1.0,1.0,0.1711330481544233,219,4.93806460126142
15977,17,1.0986122886681096,6.961987749755856,21,0.8602012652231115,1.0,0.1888888888888888,0.2907400990683714,38,6.2324480165505225
15978,77,0.6931471805599453,7.002865438783795,0,0.0,0.0,0.8555555555555555,0.2412392324273455,76,6.790097235513905
15980,89,1.3862943611198906,7.783165681301249,165,0.16612687087397396,1.0,0.9888888888888888,0.2363402689796042,253,6.255750041753367
15981,25,2.1972245773362196,8.134315065980752,286,0.5491078103370076,1.0,0.2777777777777778,0.2962954546998833,310,5.456388921118531
15983,22,1.6094379124341003,7.2971045552041165,351,0.22825865198098017,1.0,0.2444444444444444,0.2902001901126087,373,5.4116460518550396
15984,3,2.3978952727983707,7.951090911604787,365,0.5525652299387559,1.0,0.0333333333333333,0.3159984836134638,367,5.221976133291314
15985,123,1.0986122886681096,7.04177905036834,113,0.2354568115475667,1.0,1.0,0.2058385404238705,236,6.298949246855942
15986,30,0.6931471805599453,5.1306085221219275,0,0.0,0.0,0.3333333333333333,0.2776112304193638,29,5.594711379601839
15987,12,2.0794415416798357,7.280890014259552,356,0.35160593843543503,1.0,0.1333333333333333,0.3024939112322196,368,5.4084521813661635
15988,19,0.6931471805599453,5.069092863667825,0,0.0,0.0,0.2111111111111111,0.2864203561434418,18,5.204006687076795
15990,44,1.0986122886681096,6.675961925760257,243,0.11641035184441119,1.0,0.4888888888888889,0.2687074494719211,286,5.404927101606295
15992,4,0.6931471805599453,3.76096753050819,0,0.0,0.0,0.0444444444444444,0.2982867921589372,3,2.8903717578961645
15993,9,2.0794415416798357,7.93686385141862,35,1.466337068793427,1.0,0.1,0.306822185697905,43,5.683579767338681
15994,55,0.6931471805599453,6.059286733610594,0,0.0,0.0,0.6111111111111112,0.2579274110669302,54,5.181783550292085
15996,88,1.9459101490553132,6.967607838128994,277,0.4315020818911597,1.0,0.9777777777777776,0.2395383479552955,365,4.174387269895637
15998,37,1.791759469228055,8.036240236488123,325,0.31342157065335635,1.0,0.4111111111111111,0.2819088864161338,361,6.014204034077471
16000,3,1.3862943611198906,9.4250242408686,0,0.0,1.0,0.0333333333333333,0.319592070979635,2,7.440929306411889
16003,30,1.791759469228055,7.914387503517288,329,0.24116205681688807,1.0,0.3333333333333333,0.2870176607035686,359,5.472270673671475
16005,12,1.6094379124341003,6.423879880082695,258,0.2090917978585594,1.0,0.1333333333333333,0.2969944405418384,270,4.330733340286331
16006,211,0.6931471805599453,4.628886712605407,0,0.0,0.0,1.0,0.1323288204375748,210,4.442651256490317
16007,48,1.6094379124341003,7.4401114480984,167,0.42899560551835847,1.0,0.5333333333333333,0.2696685082225831,214,5.855787998137071
16008,24,1.3862943611198906,6.173327665501776,180,0.28629990222482926,1.0,0.2666666666666666,0.2857383517394799,204,4.688285092698598
16009,22,1.6094379124341003,6.9014454135860985,137,0.5049690916532779,1.0,0.2444444444444444,0.2895116824210181,159,4.5591262474866845
16010,246,1.3862943611198906,6.012491914300058,116,0.41397579777607296,1.0,1.0,0.1075617317268116,362,4.2626798770413155
16011,8,2.833213344056216,8.120799810480259,357,0.814029072120395,1.0,0.0888888888888888,0.32134973428498,365,4.856901194154213
16012,35,1.3862943611198906,7.255796055544432,119,0.4054651081081644,1.0,0.3888888888888889,0.2782517100933671,154,5.588496319198405
16013,4,3.8712010109078907,10.522223638082181,367,1.1634904260426011,1.0,0.0444444444444444,0.4172602728570383,370,5.803788253735556
16014,38,1.3862943611198906,6.497347978334654,253,0.21205871888971672,1.0,0.4222222222222222,0.2747704980855119,290,4.4923746918427465
16015,4,1.3862943611198906,6.560167492904158,45,0.8347976976229721,1.0,0.0444444444444444,0.302104623039845,48,5.717027701406222
16016,3,2.1972245773362196,7.319705976779256,363,0.4027064856690846,1.0,0.0333333333333333,0.3112306231793009,366,4.363098624788362
16017,47,0.6931471805599453,5.360728626669434,0,0.0,0.0,0.5222222222222223,0.2640373351054151,46,4.634728988229636
16018,39,1.0986122886681096,6.015913227510292,141,0.19290366612449156,1.0,0.4333333333333333,0.2721711043064207,179,4.564348191467836
16019,47,2.302585092994046,8.239392800596635,317,0.5623075796011341,1.0,0.5222222222222223,0.2806230629377044,364,5.265564580076229
16020,17,1.3862943611198906,6.747598263849638,48,0.4776275543563949,1.0,0.1888888888888888,0.2918846911727313,64,5.095793102436563
16022,260,0.6931471805599453,6.4445763086835,0,0.0,0.0,1.0,0.0937761399094299,259,5.568344503761097
16023,46,1.3862943611198906,6.58037557967181,220,0.24116205681688807,1.0,0.5111111111111111,0.2684353683216109,265,4.790265669664771
16024,12,0.6931471805599453,5.530381015236806,0,0.0,0.0,0.1333333333333333,0.2921683886452432,11,5.988961416889864
16025,30,0.6931471805599453,6.0882736030360425,0,0.0,0.0,0.3333333333333333,0.2779988594931431,29,5.82600010738045
16026,43,0.6931471805599453,5.468439815884993,0,0.0,0.0,0.4777777777777778,0.2672804515404693,42,5.497168225293202
16027,92,1.9459101490553132,6.841209411138237,210,0.5370198248568143,1.0,1.0,0.2361498384983499,302,5.2583630510410035
16029,39,4.1588830833596715,11.302523395126636,335,1.4822827369488538,1.0,0.4333333333333333,0.4748118665686076,373,6.460252159527074
16030,310,0.6931471805599453,5.805857599322498,0,0.0,0.0,1.0,0.0532451571764794,309,5.648974238161206
16031,92,1.0986122886681096,6.30980918136658,154,0.1769307081590782,1.0,1.0,0.2298576453743603,246,5.358941988364472
16033,6,3.044522437723423,9.084482320962824,364,0.8759265080187948,1.0,0.0666666666666666,0.336480896587189,369,5.181502611956201
16034,196,1.3862943611198906,6.083815808172169,136,0.36545977349446523,1.0,1.0,0.1477117947350538,332,4.402645921876617
16036,87,1.0986122886681096,6.633213164581927,176,0.15739217375142925,1.0,0.9666666666666668,0.2341680914376849,262,5.883322388488279
16037,270,1.3862943611198906,6.752293740354778,88,0.5153099362133193,1.0,1.0,0.0889492390616697,358,4.967495801435638
16038,8,1.3862943611198906,6.1586301640127346,194,0.26947610795520843,1.0,0.0888888888888888,0.2985625836908577,201,4.410776047959867
16040,65,1.3862943611198906,7.181249680723068,203,0.25894805313597724,1.0,0.7222222222222222,0.2540423029757996,268,5.43372200355424
16041,31,1.3862943611198906,8.060666341057626,110,0.23922968906583414,1.0,0.3444444444444444,0.2839600126796681,140,6.270988431858299
16042,22,1.791759469228055,7.088634128908167,310,0.2548922496287901,1.0,0.2444444444444444,0.2912391028314936,331,5.0238805208462765
16043,38,1.6094379124341003,6.652850126044293,280,0.2787134024690205,1.0,0.4222222222222222,0.2763652304116986,317,4.842216642471293
16045,120,1.6094379124341003,7.201692745596426,170,0.42285685082003355,1.0,1.0,0.2113988198128343,289,5.417210896488447
16048,373,1.0986122886681096,5.550786683244073,0,0.0,1.0,1.0,0.0040390259400494,372,4.290459441148391
16049,40,1.3862943611198906,7.014625654228094,34,0.9985288301111271,1.0,0.4444444444444444,0.2738077622587385,74,5.580986897176273
16050,174,0.6931471805599453,4.933754249760298,0,0.0,0.0,1.0,0.1620600693419834,173,5.631211781821365
16052,54,0.6931471805599453,5.894568109862285,0,0.0,0.0,0.6,0.2586367469590205,53,5.645446897643238
16053,33,1.0986122886681096,7.321816666315659,89,0.2876820724517809,1.0,0.3666666666666666,0.2785585656571606,121,6.799613120362434
16054,145,0.6931471805599453,6.665556321132768,0,0.0,0.0,1.0,0.1862442800445496,144,5.942799375126701
16055,221,0.6931471805599453,4.911183215124596,0,0.0,0.0,1.0,0.1243551092672804,220,3.1354942159291497
16056,45,0.6931471805599453,6.501064419948154,0,0.0,0.0,0.5,0.2662882374034155,44,5.8522024797744745
16057,16,2.0794415416798357,7.724941441452005,268,0.28954600588984364,1.0,0.1777777777777777,0.3004442737952256,284,4.822583062593316
16059,66,1.9459101490553132,7.286780582381662,301,0.40325516245736154,1.0,0.7333333333333333,0.2577552446431221,367,4.683673247476035
16062,10,1.6094379124341003,7.051526564493091,355,0.2259564926908244,1.0,0.1111111111111111,0.2993670532870305,364,5.303304908059076
16063,260,0.6931471805599453,5.818063087688587,0,0.0,0.0,1.0,0.0933579333341393,259,5.572154032177765
16065,365,0.6931471805599453,5.921819677402093,0,0.0,0.0,1.0,0.0091858243537312,364,5.44673737166631
16066,17,1.791759469228055,7.328351991405618,107,0.7472144018302211,1.0,0.1888888888888888,0.2957131713608881,123,5.23750522715128
16070,22,1.0986122886681096,6.748935381973274,9,1.3862943611198906,1.0,0.2444444444444444,0.286440216661031,31,5.4359030295006
16071,45,0.6931471805599453,5.790693846645498,0,0.0,0.0,0.5,0.2658048644908707,44,5.198497031265826
16072,288,0.6931471805599453,6.3721587062242255,0,0.0,0.0,1.0,0.0712534930346707,287,4.948759890378168
16073,297,0.6931471805599453,4.8154311114712876,0,0.0,0.0,1.0,0.0633748411609815,296,3.8918202981106265
16076,3,2.3978952727983707,7.712323075642278,205,0.775064303027832,1.0,0.0333333333333333,0.3151377740541188,208,4.973279507552487
16078,284,0.6931471805599453,4.384523514872469,0,0.0,0.0,1.0,0.0737409797370017,283,2.833213344056216
16079,17,1.3862943611198906,7.210079628170788,23,1.252762968495368,1.0,0.1888888888888888,0.2925998649580769,39,5.666426688112432
16080,82,1.0986122886681096,5.385228738537333,192,0.1444815825552332,1.0,0.9111111111111112,0.2374054128051162,273,4.174387269895637
16081,56,1.791759469228055,7.940192151975948,310,0.32721291120841617,1.0,0.6222222222222222,0.2662641563130842,366,5.6917098934219315
16083,101,1.0986122886681096,7.184341014166175,259,0.1091992919649919,1.0,1.0,0.2237357009404328,360,6.12029741895095
16084,299,0.6931471805599453,6.0803450096018565,0,0.0,0.0,1.0,0.0622184906502696,298,5.37989735354046
16085,23,1.791759469228055,6.890110521808668,297,0.3393540829961018,1.0,0.2555555555555555,0.2901289618460652,320,4.853591544486569
16086,59,1.791759469228055,7.023215619268875,307,0.3290234126082223,1.0,0.6555555555555556,0.2614516381469958,366,4.636668853047462
16091,155,1.0986122886681096,5.755932068980957,43,0.5198754592859085,1.0,1.0,0.1789890173861256,198,4.356708826689592
16092,115,1.3862943611198906,6.707913129070193,139,0.35667494393873234,1.0,1.0,0.2132277431805148,253,5.348693573873104
16093,107,0.6931471805599453,2.8903717578961645,0,0.0,0.0,1.0,0.2156307975515592,106,3.044522437723423
16094,12,1.6094379124341003,6.984003102876341,207,0.25344890080953864,1.0,0.1333333333333333,0.2976551543980218,218,5.092215281088679
16096,264,0.6931471805599453,5.773370724425878,0,0.0,0.0,1.0,0.090128392624546,263,5.049856007249537
16097,240,0.6931471805599453,5.226015454792631,0,0.0,0.0,1.0,0.1091862004902679,239,4.477336814478207
16098,88,2.0794415416798357,7.604211977042565,286,0.4881938233057933,1.0,0.9777777777777776,0.2423226906974183,373,4.483809328983824
16099,50,1.3862943611198906,6.597009266931805,175,0.29479954022064486,1.0,0.5555555555555556,0.2652440709017229,225,4.981320906427481
16101,71,0.6931471805599453,7.16371445923797,0,0.0,0.0,0.7888888888888889,0.2463260364974174,70,6.630683385642372
16102,42,1.3862943611198906,7.519225917888408,86,0.5292593254548287,1.0,0.4666666666666667,0.2732460742038868,128,5.752572638825633
16103,7,1.9459101490553132,7.265877175579781,226,0.5090541441176086,1.0,0.0777777777777777,0.3050383081646722,233,4.543294782270004
16104,62,0.6931471805599453,5.7149202190666575,0,0.0,0.0,0.6888888888888889,0.2521344116511417,61,4.820281565605037
16105,249,0.6931471805599453,5.822927545284644,0,0.0,0.0,1.0,0.1021838038804735,248,5.802118375377063
16106,66,0.6931471805599453,4.694828057918627,0,0.0,0.0,0.7333333333333333,0.2486489449625134,65,4.31748811353631
16107,18,2.0794415416798357,8.072517290105589,165,0.734450986701181,1.0,0.2,0.3001833501564988,182,5.1298987149230735
16108,85,0.6931471805599453,6.737559901986023,0,0.0,0.0,0.9444444444444444,0.2344562750257657,84,6.423246963533519
16109,219,1.0986122886681096,6.418169158208565,89,0.2876820724517809,1.0,1.0,0.128075835797059,308,5.726847747587197
16110,45,1.3862943611198906,7.199289920749408,266,0.2034010725850085,1.0,0.5,0.270119244303882,310,5.502617830060767
16112,143,1.6094379124341003,5.281883060084612,195,0.3794896217049037,1.0,1.0,0.1913151674173118,338,4.973279507552487
16113,183,0.6931471805599453,5.089939267434301,0,0.0,0.0,1.0,0.1548743362000189,182,5.176149732573829
16114,171,0.6931471805599453,4.918154441302091,0,0.0,0.0,1.0,0.1644634172839631,170,3.784189633918261
16115,10,2.1972245773362196,7.419961948665055,282,0.5550622763994525,1.0,0.1111111111111111,0.3058429255482492,292,4.837273478673773
16116,212,0.6931471805599453,6.419636557751217,0,0.0,0.0,1.0,0.1322566871294975,211,5.517452896464707
16117,190,0.6931471805599453,5.451939335203601,0,0.0,0.0,1.0,0.1493604742560091,189,4.875197323201151
16119,8,1.0986122886681096,6.050582151591071,64,0.38441169891033206,1.0,0.0888888888888888,0.2970580564216502,72,4.795790545596741
16120,59,1.6094379124341003,7.1778892807139885,0,0.0,1.0,0.6555555555555556,0.260284248531005,58,5.395897694886901
16121,57,1.0986122886681096,6.7663184347416205,158,0.17384692980298241,1.0,0.6333333333333333,0.2583867060662117,215,5.683579767338681
16122,73,1.6094379124341003,6.530031789055632,293,0.26786238016357866,1.0,0.8111111111111111,0.2481625010384962,366,5.645446897643238
16123,52,0.6931471805599453,5.732629049213781,0,0.0,0.0,0.5777777777777777,0.2601635391897212,51,5.14166355650266
16124,317,0.6931471805599453,5.521460917862246,0,0.0,0.0,1.0,0.0475127845809141,316,3.8918202981106265
16125,367,0.6931471805599453,5.671087091818059,0,0.0,0.0,1.0,0.0074634331847922,366,4.8283137373023015
16126,29,1.6094379124341003,8.74652078208272,267,0.2904871233793895,1.0,0.3222222222222222,0.2914555189233158,296,6.2771133037735884
16127,39,0.6931471805599453,6.488064463609991,0,0.0,0.0,0.4333333333333333,0.2710887949467355,38,5.780743515792329
16128,18,1.791759469228055,7.53967578152618,264,0.37351350830156205,1.0,0.2,0.2954225845020983,282,5.291292751611072
16131,52,1.9459101490553132,8.162670216045587,188,0.3911791508606879,1.0,0.5777777777777777,0.2719068700090613,239,5.708217071724067
16133,4,3.5263605246161616,9.588094383116912,314,1.2992829841302609,1.0,0.0444444444444444,0.3649860270246121,317,5.599543664107575
16134,22,1.0986122886681096,6.428250657915328,337,0.0850370426859121,1.0,0.2444444444444444,0.2861060910772909,358,5.2284312390838705
16135,263,0.6931471805599453,6.251036455035743,0,0.0,0.0,1.0,0.0912116533880578,262,5.3471075307174685
16136,60,1.3862943611198906,6.5658000381285,217,0.243126050901548,1.0,0.6666666666666666,0.2571905327526933,277,4.994957481377026
16139,19,1.3862943611198906,6.455843009727984,187,0.27698678333503296,1.0,0.2111111111111111,0.2899726395532424,206,4.709530201312334
16140,66,1.0986122886681096,6.587797917978568,305,0.09352605801082345,1.0,0.7333333333333333,0.2509648466625773,370,5.902633333401366
16141,88,0.6931471805599453,6.431974996958947,0,0.0,0.0,0.9777777777777776,0.2317328054818304,87,5.476463551931511
16142,250,0.6931471805599453,6.284768288327816,0,0.0,0.0,1.0,0.1016648564746834,249,6.0473721790462776
16143,3,1.9459101490553132,7.793974357128903,365,0.3434734320801965,1.0,0.0333333333333333,0.3096676760442884,368,5.03803426828437
16144,247,0.6931471805599453,5.171619713502079,0,0.0,0.0,1.0,0.1035571661456081,246,2.833213344056216
16145,9,2.4849066497880004,8.242885284769901,351,0.6177234187427034,1.0,0.1,0.3139940744115896,359,5.652170150117596
16146,157,1.3862943611198906,6.600047354321349,74,0.5877866649021191,1.0,1.0,0.1794183772683814,231,4.965172920019499
16147,134,0.6931471805599453,5.929589143389895,0,0.0,0.0,1.0,0.1944840960871298,133,5.5093883366279774
16148,296,0.6931471805599453,4.34795265434013,0,0.0,0.0,1.0,0.0641112000270965,295,4.290459441148391
16149,5,1.0986122886681096,5.640203493013329,137,0.19671029424605416,1.0,0.0555555555555555,0.2992605664230318,141,5.043425116919247
16150,43,1.791759469228055,7.627554127539443,329,0.3101549283038395,1.0,0.4777777777777778,0.2756157842087128,371,5.349010480863555
16152,269,0.6931471805599453,7.512093103520083,0,0.0,0.0,1.0,0.0882709987832971,268,6.466144724237619
16153,50,1.791759469228055,7.5094612854730665,305,0.33177739231700515,1.0,0.5555555555555556,0.2696742083990267,354,5.3734248390348425
16156,9,2.302585092994046,8.046562165398301,302,0.5848389840647765,1.0,0.1,0.3101561868595226,310,4.9858871244070615
16157,16,1.3862943611198906,6.488733695691184,56,0.7191226669632059,1.0,0.1777777777777777,0.292409434314102,72,4.75932086581535
16159,282,0.6931471805599453,5.855644823965447,0,0.0,0.0,1.0,0.0757292609821068,281,5.4680601411351315
16160,65,1.0986122886681096,6.933851783703411,20,0.9162907318741551,1.0,0.7222222222222222,0.2521956131791774,85,6.366470447731438
16161,2,2.995732273553991,8.626327377813633,367,0.9047806020605663,1.0,0.0222222222222222,0.3336276786248376,368,4.9257269673034045
16162,252,0.6931471805599453,3.648057459593681,0,0.0,0.0,1.0,0.0993497585537624,251,1.6094379124341003
16163,232,1.0986122886681096,6.754137790316538,132,0.2034010725850085,1.0,1.0,0.1179973712688697,364,4.574710978503383
16164,17,1.3862943611198906,6.713539262741108,25,1.2237754316221157,1.0,0.1888888888888888,0.2918439639963487,42,4.979029954680925
16168,11,3.332204510175204,8.239751836694179,359,1.1004675767698557,1.0,0.1222222222222222,0.335339330288128,369,4.263722630003371
16169,8,1.6094379124341003,7.5087707231305965,67,0.851553185957342,1.0,0.0888888888888888,0.3019268425960951,75,5.805887697593355
16170,51,1.9459101490553132,7.542239973976665,197,0.5639354490799391,1.0,0.5666666666666667,0.2703942978921802,247,5.69035945432406
16171,59,0.6931471805599453,4.3067641501733345,0,0.0,0.0,0.6555555555555556,0.2542136980329879,58,3.2188758248682006
16172,95,1.791759469228055,7.039844382006876,146,0.48022518331727365,1.0,1.0,0.2326014987461081,241,5.0651234793803255
16173,16,1.9459101490553132,7.257933162659462,82,1.0321978457691026,1.0,0.1777777777777777,0.2978028972891601,97,4.572991287623856
16174,126,1.3862943611198906,6.918250016074778,25,1.2237754316221157,1.0,1.0,0.2046778552843749,151,5.384495062789089
16175,94,1.6094379124341003,6.945619303018016,145,0.48022518331727365,1.0,1.0,0.2318217388718544,239,4.899703733388974
16177,50,0.6931471805599453,5.807992328556631,0,0.0,0.0,0.5555555555555556,0.2618023204490658,49,4.564348191467836
16178,138,0.6931471805599453,5.292802185859927,0,0.0,0.0,1.0,0.1910227259543143,137,4.553876891600541
16179,61,0.6931471805599453,5.379113636376126,0,0.0,0.0,0.6777777777777778,0.2528130272896128,60,4.605170185988092
16180,100,2.1972245773362196,9.235538222765896,152,0.7812544480702122,1.0,1.0,0.2459074079425968,252,6.599019797332524
16181,73,0.6931471805599453,5.725348252570762,0,0.0,0.0,0.8111111111111111,0.243315421756408,72,5.030437921392435
16182,72,1.6094379124341003,8.797646700642568,222,0.3403258059372029,1.0,0.8,0.2574344509672157,294,6.85514532870984
16183,67,0.6931471805599453,5.828092312472438,0,0.0,0.0,0.7444444444444445,0.2481756068551959,66,4.736198448394496
16184,64,1.9459101490553132,7.055994233228931,147,0.7032995520239632,1.0,0.7111111111111111,0.2589297389467475,210,4.548599834499697
16185,17,1.0986122886681096,6.273650292389248,215,0.1300531282481978,1.0,0.1888888888888888,0.289990193695175,232,4.875197323201151
16186,23,2.5649493574615367,8.296032672592768,349,0.5717863235556779,1.0,0.2555555555555555,0.3044956738339193,371,5.532071096974262
16187,32,2.772588722239781,8.841077965865253,252,0.7819685127948146,1.0,0.3555555555555555,0.3057288775665385,283,5.821664270867699
16188,45,1.6094379124341003,6.890466688844595,198,0.37469344944141064,1.0,0.5,0.2710469959563488,242,5.280662431309316
16189,16,1.0986122886681096,5.3774981644224775,69,0.35667494393873234,1.0,0.1777777777777777,0.2903441910402918,84,4.219507705176107
16190,40,0.6931471805599453,5.37564870948436,0,0.0,0.0,0.4444444444444444,0.2696568764348999,39,4.48863636973214
16191,3,2.639057329615259,8.552853728502956,357,0.5620071800674984,1.0,0.0333333333333333,0.3236491714689866,360,5.555936663631302
16193,237,0.6931471805599453,5.754000190816819,0,0.0,0.0,1.0,0.1117773388301841,236,5.393627546352361
16198,75,0.6931471805599453,5.995658241267266,0,0.0,0.0,0.8333333333333334,0.2418469594645145,74,4.867534450455582
16200,4,1.0986122886681096,6.986215196242001,159,0.17185025692665923,1.0,0.0444444444444444,0.3012048650757365,163,5.570251082031678
16201,3,1.6094379124341003,7.530732109384843,106,0.61467556511845,1.0,0.0333333333333333,0.3059953523869586,109,5.776103136235827
16202,361,0.6931471805599453,5.903370766348874,0,0.0,0.0,1.0,0.0123846448097053,360,5.2574953720277815
16203,59,1.6094379124341003,6.386710955021814,313,0.25202189205289666,1.0,0.6555555555555556,0.2592618008334145,371,4.197201947661808
16204,23,0.6931471805599453,6.008100400759408,0,0.0,0.0,0.2555555555555555,0.2835653684145447,22,5.44673737166631
16205,31,1.6094379124341003,6.636445119047319,148,0.47251724598605155,1.0,0.3444444444444444,0.2819622026329251,179,4.869455680633476
16206,55,1.6094379124341003,6.287970078106996,272,0.28493103907989104,1.0,0.6111111111111112,0.2623906442060982,327,4.23410650459726
16207,25,0.6931471805599453,5.979847327767791,0,0.0,0.0,0.2777777777777778,0.2819449165258538,24,4.948759890378168
16208,45,1.0986122886681096,6.500177941687698,244,0.11551288712184428,1.0,0.5,0.2677228018645436,288,5.120983351265121
16209,89,1.791759469228055,7.724720580712637,157,0.5650260806636703,1.0,0.9888888888888888,0.2390165969049366,246,5.46721590300985
16210,2,2.9444389791664403,9.956426242517605,372,0.8286926725561692,1.0,0.0222222222222222,0.3543341802264587,373,6.042500864035209
16211,89,0.6931471805599453,6.306311782632405,0,0.0,0.0,0.9888888888888888,0.2308259149476235,88,5.043425116919247
16212,19,1.0986122886681096,6.538631743276411,264,0.10763066419236542,1.0,0.2111111111111111,0.2886156465875448,282,4.812184355372417
16213,79,0.6931471805599453,5.075173815233827,0,0.0,0.0,0.8777777777777778,0.2382933985928991,78,3.8918202981106265
16214,171,1.3862943611198906,6.969555679887584,98,0.4737843520856416,1.0,1.0,0.1686575427212833,268,4.948759890378168
16215,81,0.6931471805599453,5.494500736279464,0,0.0,0.0,0.9,0.2368081043999637,80,4.653960350157523
16216,267,0.6931471805599453,6.819939942540059,0,0.0,0.0,1.0,0.0885703655646802,266,5.541263545158426
16217,235,1.0986122886681096,5.721131112990814,46,0.49365782014362525,1.0,1.0,0.1148024628886097,281,3.839452312593311
16218,30,2.0794415416798357,8.034527333444103,343,0.36189385981452415,1.0,0.3333333333333333,0.2903871214887874,373,5.7013986833009245
16221,37,1.3862943611198906,6.763723232676042,330,0.1665891846083028,1.0,0.4111111111111111,0.2758616815910117,366,5.480638923341991
16222,318,0.6931471805599453,6.742550392588373,0,0.0,0.0,1.0,0.0475639034427938,317,5.902633333401366
16224,57,1.6094379124341003,7.167269331605997,192,0.38441169891033206,1.0,0.6333333333333333,0.2618687697141385,249,5.634789603169249
16225,45,1.791759469228055,7.000626122386744,232,0.32661386965695594,1.0,0.5,0.2726457967176105,277,4.601162164590552
16226,203,1.3862943611198906,5.545646084650602,32,1.0560526742493137,1.0,1.0,0.1418361846744262,234,4.174387269895637
16227,225,0.6931471805599453,5.753270807747395,0,0.0,0.0,1.0,0.1214026789495338,224,4.51085950651685
16229,87,1.0986122886681096,6.91928851479581,125,0.2151113796169455,1.0,0.9666666666666668,0.2345273699428363,212,5.075173815233827
16230,190,1.0986122886681096,6.297164567026571,30,0.676886659688165,1.0,1.0,0.1512381555352555,219,5.212214667494625
16232,44,1.6094379124341003,6.89960213222575,171,0.29924289485285693,1.0,0.4888888888888889,0.2718620112339142,214,4.930870325627393
16233,71,1.3862943611198906,6.287263587661711,295,0.18514243313559597,1.0,0.7888888888888889,0.2481204704505931,365,4.07753744390572
16235,41,1.791759469228055,6.766548793757163,291,0.34426954708124463,1.0,0.4555555555555555,0.2755274362650518,331,4.204692619390966
16236,78,0.6931471805599453,6.071199515126835,0,0.0,0.0,0.8666666666666667,0.2394855363891027,77,5.220355825078325
16239,57,1.0986122886681096,6.028760331851679,132,0.2034010725850085,1.0,0.6333333333333333,0.2577401674943423,189,4.74493212836325
16240,24,1.0986122886681096,8.221425182381026,53,0.4485486942444761,1.0,0.2666666666666666,0.2889281418871501,76,6.711131937477322
16241,10,2.639057329615259,7.8666724563751735,360,0.6505875661411493,1.0,0.1111111111111111,0.3143616861031817,369,4.72534352498506
16242,8,2.0794415416798357,8.189857885621135,268,0.5123115081404152,1.0,0.0888888888888888,0.3087743928173872,276,5.649477129798659
16243,34,1.0986122886681096,6.016401032398013,21,0.8873031950009028,1.0,0.3777777777777777,0.2761820849978023,54,4.02535169073515
16244,212,1.0986122886681096,7.328929680795481,160,0.17086906306216681,1.0,1.0,0.1349910951842785,372,6.060290738037835
16245,24,1.3862943611198906,7.254644498519316,233,0.22913415545136673,1.0,0.2666666666666666,0.287072912645773,256,5.82600010738045
16247,170,0.6931471805599453,4.749789875598035,0,0.0,0.0,1.0,0.1652353071497332,169,5.209486152841421
16248,62,0.6931471805599453,5.036562916106171,0,0.0,0.0,0.6888888888888889,0.2519211114515242,61,4.3694478524670215
16249,53,1.791759469228055,7.496136211716589,186,0.49573913073261056,1.0,0.5888888888888889,0.2672333023774597,238,5.25227342804663
16250,261,1.0986122886681096,5.967274308306765,112,0.23732818630616614,1.0,1.0,0.0940684584360638,373,4.653960350157523
16253,67,1.0986122886681096,8.21198781204284,188,0.1473247147568584,1.0,0.7444444444444445,0.2543862856910258,254,7.388637026375056
16255,17,2.1972245773362196,7.871276864694926,348,0.471077550952672,1.0,0.1888888888888888,0.3015868667021173,364,5.40211416022968
16256,267,0.6931471805599453,6.624636113950167,0,0.0,0.0,1.0,0.08833839338935,266,6.366470447731438
16257,177,0.6931471805599453,3.8701588013294472,0,0.0,0.0,1.0,0.159523819187553,176,1.0986122886681096
16258,45,1.791759469228055,8.557280836367838,173,0.5245244681241525,1.0,0.5,0.2785088970178824,218,6.3965962663149085
16260,51,0.6931471805599453,6.9435566914455205,0,0.0,0.0,0.5666666666666667,0.2620044424906773,50,5.7430031878094825
16261,17,1.6094379124341003,6.617175679416844,228,0.3314690992306049,1.0,0.1888888888888888,0.2931713787252905,245,4.350277936359301
16265,9,2.302585092994046,8.60300384782935,355,0.46470794167102514,1.0,0.1,0.3134751162672491,364,5.68697535633982
16266,74,2.0794415416798357,6.760287220618741,132,0.7550977694214839,1.0,0.8222222222222222,0.2519199242626389,205,4.057976918051225
16268,71,1.0986122886681096,6.5052607543188055,0,0.0,1.0,0.7888888888888889,0.2468720261877392,70,5.589119566336061
16270,353,0.6931471805599453,7.040746525754151,0,0.0,0.0,1.0,0.0199094706408071,352,6.535241271013659
16271,3,1.791759469228055,7.265597541339543,355,0.2904871233793895,1.0,0.0333333333333333,0.3068108866074086,357,5.340418542566672
16272,117,0.6931471805599453,6.022720936758536,0,0.0,0.0,1.0,0.2081728497470911,116,5.41610040220442
16274,373,0.6931471805599453,5.883183103022492,0,0.0,0.0,1.0,0.0027485269062095,372,5.049856007249537
16275,197,0.6931471805599453,6.329489149614112,0,0.0,0.0,1.0,0.1442132425507074,196,5.820082930352362
16276,177,0.6931471805599453,6.69900760795166,0,0.0,0.0,1.0,0.1606139456594968,176,6.042632833682381
16278,100,0.6931471805599453,6.34102927325157,0,0.0,0.0,1.0,0.2220300223439474,99,4.74493212836325
16279,21,1.3862943611198906,7.320248962019425,155,0.32721291120841617,1.0,0.2333333333333333,0.2896162575799659,176,5.864577697202128
16281,72,0.6931471805599453,7.6319455965067835,0,0.0,0.0,0.8,0.2466250301194467,71,6.840546529288687
16282,340,0.6931471805599453,5.13167228913909,0,0.0,0.0,1.0,0.0289483857688799,339,4.74493212836325
16283,6,1.791759469228055,7.359983100544423,202,0.4644463441808693,1.0,0.0666666666666666,0.3046065636542568,207,5.514234872770507
16284,31,1.0986122886681096,6.715347022037144,19,0.9473813189441862,1.0,0.3444444444444444,0.2791807377801277,49,5.60947179518496
16287,170,0.6931471805599453,4.966335035199676,0,0.0,0.0,1.0,0.1652751920886792,169,5.700443573390686
16292,122,0.6931471805599453,5.7145575478241595,0,0.0,0.0,1.0,0.2040059123778337,121,5.2574953720277815
16293,22,2.3978952727983707,7.718681050744145,345,0.36013715166720317,1.0,0.2444444444444444,0.2999174887934748,366,4.597138014290827
16295,10,1.6094379124341003,7.192595818099261,54,0.9694005571881035,1.0,0.1111111111111111,0.2996167695493721,64,5.353042266237283
16297,269,0.6931471805599453,5.713402718033191,0,0.0,0.0,1.0,0.0860909742427823,268,5.332718793265369
16298,23,1.3862943611198906,6.3955954322030095,164,0.31177962403084136,1.0,0.2555555555555555,0.2867109653441619,186,4.204692619390966
16302,127,0.6931471805599453,5.4562608446139915,0,0.0,0.0,1.0,0.1998966754105877,126,5.0689042022202315
16303,26,1.3862943611198906,8.587023312312065,307,0.17798315519535646,1.0,0.2888888888888888,0.2911030174439086,332,6.788220710286947
16305,139,0.6931471805599453,5.8922517620363895,0,0.0,0.0,1.0,0.190453729659496,138,5.54907608489522
16306,214,1.9459101490553132,6.450896871486089,153,0.6800750989925926,1.0,1.0,0.137857264933283,366,4.408749704814635
16308,38,1.6094379124341003,7.848153086199526,223,0.33774693405321343,1.0,0.4222222222222222,0.2789147973339225,260,7.601402334583733
16309,106,1.0986122886681096,6.56183656455249,134,0.20202662787328698,1.0,1.0,0.2188527189979717,240,5.457455587886334
16311,18,1.0986122886681096,6.425290328985104,31,0.661398482245365,1.0,0.2,0.289312034863449,48,5.288267030694535
16313,3,1.0986122886681096,5.617316403505768,46,0.5020919437972361,1.0,0.0333333333333333,0.3008557511886251,49,4.42484663185681
16315,331,0.6931471805599453,5.426578646492048,0,0.0,0.0,1.0,0.0362505332548332,330,4.330733340286331
16316,64,2.1972245773362196,7.986134247619265,293,0.4776275543563949,1.0,0.7111111111111111,0.2643417111669455,357,5.2284312390838705
16317,120,1.3862943611198906,7.202400551985058,177,0.2904871233793895,1.0,1.0,0.2099647692592947,296,5.69597429220839
16318,35,0.6931471805599453,5.796513573913886,0,0.0,0.0,0.3888888888888889,0.2738289814304631,34,5.298317366548036
16319,218,0.6931471805599453,6.004874234017899,0,0.0,0.0,1.0,0.127146386062466,217,4.290459441148391
16320,172,1.0986122886681096,6.946456626519212,40,0.5491078103370076,1.0,1.0,0.1663853224982777,212,5.905361848054571
16321,72,1.791759469228055,5.92599225681032,251,0.21433997304745023,1.0,0.8,0.2499564160487872,323,3.332204510175204
16322,1,1.0986122886681096,5.792251122643809,35,0.6190392084062234,1.0,0.0111111111111111,0.3025351168722445,35,4.757891273005756
16323,196,0.6931471805599453,5.339939041238856,0,0.0,0.0,1.0,0.1445123659855493,195,3.9318256327243257
16324,128,1.3862943611198906,6.0630407455972035,48,0.4776275543563949,1.0,1.0,0.2022443730403762,176,4.553876891600541
16325,47,1.3862943611198906,6.38896468556185,198,0.2635232369750453,1.0,0.5222222222222223,0.2674539754622935,245,4.1845914400698785
16326,6,2.70805020110221,8.043008031745238,328,0.7391835202482866,1.0,0.0666666666666666,0.3197238205310902,334,3.944351892543506
16327,14,1.9459101490553132,8.254586097468055,355,0.352440639799944,1.0,0.1555555555555555,0.3028701987494626,369,6.06262174142431
16330,18,1.3862943611198906,5.533033694214862,94,0.2744368457017603,1.0,0.2,0.2902273242568964,111,3.912023005428146
16332,28,2.0794415416798357,7.374127321993823,277,0.5006658847068662,1.0,0.3111111111111111,0.2898622804248144,304,4.748651909465782
16333,8,3.1354942159291497,10.189711061801596,302,0.7848385385621385,1.0,0.0888888888888888,0.3631721533340666,309,7.288865596219625
16337,37,0.6931471805599453,5.024209414123374,0,0.0,0.0,0.4111111111111111,0.2719718893725139,36,4.477336814478207
16338,157,0.6931471805599453,5.374352052824034,0,0.0,0.0,1.0,0.1758062093493187,156,4.553876891600541
16339,284,0.6931471805599453,4.709079649378603,0,0.0,0.0,1.0,0.0737848760101796,283,3.1780538303479458
16340,107,0.6931471805599453,6.310045542855303,0,0.0,0.0,1.0,0.2163903386920386,106,6.218600119691729
16341,25,1.6094379124341003,7.587244614343444,176,0.291910408561302,1.0,0.2777777777777778,0.2885030368483878,200,5.859360706474645
16342,75,1.6094379124341003,5.778920868124441,104,0.6234672599219555,1.0,0.8333333333333334,0.2460414460578375,179,3.6951100038645723
16343,16,1.0986122886681096,5.917495026907807,0,0.0,1.0,0.1777777777777777,0.2905654568075298,15,4.590056548178043
16344,158,0.6931471805599453,4.625952725170619,0,0.0,0.0,1.0,0.1748417611652084,157,2.9444389791664403
16345,44,0.6931471805599453,6.356819213038024,0,0.0,0.0,0.4888888888888889,0.2669626989555471,43,5.66988092298052
16347,11,1.0986122886681096,6.789703457206,25,0.7884573603642702,1.0,0.1222222222222222,0.2953144230710985,35,5.178970608915471
16348,32,2.0794415416798357,7.2933237553758445,207,0.5429949066993823,1.0,0.3555555555555555,0.2864770685415611,239,4.770684624465665
16349,291,0.6931471805599453,3.9982007016691985,0,0.0,0.0,1.0,0.0680893191832405,290,2.302585092994046
16350,21,1.6094379124341003,7.018822480489789,312,0.25344890080953864,1.0,0.2333333333333333,0.2904904914671826,333,4.92180408038964
16351,333,0.6931471805599453,5.042779747422823,0,0.0,0.0,1.0,0.034542802727375,332,4.51085950651685
16352,18,1.0986122886681096,6.205446256629806,20,0.9162907318741551,1.0,0.2,0.2891381342456108,37,5.017279836814924
16353,4,3.1780538303479458,8.806380630235296,366,0.9389821430762257,1.0,0.0444444444444444,0.3393355146592416,369,4.479804123896665
16354,63,1.0986122886681096,5.983432375410718,9,1.3862943611198906,1.0,0.7,0.2529010668818907,72,4.330733340286331
16356,198,1.3862943611198906,5.360211770085627,79,0.5596157879354227,1.0,1.0,0.1457849968228193,277,3.4657359027997265
16357,33,1.3862943611198906,6.492058000307724,180,0.2876820724517809,1.0,0.3666666666666666,0.2787761969489012,213,4.418840607796598
16358,1,1.6094379124341003,7.615051882646502,183,0.3999856423435388,1.0,0.0111111111111111,0.3078337867444058,183,5.788429948716486
16359,7,2.302585092994046,7.468467608353334,324,0.5543107357057295,1.0,0.0777777777777777,0.3098031622326125,331,4.886163270289075
16360,5,1.9459101490553132,8.164376509090179,83,1.024504316514388,1.0,0.0555555555555555,0.3096159556196824,87,5.881463651893654
16361,10,1.6094379124341003,6.799791377454196,61,0.8967461358011848,1.0,0.1111111111111111,0.2990002374705823,70,4.665794807804526
16362,32,1.791759469228055,6.600917569890576,58,0.7015860492058099,1.0,0.3555555555555555,0.2825574839581455,90,4.26549281841793
16363,53,0.6931471805599453,4.703747749349085,0,0.0,0.0,0.5888888888888889,0.2590781514198018,52,3.970291913552122
16364,12,1.0986122886681096,6.562500589272956,125,0.21357410029805896,1.0,0.1333333333333333,0.2942544594515954,136,4.948759890378168
16365,18,2.302585092994046,7.340459348477051,349,0.4700036292457356,1.0,0.2,0.3006791396337279,366,4.04305126783455
16366,19,0.6931471805599453,5.793927824507547,0,0.0,0.0,0.2111111111111111,0.2866619926364764,18,5.54907608489522
16367,37,1.0986122886681096,6.69145078789068,325,0.0882926071456783,1.0,0.4111111111111111,0.2743400954449107,362,5.782285536144145
16368,2,1.0986122886681096,6.211463158278113,25,0.7672551527136671,1.0,0.0222222222222222,0.3019766271325673,27,4.875197323201151
16369,18,1.3862943611198906,7.349012151188359,178,0.2904871233793895,1.0,0.2,0.2920855998214257,196,5.846438775057724
16370,82,1.6094379124341003,7.186568135964853,142,0.4881938233057933,1.0,0.9111111111111112,0.241851352960764,224,5.092215281088679
16372,33,1.0986122886681096,5.910606924147827,0,0.0,1.0,0.3666666666666666,0.2769254529924148,33,4.430816798843313
16374,66,1.0986122886681096,6.161270610831517,196,0.14242034004176862,1.0,0.7333333333333333,0.2506048972225189,261,4.795790545596741
16376,9,1.0986122886681096,6.895692819154136,8,1.466337068793427,1.0,0.1,0.2970605396403699,16,5.8522024797744745
16377,267,0.6931471805599453,6.51796665025898,0,0.0,0.0,1.0,0.0882295734575013,266,7.313886831633462
16378,247,1.3862943611198906,5.897016495564267,63,0.6690496289808848,1.0,1.0,0.1066959966253111,310,4.499809670330265
16379,4,1.6094379124341003,7.677122485453491,74,0.7958013346200287,1.0,0.0444444444444444,0.3056128046202626,78,5.867883485336628
16380,61,0.6931471805599453,7.485261502995209,0,0.0,0.0,0.6777777777777778,0.255046755173118,60,7.329749689041512
16383,75,1.0986122886681096,6.506322031987343,193,0.14378789279171167,1.0,0.8333333333333334,0.2436644835779726,267,5.474369310328396
16384,90,1.0986122886681096,6.372466183037772,174,0.15906469462968736,1.0,1.0,0.2315126860987942,263,4.875197323201151
16385,60,1.3862943611198906,6.322367733889242,306,0.17904823144898546,1.0,0.6666666666666666,0.2569714225422846,365,4.477336814478207
16386,29,1.0986122886681096,5.762680115903686,225,0.125163142954006,1.0,0.3222222222222222,0.2800615909978121,253,4.727387818712341
16387,323,0.6931471805599453,4.55765920331704,0,0.0,0.0,1.0,0.0424791984966656,322,3.8066624897703196
16389,53,1.6094379124341003,7.2320609449898114,229,0.3302416868705768,1.0,0.5888888888888889,0.265201191867892,282,5.741399338227508
16392,270,0.6931471805599453,5.403532871692347,0,0.0,0.0,1.0,0.0851736199790667,269,5.318119993844216
16393,2,2.639057329615259,8.021981696860243,366,0.6835646294789491,1.0,0.0222222222222222,0.321404537992396,368,4.805910809075179
16394,57,1.791759469228055,7.350092189866152,232,0.41542960336759616,1.0,0.6333333333333333,0.2636753889940745,289,6.257284372702628
16395,61,1.791759469228055,7.305121008833652,270,0.36772478012531734,1.0,0.6777777777777778,0.2603691333016982,330,5.6910349018336985
16398,154,1.0986122886681096,7.4423755513138445,99,0.26469255422708216,1.0,1.0,0.1817764670889042,253,5.940171252720432
16399,19,1.0986122886681096,6.015107828855458,216,0.1300531282481978,1.0,0.2111111111111111,0.2882134139731277,234,4.890349128221754
16400,95,0.6931471805599453,5.720082242069654,0,0.0,0.0,1.0,0.2256660646239415,94,5.153291594497779
16401,1,2.5649493574615367,8.318576385278623,326,0.6992634075773815,1.0,0.0111111111111111,0.3222731795336436,327,5.782285536144145
16402,265,1.0986122886681096,5.705780477318874,104,0.25131442828090605,1.0,1.0,0.0907316537925979,368,4.324132656254979
16403,312,0.6931471805599453,5.184588601219694,0,0.0,0.0,1.0,0.0514214120109346,311,4.74493212836325
16404,70,0.6931471805599453,6.095937168704513,0,0.0,0.0,0.7777777777777778,0.2459181372922746,69,5.062595033026967
16405,302,1.0986122886681096,5.125450968524837,7,1.55814461804655,1.0,1.0,0.0608635769927715,309,4.548599834499697
16406,19,0.6931471805599453,5.100293166026791,0,0.0,0.0,0.2111111111111111,0.2864275508496797,18,4.812184355372417
16407,13,2.3978952727983707,7.662904955183649,299,0.5877866649021191,1.0,0.1444444444444444,0.306962496907476,311,4.730921391293652
16409,36,1.791759469228055,7.61573195698808,281,0.3556067579728234,1.0,0.4,0.281196297111899,316,5.569107571329599
16411,19,1.0986122886681096,5.373656723093852,349,0.08223809823697208,1.0,0.2111111111111111,0.2879365890854968,368,4.204692619390966
16412,54,0.6931471805599453,5.029326192539745,0,0.0,0.0,0.6,0.2583366392025918,53,4.304065093204169
16413,57,0.6931471805599453,5.572914199451162,0,0.0,0.0,0.6333333333333333,0.2560877775917766,56,5.003946305945459
16414,22,1.0986122886681096,4.846153655430632,258,0.10959862641289439,1.0,0.2444444444444444,0.2854039791098178,279,2.6741486494265287
16415,44,0.6931471805599453,5.3535155270127985,0,0.0,0.0,0.4888888888888889,0.2664415681104639,43,5.236441962829949
16416,27,1.3862943611198906,6.958828549166138,29,1.0986122886681096,1.0,0.3,0.2841493617474115,55,5.41610040220442
16418,45,1.3862943611198906,6.516592404584731,181,0.28493103907989104,1.0,0.5,0.2691739255701875,225,4.574710978503383
16419,113,1.9459101490553132,6.880620436574819,199,0.4718862780603521,1.0,1.0,0.2193586077800331,311,4.299550412849643
16422,17,3.9512437185814275,10.454074128115597,351,1.6105736308980279,1.0,0.1888888888888888,0.4090820901013268,368,6.495058200751645
16423,25,0.6931471805599453,5.849670541490095,0,0.0,0.0,0.2777777777777778,0.2818760243585834,24,5.442417710521793
16424,191,0.6931471805599453,4.902010196224638,0,0.0,0.0,1.0,0.1484175102641371,190,4.48863636973214
16425,302,0.6931471805599453,5.716040372051703,0,0.0,0.0,1.0,0.0596215280243513,301,5.298317366548036
16426,2,2.3978952727983707,7.554465773768493,273,0.5049690916532779,1.0,0.0222222222222222,0.3154738560096949,275,4.8307108619020225
16427,263,1.0986122886681096,5.489185629310458,21,0.8873031950009028,1.0,1.0,0.0922523647835022,283,4.3694478524670215
16429,106,0.6931471805599453,5.654417145110872,0,0.0,0.0,1.0,0.2168148698536667,105,2.302585092994046
16430,57,0.6931471805599453,5.709930205242435,0,0.0,0.0,0.6333333333333333,0.2561429512814782,56,4.6443908991413725
16431,213,1.3862943611198906,6.467403651518229,84,0.3053816495511818,1.0,1.0,0.1343682299471946,296,5.0238805208462765
16432,64,0.6931471805599453,5.664348405410794,0,0.0,0.0,0.7111111111111111,0.2505087778609342,63,5.6240175061873385
16433,28,0.6931471805599453,5.221760243825881,0,0.0,0.0,0.3111111111111111,0.2792385486844444,27,4.672828834461906
16434,29,2.0794415416798357,7.328601489128603,270,0.5108256237659907,1.0,0.3222222222222222,0.2889588587668294,299,4.705661724534414
16438,6,1.791759469228055,6.683798897410901,76,0.9393983068843046,1.0,0.0666666666666666,0.3035038607216074,81,4.539030383483547
16440,8,1.791759469228055,8.20019764662707,206,0.4572413776318843,1.0,0.0888888888888888,0.3059570543598757,214,6.002898924733645
16441,67,1.0986122886681096,5.945944031806173,224,0.1256882151634967,1.0,0.7444444444444445,0.2496716689244053,290,4.471638793363569
16442,2,1.3862943611198906,6.426148593885366,359,0.15454853143385885,1.0,0.0222222222222222,0.3035824227471159,360,5.0084105990741445
16444,46,1.6094379124341003,6.485657613592114,218,0.3456047201844854,1.0,0.5111111111111111,0.2697777862970925,264,4.632298853376344
16445,34,0.6931471805599453,5.444623069137621,0,0.0,0.0,0.3777777777777777,0.2744917373097471,33,4.718498871295094
16446,1,1.0986122886681096,12.034533746376653,204,0.13657553500575076,1.0,0.0111111111111111,0.5425667193338903,205,10.60904490733941
16447,136,0.6931471805599453,5.560720091814363,0,0.0,0.0,1.0,0.1927142398423155,135,5.4116460518550396
16448,198,0.6931471805599453,5.246444957137325,0,0.0,0.0,1.0,0.1428815217434036,197,4.3694478524670215
16449,198,1.0986122886681096,6.563418195373777,82,0.30854721091574266,1.0,1.0,0.1450575263777299,280,5.217649463480582
16450,150,0.6931471805599453,5.74594756681688,0,0.0,0.0,1.0,0.1815598234585388,149,5.303304908059076
16451,88,0.6931471805599453,5.590875033946567,0,0.0,0.0,0.9777777777777776,0.2312282767068954,87,4.795790545596741
16454,45,1.0986122886681096,2.066862759472976,19,0.9162907318741551,1.0,0.5,0.2667844066080819,63,0.9162907318741551
16455,64,2.0794415416798357,7.518704931910683,307,0.3967694011406105,1.0,0.7111111111111111,0.26133927175438,370,4.956832588103279
16456,99,1.791759469228055,7.67757179146855,273,0.3632228029098636,1.0,1.0,0.230846387458124,372,5.440684607834958
16457,218,0.6931471805599453,5.34405525822189,0,0.0,0.0,1.0,0.1268665348301478,217,4.948759890378168
16458,3,2.9444389791664403,8.155861708321998,357,0.8856587282596499,1.0,0.0333333333333333,0.3284025882243818,360,4.7930319231576615
16460,28,1.3862943611198906,6.704071158824147,53,0.7570959051602187,1.0,0.3111111111111111,0.2830093570210114,81,5.683579767338681
16461,178,0.6931471805599453,5.026639868237972,0,0.0,0.0,1.0,0.1588708132772383,177,3.912023005428146
16462,74,1.3862943611198906,4.919980925828125,210,0.25131442828090605,1.0,0.8222222222222222,0.2451420741923781,283,1.8458266904983307
16463,21,1.6094379124341003,7.260803654865171,182,0.3999856423435388,1.0,0.2333333333333333,0.2909272129908672,203,5.675897271166665
16464,20,1.3862943611198906,7.182108921222586,122,0.39730179746900346,1.0,0.2222222222222222,0.2901401727591108,141,5.7745515455444085
16466,34,2.0794415416798357,7.380542530354457,258,0.5276713513756337,1.0,0.3777777777777777,0.2850640925664855,292,4.73368903678907
16468,74,0.6931471805599453,4.3294166844015844,0,0.0,0.0,0.8222222222222222,0.2421840392573248,73,3.4657359027997265
16469,24,1.6094379124341003,6.47916994643317,222,0.23827512618311883,1.0,0.2666666666666666,0.2874187924312471,245,4.237723145067448
16470,52,1.6094379124341003,6.637769040932695,307,0.25708853309999324,1.0,0.5777777777777777,0.2651187246431186,358,4.8959723857761155
16471,275,0.6931471805599453,5.4158781552871815,0,0.0,0.0,1.0,0.0811668647500788,274,4.955827057601261
16473,165,1.3862943611198906,5.759248716840184,171,0.29924289485285693,1.0,1.0,0.1724045326074915,336,4.194692536056382
16474,7,2.0794415416798357,7.535029715391374,137,0.7357067949787413,1.0,0.0777777777777777,0.3071044793271837,144,4.910551835539273
16475,88,1.6094379124341003,6.301336101932016,185,0.3964152725882465,1.0,0.9777777777777776,0.2359303912234157,273,4.391357962102766
16477,64,2.0794415416798357,7.822228359929267,307,0.4602156228795727,1.0,0.7111111111111111,0.2622718427248395,371,5.313909461307873
16478,25,1.3862943611198906,5.805134968916488,40,0.9162907318741551,1.0,0.2777777777777778,0.2847252536369988,65,4.326337728813293
16479,10,1.0986122886681096,5.709863944972069,0,0.0,1.0,0.1111111111111111,0.2952788641889796,9,3.9512437185814275
16480,76,0.6931471805599453,6.646767067319571,0,0.0,0.0,0.8444444444444444,0.2415710175444738,75,6.1224928095143865
16482,16,0.6931471805599453,5.400964203508179,0,0.0,0.0,0.1777777777777777,0.2889161218000731,15,5.849324779946859
16483,192,0.6931471805599453,4.9441393028078915,0,0.0,0.0,1.0,0.1476236365737511,191,3.8066624897703196
16484,174,1.0986122886681096,6.004627533634263,17,1.0169342576538425,1.0,1.0,0.1638757676559815,190,4.61512051684126
16485,77,0.6931471805599453,5.898937989430242,0,0.0,0.0,0.8555555555555555,0.2401898188565735,76,5.4638318050256105
16488,33,1.3862943611198906,6.214208018400852,115,0.41985384556026395,1.0,0.3666666666666666,0.2785476793745822,148,5.495801171081669
16491,47,0.6931471805599453,6.596463340891223,0,0.0,0.0,0.5222222222222223,0.2647791036084616,46,6.171700597410915
16493,80,1.6094379124341003,7.209806124401014,250,0.3074846997479606,1.0,0.8888888888888888,0.2434999841155535,329,5.676753802268282
16494,297,0.6931471805599453,6.7184453603705006,0,0.0,0.0,1.0,0.0643800015783059,296,6.516193076042964
16495,3,1.3862943611198906,6.530017199354501,272,0.10426101032440933,1.0,0.0333333333333333,0.3028768126850416,275,4.7303333289420975
16496,9,1.3862943611198906,7.378083855426812,308,0.17798315519535646,1.0,0.1,0.2993703172750049,316,5.91710013181912
16497,50,1.9459101490553132,7.99520213218973,283,0.352440639799944,1.0,0.5555555555555556,0.2727390733083749,332,5.45389559836648
16498,161,1.0986122886681096,4.624678652376135,0,3.4339872044851463,1.0,1.0,0.1738705651737332,161,3.157000421150113
16499,360,1.0986122886681096,5.903862086371859,4,2.1400661634962708,1.0,1.0,0.0146224474994973,364,4.1666652238017265
16500,5,1.9459101490553132,5.996103769256407,326,0.31342157065335635,1.0,0.0555555555555555,0.3051739811039315,330,3.068052935133617
16503,107,1.6094379124341003,7.267476578065607,253,0.30330739035486176,1.0,1.0,0.2219568600474983,359,4.964591355594849
16504,25,0.6931471805599453,6.18493208931219,0,0.0,0.0,0.2777777777777778,0.2820733934229597,24,6.263398262591624
16505,32,0.6931471805599453,6.657497435176356,0,0.0,0.0,0.3555555555555555,0.2768769978916987,31,6.3578422665081
16506,20,1.0986122886681096,4.514150787600923,20,0.8873031950009028,1.0,0.2222222222222222,0.2869569378018957,39,3.091042453358316
16509,297,0.6931471805599453,5.8990750978146345,0,0.0,0.0,1.0,0.0637193019973333,296,4.174387269895637
16510,372,0.6931471805599453,5.517854422268135,0,0.0,0.0,1.0,0.0033938527531195,371,4.532599493153256
16511,22,1.3862943611198906,6.857787421604214,244,0.21905356606268458,1.0,0.2444444444444444,0.2880156774526518,266,4.941642422609304
16513,5,1.6094379124341003,6.774897944843427,38,1.1962507582320256,1.0,0.0555555555555555,0.3029794272675356,42,4.632298853376344
16515,52,1.791759469228055,7.395187395954291,259,0.38070814338288855,1.0,0.5777777777777777,0.2677885659194984,310,5.121580188047982
16516,30,0.6931471805599453,4.631812116934513,0,0.0,0.0,0.3333333333333333,0.2775164144692996,29,4.07753744390572
16517,277,0.6931471805599453,5.098035484377089,0,0.0,0.0,1.0,0.0794751510091265,276,4.574710978503383
16518,61,1.0986122886681096,6.1848084671836725,222,0.1262177172674014,1.0,0.6777777777777778,0.254631709122666,283,5.1029105702054265
16519,25,1.0986122886681096,5.37564870948436,340,0.084557388028063,1.0,0.2777777777777778,0.2831243686949618,364,3.332204510175204
16520,186,1.3862943611198906,6.954228475339207,179,0.2890777460907556,1.0,1.0,0.1566023598687285,364,5.231108616854587
16523,2,3.091042453358316,9.150534102717932,313,0.9647775440012183,1.0,0.0222222222222222,0.3419843270514925,315,5.318586738310099
16525,2,3.295836866004329,9.474890706788237,364,1.1185585528504884,1.0,0.0222222222222222,0.3543132555678414,366,5.654242029096065
16526,172,0.6931471805599453,5.674559615979298,0,0.0,0.0,1.0,0.1638819872805472,171,4.672828834461906
16527,81,0.6931471805599453,5.43398397796957,0,0.0,0.0,0.9,0.2367877051237454,80,4.672828834461906
16528,4,0.6931471805599453,5.502930281242811,0,0.0,0.0,0.0444444444444444,0.2985757509757392,3,5.147494476813453
16529,190,0.6931471805599453,6.123040904896701,0,0.0,0.0,1.0,0.1496788685574592,189,5.293304824724492
16531,22,2.0794415416798357,7.127364592228089,338,0.4269293467764642,1.0,0.2444444444444444,0.2941774665260789,359,4.8806350745012805
16532,18,1.3862943611198906,8.81726815379798,320,0.17135825199668503,1.0,0.2,0.2995017716795464,338,6.511745329644728
16533,19,1.3862943611198906,6.999933285923126,48,0.7995275841185171,1.0,0.2111111111111111,0.2906295133777233,67,5.3230099791384085
16535,5,0.6931471805599453,6.388141149183067,0,0.0,0.0,0.0555555555555555,0.2982723021520281,4,5.877735781779639
16536,110,0.6931471805599453,6.309863731284314,0,0.0,0.0,1.0,0.2139837788276312,109,5.529429087511423
16539,3,1.6094379124341003,7.236922326134238,370,0.21719598038921337,1.0,0.0333333333333333,0.3053177652316219,372,4.78957290898587
16542,54,0.6931471805599453,4.792645108022841,0,0.0,0.0,0.6,0.2582906587486387,53,3.8501476017100584
16545,165,0.6931471805599453,5.82982758150686,0,0.0,0.0,1.0,0.1695668234241833,164,4.3694478524670215
16546,291,1.0986122886681096,6.669688427072551,81,0.31177962403084136,1.0,1.0,0.0705720267213802,372,5.6185876285929695
16549,10,2.3978952727983707,8.332221726715554,324,0.49965232316786545,1.0,0.1111111111111111,0.3122635127867827,333,5.470167623474696
16550,109,1.791759469228055,7.740651358353913,259,0.3794896217049037,1.0,1.0,0.2230257065474935,367,5.733341276897746
16551,96,1.3862943611198906,6.827759236886412,240,0.2223133312582207,1.0,1.0,0.2286172182394366,336,5.781771793517895
16552,243,1.0986122886681096,5.9420904624901825,130,0.2062070417833114,1.0,1.0,0.1084930998801839,373,4.705015520957808
16553,163,2.5649493574615367,8.651867430742618,197,0.5661210512088707,1.0,1.0,0.1946413808989974,359,5.951510231600949
16554,42,1.3862943611198906,6.73113742510486,289,0.18864523408999498,1.0,0.4666666666666667,0.2718113584186942,331,4.90527477843843
16555,35,1.0986122886681096,5.659098867029561,74,0.3403258059372029,1.0,0.3888888888888889,0.2752040610882311,109,4.483002552013883
16556,67,2.0794415416798357,8.106149552197078,293,0.4776275543563949,1.0,0.7444444444444445,0.2610350364581599,359,5.602118820879701
16557,24,1.0986122886681096,5.644916721789165,113,0.2354568115475667,1.0,0.2666666666666666,0.2840218233148368,136,4.034240638152395
16558,1,3.044522437723423,9.028757342403852,365,0.9389821430762257,1.0,0.0111111111111111,0.3398093651755116,366,5.597866249064652
16560,27,1.0986122886681096,6.736266831594512,331,0.08650924290928248,1.0,0.3,0.2824141898974772,357,5.5254529391317835
16561,6,1.0986122886681096,6.238558972577978,54,0.44183275227903923,1.0,0.0666666666666666,0.2987876137464055,59,4.812184355372417
16563,54,0.6931471805599453,6.9835489723662585,0,0.0,0.0,0.6,0.2596583952448068,53,6.18826412308259
16565,364,0.6931471805599453,5.163070217140011,0,0.0,0.0,1.0,0.0097047574843105,363,3.8501476017100584
16566,15,1.791759469228055,6.422694863102173,277,0.35991877449985193,1.0,0.1666666666666666,0.2960223880377159,292,4.29592393562047
16567,194,1.0986122886681096,6.764577509305809,142,0.1916674192121923,1.0,1.0,0.1484915023810402,336,6.212606095751519
16569,3,0.6931471805599453,4.829912458665998,0,0.0,0.0,0.0333333333333333,0.2992062877042712,2,4.543294782270004
16570,15,2.3978952727983707,8.226680449731173,296,0.5937747067467416,1.0,0.1666666666666666,0.3076586262257128,311,5.357529226179882
16571,27,1.3862943611198906,7.260304724743686,255,0.2113090936672069,1.0,0.3,0.2846779585277376,281,6.025865973825314
16572,127,1.3862943611198906,6.918299492857808,148,0.3403258059372029,1.0,1.0,0.2038757876229957,275,5.183654458227897
16573,85,1.0986122886681096,6.499200402451892,205,0.13595563623602896,1.0,0.9444444444444444,0.2356363124785161,289,5.198497031265826
16574,71,0.6931471805599453,6.11465515766318,0,0.0,0.0,0.7888888888888889,0.2451279751566938,70,6.0330862217988015
16581,183,0.6931471805599453,4.67133238824176,0,0.0,0.0,1.0,0.1547950516792938,182,4.90527477843843
16582,113,0.6931471805599453,5.751365561394358,0,0.0,0.0,1.0,0.2112413946293998,112,5.10594547390058
16583,374,0.6931471805599453,5.457242345535596,0,0.0,0.0,1.0,0.0017686614944465,373,4.718498871295094
16584,80,1.0986122886681096,6.842768657462584,174,0.15906469462968736,1.0,0.8888888888888888,0.2400359643340647,253,5.780743515792329
16586,249,0.6931471805599453,6.141929872924206,0,0.0,0.0,1.0,0.10236508478229,248,4.564348191467836
16587,232,0.6931471805599453,5.421198495923853,0,0.0,0.0,1.0,0.1156605563849992,231,4.276666119016055
16589,71,1.3862943611198906,6.131748092555038,90,0.5108256237659907,1.0,0.7888888888888889,0.2480099232182389,160,4.817589773939326
16591,69,0.6931471805599453,5.368309738368072,0,0.0,0.0,0.7666666666666667,0.2463925888660337,68,3.7376696182833684
16592,4,2.833213344056216,8.322316345810338,283,0.6141345664216853,1.0,0.0444444444444444,0.3256303159393751,287,5.214596025993692
16593,51,1.3862943611198906,5.802209005711098,277,0.19606542416502318,1.0,0.5666666666666667,0.2638682539682903,327,3.6805112044434196
16594,75,0.6931471805599453,5.204501070343752,0,0.0,0.0,0.8333333333333334,0.2415334886832658,74,4.174387269895637
16595,61,0.6931471805599453,5.8893210734392785,0,0.0,0.0,0.6777777777777778,0.2530190614069384,60,5.817111159963204
16596,16,1.0986122886681096,5.526050370196054,350,0.08201315166083509,1.0,0.1777777777777777,0.2903936831960992,365,3.9019726695746444
16597,4,0.6931471805599453,4.511298970378021,0,0.0,0.0,0.0444444444444444,0.298355384546781,3,5.220355825078325
16598,286,0.6931471805599453,4.9839490288337505,0,0.0,0.0,1.0,0.0722307039251846,285,4.304065093204169
16600,4,1.9459101490553132,6.702598982682314,334,0.3709439137399313,1.0,0.0444444444444444,0.3065652009898061,338,5.256626939493827
16601,41,0.6931471805599453,5.504518197131935,0,0.0,0.0,0.4555555555555555,0.2688971633239333,40,4.90527477843843
16602,36,0.6931471805599453,6.271139649157846,0,0.0,0.0,0.4,0.2733122466823454,35,5.820082930352362
16603,75,1.0986122886681096,6.180989265398516,16,1.0169342576538425,1.0,0.8333333333333334,0.2433991216846058,90,5.484796933490655
16607,18,2.70805020110221,8.116330476031974,341,0.7625309824662617,1.0,0.2,0.310436117697335,358,5.324054729364031
16609,15,2.0794415416798357,8.611495590853199,237,0.5650260806636703,1.0,0.1666666666666666,0.3058577912748492,252,5.848501056671288
16610,219,0.6931471805599453,4.339380059952409,0,0.0,0.0,1.0,0.1258749637455373,218,4.204692619390966
16611,186,0.6931471805599453,4.871296595474155,0,0.0,0.0,1.0,0.1524223954405116,185,3.8712010109078907
16612,33,1.6094379124341003,7.08058190121429,278,0.27958486221916157,1.0,0.3666666666666666,0.2809664482435955,311,4.848116364598481
16613,70,0.6931471805599453,6.429057968967668,0,0.0,0.0,0.7777777777777778,0.2461687243424743,69,5.683579767338681
16614,183,0.6931471805599453,6.228885686840323,0,0.0,0.0,1.0,0.1553665597432533,182,5.4116460518550396
16616,15,1.0986122886681096,6.2174440732414,142,0.1916674192121923,1.0,0.1666666666666666,0.2915530879339623,156,5.225746673713202
16617,236,0.6931471805599453,5.029457048336844,0,0.0,0.0,1.0,0.1123473629401792,235,4.5217885770490405
16618,31,1.791759469228055,7.881782701906185,291,0.26947610795520843,1.0,0.3444444444444444,0.2860902138658248,322,5.611667185748395
16619,264,0.6931471805599453,5.425874699962912,0,0.0,0.0,1.0,0.0899936203594819,263,4.897839799950911
16620,4,1.0986122886681096,5.192734603972972,257,0.11040613086440129,1.0,0.0444444444444444,0.2999177264196863,260,3.8066624897703196
16621,52,1.6094379124341003,6.70254987279894,226,0.3352072143146262,1.0,0.5777777777777777,0.2651916566950424,277,4.33729074083249
16623,246,0.6931471805599453,4.870990011582737,0,0.0,0.0,1.0,0.1042939960936791,245,3.6888794541139363
16624,81,1.0986122886681096,6.6989706432467875,116,0.22825865198098017,1.0,0.9,0.2390546571260119,196,5.501258210544727
16625,275,0.6931471805599453,5.811380485254219,0,0.0,0.0,1.0,0.0813226501254251,274,5.10594547390058
16626,1,2.8903717578961645,8.392559241748096,265,1.0312292914220618,1.0,0.0111111111111111,0.3298995681116999,266,5.0703829455580856
16627,79,0.6931471805599453,5.780126041243535,0,0.0,0.0,0.8777777777777778,0.2385272265456319,78,5.093750200806762
16628,30,1.791759469228055,7.691222938742128,205,0.4608152031913293,1.0,0.3333333333333333,0.2862363498666351,234,5.488937726156687
16629,74,1.0986122886681096,6.037226320804645,22,0.8347976976229721,1.0,0.8222222222222222,0.2441088430073874,95,5.511410582008745
16633,17,1.9459101490553132,7.966968171867508,216,0.5254644945141107,1.0,0.1888888888888888,0.2990917625777582,233,5.250526702711688
16634,223,1.0986122886681096,5.388615004528817,149,0.18232155679395462,1.0,1.0,0.1243048648926398,371,3.7376696182833684
16637,32,1.6094379124341003,7.052262466590724,193,0.3827567087383521,1.0,0.3555555555555555,0.2817212078564182,225,5.449964916157176
16638,23,2.3978952727983707,7.427572358185583,346,0.5768081884757955,1.0,0.2555555555555555,0.2983041323525041,368,4.840242308167575
16639,31,1.3862943611198906,7.137683760511223,204,0.25782910930209973,1.0,0.3444444444444444,0.2812350319672623,235,5.14166355650266
16641,106,0.6931471805599453,5.447168313280391,0,0.0,0.0,1.0,0.2167385688519965,105,5.54907608489522
16642,5,1.0986122886681096,6.535720111358577,202,0.13783247452391326,1.0,0.0555555555555555,0.2998427237942402,207,5.482720089545816
16643,246,0.6931471805599453,6.191359942102381,0,0.0,0.0,1.0,0.1048051342912096,245,5.598421958998375
16644,178,1.0986122886681096,6.72716821708184,34,0.6190392084062234,1.0,1.0,0.1612803032592384,211,6.025865973825314
16647,170,1.0986122886681096,5.37091705896238,35,0.6190392084062234,1.0,1.0,0.1668127521956538,204,4.304065093204169
16648,43,0.6931471805599453,5.675588740285419,0,0.0,0.0,0.4777777777777778,0.2673583513657478,42,5.641907070938114
16650,72,0.6931471805599453,6.252712804455737,0,0.0,0.0,0.8,0.2444214514811291,71,5.921578419643816
16652,59,2.0794415416798357,8.820990217693817,214,0.4434925036974036,1.0,0.6555555555555556,0.2723916286446027,272,6.152732694704104
16653,16,1.0986122886681096,7.101395866495808,55,0.4353180712578455,1.0,0.1777777777777777,0.2917676865098039,70,5.906723318652891
16654,141,1.6094379124341003,6.400705849743913,227,0.33395175639587793,1.0,1.0,0.1934983481153266,367,4.269697449699962
16655,18,1.9459101490553132,8.241576702840911,314,0.39049156631800186,1.0,0.2,0.299590694802106,331,5.980150787207709
16656,22,2.772588722239781,9.062628915777825,342,0.801135818624041,1.0,0.2444444444444444,0.3161975529777868,364,6.3867670796184335
16657,10,1.6094379124341003,6.8401400295665695,244,0.31287232128033937,1.0,0.1111111111111111,0.2990529986496605,254,5.730911142044453
16658,368,0.6931471805599453,4.822215178840431,0,0.0,0.0,1.0,0.0064241686209338,367,3.713572066704308
16659,189,0.6931471805599453,3.691874963093735,0,0.0,0.0,1.0,0.1498869732483069,188,4.290459441148391
16660,16,1.6094379124341003,7.145708621949827,303,0.18067002875548163,1.0,0.1777777777777777,0.2947169992910648,319,4.96807567967746
16665,362,0.6931471805599453,4.915591745409362,0,0.0,0.0,1.0,0.0112543615018529,361,4.0943445622221
16666,19,0.6931471805599453,4.787325062224947,0,0.0,0.0,0.2111111111111111,0.2863646114453086,18,5.455321115357702
16667,68,1.0986122886681096,6.347616854496022,216,0.1300531282481978,1.0,0.7555555555555555,0.249139231444419,283,4.783316371371566
16668,15,1.9459101490553132,5.729190278590734,269,0.44315954032029864,1.0,0.1666666666666666,0.2970182038952272,284,3.9889840465642745
16669,24,1.3862943611198906,7.226841537285894,54,0.4353180712578455,1.0,0.2666666666666666,0.2870175391031204,77,5.6937321388027
16670,17,2.4849066497880004,8.317985869145499,341,0.581921545449721,1.0,0.1888888888888888,0.3080000936351374,358,5.45259790807277
16671,28,1.3862943611198906,7.434416849630159,136,0.36545977349446523,1.0,0.3111111111111111,0.2842620781438481,164,5.679034304967007
16672,2,3.044522437723423,9.004046563069934,264,1.075622770443411,1.0,0.0222222222222222,0.3387166542224572,266,4.960043507980195
16674,55,1.0986122886681096,5.770225431204915,43,0.5198754592859085,1.0,0.6111111111111112,0.2592094163503503,97,4.553876891600541
16676,34,1.6094379124341003,7.373449636639774,303,0.25932320789171215,1.0,0.3777777777777777,0.2807416843817564,336,5.075173815233827
16678,3,2.5649493574615367,8.042696282491956,280,0.7786693539981073,1.0,0.0333333333333333,0.3192580395508139,282,5.302060352826871
16679,366,0.6931471805599453,4.873287102945032,0,0.0,0.0,1.0,0.0080377398580241,365,3.4011973816621555
16680,43,0.6931471805599453,5.218732887205194,0,0.0,0.0,0.4777777777777778,0.2672056637111428,42,4.553876891600541
16681,73,1.9459101490553132,7.479491601287773,180,0.6036213441112371,1.0,0.8111111111111111,0.2525834881256839,252,5.461710913456472
16682,5,1.791759469228055,6.9363427358340495,183,0.5042466526679481,1.0,0.0555555555555555,0.3046338299748226,187,5.342334251964811
16684,4,3.367295829986474,11.107278740370788,353,0.8203023560451919,1.0,0.0444444444444444,0.4321321932974472,357,7.493217816620165
16685,61,1.0986122886681096,5.784563371339637,0,0.0,1.0,0.6777777777777778,0.2544031915483469,60,5.293304824724492
16686,47,2.0794415416798357,8.02742104629252,307,0.4602156228795727,1.0,0.5222222222222223,0.2767195665168486,354,5.673323267171493
16688,1,1.6094379124341003,7.1403421019236415,59,0.9264088620397397,1.0,0.0111111111111111,0.306739391984436,60,5.308267697401205
16689,76,1.0986122886681096,6.048789613727251,6,1.6650077635889111,1.0,0.8444444444444444,0.2425115169601756,81,5.111987788356544
16690,72,1.0986122886681096,5.423098083445343,129,0.2090917978585594,1.0,0.8,0.2454388229069326,201,4.248495242049359
16692,256,1.0986122886681096,7.152268856032539,32,0.6466271649250525,1.0,1.0,0.0993447367109876,288,4.343805421853684
16693,69,1.0986122886681096,6.180037357371996,203,0.13783247452391326,1.0,0.7666666666666667,0.2482112992495084,271,4.634728988229636
16696,135,1.6094379124341003,6.490571777919774,112,0.5858181603294468,1.0,1.0,0.1983920228586267,247,3.624340932976365
16697,241,0.6931471805599453,4.7340030578310595,0,0.0,0.0,1.0,0.1082808516788263,240,3.332204510175204
16698,227,1.0986122886681096,7.6004023345004,26,0.7472144018302211,1.0,1.0,0.1236374390155544,252,6.042632833682381
16700,9,2.639057329615259,8.532584140771885,357,0.6959365826475239,1.0,0.1,0.3186879178778087,365,5.738307763391404
16701,9,2.639057329615259,8.59402459452009,352,0.6600268026374932,1.0,0.1,0.3191472227849624,361,6.2000409727075665
16705,1,3.044522437723423,9.549380024249162,358,0.6532558515326434,1.0,0.0111111111111111,0.347941239001777,358,5.616043560348194
16706,37,1.3862943611198906,6.277301167760616,76,0.5761755039744411,1.0,0.4111111111111111,0.2753855890359696,113,4.430816798843313
16708,46,0.6931471805599453,6.488642463139346,0,0.0,0.0,0.5111111111111111,0.2654743641427134,45,5.655991810819852
16709,85,1.791759469228055,8.016604986002726,197,0.3762784870216326,1.0,0.9444444444444444,0.2433204186024972,281,5.1428324637076415
16710,19,2.3978952727983707,7.817641545983298,349,0.5233542614491595,1.0,0.2111111111111111,0.3026580172143036,367,5.218191322068752
16711,3,1.791759469228055,7.4097601137223315,354,0.291910408561302,1.0,0.0333333333333333,0.30712749650751,357,5.121580188047982
16712,9,2.4849066497880004,8.201503885750247,266,0.6412623451909336,1.0,0.1,0.3137741505141659,275,5.075173815233827
16713,19,2.772588722239781,8.842767691394254,347,0.7915872533731978,1.0,0.2111111111111111,0.3161733727745825,365,5.6562248838893145
16714,219,1.3862943611198906,7.058353943580143,98,0.26469255422708216,1.0,1.0,0.130295879456671,316,5.319752647268102
16715,78,0.6931471805599453,5.712808285863513,0,0.0,0.0,0.8666666666666667,0.2392992734387207,77,6.466144724237619
16716,267,1.0986122886681096,6.804836224974296,44,0.5108256237659907,1.0,1.0,0.0899861723988307,310,4.110873864173311
16717,24,1.9459101490553132,8.258261827796161,342,0.3627787268767502,1.0,0.2666666666666666,0.294869022073609,365,5.7430031878094825
16718,369,0.6931471805599453,6.437351569715061,0,0.0,0.0,1.0,0.0063365181587283,368,6.025865973825314
16719,15,2.0794415416798357,7.490763880431157,353,0.4110989258264204,1.0,0.1666666666666666,0.3005716236186369,368,5.153291594497779
16720,26,0.6931471805599453,5.051393286568423,0,0.0,0.0,0.2888888888888888,0.2808014000975994,25,5.209486152841421
16721,262,0.6931471805599453,5.681775419393111,0,0.0,0.0,1.0,0.0916924859810398,261,5.153291594497779
16722,17,2.639057329615259,8.46206307213662,351,0.705886206337375,1.0,0.1888888888888888,0.3117772544405057,367,5.955039921256702
16723,91,1.0986122886681096,6.380376741875078,16,1.0560526742493137,1.0,1.0,0.2307171850343782,107,5.300814246746624
16725,302,2.0794415416798357,6.661880315665835,69,1.1549652252192413,1.0,1.0,0.0689167800982245,370,3.7612001156935624
16726,26,1.791759469228055,7.2320247928761745,335,0.23795863709935033,1.0,0.2888888888888888,0.2882942812010978,360,5.280153395920365
16727,364,0.6931471805599453,5.61247095620561,0,0.0,0.0,1.0,0.0098462533736565,363,5.181783550292085
16728,46,1.6094379124341003,6.9619309154279065,218,0.3456047201844854,1.0,0.5111111111111111,0.2703487947286743,263,5.137267945029622
16729,38,3.091042453358316,8.887503549130026,203,1.2974900656759718,1.0,0.4222222222222222,0.3099973956573422,240,5.621780176280655
16730,52,1.3862943611198906,6.612188873366803,267,0.20271151249700387,1.0,0.5777777777777777,0.2636557953381517,318,5.806138481293728
16732,32,0.6931471805599453,6.404815149490137,0,0.0,0.0,0.3555555555555555,0.2766288233521224,31,5.762051382780177
16734,52,1.3862943611198906,6.47929274564127,61,0.39465419200394874,1.0,0.5777777777777777,0.2635236068862405,113,4.756459633534317
16735,79,1.791759469228055,7.741342432871859,255,0.3012613305781618,1.0,0.8777777777777778,0.2470921474290037,333,5.75447558897172
16737,53,0.6931471805599453,6.0369158100119,0,0.0,0.0,0.5888888888888889,0.2595181705171788,52,5.666426688112432
16738,298,0.6931471805599453,1.55814461804655,0,0.0,0.0,1.0,0.0624033267475304,297,1.3862943611198906
16739,177,0.6931471805599453,5.780743515792329,0,0.0,0.0,1.0,0.1599178863813985,176,5.153291594497779
16742,47,0.6931471805599453,6.143971018822751,0,0.0,0.0,0.5222222222222223,0.2643985264888123,46,0.6931471805599453
16743,29,2.0794415416798357,7.713824812307198,329,0.3756428466455433,1.0,0.3222222222222222,0.2899807354559883,358,5.681634241433191
16744,11,2.0794415416798357,7.174540525720933,161,0.7472144018302211,1.0,0.1222222222222222,0.3030868898811643,172,4.7535901911063645
16745,87,2.8903717578961645,8.881183314074189,225,1.1420974006078486,1.0,0.9666666666666668,0.2648858325172373,311,5.984380692219577
16746,5,2.9444389791664403,8.809662785376391,354,0.8569364892249722,1.0,0.0555555555555555,0.3313876762166685,358,5.561322451287377
16747,38,1.0986122886681096,6.729895752508072,30,0.6931471805599453,1.0,0.4222222222222222,0.2735830232479401,67,5.678464666671911
16748,18,1.791759469228055,7.324424057597627,316,0.3210314212183095,1.0,0.2,0.2949025100226136,333,5.176149732573829
16750,45,1.791759469228055,6.437639643463933,187,0.49365782014362525,1.0,0.5,0.2719714500351231,231,3.7796338173824005
16751,31,0.6931471805599453,7.476313818197086,0,0.0,0.0,0.3444444444444444,0.2790882715365897,30,6.939253946041508
16752,373,0.6931471805599453,5.339939041238856,0,0.0,0.0,1.0,0.0025337563598808,372,4.007333185232471
16753,58,0.6931471805599453,5.415744783424001,0,0.0,0.0,0.6444444444444445,0.2552309930474411,57,5.247024072160486
16754,372,0.6931471805599453,7.602601016177664,0,0.0,0.0,1.0,0.0058981529819297,371,8.361941906144946
16755,114,1.3862943611198906,7.311772672991101,201,0.2612154992636176,1.0,1.0,0.2149991262049258,315,5.8739939626336435
16756,215,0.6931471805599453,5.4823042026610525,0,0.0,0.0,1.0,0.129317262196738,214,4.672828834461906
16757,319,0.6931471805599453,4.680555912893981,0,0.0,0.0,1.0,0.0457055558342528,318,4.406719247264253
16758,65,0.6931471805599453,5.91442150260967,0,0.0,0.0,0.7222222222222222,0.2498236099007106,64,5.318119993844216
16759,8,1.3862943611198906,6.673032445794151,23,0.8347976976229721,1.0,0.0888888888888888,0.2990165496691761,30,5.318119993844216
16761,97,0.6931471805599453,5.760855699682501,0,0.0,0.0,1.0,0.2240799017915672,96,5.834810737062605
16762,20,1.3862943611198906,7.314805796331314,124,0.3920420877760237,1.0,0.2222222222222222,0.2904066909445516,143,5.332718793265369
16763,199,0.6931471805599453,6.418120207787174,0,0.0,0.0,1.0,0.1426831670215251,198,5.768320995793772
16764,4,2.639057329615259,7.9374639778918485,139,1.2729656758128876,1.0,0.0444444444444444,0.319447719311871,142,4.5833963864385305
16765,294,0.6931471805599453,3.5553480614894135,0,0.0,0.0,1.0,0.0656550654099014,293,1.6094379124341003
16766,273,1.0986122886681096,7.044556320474283,0,0.0,1.0,1.0,0.0855222243259283,272,5.594711379601839
16767,31,2.4849066497880004,8.627230752625026,285,0.5505841159050748,1.0,0.3444444444444444,0.2988895876569973,315,6.001864821725771
16768,48,1.3862943611198906,6.17188847120203,224,0.23732818630616614,1.0,0.5333333333333333,0.2664860298515397,271,4.194692536056382
16769,260,0.6931471805599453,5.94382247363014,0,0.0,0.0,1.0,0.0934222717091678,259,4.430816798843313
16770,58,1.791759469228055,6.647818066838915,314,0.32277339226305096,1.0,0.6444444444444445,0.261752303304603,371,4.541164856012179
16771,33,1.791759469228055,7.717711687868648,304,0.33177739231700515,1.0,0.3666666666666666,0.283913813892935,337,5.699774453258662
16773,57,0.6931471805599453,5.150918839543312,0,0.0,0.0,0.6333333333333333,0.2559584299068125,56,5.147494476813453
16774,68,1.6094379124341003,6.496050746083953,110,0.5937747067467416,1.0,0.7555555555555555,0.2521405059929539,178,4.400603020246817
16775,10,2.4849066497880004,7.4364168915956546,357,0.6099482367049713,1.0,0.1111111111111111,0.3101886737026193,366,3.713572066704308
16776,60,0.6931471805599453,5.964298879035212,0,0.0,0.0,0.6666666666666666,0.2538613423371118,59,5.572154032177765
16777,80,1.0986122886681096,5.426490680271019,176,0.15656906069153992,1.0,0.8888888888888888,0.2390228097986982,256,3.4965075614664802
16778,74,1.0986122886681096,5.509145392139597,199,0.13976194237515868,1.0,0.8222222222222222,0.2438636091612338,273,4.584967478670572
16779,2,3.1354942159291497,9.271503201873838,364,0.973937426973805,1.0,0.0222222222222222,0.345148818656941,366,5.493248481590416
16780,100,1.0986122886681096,6.054885256226418,158,0.1728428128394108,1.0,1.0,0.2232638773413744,258,4.916324614625014
16781,372,0.6931471805599453,5.743804149005687,0,0.0,0.0,1.0,0.0034840007092555,371,4.736198448394496
16782,10,2.639057329615259,7.732325380902501,355,0.7001647532185918,1.0,0.1111111111111111,0.3138935020149169,365,4.021222297393138
16784,20,0.6931471805599453,4.687671407499835,0,0.0,0.0,0.2222222222222222,0.285546227217997,19,3.2188758248682006
16788,123,1.0986122886681096,6.39439310756415,131,0.2062070417833114,1.0,1.0,0.2050606270871049,253,5.0530560099802075
16789,8,0.6931471805599453,4.404277243608702,0,0.0,0.0,0.0888888888888888,0.2951336381022789,7,3.4965075614664802
16790,4,1.9459101490553132,7.343827183683201,34,1.6885752329928243,1.0,0.0444444444444444,0.3076102891717088,37,5.015069891164122
16791,29,2.0794415416798357,7.4516945441039795,303,0.40215931997366483,1.0,0.3222222222222222,0.2892436920477133,331,4.700480365792417
16792,282,1.0986122886681096,4.7129477781615225,0,0.0,1.0,1.0,0.0768251746176744,281,3.1354942159291497
16793,57,0.6931471805599453,5.500604935982869,0,0.0,0.0,0.6333333333333333,0.256061568304767,56,4.990432586778736
16794,1,2.3978952727983707,7.109642506895799,179,0.8504851140813828,1.0,0.0111111111111111,0.3152973722466615,179,4.550714000192032
16795,365,0.6931471805599453,6.030396757109769,0,0.0,0.0,1.0,0.0092469079806997,364,5.480638923341991
16796,89,0.6931471805599453,5.725609195882308,0,0.0,0.0,0.9888888888888888,0.2304813113591639,88,5.231108616854587
16800,11,0.6931471805599453,7.092149685937022,0,0.0,0.0,0.1222222222222222,0.2943270295879531,10,6.293419278846481
16801,163,1.6094379124341003,7.390631944012902,110,0.5978370007556205,1.0,1.0,0.1773051624098693,272,4.8342958089798485
16803,65,0.6931471805599453,5.809042985313694,0,0.0,0.0,0.7222222222222222,0.2497707345199461,64,5.5053315359323625
16804,23,1.3862943611198906,6.287839972628443,247,0.1146291695593613,1.0,0.2555555555555555,0.2866235867789191,269,4.418840607796598
16805,174,1.0986122886681096,6.134677051181064,186,0.1487887366858729,1.0,1.0,0.1639561228175159,359,5.600272098286537
16806,103,1.6094379124341003,6.687719393867341,135,0.5078801135362339,1.0,1.0,0.2242654498082148,238,4.5591262474866845
16807,143,1.3862943611198906,7.02339379457603,128,0.38441169891033206,1.0,1.0,0.1912014311096974,270,5.561962861171576
16808,99,1.0986122886681096,5.667878920309847,175,0.1582240052148941,1.0,1.0,0.2238707743208389,273,4.59511985013459
16809,23,1.791759469228055,6.81967787944687,239,0.4068588365567682,1.0,0.2555555555555555,0.2900335748875695,261,4.8782461060505105
16810,192,0.6931471805599453,5.738312717553024,0,0.0,0.0,1.0,0.1478665863861784,191,4.74493212836325
16811,5,1.0986122886681096,6.3064030160165885,12,1.1962507582320256,1.0,0.0555555555555555,0.2996410721666271,16,5.4785534168509695
16812,361,0.6931471805599453,6.174515004855747,0,0.0,0.0,1.0,0.0125474964143925,360,4.406719247264253
16813,8,2.3978952727983707,7.434836068766861,196,0.8660709748951285,1.0,0.0888888888888888,0.3103537193224294,203,5.033700567027251
16814,14,3.091042453358316,8.781110096067739,355,0.9895935510053144,1.0,0.1555555555555555,0.3282054716008162,369,4.889274437091989
16816,103,1.6094379124341003,6.035624962893636,254,0.30228087187293357,1.0,1.0,0.2237166678798322,357,4.241326752570746
16817,3,2.302585092994046,7.381346216137902,365,0.5042466526679481,1.0,0.0333333333333333,0.3128030576262343,367,4.5254052175192285
16818,11,2.4849066497880004,8.116885759599102,194,0.9315582040049435,1.0,0.1222222222222222,0.31174752605288,205,5.286888670724414
16820,96,0.6931471805599453,6.211824227045576,0,0.0,0.0,1.0,0.2251404078690803,95,5.730099782973575
16823,227,0.6931471805599453,5.8843803244983075,0,0.0,0.0,1.0,0.1198614402055141,226,4.919980925828125
16824,16,1.0986122886681096,6.134785366552204,148,0.18343949989529582,1.0,0.1777777777777777,0.2906941621080084,163,4.77912349311153
16825,39,1.0986122886681096,6.654384452047831,147,0.18571714579509283,1.0,0.4333333333333333,0.2726939767272202,185,5.648974238161206
16826,51,0.6931471805599453,5.836855428880563,0,0.0,0.0,0.5666666666666667,0.2610140997421525,50,5.0689042022202315
16828,93,1.0986122886681096,4.863680881139593,19,0.9473813189441862,1.0,1.0,0.2284553193744914,111,3.417726683613366
16829,157,0.6931471805599453,5.289377524978562,0,0.0,0.0,1.0,0.1757811135287506,156,4.605170185988092
16830,39,0.6931471805599453,5.789684903656904,0,0.0,0.0,0.4333333333333333,0.2706172276335136,38,5.579729825986222
16832,184,1.3862943611198906,5.299067085438582,33,1.0360919316867756,1.0,1.0,0.156996928030867,216,2.4849066497880004
16833,1,1.6094379124341003,7.0098875895885335,333,0.16566712188881733,1.0,0.0111111111111111,0.3065190826563209,333,4.709530201312334
16834,228,0.6931471805599453,6.026976468109342,0,0.0,0.0,1.0,0.1191379290291098,227,5.883322388488279
16835,128,1.0986122886681096,5.2031821714329975,244,0.11551288712184428,1.0,1.0,0.2004551837928142,372,3.449987545831587
16836,40,1.0986122886681096,5.5328755226775,76,0.3290234126082223,1.0,0.4444444444444444,0.2711448016339592,116,4.42484663185681
16837,31,2.4849066497880004,8.062111277564622,214,0.7521211830194965,1.0,0.3444444444444444,0.2954498043147264,245,4.963480156178978
16838,197,1.0986122886681096,6.3798682672878515,90,0.28493103907989104,1.0,1.0,0.1456900188101401,287,4.537961436294641
16839,9,3.5553480614894135,9.716877814621636,360,1.2742944325137617,1.0,0.1,0.3652733608308496,369,5.579618832035279
16841,37,1.9459101490553132,7.534132116408228,250,0.46850848817478524,1.0,0.4111111111111111,0.2816025032702119,287,5.929589143389895
16842,101,1.3862943611198906,7.142977587511544,201,0.26007680635989205,1.0,1.0,0.2250948351877488,301,5.44673737166631
16843,43,2.833213344056216,9.22990473559571,284,0.7691330875378674,1.0,0.4777777777777778,0.3030303471754448,326,6.455100288071015
16846,50,0.6931471805599453,5.372125293692757,0,0.0,0.0,0.5555555555555556,0.2616344011445484,49,4.912654885736052
16847,43,0.6931471805599453,5.270123632177254,0,0.0,0.0,0.4777777777777778,0.2672195677664519,42,4.3694478524670215
16848,53,0.6931471805599453,5.643395324641106,0,0.0,0.0,0.5888888888888889,0.2593237706966467,52,5.209486152841421
16849,187,0.6931471805599453,4.8328633720008725,0,0.0,0.0,1.0,0.1516132329993699,186,3.5263605246161616
16850,334,0.6931471805599453,5.809372963868082,0,0.0,0.0,1.0,0.0339954904777461,333,5.521460917862246
16851,4,1.3862943611198906,5.83904154065989,47,0.8226812327518476,1.0,0.0444444444444444,0.3015865185394491,51,4.5145158177199605
16852,10,1.0986122886681096,4.982989993275931,165,0.16612687087397396,1.0,0.1111111111111111,0.295056285102349,175,3.367295829986474
16855,24,1.0986122886681096,5.79727281774354,19,0.9162907318741551,1.0,0.2666666666666666,0.2840882744210621,42,4.418840607796598
16856,15,0.6931471805599453,3.594568774642695,0,0.0,0.0,0.1666666666666666,0.2894538553832622,14,2.5649493574615367
16858,369,0.6931471805599453,5.931422568022302,0,0.0,0.0,1.0,0.0059824072798828,368,4.5217885770490405
16859,145,1.0986122886681096,6.618485279775063,116,0.22825865198098017,1.0,1.0,0.1876281675073748,260,6.02707297457535
16861,60,1.0986122886681096,5.163413604083235,98,0.26469255422708216,1.0,0.6666666666666666,0.254990517213819,157,4.2626798770413155
16863,31,1.0986122886681096,6.22217936391851,335,0.08576682175742503,1.0,0.3444444444444444,0.2787222608351998,366,5.32544603393629
16866,141,1.3862943611198906,5.341089458391906,20,1.349926716949016,1.0,1.0,0.1915011690465609,161,3.044522437723423
16869,23,1.6094379124341003,6.717103118867857,152,0.462623521948113,1.0,0.2555555555555555,0.2884707333822866,174,4.992131822531696
16871,22,1.9459101490553132,7.942127668587332,248,0.39465419200394874,1.0,0.2444444444444444,0.2949800559990456,270,5.346313564816292
16872,77,1.3862943611198906,6.523591674293888,107,0.4451649779548489,1.0,0.8555555555555555,0.2435122570974516,183,5.303304908059076
16873,5,1.9459101490553132,8.871311670381246,359,0.3483066942682158,1.0,0.0555555555555555,0.314770862712685,363,6.46302945692067
16875,67,1.791759469228055,7.648038876071995,272,0.2858421455297737,1.0,0.7444444444444445,0.2564251312313834,339,5.36970736263471
16877,12,1.9459101490553132,6.750773929921596,195,0.568324115827207,1.0,0.1333333333333333,0.3002054750377149,207,4.358843299218225
16878,84,0.6931471805599453,2.6602595372658615,0,0.0,0.0,0.9333333333333332,0.2340747135845296,83,2.5649493574615367
16880,31,2.0794415416798357,7.326518244034276,158,0.6644370746775139,1.0,0.3444444444444444,0.2873500554501428,188,4.6874082842250635
16881,67,0.6931471805599453,6.07073772800249,0,0.0,0.0,0.7444444444444445,0.2483087802966516,66,6.398594934535208
16882,67,1.3862943611198906,6.559785194721083,250,0.21433997304745023,1.0,0.7444444444444445,0.2515694782508648,316,4.958171724560515
16883,187,1.0986122886681096,5.626649418726377,184,0.1510402574128658,1.0,1.0,0.1532658513053083,371,3.970291913552122
16884,38,1.0986122886681096,6.0657367914825695,0,0.0,1.0,0.4222222222222222,0.2730031356352472,37,5.081404364984463
16885,15,1.3862943611198906,6.158058910731007,341,0.16164135155641585,1.0,0.1666666666666666,0.2929472249981343,356,4.132496328186477
16887,35,0.6931471805599453,5.277502226834117,0,0.0,0.0,0.3888888888888889,0.2736387356962708,34,5.062595033026967
16889,195,1.3862943611198906,7.364971243447073,142,0.352440639799944,1.0,1.0,0.1501426924979419,336,5.734419444118091
16891,2,1.791759469228055,6.697898071993661,369,0.2809023854664021,1.0,0.0222222222222222,0.3067286192355862,371,4.053522567701846
16892,1,1.791759469228055,6.266327302097504,182,0.401795379219202,1.0,0.0111111111111111,0.3071251138832236,183,3.8877303128591016
16893,367,0.6931471805599453,4.989956282887855,0,0.0,0.0,1.0,0.0072586981116485,366,4.143134726391533
16895,65,0.6931471805599453,5.394263707595246,0,0.0,0.0,0.7222222222222222,0.2496091962346516,64,4.634728988229636
16897,299,1.0986122886681096,5.672566967503279,14,1.1451323043030026,1.0,1.0,0.0634449082628753,313,3.624340932976365
16898,26,1.3862943611198906,6.234038107285137,342,0.16164135155641585,1.0,0.2888888888888888,0.2841769421226146,368,4.946393025367902
16899,8,1.9459101490553132,7.156613359576336,352,0.3541221131664424,1.0,0.0888888888888888,0.3040247818058675,359,4.477336814478207
16900,17,1.3862943611198906,6.789095609194309,46,0.8226812327518476,1.0,0.1888888888888888,0.2919362246836816,62,5.630016324416592
16902,116,0.6931471805599453,7.443008114269093,0,0.0,0.0,1.0,0.2108238855355647,115,6.4457198193855785
16903,29,0.6931471805599453,5.924897302835869,0,0.0,0.0,0.3222222222222222,0.2787061825805121,28,5.572154032177765
16904,4,2.833213344056216,8.230915465741086,362,0.7687298617259524,1.0,0.0444444444444444,0.325117250588388,366,4.853006349892673
16905,5,2.0794415416798357,8.040263230419699,366,0.3434734320801965,1.0,0.0555555555555555,0.3104659359237677,371,5.308974661022025
16906,82,1.6094379124341003,6.3643548092839675,166,0.4310822724784647,1.0,0.9111111111111112,0.2407938596206852,248,4.26619481914876
16907,29,1.791759469228055,6.890253003845995,336,0.3053816495511818,1.0,0.3222222222222222,0.2853163274744173,364,4.104294893075269
16909,72,0.6931471805599453,5.940539605922692,0,0.0,0.0,0.8,0.2442226263452523,71,6.07993319509559
16910,4,2.1972245773362196,7.320566670286484,86,1.2278240201481159,1.0,0.0444444444444444,0.3104303399192704,90,4.716264233493678
16912,29,2.4849066497880004,7.854140591872849,294,0.4110989258264204,1.0,0.3222222222222222,0.2962038508349673,322,4.549080719337048
16913,290,0.6931471805599453,4.74005066818191,0,0.0,0.0,1.0,0.0689770238341462,289,4.418840607796598
16914,36,0.6931471805599453,5.344532790344999,0,0.0,0.0,0.4,0.2728559823950899,35,4.804021044733257
16915,9,1.9459101490553132,6.4340327431676485,274,0.4366053488438875,1.0,0.1,0.3022806501588537,283,3.1354942159291497
16916,24,1.0986122886681096,6.358292771601228,348,0.0824642828799991,1.0,0.2666666666666666,0.2844420997956918,371,5.3981627015177525
16917,277,0.6931471805599453,5.972587491338293,0,0.0,0.0,1.0,0.0798017963824129,276,5.4510384535657
16918,50,1.9459101490553132,6.975245689005592,267,0.37001835911241676,1.0,0.5555555555555556,0.2700312513993381,316,4.797167008305465
16919,156,2.4849066497880004,7.862285473509961,212,0.8817383503674954,1.0,1.0,0.1943622709500902,367,4.863329819173551
16921,61,0.6931471805599453,5.1404347316311005,0,0.0,0.0,0.6777777777777778,0.2527473042191377,60,5.147494476813453
16923,12,2.995732273553991,8.888565005329367,350,0.8634925463071843,1.0,0.1333333333333333,0.3279931748705722,362,5.1976243039377055
16924,21,1.3862943611198906,6.742585781005748,62,0.6690496289808848,1.0,0.2333333333333333,0.2886700537832024,83,5.107963638056818
16926,371,0.6931471805599453,5.443499376392535,0,0.0,0.0,1.0,0.0041705105392933,370,3.58351893845611
16927,116,1.3862943611198906,6.299041154397021,245,0.21825356602001794,1.0,1.0,0.2120333070753741,361,5.805134968916488
16928,80,2.8903717578961645,7.954582924500485,292,0.9701064395703547,1.0,0.8888888888888888,0.264295799905377,372,4.831133288042401
16929,4,2.0794415416798357,7.167338757569021,151,0.7812544480702122,1.0,0.0444444444444444,0.3086884872706866,155,4.895705327422279
16930,26,1.3862943611198906,5.944241903735643,42,0.538996500732687,1.0,0.2888888888888888,0.2839938482690279,67,4.742029368705289
16931,5,3.091042453358316,8.434945721706782,364,0.9423225705921019,1.0,0.0555555555555555,0.3327054665848354,369,5.0197995231873795
16932,53,0.6931471805599453,5.093382034882496,0,0.0,0.0,0.5888888888888889,0.2591532104781332,52,4.477336814478207
16933,1,1.0986122886681096,6.335461969788099,237,0.11871630683938196,1.0,0.0111111111111111,0.3028726970569957,238,4.976733742420574
16934,55,1.0986122886681096,6.858491502676181,0,0.0,1.0,0.6111111111111112,0.260110638957916,54,5.300814246746624
16936,26,0.6931471805599453,5.574736246721107,0,0.0,0.0,0.2888888888888888,0.2809547729623223,25,5.159055299214529
16938,9,1.6094379124341003,7.914756537547509,300,0.26236426446749106,1.0,0.1,0.30242861558739,308,6.455198563340122
16940,52,1.3862943611198906,8.023185352576407,237,0.2256719976675684,1.0,0.5777777777777777,0.266948758137452,289,6.584791392385716
16942,13,2.302585092994046,7.560908247315509,215,0.6814511407967541,1.0,0.1444444444444444,0.3052325355094799,227,4.512079762922079
16943,212,1.3862943611198906,6.706532208766916,106,0.4451649779548489,1.0,1.0,0.1354186434506795,317,3.8985999850960056
16945,22,2.995732273553991,8.377126202519118,336,0.7267024804081622,1.0,0.2444444444444444,0.3158289612977955,357,4.972733009679335
16947,236,0.6931471805599453,6.009991851721866,0,0.0,0.0,1.0,0.1127108526325135,235,5.746203190540153
16948,139,1.3862943611198906,6.0776881138566,187,0.27827971977339055,1.0,1.0,0.1934298941122521,325,6.289715570908998
16949,4,1.9459101490553132,7.160278975803028,312,0.3915238635460809,1.0,0.0444444444444444,0.307240061579882,316,4.88909520956216
16950,57,1.3862943611198906,7.072896766566239,310,0.17640915042820093,1.0,0.6333333333333333,0.2602667142048167,366,5.373734005832791
16951,135,1.3862943611198906,7.153638317265837,169,0.30228087187293357,1.0,1.0,0.1978414651008522,303,6.087532015854215
16952,109,1.0986122886681096,5.127588355789889,0,0.0,1.0,1.0,0.2156769251249588,108,3.8501476017100584
16953,30,0.6931471805599453,3.0819099697950434,0,0.0,0.0,0.3333333333333333,0.2774009280140121,29,2.3978952727983707
16954,1,2.302585092994046,7.643041985736175,358,0.4605580456380521,1.0,0.0111111111111111,0.315093016900955,359,4.771625801005729
16955,185,1.6094379124341003,6.25319399473728,188,0.3894647667617232,1.0,1.0,0.1580863172271461,372,4.212127597878484
16956,18,0.6931471805599453,5.735733235888028,0,0.0,0.0,0.2,0.2874376368826842,17,4.74493212836325
16957,239,1.0986122886681096,6.03461981742191,42,0.538996500732687,1.0,1.0,0.1117543458329408,281,4.465908118654584
16959,87,0.6931471805599453,4.7736463359599925,0,0.0,0.0,0.9666666666666668,0.2318168300404954,86,3.912023005428146
16960,39,1.3862943611198906,6.2305798679318904,213,0.24715209136621874,1.0,0.4333333333333333,0.2737466221988847,252,4.628235458919088
16961,116,0.6931471805599453,5.46030865686874,0,0.0,0.0,1.0,0.2087215609673774,115,4.836281906951478
16963,187,0.6931471805599453,4.714472920878541,0,0.0,0.0,1.0,0.151593219153843,186,3.58351893845611
16965,227,0.6931471805599453,5.309207849379209,0,0.0,0.0,1.0,0.1196370481671132,226,5.676753802268282
16966,8,2.0794415416798357,7.675996017275306,231,0.5742859776832164,1.0,0.0888888888888888,0.3067069996900018,239,5.648974238161206
16967,189,0.6931471805599453,5.768383493840728,0,0.0,0.0,1.0,0.1502865363983064,188,5.8111409929767
16968,4,1.0986122886681096,6.087751522419478,103,0.25562013999211797,1.0,0.0444444444444444,0.3002895528351216,107,5.099866427824199
16969,39,1.3862943611198906,6.479139244274806,152,0.33270575382573603,1.0,0.4333333333333333,0.2739512716207636,191,5.60947179518496
16971,38,0.6931471805599453,5.881119406601529,0,0.0,0.0,0.4222222222222222,0.2714640480807181,37,4.290459441148391
16976,267,0.6931471805599453,5.5314904534994245,0,0.0,0.0,1.0,0.0876233338056908,266,4.48863636973214
16978,78,0.6931471805599453,5.84450048159508,0,0.0,0.0,0.8666666666666667,0.2393601001118949,77,5.117993812416755
16979,4,1.9459101490553132,7.52456122628536,294,0.41224479509354317,1.0,0.0444444444444444,0.308047653079879,297,4.9778825076244475
16980,255,1.0986122886681096,6.984679282395341,36,0.6061358035703156,1.0,1.0,0.0998655969950236,290,5.978885764901122
16982,61,0.6931471805599453,5.95339916630119,0,0.0,0.0,0.6777777777777778,0.2530531791607254,60,5.209486152841421
16983,13,2.0794415416798357,7.56644040598698,356,0.4082623127292256,1.0,0.1444444444444444,0.3023769394870523,369,5.288267030694535
16984,88,1.0986122886681096,8.407902741450327,41,0.538996500732687,1.0,0.9777777777777776,0.2386797996901851,129,7.100439622811638
16985,17,2.3978952727983707,8.606141358283566,341,0.42386756446985013,1.0,0.1888888888888888,0.3085178498272202,358,5.216022123821206
16986,30,1.0986122886681096,7.535937180689723,0,3.4339872044851463,1.0,0.3333333333333333,0.2814806747592325,29,6.255750041753367
16987,3,2.0794415416798357,7.393909039942478,202,0.5553634781968924,1.0,0.0333333333333333,0.3099612229070079,204,4.067805006987489
16988,5,0.6931471805599453,4.845131522228461,0,0.0,0.0,0.0555555555555555,0.2976047504698765,4,3.784189633918261
16989,7,1.9459101490553132,7.033726918544073,143,0.71732797875716,1.0,0.0777777777777777,0.3046152051920808,150,5.330300412401088
16990,219,0.6931471805599453,5.19295685089021,0,0.0,0.0,1.0,0.1260224837738365,218,4.61512051684126
16992,11,1.791759469228055,7.38728216770102,274,0.3632228029098636,1.0,0.1222222222222222,0.3006579656340256,284,5.153291594497779
16996,30,1.9459101490553132,7.284793477350012,323,0.31591744682247913,1.0,0.3333333333333333,0.2866281101795867,352,4.518158808998462
16997,288,1.3862943611198906,6.555356891810665,37,0.9637930658591582,1.0,1.0,0.0742922971123713,325,4.795790545596741
16998,150,1.6094379124341003,5.69035945432406,154,0.32721291120841617,1.0,1.0,0.1858418898975767,303,2.995732273553991
16999,23,1.0986122886681096,6.185838184926078,50,0.462623521948113,1.0,0.2555555555555555,0.2851137063056654,73,4.997212273764115
17001,1,2.4849066497880004,8.291689356823657,358,0.608671944924617,1.0,0.0111111111111111,0.3206825299177426,358,5.286888670724414
17002,86,1.3862943611198906,7.309700867507591,205,0.256719846847814,1.0,0.9555555555555556,0.2374545939377094,290,5.426417369175352
17004,46,1.0986122886681096,7.254135412741511,46,0.5020919437972361,1.0,0.5111111111111111,0.2679894193085023,92,6.017375928892483
17006,5,1.6094379124341003,6.6628516858853635,70,0.8187244879431474,1.0,0.0555555555555555,0.3028469390361978,75,4.23410650459726
17007,51,1.9459101490553132,6.7922658609726465,306,0.32993626564142736,1.0,0.5666666666666667,0.2689737431160908,356,4.61015772749913
17010,18,0.6931471805599453,5.279949709189852,0,0.0,0.0,0.2,0.2872757845427524,17,4.77912349311153
17011,30,0.6931471805599453,5.605434351638425,0,0.0,0.0,0.3333333333333333,0.2777579510358587,29,5.231108616854587
17014,8,1.3862943611198906,6.3755868424430115,58,0.7102416139192453,1.0,0.0888888888888888,0.298726106230452,66,4.4148164574968725
17015,29,1.3862943611198906,7.519453763930569,156,0.32365154819215153,1.0,0.3222222222222222,0.283674481249371,184,6.494257999176709
17017,3,3.044522437723423,9.070533328583988,369,0.7958013346200287,1.0,0.0333333333333333,0.3387129562749049,372,5.813085209546651
17018,41,1.0986122886681096,6.82556860799419,285,0.10008345855698249,1.0,0.4555555555555555,0.271296575007116,325,4.48863636973214
17019,11,1.6094379124341003,7.149610666818088,357,0.2248228128339297,1.0,0.1222222222222222,0.2987347749827821,367,5.336335433735558
17022,31,0.6931471805599453,4.276666119016055,0,0.0,0.0,0.3444444444444444,0.2766704505347425,30,4.6913478822291435
17024,45,1.3862943611198906,4.573163389853005,112,0.42899560551835847,1.0,0.5,0.2683467913066195,157,3.1780538303479458
17025,61,1.3862943611198906,5.882681514648826,312,0.09152725662578666,1.0,0.6777777777777778,0.2558864630286889,372,4.373658385003365
17026,185,1.0986122886681096,5.048765669457524,184,0.1510402574128658,1.0,1.0,0.15469611456065,369,3.9019726695746444
17027,79,1.9459101490553132,6.792669851506807,238,0.4068588365567682,1.0,0.8777777777777778,0.2465143639755509,316,4.265024544000569
17029,111,1.0986122886681096,6.57507584059962,126,0.21357410029805896,1.0,1.0,0.2148554853345805,236,5.303304908059076
17030,64,0.6931471805599453,4.996333509385396,0,0.0,0.0,0.7111111111111111,0.2503081683237087,63,4.990432586778736
17031,12,1.0986122886681096,5.943717588610248,143,0.19044696423787166,1.0,0.1333333333333333,0.2937881025903117,154,4.774912960575186
17033,86,1.3862943611198906,6.9384202652929305,273,0.19867069479548402,1.0,0.9555555555555556,0.2367928094407168,358,5.5254529391317835
17034,16,1.3862943611198906,6.615422408314929,271,0.19999955449736198,1.0,0.1777777777777777,0.2925362410115456,287,4.924835304292923
17035,246,1.0986122886681096,6.07426498720113,65,0.37469344944141064,1.0,1.0,0.1061634834019322,311,4.749270529961848
17037,88,0.6931471805599453,7.145448469088846,0,0.0,0.0,0.9777777777777776,0.2326562974182277,87,6.487684018484611
17038,30,0.6931471805599453,4.730921391293652,0,0.0,0.0,0.3333333333333333,0.2775316889448444,29,3.367295829986474
17040,138,0.6931471805599453,6.110868490605405,0,0.0,0.0,1.0,0.1913822185876275,137,5.204006687076795
17041,27,1.3862943611198906,6.987093122912967,333,0.16520991632123336,1.0,0.3,0.2841924300583636,360,5.762051382780177
17042,3,1.791759469228055,6.952135734662869,244,0.3986391430377645,1.0,0.0333333333333333,0.3062614908449621,246,5.297316866214453
17043,32,1.6094379124341003,7.459442576481153,234,0.32542240043462795,1.0,0.3555555555555555,0.282550183622178,265,5.523458920524919
17044,25,0.6931471805599453,6.855914466312751,0,0.0,0.0,0.2777777777777778,0.2827359059557026,24,6.22455842927536
17045,113,1.3862943611198906,5.83023889860876,134,0.37001835911241676,1.0,1.0,0.2141490666207876,247,3.592735593561034
17046,157,0.6931471805599453,6.466175827952961,0,0.0,0.0,1.0,0.1764160749046697,156,6.236369590203704
17047,85,1.3862943611198906,7.004791241493732,119,0.22314355131420976,1.0,0.9444444444444444,0.2376959598696968,204,5.185521872402692
17048,118,1.3862943611198906,6.831252132996021,213,0.24715209136621874,1.0,1.0,0.2109747703089922,330,5.0917031171850375
17049,3,2.302585092994046,8.64135230108571,273,0.5705448584676129,1.0,0.0333333333333333,0.3185919839312437,275,5.698211429606745
17050,96,1.9459101490553132,8.080187879386058,203,0.5532620778915094,1.0,1.0,0.2362163297583767,299,5.598421958998375
17051,194,0.6931471805599453,5.513993103014726,0,0.0,0.0,1.0,0.1461732309959853,193,5.220355825078325
17052,28,0.6931471805599453,6.027675929070554,0,0.0,0.0,0.3111111111111111,0.2795661504968537,27,5.568344503761097
17053,131,0.6931471805599453,6.213567557246944,0,0.0,0.0,1.0,0.1970667835022586,130,4.812184355372417
17054,28,1.791759469228055,7.213274813763555,216,0.4401855768119022,1.0,0.3111111111111111,0.2866533301097132,244,5.086361004624392
17058,82,1.3862943611198906,7.074023670453844,158,0.32190002976212223,1.0,0.9111111111111112,0.2402151368720229,239,5.28994911687752
17059,30,1.791759469228055,8.037879154522797,339,0.30228087187293357,1.0,0.3333333333333333,0.2875310972100362,369,5.918893854273146
17060,266,0.6931471805599453,5.460606269591755,0,0.0,0.0,1.0,0.0884008052788797,265,5.37989735354046
17061,74,2.4849066497880004,8.56278395725042,158,0.920057214669632,1.0,0.8222222222222222,0.2639003035290961,231,4.939692470740225
17062,314,1.6094379124341003,6.290401791806313,55,0.9582549309731871,1.0,1.0,0.0546385035635245,369,4.686750172980514
17063,21,2.0794415416798357,7.287656394959027,268,0.28954600588984364,1.0,0.2333333333333333,0.2952887352531597,288,4.709530201312334
17064,59,1.3862943611198906,6.757339283199166,268,0.20134637116353274,1.0,0.6555555555555556,0.2582067571263373,326,4.672828834461906
17068,12,3.091042453358316,8.423572383818774,355,0.9878271821993708,1.0,0.1333333333333333,0.3270161480250114,367,4.644848669806267
17069,28,2.302585092994046,7.904962183102404,345,0.4754236967150748,1.0,0.3111111111111111,0.2943269211065965,372,5.12594614060725
17070,114,0.6931471805599453,5.746650374883377,0,0.0,0.0,1.0,0.2104371428607698,113,4.897839799950911
17071,28,2.302585092994046,7.795658881937399,281,0.5580894584607747,1.0,0.3111111111111111,0.2939262587653662,309,4.897839799950911
17073,18,1.6094379124341003,7.277309922347601,91,0.682218110027755,1.0,0.2,0.2933674480775272,108,5.250963670164566
17075,18,1.6094379124341003,6.727575427100043,299,0.26236426446749106,1.0,0.2,0.2924938480028393,316,4.304065093204169
17076,36,1.3862943611198906,6.735875021605469,328,0.16799173123912964,1.0,0.4,0.2766298741771874,364,4.598481197837295
17078,36,1.0986122886681096,5.938063770380866,0,0.0,1.0,0.4,0.2745336965215962,35,5.978885764901122
17079,78,0.6931471805599453,4.785823685681349,0,0.0,0.0,0.8666666666666667,0.2390381512829583,77,3.2188758248682006
17080,22,1.0986122886681096,5.665110944007932,247,0.1146291695593613,1.0,0.2444444444444444,0.2856343381863287,269,4.430816798843313
17081,25,1.0986122886681096,5.673872944250057,20,0.8873031950009028,1.0,0.2777777777777778,0.2832315469775697,45,3.6888794541139363
17082,33,1.0986122886681096,7.603324523974459,285,0.10008345855698249,1.0,0.3666666666666666,0.2792607632758984,317,6.264350190317006
17083,109,1.3862943611198906,7.249058683836842,194,0.26947610795520843,1.0,1.0,0.2188798455978527,303,5.554250740685237
17084,35,1.0986122886681096,7.989814654309178,0,0.0,1.0,0.3888888888888889,0.2790067773896154,34,6.812345094177479
17085,123,1.791759469228055,7.3573329617086225,239,0.4068588365567682,1.0,1.0,0.2107503577868892,362,5.063860055333554
17086,7,1.9459101490553132,7.626121762674929,56,1.3025244780544318,1.0,0.0777777777777777,0.3059239993428989,63,5.739256862849861
17088,28,1.6094379124341003,7.596899458212264,225,0.33647223662121295,1.0,0.3111111111111111,0.2861239424895396,253,5.384495062789089
17090,4,2.0794415416798357,7.623128618300249,349,0.4149438520627081,1.0,0.0444444444444444,0.3097570724495489,353,4.887121583730887
17091,3,2.302585092994046,8.250296269962053,365,0.40088844108075256,1.0,0.0333333333333333,0.3159764512599614,367,5.272999558563747
17092,50,1.6094379124341003,7.483683015038365,227,0.33395175639587793,1.0,0.5555555555555556,0.2681724933463447,276,5.648093568795613
17094,322,0.6931471805599453,5.713732805509369,0,0.0,0.0,1.0,0.0435777480109329,321,5.030437921392435
17095,23,1.3862943611198906,7.18928848584704,312,0.1758906664636642,1.0,0.2555555555555555,0.2877472885466398,334,5.332718793265369
17096,15,1.6094379124341003,6.930621835101851,246,0.31177962403084136,1.0,0.1666666666666666,0.295168653353193,261,4.45143608604605
17097,2,2.1972245773362196,6.862151034377116,363,0.4027064856690846,1.0,0.0222222222222222,0.3112414301818264,364,4.066887715989061
17100,18,1.0986122886681096,6.880116831678181,0,0.0,1.0,0.2,0.2898194900565958,17,5.993961427306569
17101,10,1.6094379124341003,7.391865195080271,167,0.42899560551835847,1.0,0.1111111111111111,0.3000352901793,177,5.321789722733179
17102,262,0.6931471805599453,3.2771447329921766,0,0.0,0.0,1.0,0.0913113806785913,261,1.0986122886681096
17105,159,1.0986122886681096,6.50246015642561,147,0.18571714579509283,1.0,1.0,0.176281121429204,305,5.850764665004847
17107,33,1.9459101490553132,9.28882155340966,244,0.3986391430377645,1.0,0.3666666666666666,0.2975811062590524,277,6.693530173175174
17109,29,1.9459101490553132,6.78676209631286,203,0.3669666299752799,1.0,0.3222222222222222,0.2866138213615441,231,4.596801936317575
17110,165,0.6931471805599453,5.101694025043222,0,0.0,0.0,1.0,0.1693155797142873,164,3.9318256327243257
17111,47,0.6931471805599453,5.519899699795292,0,0.0,0.0,0.5222222222222223,0.2640897679546451,46,5.713732805509369
17114,6,2.1972245773362196,6.696565001785386,329,0.49365782014362525,1.0,0.0666666666666666,0.3078247414587821,334,3.3455084758015667
17115,8,1.3862943611198906,6.731614581263264,224,0.23638877806423034,1.0,0.0888888888888888,0.299084656699853,232,4.8283137373023015
17117,288,0.6931471805599453,4.763881877142913,0,0.0,0.0,1.0,0.0705852418671904,287,4.23410650459726
17118,318,0.6931471805599453,5.062721607294587,0,0.0,0.0,1.0,0.0465793421546387,317,5.043425116919247
17119,3,1.0986122886681096,6.410026844693401,56,0.42899560551835847,1.0,0.0333333333333333,0.301330773102858,59,5.123963979403259
17120,233,0.6931471805599453,5.731592175295468,0,0.0,0.0,1.0,0.1149759166075748,232,4.795790545596741
17122,119,0.6931471805599453,4.9367734454978,0,0.0,0.0,1.0,0.2061783159596601,118,4.394449154672439
17123,162,0.6931471805599453,5.847305451408376,0,0.0,0.0,1.0,0.1719818056629565,161,5.5093883366279774
17124,185,0.6931471805599453,5.703415740750875,0,0.0,0.0,1.0,0.1534663565487196,184,4.875197323201151
17125,50,0.6931471805599453,5.562026879608908,0,0.0,0.0,0.5555555555555556,0.2616986824187337,49,5.676753802268282
17126,152,1.791759469228055,6.9134888108298975,210,0.25131442828090605,1.0,1.0,0.1866862016070631,362,5.071416766356115
17128,335,0.6931471805599453,5.063164491108096,0,0.0,0.0,1.0,0.0329430784447506,334,4.343805421853684
17131,5,1.791759469228055,7.8096103157799615,70,0.8266785731844679,1.0,0.0555555555555555,0.3066825654017059,75,5.286244785313768
17133,16,2.0794415416798357,8.495609939749013,250,0.46850848817478524,1.0,0.1777777777777777,0.304197398014327,265,5.968707559985366
17134,107,1.0986122886681096,6.054439346269371,157,0.17384692980298241,1.0,1.0,0.2176486328503373,264,3.9512437185814275
17135,16,2.0794415416798357,7.039423687328594,355,0.2911970145592254,1.0,0.1777777777777777,0.2988406108903387,371,5.16967197712914
17138,276,0.6931471805599453,5.9441108507245115,0,0.0,0.0,1.0,0.080588204137556,275,4.844187086458591
17139,16,2.5649493574615367,9.275141671084599,273,0.6308040499858097,1.0,0.1777777777777777,0.3196201215890404,288,6.070352742434693
17140,247,0.6931471805599453,6.144872093737295,0,0.0,0.0,1.0,0.1039713185610345,246,5.713732805509369
17142,239,0.6931471805599453,6.363028103540465,0,0.0,0.0,1.0,0.1105507114567553,238,4.406719247264253
17144,1,1.0986122886681096,6.893220154004312,83,0.30854721091574266,1.0,0.0111111111111111,0.3034741687884024,84,5.491001710377538
17146,106,1.3862943611198906,6.621112666105018,253,0.21281370181263293,1.0,1.0,0.220349808882358,358,4.272025739459553
17147,23,1.6094379124341003,7.447512323761201,289,0.27110951696999414,1.0,0.2555555555555555,0.2897400423000607,311,5.40042258948519
17148,52,0.6931471805599453,4.835329072196206,0,0.0,0.0,0.5777777777777777,0.2599024455843803,51,4.418840607796598
17152,195,1.3862943611198906,7.43277962214794,68,0.3610133455373305,1.0,1.0,0.1503009046591225,262,5.155216522907363
17153,24,0.6931471805599453,5.369614248430071,0,0.0,0.0,0.2666666666666666,0.2824892452564277,23,4.653960350157523
17154,75,0.6931471805599453,5.800122427092944,0,0.0,0.0,0.8333333333333334,0.2417451186832208,74,6.19644412779452
17155,18,1.0986122886681096,5.532203014394148,160,0.17185025692665923,1.0,0.2,0.2887916177789053,177,4.804021044733257
17157,8,1.0986122886681096,5.768320995793772,168,0.16340610980141884,1.0,0.0888888888888888,0.2969090803218505,175,4.465908118654584
17158,32,1.3862943611198906,7.145172475411292,328,0.16799173123912964,1.0,0.3555555555555555,0.280446397279236,359,5.561962861171576
17159,22,1.3862943611198906,7.33945977029367,150,0.33647223662121295,1.0,0.2444444444444444,0.2888559449101461,171,5.91710013181912
17160,31,1.9459101490553132,8.165940662434437,210,0.538996500732687,1.0,0.3444444444444444,0.2887681920123547,241,6.1675164908883415
17162,29,2.3978952727983707,7.448019309392898,276,0.43276650704128605,1.0,0.3222222222222222,0.2935408902101881,305,4.616110126026426
17163,22,1.0986122886681096,5.68391984555995,56,0.42285685082003355,1.0,0.2444444444444444,0.2856421610018414,77,3.5263605246161616
17164,33,2.0794415416798357,7.811305190205457,240,0.4040810248422259,1.0,0.3666666666666666,0.2870994527888169,272,5.372629399512588
17165,284,0.6931471805599453,5.073171812563154,0,0.0,0.0,1.0,0.073854439112357,283,4.61512051684126
17166,39,1.0986122886681096,5.334359957894966,165,0.16705408466316618,1.0,0.4333333333333333,0.2718819456366677,203,3.6888794541139363
17169,58,1.0986122886681096,6.729561192451421,125,0.21357410029805896,1.0,0.6444444444444445,0.2575398427933749,182,5.575949103146316
17171,289,0.6931471805599453,5.420136689869131,0,0.0,0.0,1.0,0.0699382886462504,288,5.225746673713202
17172,79,0.6931471805599453,5.764438468529548,0,0.0,0.0,0.8777777777777778,0.238520031839394,78,6.175867270105761
17173,5,2.1972245773362196,8.234193472948663,125,0.8873031950009028,1.0,0.0555555555555555,0.3128494592973417,130,4.9505313700265505
17174,218,0.6931471805599453,4.109233174715851,0,0.0,0.0,1.0,0.1266546050507661,217,3.7376696182833684
17175,44,1.6094379124341003,7.275650044659092,252,0.3053816495511818,1.0,0.4888888888888889,0.2725084070536757,295,5.382198850528739
17176,202,0.6931471805599453,5.7272711107251055,0,0.0,0.0,1.0,0.1398403281649676,201,5.14166355650266
17179,178,1.3862943611198906,6.569186846877494,183,0.28357529049912744,1.0,1.0,0.1625415666613813,360,4.581560320348958
17180,56,1.6094379124341003,6.680892319236134,259,0.20763936477824443,1.0,0.6222222222222222,0.2619581903024819,315,5.146039931102459
17181,57,1.0986122886681096,5.4844649281755204,316,0.09069656147081215,1.0,0.6333333333333333,0.2574913791207021,373,4.799914262780603
17183,8,1.9459101490553132,8.116211019915529,97,0.9284612674944102,1.0,0.0888888888888888,0.3069736834747181,104,5.37989735354046
17186,47,1.0986122886681096,4.976733742420574,13,1.1451323043030026,1.0,0.5222222222222223,0.2653758416731403,59,4.61512051684126
17187,227,0.6931471805599453,5.322766046950346,0,0.0,0.0,1.0,0.1196409881252912,226,4.976733742420574
17188,11,2.0794415416798357,7.814088599978061,351,0.3558198776189989,1.0,0.1222222222222222,0.3047563329573695,361,5.250776421779037
17189,106,1.0986122886681096,5.954281755980266,253,0.11205740891571736,1.0,1.0,0.2183928145319649,358,4.740574822994295
17190,59,1.0986122886681096,6.09973582239177,148,0.18343949989529582,1.0,0.6555555555555556,0.2561794859132273,206,4.400603020246817
17191,28,2.0794415416798357,7.647848066418356,340,0.30228087187293357,1.0,0.3111111111111111,0.2905787960799741,367,5.122261851332729
17193,36,2.0794415416798357,7.43855998506344,141,0.6157605169445252,1.0,0.4,0.2835966281118263,176,5.1937501869096065
17194,274,1.0986122886681096,5.57450867228432,86,0.29626581614317243,1.0,1.0,0.0834596127261997,360,4.102643365036796
17197,30,0.6931471805599453,6.921668046035439,0,0.0,0.0,0.3333333333333333,0.2788173287037618,29,5.2574953720277815
17198,24,1.3862943611198906,6.541347409127499,347,0.15906469462968736,1.0,0.2666666666666666,0.286043041838572,370,4.787491742782046
17201,54,0.6931471805599453,5.839565497125275,0,0.0,0.0,0.6,0.2586090102244564,53,5.594711379601839
17203,36,1.9459101490553132,8.178877256226862,24,1.2237754316221157,1.0,0.4,0.2848229058410266,59,6.16541785423142
17204,175,1.6094379124341003,7.355998866445309,88,0.5198754592859085,1.0,1.0,0.1676007376227456,263,5.090678001769792
17205,54,0.6931471805599453,5.953451104909766,0,0.0,0.0,0.6,0.258668180973179,53,6.785587645007929
17206,53,0.6931471805599453,5.324180026073764,0,0.0,0.0,0.5888888888888889,0.259213594619773,52,4.343805421853684
17211,27,2.1972245773362196,7.748554928800743,342,0.4776275543563949,1.0,0.3,0.2931333799723969,369,5.114244276715276
17212,253,0.6931471805599453,5.428687517709892,0,0.0,0.0,1.0,0.0988180633847372,252,4.997212273764115
17213,40,2.0794415416798357,7.931008043401064,326,0.37852047286471235,1.0,0.4444444444444444,0.281932549843047,365,5.1298987149230735
17214,60,1.9459101490553132,6.975526070700373,298,0.40657931435156786,1.0,0.6666666666666666,0.2620102892813303,358,3.8501476017100584
17217,234,0.6931471805599453,4.740574822994295,0,0.0,0.0,1.0,0.1138968955816676,233,3.2188758248682006
17218,4,2.3978952727983707,7.581576918422193,363,0.5548950868004853,1.0,0.0444444444444444,0.3139444799658413,367,4.572646994282532
17219,32,0.6931471805599453,4.746930131025923,0,0.0,0.0,0.3555555555555555,0.2759300232335526,31,4.499809670330265
17220,24,2.70805020110221,8.070671686317706,339,0.5845133395571498,1.0,0.2666666666666666,0.3054099261722754,363,4.920502166392441
17221,7,1.0986122886681096,5.817497989896762,28,0.7102416139192453,1.0,0.0777777777777777,0.2977342452742871,35,4.976733742420574
17222,65,0.6931471805599453,5.872540235443819,0,0.0,0.0,0.7222222222222222,0.2498019258555213,64,4.859812404361672
17223,310,1.0986122886681096,6.058632420966027,58,0.41689380393178715,1.0,1.0,0.0548169635141381,367,4.04305126783455
17226,309,0.6931471805599453,5.977593791422191,0,0.0,0.0,1.0,0.0541361594010775,308,6.008813185442595
17227,19,1.9459101490553132,6.84622024286434,349,0.35667494393873234,1.0,0.2111111111111111,0.2947126975800413,368,4.824305715904762
17228,16,2.1972245773362196,7.553333799033199,356,0.462623521948113,1.0,0.1777777777777777,0.301370012642971,371,5.260096153727839
17229,96,1.0986122886681096,5.767570714403068,46,0.5020919437972361,1.0,1.0,0.2263205024226739,142,4.537961436294641
17230,264,2.1972245773362196,8.199576859581033,95,0.666478933477784,1.0,1.0,0.1049124546750433,359,5.334528748510609
17231,12,2.3978952727983707,8.063163693649658,349,0.573033350482169,1.0,0.1333333333333333,0.3092598072477955,360,5.165928178502291
17232,3,1.0986122886681096,6.046236782954962,11,1.252762968495368,1.0,0.0333333333333333,0.3010661249700306,14,4.629862798578463
17233,35,0.6931471805599453,5.256870176633863,0,0.0,0.0,0.3888888888888889,0.273633025611955,34,4.882801922586371
17234,183,0.6931471805599453,5.01655109452556,0,0.0,0.0,1.0,0.1548579339828217,182,4.02535169073515
17235,25,1.0986122886681096,6.311843696146471,347,0.08292040750115152,1.0,0.2777777777777778,0.2836025597059901,371,4.727387818712341
17236,13,1.9459101490553132,6.821249228838842,350,0.35667494393873234,1.0,0.1444444444444444,0.2994924275908193,362,4.382026634673881
17237,11,1.0986122886681096,5.754760719420831,11,1.3156767939059373,1.0,0.1222222222222222,0.2944965105937007,21,3.979681653901961
17238,3,2.8903717578961645,8.228350445643704,368,0.759969676805347,1.0,0.0333333333333333,0.3273410635716062,370,4.6837638805481046
17239,313,0.6931471805599453,5.949339620807311,0,0.0,0.0,1.0,0.0509119147946872,312,5.017279836814924
17242,108,1.0986122886681096,7.0353038099288,72,0.3483066942682158,1.0,1.0,0.2178600908798051,179,5.725217755376266
17243,1,3.295836866004329,9.068529081120177,368,1.1112137155461137,1.0,0.0111111111111111,0.3489048213991743,369,4.872257009409756
17244,53,0.6931471805599453,6.862653305069717,0,0.0,0.0,0.5888888888888889,0.2602851775929011,52,6.424869023905388
17245,205,0.6931471805599453,5.15010733938285,0,0.0,0.0,1.0,0.1372416525137546,204,4.330733340286331
17247,15,0.6931471805599453,5.646118050461663,0,0.0,0.0,0.1666666666666666,0.2898061533103375,14,4.672828834461906
17248,120,0.6931471805599453,5.767226647212736,0,0.0,0.0,1.0,0.2056336017983949,119,5.365976015021851
17250,4,1.0986122886681096,5.954593072332077,257,0.11000089521432846,1.0,0.0444444444444444,0.3002111676526762,260,4.442651256490317
17251,363,0.6931471805599453,5.6499596679586945,0,0.0,0.0,1.0,0.0106633242815755,362,4.709530201312334
17252,117,1.0986122886681096,5.871723345495433,69,0.35667494393873234,1.0,1.0,0.209525688626449,185,4.579852378003801
17253,18,0.6931471805599453,5.188837265929216,0,0.0,0.0,0.2,0.2872513739323022,17,3.784189633918261
17254,5,1.0986122886681096,5.6110822193672805,10,1.3156767939059373,1.0,0.0555555555555555,0.2992490320527138,14,4.844187086458591
17255,41,1.0986122886681096,5.701813871561357,258,0.10959862641289439,1.0,0.4555555555555555,0.2704090994275406,298,4.762173934797756
17256,107,1.0986122886681096,5.484796933490655,204,0.13657553500575076,1.0,1.0,0.2173845414507307,311,4.269697449699962
17259,148,1.0986122886681096,6.40418659316403,220,0.12783337150988483,1.0,1.0,0.1850155592504311,367,5.327876168789581
17262,52,1.791759469228055,7.134380761332616,313,0.25202189205289666,1.0,0.5777777777777777,0.2672550013658175,365,4.309455941839047
17263,208,0.6931471805599453,4.165734558308774,0,0.0,0.0,1.0,0.1346810488497172,207,3.6109179126442243
17265,139,1.0986122886681096,6.334876930813136,41,0.538996500732687,1.0,1.0,0.1921770388092642,180,5.288267030694535
17266,2,1.3862943611198906,5.741848675462657,145,0.34627623671783375,1.0,0.0222222222222222,0.3031453871687939,147,4.001254139156089
17267,127,1.0986122886681096,5.763999170144749,0,0.0,1.0,1.0,0.201452564888216,126,4.388257184424518
17268,108,1.6094379124341003,6.639405134829848,137,0.5020919437972361,1.0,1.0,0.2202007229482105,244,5.356586274672012
17272,42,1.6094379124341003,7.673051013288749,220,0.3429447511268304,1.0,0.4666666666666667,0.2751190018379403,262,6.099197246910864
17274,35,0.6931471805599453,4.727210811897116,0,0.0,0.0,0.3888888888888889,0.2735203941988254,34,4.382026634673881
17277,228,1.0986122886681096,6.9719968810436015,95,0.2744368457017603,1.0,1.0,0.1215039224438342,322,5.375278407684165
17278,241,0.6931471805599453,5.509550266836412,0,0.0,0.0,1.0,0.1084711259634402,240,5.19295685089021
17279,58,0.6931471805599453,5.240847139393487,0,0.0,0.0,0.6444444444444445,0.2551794738117016,57,3.8918202981106265
17282,130,1.3862943611198906,7.440974288775877,169,0.30382328863116614,1.0,1.0,0.2024597989104858,299,6.440414767155885
17284,60,1.9459101490553132,7.410697913471,276,0.4340384805522204,1.0,0.6666666666666666,0.2628431907300572,335,5.430806549594116
17286,22,0.6931471805599453,5.0429088546465515,0,0.0,0.0,0.2444444444444444,0.2840080719195078,21,4.77912349311153
17287,26,2.0794415416798357,6.97083335919483,346,0.41886243767998566,1.0,0.2888888888888888,0.2907112713720166,372,4.39268392914787
17288,9,2.0794415416798357,7.258926103006179,349,0.4159165096558722,1.0,0.1,0.3048552900544781,357,5.152465489535474
17289,32,1.3862943611198906,6.851618695836513,148,0.3383879460193518,1.0,0.3555555555555555,0.2799859360800084,179,5.160969175396813
17290,4,1.0986122886681096,6.265757382440746,12,1.1962507582320256,1.0,0.0444444444444444,0.3004120484189067,15,5.313205979041787
17291,308,0.6931471805599453,6.313185661783185,0,0.0,0.0,1.0,0.055162861779441,307,4.290459441148391
17293,8,2.302585092994046,7.536955763241639,352,0.4668115712063936,1.0,0.0888888888888888,0.3091783070379748,360,4.8494227005125365
17295,29,1.3862943611198906,6.324269352631711,35,0.6061358035703156,1.0,0.3222222222222222,0.2818392458750561,64,4.59511985013459
17297,17,0.6931471805599453,4.888693623291013,0,0.0,0.0,0.1888888888888888,0.2879871617899855,16,4.219507705176107
17298,101,1.0986122886681096,6.21344742510144,23,0.8347976976229721,1.0,1.0,0.2225662756725531,124,5.270432163058501
17299,12,1.6094379124341003,6.507441878013575,161,0.44183275227903923,1.0,0.1333333333333333,0.2970711269741998,172,5.1387352967235715
17301,21,0.6931471805599453,5.291443797604864,0,0.0,0.0,0.2333333333333333,0.2848726079033021,20,5.0106352940962555
17302,15,1.791759469228055,7.035823023024634,290,0.34526994732474203,1.0,0.1666666666666666,0.2967660836942189,305,4.7535901911063645
17303,361,0.6931471805599453,5.525612288984722,0,0.0,0.0,1.0,0.0122201515557774,360,4.976733742420574
17306,11,2.995732273553991,9.063267419175418,342,0.7995275841185171,1.0,0.1222222222222222,0.330770574824955,352,6.406532522549488
17309,95,0.6931471805599453,4.427836170705175,0,0.0,0.0,1.0,0.2253503255116983,94,3.7376696182833684
17311,78,1.0986122886681096,7.234068948784864,238,0.11871630683938196,1.0,0.8666666666666667,0.2422808710435335,316,6.221583712158617
17312,139,1.3862943611198906,6.469715324941794,20,1.349926716949016,1.0,1.0,0.1937286457236557,158,4.8283137373023015
17313,31,0.6931471805599453,7.7535548746739895,0,0.0,0.0,0.3444444444444444,0.2798935647276496,30,7.246368080102461
17314,25,2.1972245773362196,7.835547613113086,287,0.547639596888707,1.0,0.2777777777777778,0.295038436738599,312,5.472270673671475
17315,2,3.6635616461296463,8.747234498421118,355,1.3520052876412585,1.0,0.0222222222222222,0.3619235102548517,357,4.63779021511002
17317,46,1.3862943611198906,7.863781975859922,43,0.8735288725360734,1.0,0.5111111111111111,0.2711198645362176,89,5.948034989180646
17320,100,1.3862943611198906,7.091425925345387,267,0.20202662787328698,1.0,1.0,0.2258062267101928,367,5.358157366904053
17321,8,1.0986122886681096,6.5537339539375346,59,0.4110989258264204,1.0,0.0888888888888888,0.2974541935210601,67,5.233778845410465
17323,15,2.0794415416798357,6.826621142583566,277,0.5006658847068662,1.0,0.1666666666666666,0.2993306081686476,291,4.71722254693549
17324,18,1.6094379124341003,6.898946596200742,348,0.22942749087274414,1.0,0.2,0.2927166983184749,366,5.356586274672012
17325,280,0.6931471805599453,4.582924577040772,0,0.0,0.0,1.0,0.0769746602577239,279,4.110873864173311
17329,14,1.0986122886681096,6.261701585954275,300,0.09500811062818713,1.0,0.1555555555555555,0.292387617424677,314,4.276666119016055
17330,23,1.0986122886681096,5.899623343442402,44,0.5108256237659907,1.0,0.2555555555555555,0.2849410904567982,67,4.110873864173311
17331,124,0.6931471805599453,5.171619713502079,0,0.0,0.0,1.0,0.2022202677498862,123,2.833213344056216
17333,86,0.6931471805599453,6.20506268557866,0,0.0,0.0,0.9555555555555556,0.2331570017725865,85,5.929589143389895
17334,302,1.0986122886681096,5.73016471593032,6,1.791759469228055,1.0,1.0,0.061063101613977,308,5.065754593317335
17337,151,1.6094379124341003,7.61523426680226,158,0.4485486942444761,1.0,1.0,0.1875134593122318,309,5.762837237437516
17338,17,2.1972245773362196,8.801609436855593,344,0.47652302937388546,1.0,0.1888888888888888,0.3073312400742526,360,5.971261839790462
17339,94,1.0986122886681096,5.498642547781566,270,0.10499144386917482,1.0,1.0,0.227817145408187,364,4.343805421853684
17340,30,2.4849066497880004,9.421758650158734,336,0.48436587206961945,1.0,0.3333333333333333,0.3093598844306561,365,6.297946070045513
17341,157,1.3862943611198906,6.662314992669317,209,0.13353139262452257,1.0,1.0,0.1794857990889404,366,5.099866427824199
17343,355,0.6931471805599453,5.271151698475267,0,0.0,0.0,1.0,0.0169524735915233,354,4.04305126783455
17344,46,0.6931471805599453,5.084938485288739,0,0.0,0.0,0.5111111111111111,0.2647662280362871,45,4.204692619390966
17345,15,1.6094379124341003,6.2892330797607725,181,0.28629990222482926,1.0,0.1666666666666666,0.2944771764177581,196,4.471638793363569
17346,4,2.772588722239781,7.8926612110344125,369,0.7198154276421067,1.0,0.0444444444444444,0.3221433901478232,372,4.713725592542437
17347,86,0.6931471805599453,5.43790538075509,0,0.0,0.0,0.9555555555555556,0.2327782947055507,85,5.37989735354046
17348,15,1.791759469228055,7.056623459516872,283,0.3534896643034453,1.0,0.1666666666666666,0.2968001871727951,297,5.63906615993651
17349,179,0.6931471805599453,4.716264233493678,0,0.0,0.0,1.0,0.158010616957524,178,4.727387818712341
17350,8,1.6094379124341003,7.160123596171431,42,0.8735288725360734,1.0,0.0888888888888888,0.3011604065288044,50,5.297066584646384
17351,36,1.3862943611198906,6.37698201740645,237,0.2256719976675684,1.0,0.4,0.2762673837496084,272,3.6549779024382545
17353,129,1.0986122886681096,7.462214939768189,25,0.7884573603642702,1.0,1.0,0.2018787642456333,153,6.398594934535208
17354,51,0.6931471805599453,7.239975632001093,0,0.0,0.0,0.5666666666666667,0.2625149383037223,50,6.914730892718563
17356,312,0.6931471805599453,5.188614101456073,0,0.0,0.0,1.0,0.0514224398261115,311,5.117993812416755
17357,24,1.0986122886681096,5.96393917604323,0,0.0,1.0,0.2666666666666666,0.2841735545303189,23,4.350277936359301
17358,303,1.0986122886681096,5.904953045160004,52,0.4554755286828257,1.0,1.0,0.0603449436416187,354,4.624972813284271
17359,11,0.6931471805599453,4.858726543710496,0,0.0,0.0,0.1222222222222222,0.2927944001319549,10,5.087596335232384
17360,17,1.3862943611198906,6.374667004542158,166,0.16520991632123336,1.0,0.1888888888888888,0.291506084032171,183,4.724433606814909
17361,49,1.3862943611198906,6.192771403813017,242,0.2214892912181832,1.0,0.5444444444444444,0.2656983230522148,291,3.9765615265657175
17362,239,1.0986122886681096,5.746937744970129,70,0.35667494393873234,1.0,1.0,0.1116052983570871,309,4.56954300834494
17364,1,2.4849066497880004,8.407864814197026,330,0.5964765591581447,1.0,0.0111111111111111,0.3213843135553675,330,5.5075463762619155
17365,13,2.1972245773362196,8.47690438805764,320,0.44628710262841953,1.0,0.1444444444444444,0.3079097742137514,332,6.393799762207219
17367,238,0.6931471805599453,5.132262782217954,0,0.0,0.0,1.0,0.1107667103391696,237,5.017279836814924
17368,23,2.1972245773362196,7.55677814335483,314,0.5120986984127889,1.0,0.2555555555555555,0.2957644324696384,337,5.164071432985645
17370,73,1.6094379124341003,6.102961198121657,96,0.6563976383512037,1.0,0.8111111111111111,0.247822408416646,169,4.912654885736052
17371,17,1.3862943611198906,6.051830311894415,343,0.08361414004113359,1.0,0.1888888888888888,0.2912749683694882,360,3.9448128282511368
17372,41,2.1972245773362196,7.203167397495829,321,0.5020919437972361,1.0,0.4555555555555555,0.2805122570560482,362,4.549921711757613
17373,40,1.6094379124341003,6.473767231940735,272,0.2858421455297737,1.0,0.4444444444444444,0.2745795572333295,312,4.634728988229636
17374,219,1.0986122886681096,6.208127142322502,62,0.3894647667617232,1.0,1.0,0.1279100863245816,280,3.7727609380946383
17375,199,1.3862943611198906,5.9942107727760074,162,0.31508104663989533,1.0,1.0,0.1452517028301856,360,4.814890716970161
17376,71,1.0986122886681096,5.319099905730565,240,0.11732188738904584,1.0,0.7888888888888889,0.2462090140226187,310,3.784189633918261
17377,24,3.044522437723423,8.319210435760528,349,0.9664405155596266,1.0,0.2666666666666666,0.3153109468160029,373,4.6520537718869415
17379,11,0.6931471805599453,6.005515370330642,0,0.0,0.0,0.1222222222222222,0.2931895379666096,10,6.498282149476434
17381,9,3.4011973816621555,9.917223283969056,363,0.9423225705921019,1.0,0.1,0.3633514035851393,371,6.786094043164555
17382,65,0.6931471805599453,4.1956970564823886,0,0.0,0.0,0.7222222222222222,0.2493897291439731,64,3.258096538021482
17383,4,0.6931471805599453,5.299766316313141,0,0.0,0.0,0.0444444444444444,0.2985113412246568,3,5.017279836814924
17384,19,1.0986122886681096,5.821269170111868,199,0.13976194237515868,1.0,0.2111111111111111,0.2881103897768596,218,3.8066624897703196
17385,15,0.6931471805599453,5.568764262978113,0,0.0,0.0,0.1666666666666666,0.2897760611659931,14,5.308267697401205
17386,8,1.9459101490553132,7.896336904550998,157,0.4508337131380154,1.0,0.0888888888888888,0.3060302490688478,165,5.762051382780177
17387,20,1.0986122886681096,6.6658238353540185,13,1.1451323043030026,1.0,0.2222222222222222,0.2879473662016852,33,5.605802066295998
17388,78,1.6094379124341003,7.13931134565379,209,0.35667494393873234,1.0,0.8666666666666667,0.2449728303246804,287,5.5909869805108565
17389,1,3.5553480614894135,10.36831154057086,330,1.3375419605878567,1.0,0.0111111111111111,0.3934449379344614,330,5.415577389640196
17391,164,1.0986122886681096,6.234018491942015,0,3.4339872044851463,1.0,1.0,0.1720463339830639,164,5.484796933490655
17392,307,1.0986122886681096,6.128854112403284,51,0.4554755286828257,1.0,1.0,0.0572678050824147,357,5.081404364984463
17394,219,0.6931471805599453,5.3223756316411075,0,0.0,0.0,1.0,0.1260579862230701,218,5.488937726156687
17396,39,2.1972245773362196,8.899976330900701,332,0.23987034511952326,1.0,0.4333333333333333,0.2906647026542248,371,5.527939883959956
17397,22,1.0986122886681096,6.547373473112078,0,0.0,1.0,0.2444444444444444,0.2862178945281946,21,4.852030263919617
17398,115,1.3862943611198906,6.483688222474311,140,0.35454501768090746,1.0,1.0,0.2129929445134483,254,4.647590901872043
17400,126,1.791759469228055,7.664327861392181,226,0.4243747624654565,1.0,1.0,0.2091480775735757,352,5.39544407727876
17402,5,2.639057329615259,7.8765815333589115,364,0.6440144919823007,1.0,0.0555555555555555,0.3184094682879787,368,4.005933604878048
17403,36,0.6931471805599453,5.6441032391546,0,0.0,0.0,0.4,0.2729604198372262,35,4.770684624465665
17404,4,2.772588722239781,10.370606399796605,356,0.7792217893311884,1.0,0.0444444444444444,0.3638702024411493,359,7.6890049077636275
17405,1,1.3862943611198906,6.9396511539657,149,0.3383879460193518,1.0,0.0111111111111111,0.3049764405743053,149,5.493061443340548
17406,333,1.3862943611198906,7.6968578856756675,33,0.6466271649250525,1.0,1.0,0.0403350665630066,366,5.573420656792957
17408,163,0.6931471805599453,3.5160130560907366,0,0.0,0.0,1.0,0.1707333521601882,162,1.3862943611198906
17409,185,1.0986122886681096,6.6500849805983275,63,0.38441169891033206,1.0,1.0,0.1555769236167866,247,3.979681653901961
17410,16,1.791759469228055,7.1030917728535865,199,0.4718862780603521,1.0,0.1777777777777777,0.2960768472989203,214,4.821893169499378
17411,12,1.3862943611198906,6.659216993647982,249,0.2158883804330378,1.0,0.1333333333333333,0.2957925049157368,260,4.634728988229636
17412,3,2.0794415416798357,7.138120689779327,369,0.3964152725882465,1.0,0.0333333333333333,0.3094373369462423,371,4.667474069324246
17414,44,1.0986122886681096,6.658011045870748,141,0.19290366612449156,1.0,0.4888888888888889,0.2686873071494971,184,6.957497370876951
17415,80,0.6931471805599453,6.23213362528801,0,0.0,0.0,0.8888888888888888,0.2379892360086485,79,4.74493212836325
17416,30,2.0794415416798357,8.838467667762448,251,0.538996500732687,1.0,0.3333333333333333,0.2958241781230453,280,6.422550988560524
17418,42,1.0986122886681096,6.140875440444677,281,0.10143824284548833,1.0,0.4666666666666667,0.269842572744189,323,4.980176086611547
17419,11,2.5649493574615367,8.349382638885205,355,0.6112300580920585,1.0,0.1222222222222222,0.3144348687376879,366,5.058366696917446
17420,50,1.3862943611198906,6.3966462817363405,323,0.1703826659579894,1.0,0.5555555555555556,0.2650541106717464,373,4.4923746918427465
17422,16,1.9459101490553132,7.591038974917671,279,0.42899560551835847,1.0,0.1777777777777777,0.2986038079905076,295,5.930918047239948
17423,46,1.0986122886681096,6.550237122496749,171,0.16164135155641585,1.0,0.5111111111111111,0.2669694126719568,217,5.440250862436703
17425,19,1.0986122886681096,6.63354209247732,41,0.5491078103370076,1.0,0.2111111111111111,0.2887139028634092,60,5.320567975482857
17426,8,1.9459101490553132,8.524816063361785,274,0.28402576124867046,1.0,0.0888888888888888,0.3093861227220976,281,6.247397921245183
17427,72,0.6931471805599453,4.623010104116422,0,0.0,0.0,0.8,0.243825290128136,71,3.5553480614894135
17428,1,3.367295829986474,9.756022391409203,368,0.9671491491076462,1.0,0.0111111111111111,0.3640237656537347,368,5.827053071571663
17429,128,1.3862943611198906,6.265149109915909,90,0.5108256237659907,1.0,1.0,0.2023817576690148,218,5.342334251964811
17430,33,1.0986122886681096,5.586349377764106,332,0.08626034428440688,1.0,0.3666666666666666,0.276779603163778,364,4.564348191467836
17431,313,0.6931471805599453,6.002157176646725,0,0.0,0.0,1.0,0.0509416072331294,312,5.680172609017068
17432,18,1.0986122886681096,5.9047076831817,19,0.9473813189441862,1.0,0.2,0.2889544408331709,36,4.6491870714048655
17433,88,0.6931471805599453,5.717553878740119,0,0.0,0.0,0.9777777777777776,0.2312799386947428,87,5.225746673713202
17434,2,2.0794415416798357,7.77267692412289,82,1.1533134243811665,1.0,0.0222222222222222,0.31183224690273,84,5.4924733809889945
17436,2,1.0986122886681096,5.3812788872623845,225,0.125163142954006,1.0,0.0222222222222222,0.3015753081316408,226,3.828641396489095
17438,254,0.6931471805599453,5.9647354873659575,0,0.0,0.0,1.0,0.0982466117536631,253,4.6443908991413725
17440,157,1.3862943611198906,5.233352087695677,90,0.28493103907989104,1.0,1.0,0.1786365096982271,247,4.418840607796598
17442,37,1.9459101490553132,7.7184899205194295,253,0.46408061094261355,1.0,0.4111111111111111,0.2821431626036552,289,5.522793363096025
17443,220,0.6931471805599453,6.282715244436788,0,0.0,0.0,1.0,0.1257274573244912,219,6.22455842927536
17444,148,1.3862943611198906,7.9865185392775535,25,1.2237754316221157,1.0,1.0,0.1897866116285567,172,6.561502030505819
17446,177,1.0986122886681096,4.803201036487226,133,0.20202662787328698,1.0,1.0,0.1610647910699063,309,4.605170185988092
17447,40,1.0986122886681096,6.296243383424822,31,0.676886659688165,1.0,0.4444444444444444,0.2715582973896893,71,5.404927101606295
17449,2,2.0794415416798357,7.8327520034852345,357,0.3507752218115441,1.0,0.0222222222222222,0.3120421496021796,359,5.083177415094348
17450,8,3.8501476017100584,12.178453679089984,359,1.1545835749589033,1.0,0.0888888888888888,0.6373369494867938,367,7.3281661122530855
17451,1,2.0794415416798357,7.451473946050154,104,0.7672551527136671,1.0,0.0111111111111111,0.3117030426378316,105,5.152465489535474
17453,18,1.0986122886681096,6.189741470692064,46,0.49365782014362525,1.0,0.2,0.2891271137828812,63,4.705015520957808
17454,192,1.6094379124341003,6.25099788520506,167,0.4310822724784647,1.0,1.0,0.152469716591084,359,4.123093975508087
17455,204,0.6931471805599453,4.888090941338162,0,0.0,0.0,1.0,0.1379870475882993,203,4.204692619390966
17456,365,0.6931471805599453,5.524895014596528,0,0.0,0.0,1.0,0.0090113384522506,364,5.407171771460119
17457,127,1.791759469228055,7.460892986533744,212,0.44685032427101873,1.0,1.0,0.2077859791177118,338,5.113191882421348
17458,15,0.6931471805599453,5.760477818332746,0,0.0,0.0,0.1666666666666666,0.2898551315585564,14,5.14166355650266
17459,43,1.0986122886681096,6.489660754473831,16,1.0169342576538425,1.0,0.4777777777777778,0.2693171443927004,59,5.596568390349052
17460,94,1.9459101490553132,6.435236489370733,278,0.4302451371066514,1.0,1.0,0.2340999026178447,372,3.6971782569286313
17461,23,1.3862943611198906,6.6312900617355215,6,1.6650077635889111,1.0,0.2555555555555555,0.2869383123511962,29,5.588496319198405
17462,60,1.0986122886681096,6.517213265531828,223,0.1256882151634967,1.0,0.6666666666666666,0.2557070328689788,283,4.740574822994295
17463,16,1.791759469228055,7.548245077314868,296,0.3393540829961018,1.0,0.1777777777777777,0.2970499741432329,312,5.393627546352361
17464,158,0.6931471805599453,5.673185800678734,0,0.0,0.0,1.0,0.1751113627961797,157,5.3981627015177525
17466,10,1.0986122886681096,6.638934214171274,68,0.36545977349446523,1.0,0.1111111111111111,0.2959390213119421,78,5.0369526024136295
17468,10,1.0986122886681096,4.927253685157205,4,2.1400661634962708,1.0,0.1111111111111111,0.2950449934106144,13,4.07753744390572
17469,16,1.791759469228055,7.5347466312681,188,0.49365782014362525,1.0,0.1777777777777777,0.2970136580069843,204,5.0651234793803255
17470,45,1.791759469228055,7.02648897373005,323,0.31591744682247913,1.0,0.5,0.2726868379486304,367,5.817111159963204
17472,191,1.3862943611198906,6.567080222875004,108,0.44183275227903923,1.0,1.0,0.1521116178931318,298,5.043425116919247
17475,79,0.6931471805599453,5.274895196603544,0,0.0,0.0,0.8777777777777778,0.2383438900134617,78,5.187385805840755
17480,78,0.6931471805599453,6.239924906405982,0,0.0,0.0,0.8666666666666667,0.239599195617409,77,5.82600010738045
17481,4,1.6094379124341003,7.136156981955326,90,0.6931471805599453,1.0,0.0444444444444444,0.3043254518360504,93,5.584435717023635
17483,65,1.3862943611198906,6.028374901128079,117,0.4110989258264204,1.0,0.7222222222222222,0.2527582334900691,182,4.169245870395218
17486,261,0.6931471805599453,5.986125318762377,0,0.0,0.0,1.0,0.0926436582191158,260,5.2574953720277815
17489,59,1.0986122886681096,5.933941360864316,153,0.17798315519535646,1.0,0.6555555555555556,0.2560822717277505,212,5.3706380281276624
17490,1,2.0794415416798357,7.646506601347098,175,0.6164133863285558,1.0,0.0111111111111111,0.3122325387564374,176,5.093750200806762
17491,1,2.3978952727983707,8.177479306325386,366,0.5525652299387559,1.0,0.0111111111111111,0.3186322898904722,367,5.3097517441737
17492,248,0.6931471805599453,5.92844487193968,0,0.0,0.0,1.0,0.1030396319856861,247,5.049856007249537
17495,8,1.0986122886681096,6.211723943242329,31,0.676886659688165,1.0,0.0888888888888888,0.2971639784857086,38,4.749270529961848
17496,359,0.6931471805599453,5.605985872931934,0,0.0,0.0,1.0,0.0138544218485126,358,4.382026634673881
17498,76,0.6931471805599453,5.610277331459341,0,0.0,0.0,0.8444444444444444,0.2408614396417578,75,5.978885764901122
17499,290,0.6931471805599453,6.435958042183625,0,0.0,0.0,1.0,0.0697042601726089,289,6.568077911411976
17500,17,1.3862943611198906,7.037905963447182,12,1.791759469228055,1.0,0.1888888888888888,0.2922943754471805,29,1.8971199848858813
17501,221,1.0986122886681096,5.668500660511562,0,0.0,1.0,1.0,0.1260100687077882,220,4.394449154672439
17502,9,1.6094379124341003,6.536836514626557,19,1.7047480922384253,1.0,0.1,0.2995060802328677,28,4.553876891600541
17503,3,1.0986122886681096,6.327865352606625,35,0.6061358035703156,1.0,0.0333333333333333,0.3012623234671222,38,5.497168225293202
17504,206,2.302585092994046,8.00571068528359,116,0.8299061176753344,1.0,1.0,0.1519563420751109,322,5.2251491236506045
17505,162,1.0986122886681096,7.0447656130660885,44,0.5198754592859085,1.0,1.0,0.1745600000860675,205,5.631211781821365
17506,76,0.6931471805599453,5.714392653768217,0,0.0,0.0,0.8444444444444444,0.2409042367237049,75,4.941642422609304
17507,262,1.0986122886681096,6.407836624054821,47,0.48550781578170077,1.0,1.0,0.0935748638046359,308,5.195730777772936
17508,281,0.6931471805599453,5.961803989689555,0,0.0,0.0,1.0,0.0765872303689379,280,5.66988092298052
17509,58,2.1972245773362196,8.71868645756525,5,2.3978952727983707,1.0,0.6444444444444445,0.2736886806681528,62,6.093005276662943
17510,25,0.6931471805599453,5.7348934696812535,0,0.0,0.0,0.2777777777777778,0.2818222924651716,24,5.3706380281276624
17511,3,3.4657359027997265,11.419311026583387,370,1.1579147535899272,1.0,0.0333333333333333,0.472084657492985,373,7.64167283982712
17512,29,2.3978952727983707,7.981388163939233,272,0.6876375247489758,1.0,0.3222222222222222,0.2952675197808161,301,5.621487231929371
17513,72,0.6931471805599453,6.2426122948317895,0,0.0,0.0,0.8,0.244413999821097,71,5.541263545158426
17514,128,0.6931471805599453,5.345439473616771,0,0.0,0.0,1.0,0.1990594621802446,127,4.912654885736052
17515,31,1.6094379124341003,6.461499425865447,286,0.27276297168838964,1.0,0.3444444444444444,0.2817875311537042,317,4.123093975508087
17516,15,1.791759469228055,6.645194995304136,270,0.2876820724517809,1.0,0.1666666666666666,0.2962413983216491,285,4.4331949212482815
17517,309,0.6931471805599453,5.043037945203756,0,0.0,0.0,1.0,0.0537941967266139,308,4.634728988229636
17519,17,1.9459101490553132,7.520245396524275,351,0.3558198776189989,1.0,0.1888888888888888,0.297608453975038,367,5.332718793265369
17520,54,0.6931471805599453,6.305928511499892,0,0.0,0.0,0.6,0.2589004814783573,53,5.902633333401366
17521,30,1.3862943611198906,6.585081405576444,169,0.30228087187293357,1.0,0.3333333333333333,0.2812744464922099,198,5.159055299214529
17522,2,1.791759469228055,6.977010782644906,216,0.4401855768119022,1.0,0.0222222222222222,0.3071012165124042,217,5.336576078665127
17523,11,1.6094379124341003,6.48270971889503,7,2.1400661634962708,1.0,0.1222222222222222,0.2978498974915705,18,5.389071729816501
17524,361,0.6931471805599453,4.983606621708336,0,0.0,0.0,1.0,0.012070204741644,360,4.51085950651685
17525,360,0.6931471805599453,6.049025657632513,0,0.0,0.0,1.0,0.0132687663827029,359,4.418840607796598
17526,5,1.6094379124341003,7.087490159879325,360,0.2225893811697974,1.0,0.0555555555555555,0.3034381040654145,365,4.363098624788362
17527,54,1.6094379124341003,6.8462734148384685,164,0.4353180712578455,1.0,0.6,0.2637670892488056,217,4.812184355372417
17528,1,2.1972245773362196,8.196850176724896,70,1.2729656758128876,1.0,0.0111111111111111,0.3158608747860707,70,5.591919381510808
17530,1,2.3978952727983707,7.777373602657861,363,0.5064203302980743,1.0,0.0111111111111111,0.3169565657215197,364,5.034351820713572
17531,190,0.6931471805599453,5.69608626802173,0,0.0,0.0,1.0,0.1494525350903909,189,4.919980925828125
17534,54,0.6931471805599453,5.413251904640136,0,0.0,0.0,0.6,0.2584387497853694,53,4.6443908991413725
17535,280,0.6931471805599453,5.108366782589591,0,0.0,0.0,1.0,0.0770711606826613,279,4.919980925828125
17536,177,0.6931471805599453,4.350277936359301,0,0.0,0.0,1.0,0.1595660024354361,176,1.9459101490553132
17537,30,1.0986122886681096,6.80086025323236,273,0.10389959501815146,1.0,0.3333333333333333,0.2800880137450258,302,5.860786223465865
17538,26,0.6931471805599453,4.599353300666527,0,0.0,0.0,0.2888888888888888,0.2807202883498932,25,4.90527477843843
17540,25,1.0986122886681096,6.362855674882395,291,0.0977977432761265,1.0,0.2777777777777778,0.2836437294139071,315,4.584967478670572
17542,270,0.6931471805599453,5.146039931102459,0,0.0,0.0,1.0,0.0851016158158442,269,4.90527477843843
17545,43,1.3862943611198906,6.472284468787567,0,0.0,1.0,0.4777777777777778,0.2707363630022296,42,4.742029368705289
17548,234,0.6931471805599453,4.647271362006727,0,0.0,0.0,1.0,0.1138823348666623,233,4.07753744390572
17549,24,1.0986122886681096,5.0097015249361645,27,0.7282385003712154,1.0,0.2666666666666666,0.2838319772865466,51,4.663439094112067
17550,197,1.3862943611198906,5.591583817293718,45,0.5020919437972361,1.0,1.0,0.1466662062528157,242,3.39002408106403
17551,359,0.6931471805599453,5.729580167477342,0,0.0,0.0,1.0,0.0139055128279283,358,5.017279836814924
17552,60,1.6094379124341003,6.836699567016301,311,0.1758906664636642,1.0,0.6666666666666666,0.2589414644353393,371,5.197114861038874
17553,130,0.6931471805599453,7.305591359925811,0,0.0,0.0,1.0,0.1992809121893074,129,6.955592608396297
17554,1,1.791759469228055,7.577352319081822,146,0.5968160716215132,1.0,0.0111111111111111,0.3091620579859949,147,5.868166330763488
17555,20,1.0986122886681096,6.182621952564336,314,0.09097177820572666,1.0,0.2222222222222222,0.2875178964850817,334,5.167639042905921
17556,206,0.6931471805599453,5.0682750735426705,0,0.0,0.0,1.0,0.1364201705657016,205,4.624972813284271
17557,14,1.3862943611198906,6.29611434997733,66,0.6394944670676252,1.0,0.1555555555555555,0.2938492191350403,80,4.634728988229636
17560,95,1.6094379124341003,6.7522119632207875,215,0.3483066942682158,1.0,1.0,0.2307588773845609,310,5.073610093257644
17561,19,0.6931471805599453,5.12764766249453,0,0.0,0.0,0.2111111111111111,0.286434046070589,18,4.990432586778736
17562,14,2.0794415416798357,7.024097276842117,159,0.7570959051602187,1.0,0.1555555555555555,0.3004201214744851,172,4.768260380854159
17564,24,1.3862943611198906,6.120319396731415,55,0.7282385003712154,1.0,0.2666666666666666,0.2857029920423542,79,3.905334017277349
17566,8,1.0986122886681096,6.804847308929716,17,1.0169342576538425,1.0,0.0888888888888888,0.2977401973692287,24,5.560681631015528
17567,7,2.1972245773362196,8.373895405306746,365,0.4544726872148589,1.0,0.0777777777777777,0.3120515593295553,371,5.799092654460526
17569,332,0.6931471805599453,5.843950131819433,0,0.0,0.0,1.0,0.0356165133748685,331,5.075173815233827
17571,50,1.6094379124341003,7.312893667056457,248,0.3096171493180365,1.0,0.5555555555555556,0.267773829534625,297,5.426050733057588
17572,71,1.6094379124341003,5.428248536140067,302,0.26083482241559286,1.0,0.7888888888888889,0.2491134455411573,372,3.2088254890146994
17573,29,1.3862943611198906,5.944372939574132,64,0.661398482245365,1.0,0.3222222222222222,0.2815875025327824,93,4.641180623511125
17574,243,0.6931471805599453,5.229235205360593,0,0.0,0.0,1.0,0.1067806398906158,242,4.356708826689592
17576,8,2.995732273553991,8.195245363043425,357,0.8873031950009028,1.0,0.0888888888888888,0.3260270670355696,364,4.662942446473351
17578,218,0.6931471805599453,4.973002652622701,0,0.0,0.0,1.0,0.1267738887121236,217,4.9344739331306915
17579,5,1.3862943611198906,6.109025335847127,174,0.29479954022064486,1.0,0.0555555555555555,0.3009363391208707,178,4.465908118654584
17580,253,1.3862943611198906,5.37860619777684,105,0.4485486942444761,1.0,1.0,0.1016729884722576,357,3.41224721784874
17581,1,3.258096538021482,9.309827271674928,371,0.5456944494168146,1.0,0.0111111111111111,0.3508500558445794,371,5.472606751644727
17582,236,0.6931471805599453,5.1720169104318625,0,0.0,0.0,1.0,0.1123807954838484,235,4.820281565605037
17584,7,1.0986122886681096,7.125524413958892,120,0.22314355131420976,1.0,0.0777777777777777,0.2990292495714825,126,5.438079308923196
17585,109,1.6094379124341003,7.0335682107776405,228,0.3314690992306049,1.0,1.0,0.2199259530229756,337,6.037274083139276
17588,100,1.3862943611198906,7.123833932574225,132,0.37469344944141064,1.0,1.0,0.2258627279944978,232,5.422008838890586
17589,60,1.6094379124341003,7.785375866112405,180,0.4054651081081644,1.0,0.6666666666666666,0.2610452879006596,239,6.013103722211463
17590,2,1.3862943611198906,7.299946004359693,37,0.9473813189441862,1.0,0.0222222222222222,0.3048135597512388,39,5.6240175061873385
17591,73,2.0794415416798357,7.708397196129362,293,0.4776275543563949,1.0,0.8111111111111111,0.2546693162534526,366,4.977718479083114
17593,4,1.791759469228055,8.275972223773232,349,0.2955308462438522,1.0,0.0444444444444444,0.3095748379773122,352,6.431653091274532
17594,85,1.0986122886681096,6.901918276781504,169,0.16340610980141884,1.0,0.9444444444444444,0.2361067806005072,254,5.62040086571715
17595,12,1.0986122886681096,5.965608132562755,24,0.7884573603642702,1.0,0.1333333333333333,0.2938001508682181,36,4.749270529961848
17596,23,2.0794415416798357,7.947653827269738,345,0.41985384556026395,1.0,0.2555555555555555,0.2956355787137979,368,6.445039315786674
17597,214,0.6931471805599453,7.623333981206562,0,0.0,0.0,1.0,0.132696033956052,213,7.0707241072602764
17600,18,0.6931471805599453,5.091723608778362,0,0.0,0.0,0.2,0.2872276913576024,17,4.976733742420574
17601,239,0.6931471805599453,4.7622594012308666,0,0.0,0.0,1.0,0.10988978347241,238,4.6443908991413725
17602,2,1.9459101490553132,8.537773947264405,321,0.38242744004114704,1.0,0.0222222222222222,0.3142927593567947,323,6.540789470024582
17603,78,0.6931471805599453,5.980706890455022,0,0.0,0.0,0.8666666666666667,0.2394320328990634,77,4.31748811353631
17604,217,1.0986122886681096,5.737732914025749,94,0.2744368457017603,1.0,1.0,0.1292482601951199,311,4.448516375942715
17608,33,1.0986122886681096,5.270020767392923,0,0.0,1.0,0.3666666666666666,0.2766763362889264,32,4.762173934797756
17609,41,1.791759469228055,7.015011995713845,286,0.27276297168838964,1.0,0.4555555555555555,0.2758770504524985,326,4.980863135762585
17611,7,2.772588722239781,8.290347796726813,353,0.7427441216993174,1.0,0.0777777777777777,0.3216036852496297,360,5.145554611995626
17612,53,1.9459101490553132,7.625326743452606,244,0.47918268400473196,1.0,0.5888888888888889,0.269023276761615,297,5.711530161447027
17613,23,2.70805020110221,8.425110796704255,282,0.7227402887072548,1.0,0.2555555555555555,0.308154778646058,305,5.1889807025105705
17614,57,0.6931471805599453,5.968886572094735,0,0.0,0.0,0.6333333333333333,0.2562703147121425,56,5.476463551931511
17615,130,1.3862943611198906,5.8009091853869235,91,0.5020919437972361,1.0,1.0,0.200498656177007,221,3.8642323415917974
17616,174,1.3862943611198906,6.3494885806160095,194,0.26947610795520843,1.0,1.0,0.1655494276226237,367,4.326337728813293
17618,6,1.3862943611198906,6.879952334320048,356,0.15535044001916237,1.0,0.0666666666666666,0.3008803368009856,361,4.712528704308591
17619,312,0.6931471805599453,5.39144334453752,0,0.0,0.0,1.0,0.0514799689255933,311,4.852030263919617
17620,60,0.6931471805599453,4.412070756022258,0,0.0,0.0,0.6666666666666666,0.2534233217692453,59,4.110873864173311
17621,21,1.3862943611198906,7.230490739491305,333,0.16566712188881733,1.0,0.2333333333333333,0.2894311366464471,353,5.149430585840319
17623,33,0.6931471805599453,6.269190976192483,0,0.0,0.0,0.3666666666666666,0.2757171934479335,32,5.583496308781699
17624,15,1.0986122886681096,6.7387210533149595,203,0.13720112151348496,1.0,0.1666666666666666,0.2920428133153085,217,5.627621113690637
17625,18,1.6094379124341003,7.6246189861593985,239,0.3195941988338612,1.0,0.2,0.2942252597690818,257,5.705447753975262
17628,81,0.6931471805599453,4.340553386467307,0,0.0,0.0,0.9,0.2365702793882098,80,4.382026634673881
17629,6,2.1972245773362196,7.503906860215884,354,0.46575733836428446,1.0,0.0666666666666666,0.3092601139036711,359,5.321179035691299
17630,170,1.0986122886681096,6.223766036206958,62,0.3894647667617232,1.0,1.0,0.1672260766488544,231,4.382026634673881
17631,2,1.3862943611198906,6.271612055889925,230,0.23090555664969895,1.0,0.0222222222222222,0.3034561442324716,231,4.721470641684252
17633,31,1.6094379124341003,7.189801499815289,88,0.6987494361086152,1.0,0.3444444444444444,0.2827665536600729,119,5.087596335232384
17634,36,2.302585092994046,7.767674581380544,301,0.5863090140976058,1.0,0.4,0.2874134169023463,337,4.546834608975128
17636,19,0.6931471805599453,5.657947938312402,0,0.0,0.0,0.2111111111111111,0.2866024079066409,18,5.209486152841421
17637,31,1.0986122886681096,6.3063847700056215,83,0.3053816495511818,1.0,0.3444444444444444,0.2787854429181543,114,4.948759890378168
17639,276,0.6931471805599453,4.695924549256556,0,0.0,0.0,1.0,0.0801999184040803,275,3.912023005428146
17640,87,0.6931471805599453,6.434000623425246,0,0.0,0.0,0.9666666666666668,0.232536743195823,86,5.5254529391317835
17642,120,1.0986122886681096,6.569888069839022,56,0.42285685082003355,1.0,1.0,0.2076309378944792,175,5.472270673671475
17643,373,0.6931471805599453,4.63035048451839,0,0.0,0.0,1.0,0.0023825105015656,372,4.276666119016055
17644,1,2.4849066497880004,7.971306723565063,259,0.5937747067467416,1.0,0.0111111111111111,0.3191209217838417,260,5.099866427824199
17646,219,1.3862943611198906,6.917101466981717,145,0.34426954708124463,1.0,1.0,0.1300772688786399,364,4.688285092698598
17647,65,0.6931471805599453,4.8982874609298115,0,0.0,0.0,0.7222222222222222,0.2494863152201752,64,3.4339872044851463
17648,61,1.6094379124341003,7.494708263135679,188,0.2757058814050652,1.0,0.6777777777777778,0.2593771146502569,249,4.81014976667463
17649,138,0.6931471805599453,6.767906832865638,0,0.0,0.0,1.0,0.1919800073146506,137,5.991464547107982
17650,21,0.6931471805599453,5.118472739628975,0,0.0,0.0,0.2333333333333333,0.2848275696132611,20,5.017279836814924
17651,12,2.3978952727983707,8.28045768658256,165,0.8943653712451894,1.0,0.1333333333333333,0.3103599691929243,176,5.743644008081332
17652,25,2.5649493574615367,8.490586347854247,255,0.8281423450974501,1.0,0.2777777777777778,0.3041201773533956,280,5.34750427739992
17653,37,1.6094379124341003,7.09718484723547,83,0.7282385003712154,1.0,0.4111111111111111,0.2777862997633342,119,5.867176021564637
17654,277,0.6931471805599453,4.775334812511415,0,0.0,0.0,1.0,0.0794106984324117,276,3.7376696182833684
17655,11,2.0794415416798357,7.878511468609366,355,0.40920343021877154,1.0,0.1222222222222222,0.3049914599542841,365,5.0778488056831295
17656,73,1.791759469228055,7.4239802997335635,55,1.157452788691043,1.0,0.8111111111111111,0.2510115390359173,128,5.637642672151656
17658,26,1.0986122886681096,6.39094511686889,185,0.1495317339709637,1.0,0.2888888888888888,0.2828651730246983,210,5.733341276897746
17659,17,2.5649493574615367,8.006520889229225,354,0.6573010487868095,1.0,0.1888888888888888,0.3078703091218929,371,4.852681093750595
17660,141,0.6931471805599453,5.2832037287379885,0,0.0,0.0,1.0,0.1886135965519648,140,4.875197323201151
17663,26,2.0794415416798357,7.4977118102428095,261,0.5229653783166013,1.0,0.2888888888888888,0.2917659239451483,286,4.743689120123653
17664,19,1.0986122886681096,6.406285750140171,193,0.14378789279171167,1.0,0.2111111111111111,0.2884933080310783,211,5.713732805509369
17666,4,1.0986122886681096,6.591893186664721,61,0.39465419200394874,1.0,0.0444444444444444,0.3007017209962482,65,5.700443573390686
17667,66,1.791759469228055,7.628765650289339,232,0.32781417387809836,1.0,0.7333333333333333,0.2571701408752369,298,5.335613151291733
17668,1,1.0986122886681096,5.854355333135575,36,0.5937747067467416,1.0,0.0111111111111111,0.3025650948149025,37,3.8607297110405954
17669,43,2.0794415416798357,8.133798724949507,206,0.6257058997644127,1.0,0.4777777777777778,0.2804190328904229,249,5.615731596533466
17670,228,0.6931471805599453,5.331268466687723,0,0.0,0.0,1.0,0.1188413472497462,227,4.709530201312334
17671,16,1.6094379124341003,7.361191168037922,349,0.22884157242884745,1.0,0.1777777777777777,0.2951524788714107,364,5.267858159063328
17672,50,1.0986122886681096,8.064375435416844,259,0.10959862641289439,1.0,0.5555555555555556,0.2673007661929729,308,6.740519359606223
17673,2,1.9459101490553132,7.396408910722918,318,0.3854116656614348,1.0,0.0222222222222222,0.3093337652566679,319,5.516783328311135
17674,74,1.0986122886681096,6.313620507419839,294,0.09716374845364777,1.0,0.8222222222222222,0.2442991458424229,368,5.820082930352362
17675,1,3.4657359027997265,9.922077680345927,366,1.1924310438857644,1.0,0.0111111111111111,0.3727801827865942,366,5.600927777384923
17676,4,1.9459101490553132,7.236108934642959,362,0.34668041321373666,1.0,0.0444444444444444,0.3073848264924987,365,5.05199047977817
17677,2,3.4339872044851463,9.702853134193733,367,0.8711451443176127,1.0,0.0222222222222222,0.3648167786268553,368,5.789450356968291
17678,264,0.6931471805599453,5.700811398711247,0,0.0,0.0,1.0,0.0900962591250588,263,5.337538079701318
17679,53,1.0986122886681096,7.597451511865824,32,0.6466271649250525,1.0,0.5888888888888889,0.2632012234297683,85,5.901266279189834
17680,24,0.6931471805599453,5.2225156531317545,0,0.0,0.0,0.2666666666666666,0.282447304687128,23,4.574710978503383
17682,10,1.9459101490553132,7.814128999448025,358,0.3499484611777816,1.0,0.1111111111111111,0.3041232080483459,367,5.432993936539916
17684,44,0.6931471805599453,5.482345799133678,0,0.0,0.0,0.4888888888888889,0.2664830518730183,43,4.983606621708336
17685,17,2.0794415416798357,8.068568984886818,355,0.40920343021877154,1.0,0.1888888888888888,0.3009674596027047,371,5.636319045221148
17686,7,2.0794415416798357,8.655294625475447,295,0.3413031638908785,1.0,0.0777777777777777,0.3126260737597373,302,5.872117789475416
17690,30,2.772588722239781,8.467782334657008,342,0.7594152547207116,1.0,0.3333333333333333,0.3042590032730867,372,4.7808027546312495
17691,358,1.0986122886681096,5.674696893761104,10,1.3862943611198906,1.0,1.0,0.016119590117388,368,4.219507705176107
17692,127,1.6094379124341003,6.6092683773641365,232,0.32781417387809836,1.0,1.0,0.2049276765084883,358,5.1298987149230735
17693,137,0.6931471805599453,5.305640486927818,0,0.0,0.0,1.0,0.1918285337209203,136,5.44673737166631
17694,142,0.6931471805599453,5.649396684129609,0,0.0,0.0,1.0,0.1879358231509302,141,5.220355825078325
17695,132,1.0986122886681096,6.641625935491769,39,0.5596157879354227,1.0,1.0,0.1980809994385198,171,5.967427969279741
17696,38,2.1972245773362196,7.734869382309582,326,0.43963928792075785,1.0,0.4222222222222222,0.2842648693714344,364,5.395897694886901
17697,236,0.6931471805599453,5.828798547972468,0,0.0,0.0,1.0,0.1126144521340516,235,4.543294782270004
17698,261,0.6931471805599453,5.049535443053812,0,0.0,0.0,1.0,0.0922983123196951,260,4.543294782270004
17700,17,1.6094379124341003,7.838201349644471,264,0.2923879634891936,1.0,0.1888888888888888,0.2957235151854565,280,5.760477818332746
17701,253,0.6931471805599453,6.037751581059295,0,0.0,0.0,1.0,0.0990908626629254,252,4.700480365792417
17702,30,1.6094379124341003,7.509537985193698,175,0.4130123137435473,1.0,0.3333333333333333,0.2842817823020763,205,5.826737298714979
17703,35,1.3862943611198906,6.684286674843982,103,0.4590212125771265,1.0,0.3888888888888889,0.2773715719721376,137,5.286582110329616
17704,169,1.0986122886681096,6.7869313745672155,71,0.352440639799944,1.0,1.0,0.1685729434548059,239,5.150397236471415
17705,3,2.302585092994046,7.5090722177237925,298,0.59076507365638,1.0,0.0333333333333333,0.3131153564126773,301,4.68213122712422
17706,4,2.8903717578961645,9.259653256646303,362,0.6479417437918986,1.0,0.0444444444444444,0.3361887386245342,366,5.439612659594185
17707,185,1.0986122886681096,5.0330488889331555,151,0.1812171944509014,1.0,1.0,0.1546926456844282,335,4.290459441148391
17708,188,1.0986122886681096,5.591285443429055,137,0.19801288658863017,1.0,1.0,0.1524499366894632,324,3.839452312593311
17709,170,0.6931471805599453,4.9305092496169705,0,0.0,0.0,1.0,0.1652679831072305,169,2.8903717578961645
17711,11,1.0986122886681096,5.956096403270191,279,0.10212949507637982,1.0,0.1222222222222222,0.2945970223528699,289,4.820281565605037
17712,45,0.6931471805599453,6.261319913844147,0,0.0,0.0,0.5,0.2660856150614687,44,5.375278407684165
17714,321,0.6931471805599453,5.0369526024136295,0,0.0,0.0,1.0,0.0441671864076018,320,4.532599493153256
17715,201,0.6931471805599453,5.791182664937034,0,0.0,0.0,1.0,0.1406714030546712,200,5.953243334287785
17716,23,2.4849066497880004,8.640647227620185,245,0.6828906803927562,1.0,0.2555555555555555,0.3054143207706049,267,5.63576315508778
17718,232,0.6931471805599453,4.9441393028078915,0,0.0,0.0,1.0,0.1155380750764249,231,4.430816798843313
17719,38,2.772588722239781,8.593605934116098,217,1.073843220555701,1.0,0.4222222222222222,0.2987527778988917,255,5.108366782589591
17720,26,1.6094379124341003,7.087523578988375,341,0.23422561282023094,1.0,0.2888888888888888,0.2865932413801614,367,4.976733742420574
17722,96,1.6094379124341003,7.793603298080906,270,0.2876820724517809,1.0,1.0,0.2321966473969048,366,5.9908393517140635
17723,127,1.9459101490553132,8.094805704112124,87,1.0021520224805476,1.0,1.0,0.211417912500464,213,4.890349128221754
17724,71,1.3862943611198906,6.9411900550683745,67,0.6394944670676252,1.0,0.7888888888888889,0.2488289777124999,137,4.61512051684126
17725,16,2.4849066497880004,8.143250005910986,250,0.7862818700211305,1.0,0.1777777777777777,0.3078646082774915,266,5.285968707458059
17727,15,0.6931471805599453,6.967202737625557,0,0.0,0.0,0.1666666666666666,0.2909168503610289,14,6.470799503782602
17728,4,1.3862943611198906,7.964506839388399,82,0.5440040224633094,1.0,0.0444444444444444,0.3052032288442456,86,6.195765010620712
17730,3,2.639057329615259,8.575363981519251,323,0.7488425363481335,1.0,0.0333333333333333,0.32381756185546,325,5.62067953368607
17731,79,1.6094379124341003,7.123761419471479,104,0.4554755286828257,1.0,0.8777777777777778,0.2441429260022616,182,4.822295664976738
17732,373,0.6931471805599453,5.7202134111139475,0,0.0,0.0,1.0,0.0026714693183676,372,4.543294782270004
17733,39,1.0986122886681096,6.541304131886272,222,0.1262177172674014,1.0,0.4333333333333333,0.2725755067528778,261,5.448890225027411
17734,54,1.3862943611198906,6.553406199550885,180,0.2876820724517809,1.0,0.6,0.2619908761678514,233,4.953476880256307
17735,2,2.995732273553991,9.481208376934894,365,0.874326532775123,1.0,0.0222222222222222,0.3443832790933785,367,6.098429038865993
17736,9,1.3862943611198906,5.936057539836243,104,0.4554755286828257,1.0,0.1,0.297625772314836,112,4.386184644822546
17737,9,1.0986122886681096,5.131317825851867,49,0.4776275543563949,1.0,0.1,0.2958917282065541,57,4.007333185232471
17738,19,1.6094379124341003,7.539053651215015,262,0.20549829104489192,1.0,0.2111111111111111,0.2931833685664382,281,5.553928107999748
17739,12,2.0794415416798357,7.934638814191774,348,0.4159165096558722,1.0,0.1333333333333333,0.3044068894044944,359,4.820281565605037
17742,113,1.0986122886681096,5.875239671888878,219,0.12838116664820678,1.0,1.0,0.2127360291775302,332,3.817712325956905
17744,4,1.9459101490553132,7.750786909079374,354,0.352440639799944,1.0,0.0444444444444444,0.3087191589954193,357,6.345051394447482
17746,240,0.6931471805599453,4.711779921046349,0,0.0,0.0,1.0,0.1090794219135621,239,3.4011973816621555
17747,113,0.6931471805599453,4.282206299391671,0,0.0,0.0,1.0,0.2108956204736554,112,2.5649493574615367
17749,178,1.0986122886681096,6.515482764659955,78,0.32542240043462795,1.0,1.0,0.1610529562522041,255,5.081404364984463
17750,5,2.302585092994046,7.494747183701588,158,0.920057214669632,1.0,0.0555555555555555,0.3114740341658121,163,6.088288731743522
17752,359,0.6931471805599453,4.402319337941644,0,0.0,0.0,1.0,0.0135826075598688,358,5.262690188904886
17754,1,1.791759469228055,7.480574939429047,259,0.3794896217049037,1.0,0.0111111111111111,0.308904832962778,259,5.926392550364267
17757,1,3.4339872044851463,8.631644460675744,370,1.2074707225971721,1.0,0.0111111111111111,0.3502617315481586,371,4.715518243156957
17758,19,2.1972245773362196,8.14835890712986,230,0.5003816646049074,1.0,0.2111111111111111,0.3011771239909094,249,5.569774778140797
17759,17,1.3862943611198906,6.728616651290672,152,0.18012616623051889,1.0,0.1888888888888888,0.2918618222850465,168,5.4680601411351315
17760,22,1.0986122886681096,5.665006995704794,351,0.08178943300847806,1.0,0.2444444444444444,0.2856342953606963,372,4.791649752930709
17761,33,0.6931471805599453,6.570574791610563,0,0.0,0.0,0.3666666666666666,0.2759823269379277,32,5.988961416889864
17763,263,0.6931471805599453,2.772588722239781,0,0.0,0.0,1.0,0.0904942526698291,262,2.5649493574615367
17764,51,1.0986122886681096,6.7090848039668485,160,0.17086906306216681,1.0,0.5666666666666667,0.2631306052979079,210,5.290789100127245
17765,159,1.3862943611198906,5.921256652064486,98,0.4776275543563949,1.0,1.0,0.1772969796826638,256,3.8918202981106265
17767,15,0.6931471805599453,5.6065370902173655,0,0.0,0.0,0.1666666666666666,0.2897904648536797,14,4.859812404361672
17768,8,1.3862943611198906,7.72937482685066,157,0.32190002976212223,1.0,0.0888888888888888,0.3011341201624867,165,5.9822556080226725
17769,13,2.3978952727983707,8.293794607584,308,0.629474085698803,1.0,0.1444444444444444,0.3096334602222542,320,5.232177564043492
17770,199,1.791759469228055,7.042522158078838,83,0.7282385003712154,1.0,1.0,0.1491834070675616,281,4.304065093204169
17771,57,1.0986122886681096,5.508618809848949,266,0.10648348040245004,1.0,0.6333333333333333,0.2574997872198572,322,4.973279507552487
17772,11,1.0986122886681096,5.213684975707333,0,0.0,1.0,0.1222222222222222,0.294308192012965,10,3.4011973816621555
17774,97,1.6094379124341003,7.111846481470871,208,0.35810932142587537,1.0,1.0,0.2296834387686042,304,4.859812404361672
17775,255,0.6931471805599453,4.050044303325521,0,0.0,0.0,1.0,0.0969704643419631,254,4.290459441148391
17777,25,1.3862943611198906,6.502580128832101,75,0.581921545449721,1.0,0.2777777777777778,0.2852032733454976,99,5.135798437050262
17779,21,1.3862943611198906,6.491588107540731,122,0.3999856423435388,1.0,0.2333333333333333,0.2884014228665646,143,4.892852258439873
17781,159,1.0986122886681096,5.24185282956691,93,0.27698678333503296,1.0,1.0,0.1755991089585226,252,2.8903717578961645
17783,72,1.0986122886681096,5.650627799851681,175,0.1582240052148941,1.0,0.8,0.2455214621021933,247,5.181783550292085
17785,53,0.6931471805599453,4.889897898613436,0,0.0,0.0,0.5888888888888889,0.2591103848457646,52,4.219507705176107
17786,85,1.0986122886681096,5.6338606003511575,231,0.12160713209478688,1.0,0.9444444444444444,0.2350869024408588,316,4.61512051684126
17787,153,1.6094379124341003,7.531654198303087,218,0.34426954708124463,1.0,1.0,0.1856769521082411,370,5.43153621033426
17788,74,1.0986122886681096,7.020101338813675,55,0.42899560551835847,1.0,0.8222222222222222,0.2451083504412391,129,4.66814498514948
17789,281,0.6931471805599453,5.424509391785796,0,0.0,0.0,1.0,0.0763568141915838,280,4.31748811353631
17790,27,2.70805020110221,7.584036017432181,338,0.6812422780536269,1.0,0.3,0.3012438038259484,364,4.106179019869104
17791,30,0.6931471805599453,4.673762977453703,0,0.0,0.0,0.3333333333333333,0.277522695562047,29,3.8501476017100584
17793,25,0.6931471805599453,5.78086696496229,0,0.0,0.0,0.2777777777777778,0.2818430771720812,24,5.4510384535657
17795,180,1.0986122886681096,5.861896717749893,85,0.30228087187293357,1.0,1.0,0.1589859757700162,264,5.144583266605995
17796,40,1.6094379124341003,6.5495076704830835,329,0.24181316915676582,1.0,0.4444444444444444,0.2746523322579346,369,3.817712325956905
17797,22,1.3862943611198906,6.6611255745126075,160,0.17185025692665923,1.0,0.2444444444444444,0.287773241547813,182,5.117993812416755
17799,22,2.3978952727983707,8.025166423362391,339,0.535302370192545,1.0,0.2444444444444444,0.3010694126529265,360,5.175019150203543
17800,37,2.302585092994046,7.090085169074703,296,0.592265955706165,1.0,0.4111111111111111,0.2849511279509321,333,4.41615964104334
17802,82,1.3862943611198906,7.159323008512906,290,0.18805223150293962,1.0,0.9111111111111112,0.240365240713475,371,5.528105460580915
17805,74,0.6931471805599453,6.240879951161022,0,0.0,0.0,0.8222222222222222,0.2428084512524704,73,6.171700597410915
17806,11,0.6931471805599453,6.304521925890991,0,0.0,0.0,0.1222222222222222,0.2933913608967523,10,6.590301048196686
17809,16,2.5649493574615367,8.596542120019182,357,0.5632107588532816,1.0,0.1777777777777777,0.3121162713862503,373,5.149914027957543
17811,4,3.6888794541139363,8.966832110426772,329,1.475645956121996,1.0,0.0444444444444444,0.363960829880442,333,4.683080444091551
17812,13,1.6094379124341003,6.597363959103647,355,0.22538822116803356,1.0,0.1444444444444444,0.2963589931407948,367,4.483002552013883
17813,14,1.791759469228055,7.479796408781624,57,1.133098464739279,1.0,0.1555555555555555,0.298475055497058,70,5.0689042022202315
17816,37,1.6094379124341003,3.6259396543400624,328,0.24181316915676582,1.0,0.4111111111111111,0.2761146725798782,364,2.1400661634962708
17817,4,1.3862943611198906,5.9627563829712384,272,0.10426101032440933,1.0,0.0444444444444444,0.3016510853178502,276,3.149882953381249
17819,72,2.0794415416798357,8.217673327978565,299,0.4700036292457356,1.0,0.8,0.2575826162145518,370,4.99914091467052
17824,51,0.6931471805599453,5.701780471985528,0,0.0,0.0,0.5666666666666667,0.2609522880794337,50,6.013715156042802
17827,5,1.791759469228055,7.599130891241214,359,0.15454853143385885,1.0,0.0555555555555555,0.3060148995178681,364,5.523059639225943
17828,23,1.6094379124341003,7.507190501900052,162,0.44183275227903923,1.0,0.2555555555555555,0.2898906457738904,184,5.122474775851791
17829,299,0.6931471805599453,6.7914910892950235,0,0.0,0.0,1.0,0.0628652433503009,298,6.208590026096629
17830,2,1.3862943611198906,5.990714265717278,287,0.18984256418723805,1.0,0.0222222222222222,0.3032710946750067,288,3.455264602932431
17831,33,0.6931471805599453,3.594568774642695,0,0.0,0.0,0.3666666666666666,0.2750153527094654,32,2.5649493574615367
17832,50,0.6931471805599453,5.052224993855419,0,0.0,0.0,0.5555555555555556,0.261550248776944,49,5.342334251964811
17835,3,1.3862943611198906,5.862607924982978,20,1.349926716949016,1.0,0.0333333333333333,0.3024003489745189,22,4.762173934797756
17836,47,0.6931471805599453,4.71142030583075,0,0.0,0.0,0.5222222222222223,0.2638921990373178,46,4.48863636973214
17837,42,2.1972245773362196,7.374240224916247,120,1.0063278297803218,1.0,0.4666666666666667,0.280067997553109,162,4.185859671057874
17838,27,1.791759469228055,7.930314114531487,345,0.29774685906792164,1.0,0.3,0.2894867888168665,371,5.931714542702208
17839,42,0.6931471805599453,5.828357209237832,0,0.0,0.0,0.4666666666666667,0.2682292112679219,41,5.655991810819852
17841,2,4.8283137373023015,10.62114610975201,371,2.2977346388602964,1.0,0.0222222222222222,0.53490248278159,372,5.231410451580807
17843,303,0.6931471805599453,5.330203555410359,0,0.0,0.0,1.0,0.0586806053876222,302,4.736198448394496
17844,107,0.6931471805599453,3.9619553741763553,0,0.0,0.0,1.0,0.2156801326800478,106,3.970291913552122
17846,85,0.6931471805599453,7.617808739608441,0,0.0,0.0,0.9444444444444444,0.2361558816223692,84,0.6931471805599453
17848,81,2.302585092994046,6.804836224974296,276,0.6240253683210906,1.0,0.9,0.2492318802513497,357,3.8115886081063755
17849,218,1.6094379124341003,6.408199247474378,115,0.578077850775158,1.0,1.0,0.1317401089034613,333,3.3843902633457743
17850,372,3.5553480614894135,8.59271059842128,1,3.4339872044851463,1.0,1.0,0.0581041717421338,373,3.950677947703535
17852,12,1.0986122886681096,4.747884288187267,0,0.0,1.0,0.1333333333333333,0.2934083677080989,11,3.3141860046725258
17854,185,1.0986122886681096,5.743836174113374,41,0.538996500732687,1.0,1.0,0.1549194216830309,226,3.7612001156935624
17855,373,0.6931471805599453,5.346964663369558,0,0.0,0.0,1.0,0.0025358548158669,372,5.288267030694535
17856,2,1.6094379124341003,7.25772881858561,279,0.2787134024690205,1.0,0.0222222222222222,0.3061616164349822,281,5.354224998486333
17857,4,3.1780538303479458,10.199139282731217,361,0.9473813189441862,1.0,0.0444444444444444,0.3681761940993193,365,6.731277483670319
17858,6,2.5649493574615367,8.548044362073345,363,0.6453180928700637,1.0,0.0666666666666666,0.3197718594840997,368,5.422744944923089
17859,305,0.6931471805599453,5.00535470965233,0,0.0,0.0,1.0,0.0569945731805641,304,4.852030263919617
17860,369,0.6931471805599453,5.536546555280287,0,0.0,0.0,1.0,0.0058069792144901,368,4.653960350157523
17861,3,2.1972245773362196,7.650549399431497,316,0.4508337131380154,1.0,0.0333333333333333,0.3120757727588852,319,5.519458915191573
17862,324,0.6931471805599453,5.804833718725929,0,0.0,0.0,1.0,0.0420147252952484,323,4.61512051684126
17863,59,1.9459101490553132,8.058643712215618,310,0.39465419200394874,1.0,0.6555555555555556,0.2657972035923283,368,6.088288731743522
17864,13,1.3862943611198906,6.394426524998027,262,0.20549829104489192,1.0,0.1444444444444444,0.2947313564537381,275,5.602118820879701
17865,31,3.044522437723423,9.261729061813442,333,0.8532680273737074,1.0,0.3444444444444444,0.3188683674946864,363,5.665907522227275
17866,143,0.6931471805599453,5.801060414120672,0,0.0,0.0,1.0,0.1872001066693008,142,5.1647859739235145
17867,30,1.9459101490553132,7.088492247645854,258,0.29924289485285693,1.0,0.3333333333333333,0.2862571545520095,288,4.5145158177199605
17869,107,1.791759469228055,6.061876411348347,260,0.29626581614317243,1.0,1.0,0.2219593924630621,367,3.144152278672264
17870,2,2.5649493574615367,7.547158797032136,364,0.5064203302980743,1.0,0.0222222222222222,0.3183248268638267,366,4.768563732896527
17871,205,0.6931471805599453,5.055608659738987,0,0.0,0.0,1.0,0.1372194545609768,204,5.209486152841421
17873,80,1.791759469228055,7.528417784512985,293,0.3432749839439654,1.0,0.8888888888888888,0.2456599005873199,372,5.349010480863555
17874,185,1.9459101490553132,6.528630206205813,70,0.6190392084062234,1.0,1.0,0.1611923718228762,255,3.6331905482533475
17877,170,0.6931471805599453,5.474830419933934,0,0.0,0.0,1.0,0.1654109636184986,169,4.59511985013459
17878,44,0.6931471805599453,5.941354762622532,0,0.0,0.0,0.4888888888888889,0.2666829619249151,43,5.996452088619021
17879,174,0.6931471805599453,5.190286622334332,0,0.0,0.0,1.0,0.1621180552482105,173,3.828641396489095
17880,365,0.6931471805599453,6.131052561315036,0,0.0,0.0,1.0,0.0093097760090168,364,5.752572638825633
17881,304,0.6931471805599453,4.9004483350615,0,0.0,0.0,1.0,0.057775499254764,303,3.4965075614664802
17883,3,1.6094379124341003,6.511403517890506,242,0.31508104663989533,1.0,0.0333333333333333,0.3042941755171682,245,4.561740628060756
17884,4,1.6094379124341003,6.577096113675216,367,0.21878624594525398,1.0,0.0444444444444444,0.3035572456426217,371,5.368309738368072
17885,12,0.6931471805599453,5.253267697994312,0,0.0,0.0,0.1333333333333333,0.2920812384833731,11,5.123963979403259
17886,32,1.3862943611198906,6.803072311514464,217,0.243126050901548,1.0,0.3555555555555555,0.2799219831356712,249,5.083472618048522
17887,129,0.6931471805599453,4.721618998631338,0,0.0,0.0,1.0,0.1981184253418291,128,3.4339872044851463
17888,21,2.1972245773362196,6.588995250959495,335,0.48550781578170077,1.0,0.2333333333333333,0.2956747854817955,356,4.816241156068032
17889,212,1.0986122886681096,5.3223756316411075,109,0.24116205681688807,1.0,1.0,0.1331083661836667,321,3.7013019741124933
17890,323,1.0986122886681096,6.402066439321299,38,0.5705448584676129,1.0,1.0,0.0446394004726479,360,5.342334251964811
17891,162,0.6931471805599453,5.3223268190083886,0,0.0,0.0,1.0,0.1717798970815492,161,5.976350909297934
17892,56,1.3862943611198906,5.501666290534067,99,0.4737843520856416,1.0,0.6222222222222222,0.2597348918948099,154,3.619886582626985
17893,225,0.6931471805599453,4.7295977643631435,0,0.0,0.0,1.0,0.1211143625172173,224,5.087596335232384
17894,72,2.1972245773362196,7.021806917181424,294,0.53758307293554,1.0,0.8,0.2553277952727538,365,3.944006051281197
17895,44,0.6931471805599453,4.59511985013459,0,0.0,0.0,0.4888888888888889,0.2662811861172433,43,4.875197323201151
17896,23,0.6931471805599453,5.550320446542799,0,0.0,0.0,0.2555555555555555,0.2833521110405597,22,5.666426688112432
17897,173,1.3862943611198906,6.3414169452858875,200,0.2612154992636176,1.0,1.0,0.1663450000630936,373,4.3481250829982
17898,85,1.0986122886681096,5.030830001381775,121,0.2198594761130198,1.0,0.9444444444444444,0.2349060640705768,206,4.564348191467836
17899,159,0.6931471805599453,5.054971107916307,0,0.0,0.0,1.0,0.1741177075307941,158,5.147494476813453
17900,190,1.0986122886681096,4.729156165769083,0,0.0,1.0,1.0,0.1506245641498884,189,3.624340932976365
17901,29,0.6931471805599453,4.7129477781615225,0,0.0,0.0,0.3222222222222222,0.2783309443896981,28,3.2188758248682006
17904,21,0.6931471805599453,5.260978880892669,0,0.0,0.0,0.2333333333333333,0.2848640998776715,20,4.1588830833596715
17905,71,1.6094379124341003,6.686160527657778,302,0.26083482241559286,1.0,0.7888888888888889,0.249932114604727,372,4.632298853376344
17906,247,0.6931471805599453,4.302712827954156,0,0.0,0.0,1.0,0.1034111307392311,246,3.295836866004329
17908,374,0.6931471805599453,5.498315108354934,0,0.0,0.0,1.0,0.0017826940266526,373,5.159055299214529
17911,9,0.6931471805599453,5.9059883547555305,0,0.0,0.0,0.1,0.2947389564064117,8,5.4116460518550396
17912,310,1.791759469228055,5.743035238577902,54,0.9808292530117262,1.0,1.0,0.0589579052193105,364,3.6375861597263857
17913,59,1.0986122886681096,6.022478600637151,296,0.09622803209455376,1.0,0.6555555555555556,0.2561321778646708,355,4.980176086611547
17914,4,0.6931471805599453,5.821358081393286,0,0.0,0.0,0.0444444444444444,0.2987071114654246,3,6.161207321695077
17917,45,1.3862943611198906,5.835629115549854,317,0.17334341357073013,1.0,0.5,0.2686971478050274,362,4.148411783492376
17919,88,0.6931471805599453,7.173988970628047,0,0.0,0.0,0.9777777777777776,0.232708715992247,87,6.6293632534374485
17920,4,2.8903717578961645,8.344053353337122,369,0.8332625422708201,1.0,0.0444444444444444,0.3271947990938988,373,5.003946305945459
17921,64,1.6094379124341003,6.718433276143438,202,0.36848610486707695,1.0,0.7111111111111111,0.255584603120714,265,4.686750172980514
17923,282,0.6931471805599453,5.339939041238856,0,0.0,0.0,1.0,0.0755284087662979,281,3.9318256327243257
17924,12,2.0794415416798357,7.994126281227893,361,0.28629990222482926,1.0,0.1333333333333333,0.3046512096371575,373,5.116281483231242
17925,373,0.6931471805599453,5.501584687857454,0,0.0,0.0,1.0,0.002585975080949,372,4.290459441148391
17926,133,1.0986122886681096,5.98718038316893,70,0.35667494393873234,1.0,1.0,0.1967534612679775,203,5.0369526024136295
17928,45,1.0986122886681096,5.363824168750156,200,0.13911280246271773,1.0,0.5,0.2670779620427582,245,4.2626798770413155
17929,11,1.6094379124341003,6.738152494595957,297,0.26469255422708216,1.0,0.1222222222222222,0.2981214976520524,308,3.332204510175204
17930,36,1.791759469228055,7.462490605387541,203,0.462623521948113,1.0,0.4,0.2807846000327284,238,5.767695800399854
17931,134,1.0986122886681096,6.014594964496837,121,0.2214892912181832,1.0,1.0,0.1959671248888883,255,4.832305758571839
17932,29,1.3862943611198906,7.19486468749322,182,0.28493103907989104,1.0,0.3222222222222222,0.282945032253236,210,5.575949103146316
17934,52,1.0986122886681096,6.558552349882106,7,1.6650077635889111,1.0,0.5777777777777777,0.262164915170459,58,5.480638923341991
17935,138,1.0986122886681096,4.989002993969142,3,2.3978952727983707,1.0,1.0,0.1923837445294546,141,3.7376696182833684
17936,5,0.6931471805599453,5.968298269076143,0,0.0,0.0,0.0555555555555555,0.2979812163288184,4,5.572154032177765
17937,9,2.0794415416798357,8.366886447525236,353,0.4110989258264204,1.0,0.1,0.3089686777682752,361,5.527726959440892
17939,160,0.6931471805599453,4.606569206901799,0,0.0,0.0,1.0,0.1732346851490273,159,3.713572066704308
17940,49,2.3978952727983707,8.320555242379292,253,0.6671196853151699,1.0,0.5444444444444444,0.280911283810884,302,6.8839747503167334
17941,131,0.6931471805599453,5.722146158673159,0,0.0,0.0,1.0,0.1967899586146277,130,5.53338948872752
17942,8,0.6931471805599453,4.363098624788363,0,0.0,0.0,0.0888888888888888,0.2951289272827183,7,3.6635616461296463
17946,233,1.0986122886681096,5.014494504421976,26,0.7672551527136671,1.0,1.0,0.116185946278194,258,3.6506582412937387
17947,37,0.6931471805599453,5.179984179586172,0,0.0,0.0,0.4111111111111111,0.2720084767377675,36,5.1298987149230735
17948,147,0.6931471805599453,5.884881061705198,0,0.0,0.0,1.0,0.1840328201539607,146,4.976733742420574
17949,1,3.828641396489095,10.976978253283772,370,1.1848726329525168,1.0,0.0111111111111111,0.4473161059377304,370,6.521798637262016
17950,72,1.3862943611198906,6.180430646620605,293,0.09747971420558922,1.0,0.8,0.2472405600647785,364,4.812184355372417
17951,40,1.3862943611198906,6.917250060543926,333,0.16520991632123336,1.0,0.4444444444444444,0.2736603707073365,373,5.329492984016486
17954,5,2.5649493574615367,7.755218839925959,365,0.6427163269330535,1.0,0.0555555555555555,0.3165441921669085,370,5.2319994855103875
17955,199,1.6094379124341003,6.324896452316315,20,1.349926716949016,1.0,1.0,0.1469115158423619,219,4.237723145067448
17956,249,0.6931471805599453,2.6210388241125804,0,0.0,0.0,1.0,0.1017209872714656,248,0.6931471805599453
17957,66,0.6931471805599453,4.724551943008172,0,0.0,0.0,0.7333333333333333,0.248653655782074,65,5.662960480135946
17958,117,0.6931471805599453,6.233351341239327,0,0.0,0.0,1.0,0.2083109766866907,116,4.442651256490317
17960,171,0.6931471805599453,4.314550469548967,0,0.0,0.0,1.0,0.1643749538027003,170,3.7376696182833684
17961,21,3.6888794541139363,7.1681483711962475,350,1.3625094560964486,1.0,0.2333333333333333,0.3409866368855229,371,2.731699951985803
17962,142,0.6931471805599453,4.642754946315362,0,0.0,0.0,1.0,0.1876784553756054,141,4.859812404361672
17964,32,1.0986122886681096,6.158460937799191,340,0.08431958532391834,1.0,0.3555555555555555,0.2778757258922111,371,5.020585624949424
17965,38,2.70805020110221,7.872291264684285,331,0.734450986701181,1.0,0.4222222222222222,0.2933581843134786,368,4.719773568727095
17966,38,1.791759469228055,7.0025471426656845,223,0.33774693405321343,1.0,0.4222222222222222,0.2782637820491193,260,6.244555174790144
17967,372,0.6931471805599453,4.82084592245478,0,0.0,0.0,1.0,0.0032153697926178,371,4.394449154672439
17968,374,0.6931471805599453,5.628879314629517,0,0.0,0.0,1.0,0.0018313296698126,373,5.081404364984463
17969,166,1.0986122886681096,5.434594984840585,194,0.1431008436406733,1.0,1.0,0.1700414934934429,360,4.343805421853684
17970,211,0.6931471805599453,6.369198681477835,0,0.0,0.0,1.0,0.133015729305557,210,6.26530121273771
17972,242,0.6931471805599453,4.920272854015864,0,0.0,0.0,1.0,0.107511959607322,241,3.6375861597263857
17973,52,0.6931471805599453,5.823164231676282,0,0.0,0.0,0.5777777777777777,0.2602053084564914,51,5.176149732573829
17974,25,1.3862943611198906,6.6090661842420575,194,0.26826398659467937,1.0,0.2777777777777778,0.2853102374999436,219,5.159055299214529
17975,15,2.639057329615259,8.40956566358259,351,0.705886206337375,1.0,0.1666666666666666,0.313036072414265,366,4.800863479747935
17976,372,0.6931471805599453,5.869833492313257,0,0.0,0.0,1.0,0.0035438709433069,371,4.672828834461906
17977,29,0.6931471805599453,5.6669109998802965,0,0.0,0.0,0.3222222222222222,0.2785847005366931,28,5.83773044716594
17978,365,0.6931471805599453,5.71016208162024,0,0.0,0.0,1.0,0.009084227678542,364,6.214608098422191
17979,36,1.6094379124341003,6.631619622697395,224,0.23732818630616614,1.0,0.4,0.2779462684433995,259,4.6076670661866785
17980,166,1.3862943611198906,6.700054373848785,193,0.26947610795520843,1.0,1.0,0.1723095018613078,358,5.430806549594116
17984,145,0.6931471805599453,5.034872518460301,0,0.0,0.0,1.0,0.1853432001890919,144,4.59511985013459
17985,22,0.6931471805599453,6.455119943897493,0,0.0,0.0,0.2444444444444444,0.2846947523841174,21,5.214935757608986
17986,56,0.6931471805599453,3.0819099697950434,0,0.0,0.0,0.6222222222222222,0.2565453130407501,55,2.3978952727983707
17987,185,0.6931471805599453,5.2961650519798935,0,0.0,0.0,1.0,0.1533231476340789,184,5.568344503761097
17988,12,2.0794415416798357,5.308861580423708,314,0.32277339226305096,1.0,0.1333333333333333,0.3007092814801536,326,1.9661128563728327
17990,237,1.3862943611198906,6.448636197538339,124,0.3920420877760237,1.0,1.0,0.1150998056214838,361,4.9344739331306915
17991,225,1.0986122886681096,4.547011271814559,0,3.4339872044851463,1.0,1.0,0.1225227890673897,225,2.6026896854443837
17994,122,1.6094379124341003,6.521342516779448,169,0.4269293467764642,1.0,1.0,0.2088492230042734,290,4.830311739964974
17995,282,0.6931471805599453,4.345103280569283,0,0.0,0.0,1.0,0.0753408324965233,281,4.897839799950911
17997,74,2.1972245773362196,7.586636178360024,89,1.203972804325936,1.0,0.8222222222222222,0.2549381377831269,163,5.663828159149168
17999,37,1.0986122886681096,5.948191634874515,329,0.08726463772290698,1.0,0.4111111111111111,0.2737370677155278,365,4.7140245909001735
18001,12,1.0986122886681096,6.036031520433107,74,0.3403258059372029,1.0,0.1333333333333333,0.2938407495677035,86,5.206750173022546
18004,362,0.6931471805599453,5.138559328162834,0,0.0,0.0,1.0,0.0113029971450129,361,4.3694478524670215
18005,4,1.0986122886681096,5.524336778607711,43,0.5198754592859085,1.0,0.0444444444444444,0.3000187378112331,46,3.8607297110405954
18006,23,0.6931471805599453,6.09960120571256,0,0.0,0.0,0.2555555555555555,0.2836209989109916,22,5.3981627015177525
18008,70,2.302585092994046,7.657845016753332,248,0.6134404379492028,1.0,0.7777777777777778,0.2597898334988336,318,5.174264717878057
18009,235,0.6931471805599453,5.5542765468038695,0,0.0,0.0,1.0,0.1133000911762313,234,4.844187086458591
18010,257,0.6931471805599453,5.169346985251076,0,0.0,0.0,1.0,0.095535204762845,256,4.110873864173311
18011,373,0.6931471805599453,4.642369626977198,0,0.0,0.0,1.0,0.0023842806277035,372,4.276666119016055
18013,155,1.0986122886681096,5.237983327508337,0,0.0,1.0,1.0,0.1788066230178675,154,4.966335035199676
18014,28,0.6931471805599453,5.12050562523191,0,0.0,0.0,0.3111111111111111,0.2792130817083958,27,4.23410650459726
18015,4,0.6931471805599453,4.7960384487505126,0,0.0,0.0,0.0444444444444444,0.2983981959039388,3,5.062595033026967
18016,32,1.791759469228055,7.302873711036083,331,0.30854721091574266,1.0,0.3555555555555555,0.283626397466856,363,5.331752142634274
18017,81,1.3862943611198906,6.261491684321042,229,0.23270468455819246,1.0,0.9,0.2400795515879015,309,4.61512051684126
18018,108,1.0986122886681096,4.813321919483064,91,0.28493103907989104,1.0,1.0,0.2164141547789319,198,3.349904087274605
18019,52,0.6931471805599453,3.6750340472918834,0,0.0,0.0,0.5777777777777777,0.2597790649375263,51,2.0794415416798357
18022,36,0.6931471805599453,6.5059484711261995,0,0.0,0.0,0.4,0.2735121424590314,35,6.602587892189336
18024,153,1.0986122886681096,5.968144741786365,0,0.0,1.0,1.0,0.1806999598360114,152,4.532599493153256
18027,99,0.6931471805599453,4.7562590403509475,0,0.0,0.0,1.0,0.2221882494482965,98,4.3694478524670215
18030,4,1.0986122886681096,5.4452276118626575,38,0.581921545449721,1.0,0.0444444444444444,0.2999915149842574,41,3.5409593240373143
18032,334,0.6931471805599453,4.310799125385514,0,0.0,0.0,1.0,0.0336258909951939,333,3.7612001156935624
18033,65,0.6931471805599453,4.5948167739086,0,0.0,0.0,0.7222222222222222,0.2494362235055146,64,5.537334267018537
18034,22,1.0986122886681096,6.049450396306635,0,0.0,1.0,0.2444444444444444,0.2858274246874681,21,5.640132447579745
18035,36,1.3862943611198906,6.594960505715281,7,1.55814461804655,1.0,0.4,0.2764718761441687,42,5.321382639479032
18036,32,1.3862943611198906,6.007879088376076,213,0.24817962947553457,1.0,0.3555555555555555,0.2792168019978783,245,4.3694478524670215
18037,154,1.9459101490553132,4.262961527514942,207,0.5429949066993823,1.0,1.0,0.1851829834526301,361,1.466337068793427
18040,19,1.0986122886681096,5.881091489626612,226,0.12464244520727659,1.0,0.2111111111111111,0.2881400822153018,245,4.31748811353631
18041,12,3.091042453358316,8.339116213637862,361,0.9473813189441862,1.0,0.1333333333333333,0.3264897496271468,372,5.208705207858349
18042,54,0.6931471805599453,5.112288947822756,0,0.0,0.0,0.6,0.2583555110312556,53,3.5263605246161616
18043,25,1.3862943611198906,6.328847083566265,342,0.16164135155641585,1.0,0.2777777777777778,0.2850514564787508,366,4.553876891600541
18044,4,2.3978952727983707,7.644727939082112,356,0.564419640248068,1.0,0.0444444444444444,0.314127031361418,360,4.647271362006727
18045,45,0.6931471805599453,5.249127122357265,0,0.0,0.0,0.5,0.2656095225064265,44,4.962844630259907
18048,203,1.0986122886681096,5.1549664916521545,0,0.0,1.0,1.0,0.1402825364048918,202,4.1666652238017265
18050,359,0.6931471805599453,4.32280727501391,0,0.0,0.0,1.0,0.0135736998283361,358,3.713572066704308
18053,71,0.6931471805599453,5.707176707724217,0,0.0,0.0,0.7888888888888889,0.2449118199149185,70,5.713732805509369
18055,7,2.3978952727983707,8.822497574824574,362,0.5572451823210863,1.0,0.0777777777777777,0.3184236679522474,369,5.5073619934827445
18056,288,0.6931471805599453,5.898937989430242,0,0.0,0.0,1.0,0.0709384819581778,287,5.356586274672012
18058,10,0.6931471805599453,5.142598791548616,0,0.0,0.0,0.1111111111111111,0.2936569233110279,9,4.48863636973214
18059,23,1.3862943611198906,5.728344997484453,44,0.8602012652231115,1.0,0.2555555555555555,0.2862945003445876,67,4.465908118654584
18061,22,2.3978952727983707,7.659364745193834,344,0.578077850775158,1.0,0.2444444444444444,0.2997325106120639,365,4.56954300834494
18062,173,1.3862943611198906,6.581360097857453,164,0.31177962403084136,1.0,1.0,0.1665647241075663,337,4.890349128221754
18064,133,1.0986122886681096,6.703188113240863,102,0.25782910930209973,1.0,1.0,0.1973483235767887,234,5.262690188904886
18065,6,2.70805020110221,7.780649872736044,358,0.3491256280622439,1.0,0.0666666666666666,0.3186986748186605,364,4.30887973899971
18066,75,0.6931471805599453,5.765191102784844,0,0.0,0.0,0.8333333333333334,0.2417289305941855,74,4.6913478822291435
18067,40,0.6931471805599453,5.98476716966025,0,0.0,0.0,0.4444444444444444,0.2699156146304604,39,5.247024072160486
18068,289,0.6931471805599453,4.631812116934513,0,0.0,0.0,1.0,0.0697624037741124,288,1.9459101490553132
18069,26,1.791759469228055,7.619562277217285,301,0.3355225689335056,1.0,0.2888888888888888,0.2892288078754355,326,5.572914199451162
18071,258,1.0986122886681096,6.118097198041348,108,0.245122458032985,1.0,1.0,0.0965656087881416,365,4.875197323201151
18072,186,0.6931471805599453,5.515201367691102,0,0.0,0.0,1.0,0.1525907715517742,185,5.666426688112432
18073,114,2.5649493574615367,8.263208916550349,82,1.4476274491366992,1.0,1.0,0.2313162716494638,196,5.560681631015528
18074,374,0.6931471805599453,6.195629131824389,0,0.0,0.0,1.0,0.0021343210188208,373,5.25227342804663
18075,23,2.3978952727983707,7.868158585474613,337,0.5884458607071366,1.0,0.2555555555555555,0.2996331973026433,360,4.993149979755236
18077,8,2.4849066497880004,7.876262678803233,358,0.608671944924617,1.0,0.0888888888888888,0.3131310386608438,366,5.145907594703139
18078,217,1.0986122886681096,5.820468612643942,41,0.538996500732687,1.0,1.0,0.1292864749344036,258,4.297285406218791
18079,45,1.6094379124341003,8.20329581433342,193,0.27069929982263463,1.0,0.5,0.2748586342644765,238,7.527793987721444
18080,19,1.0986122886681096,7.116799905916845,223,0.1256882151634967,1.0,0.2111111111111111,0.2893881638946319,242,5.7745515455444085
18081,36,1.3862943611198906,5.841948942039205,97,0.4815348268449252,1.0,0.4,0.2759194968626671,133,4.189654742026425
18082,26,0.6931471805599453,6.557303786277275,0,0.0,0.0,0.2888888888888888,0.2815838672266069,25,6.432940092739179
18084,16,0.6931471805599453,4.516120369154581,0,0.0,0.0,0.1777777777777777,0.2887303442068579,15,5.746203190540153
18085,330,1.0986122886681096,6.538067462249494,43,0.5292593254548287,1.0,1.0,0.0391498492126128,373,4.894101477840304
18086,274,0.6931471805599453,4.628300603376946,0,0.0,0.0,1.0,0.0817939754280213,273,4.672828834461906
18087,98,1.0986122886681096,8.308130044310031,192,0.1451820098444979,1.0,1.0,0.2300508135190181,290,7.57788968523301
18088,61,0.6931471805599453,5.127944143269923,0,0.0,0.0,0.6777777777777778,0.2527442778744504,60,4.700480365792417
18092,2,2.4849066497880004,9.11264595212913,363,0.5560675878793254,1.0,0.0222222222222222,0.3271303279087859,365,5.95983314396684
18093,93,1.6094379124341003,7.653267179747945,209,0.35810932142587537,1.0,1.0,0.2341497980162146,302,5.855071922202427
18094,82,2.0794415416798357,8.012449037966114,210,0.4519851237430572,1.0,0.9111111111111112,0.2485797051719634,291,5.888086192654147
18095,313,1.0986122886681096,6.364836811668883,20,0.9162907318741551,1.0,1.0,0.0526293282823993,332,5.349485653122436
18096,12,1.3862943611198906,6.8158044502342285,52,0.7672551527136671,1.0,0.1333333333333333,0.2959812374775854,63,5.62040086571715
18097,8,1.9459101490553132,7.9005625087532705,346,0.29700447772203814,1.0,0.0888888888888888,0.3060464942587263,353,5.641907070938114
18099,127,0.6931471805599453,5.131731354140141,0,0.0,0.0,1.0,0.1998040150173527,126,5.0106352940962555
18101,11,1.0986122886681096,5.414543635516169,132,0.20479441264601317,1.0,0.1222222222222222,0.2943665490746727,142,3.8066624897703196
18102,1,4.110873864173311,12.467121814869783,366,1.1130399510146305,1.0,0.0111111111111111,0.7559885319309045,366,6.975164675211391
18104,37,0.6931471805599453,6.627565072288651,0,0.0,0.0,0.4111111111111111,0.2728335268205602,36,5.8944028342648505
18105,38,0.6931471805599453,4.740400135248196,0,0.0,0.0,0.4222222222222222,0.2711161183681445,37,3.8501476017100584
18106,330,0.6931471805599453,6.067730902561432,0,0.0,0.0,1.0,0.0373443576743292,329,4.859812404361672
18108,254,0.6931471805599453,5.605802066295998,0,0.0,0.0,1.0,0.0980789494029399,253,4.442651256490317
18109,2,3.295836866004329,8.99392041654725,368,1.084013489246957,1.0,0.0222222222222222,0.3472120805110029,369,5.099631878743728
18110,20,0.6931471805599453,5.469325163441718,0,0.0,0.0,0.2222222222222222,0.2857299491808584,19,4.465908118654584
18112,12,1.0986122886681096,5.868420823264403,154,0.17798315519535646,1.0,0.1333333333333333,0.2937486173572678,165,4.855928904335275
18113,369,0.6931471805599453,4.34795265434013,0,0.0,0.0,1.0,0.0055550502944762,368,4.290459441148391
18114,290,0.6931471805599453,5.3986150878634005,0,0.0,0.0,1.0,0.0691292832324275,289,4.02535169073515
18116,68,2.1972245773362196,7.25772881858561,296,0.5347788647884836,1.0,0.7555555555555555,0.2589620667586523,364,4.672828834461906
18117,26,0.6931471805599453,5.773681602035868,0,0.0,0.0,0.2888888888888888,0.2810376262857448,25,6.428105272684596
18118,11,3.295836866004329,8.640263557804902,358,1.1278915988620881,1.0,0.1222222222222222,0.3365679919775303,369,4.717124300631928
18119,368,0.6931471805599453,5.204665810466581,0,0.0,0.0,1.0,0.0065067935409837,367,4.836281906951478
18120,214,0.6931471805599453,4.719837260966218,0,0.0,0.0,1.0,0.1299363216557952,213,3.4657359027997265
18121,149,1.0986122886681096,6.513378467859393,5,1.9459101490553132,1.0,1.0,0.1843129612578334,154,5.420534999272286
18122,8,1.9459101490553132,7.510545492301356,142,0.7209267446670211,1.0,0.0888888888888888,0.3048022811615202,150,5.331107189371028
18123,24,1.0986122886681096,6.380868021668796,7,1.6650077635889111,1.0,0.2666666666666666,0.2844609145235124,30,5.697093486505405
18125,30,1.6094379124341003,7.042277430642797,286,0.27276297168838964,1.0,0.3333333333333333,0.2833090979892981,315,5.308267697401205
18126,61,0.6931471805599453,5.336720437830982,0,0.0,0.0,0.6777777777777778,0.2528001795999022,60,4.976733742420574
18127,19,1.3862943611198906,5.857161428207895,114,0.23361485118150516,1.0,0.2111111111111111,0.2895633978103276,133,4.15366113937852
18129,243,0.6931471805599453,4.732243268551567,0,0.0,0.0,1.0,0.1066762880997442,242,3.8918202981106265
18130,15,1.3862943611198906,6.966392043966783,41,0.8873031950009028,1.0,0.1666666666666666,0.2937864360900302,56,5.619192406355582
18133,212,0.6931471805599453,6.837869151517971,0,0.0,0.0,1.0,0.1327116666477819,211,7.208600337960199
18135,29,1.791759469228055,6.52636307929225,161,0.5569503043492827,1.0,0.3222222222222222,0.2848884423062114,189,4.259859000699674
18136,63,1.3862943611198906,6.666104011612187,256,0.21056476910734964,1.0,0.7,0.2548911083452615,319,4.846808319938465
18138,295,0.6931471805599453,5.034677288576494,0,0.0,0.0,1.0,0.0650223017484862,294,3.6635616461296463
18139,18,1.9459101490553132,9.040659385480165,0,3.4339872044851463,1.0,0.2,0.3062198457389773,17,6.832133340847238
18142,157,1.0986122886681096,6.928067580294015,58,0.41689380393178715,1.0,1.0,0.1783903708105397,215,6.459904454377535
18143,117,1.0986122886681096,6.908914606701983,25,0.7884573603642702,1.0,1.0,0.2104482954997774,141,5.655991810819852
18144,8,2.5649493574615367,7.968925272174377,365,0.5986563371390229,1.0,0.0888888888888888,0.3149315196001402,372,4.726650083525801
18145,13,1.6094379124341003,7.959468114958852,299,0.26236426446749106,1.0,0.1444444444444444,0.2993987422511101,312,6.488064463609991
18146,141,1.0986122886681096,5.083575918497971,79,0.3184537311185346,1.0,1.0,0.1899981121240647,219,4.350277936359301
18147,46,1.0986122886681096,5.194843958071761,62,0.3894647667617232,1.0,0.5111111111111111,0.2662284293055038,108,4.629862798578463
18149,51,1.3862943611198906,6.4184954331307065,222,0.23827512618311883,1.0,0.5666666666666667,0.2642708862886094,273,4.647590901872043
18150,32,1.3862943611198906,6.341381708583334,169,0.30382328863116614,1.0,0.3555555555555555,0.2794465757907469,201,4.715518243156957
18151,135,1.0986122886681096,6.483642376501489,155,0.1769307081590782,1.0,1.0,0.1955147142405883,289,5.184588601219694
18154,3,1.0986122886681096,5.991939434331194,40,0.5596157879354227,1.0,0.0333333333333333,0.3010342484243376,43,4.855928904335275
18155,75,1.3862943611198906,5.920559133592207,216,0.245122458032985,1.0,0.8333333333333334,0.2446762876715682,291,4.496099090933729
18156,13,1.0986122886681096,6.601148593666668,356,0.08068891125014269,1.0,0.1444444444444444,0.2934921482522651,369,5.020585624949424
18158,9,1.0986122886681096,6.118977867406942,79,0.32190002976212223,1.0,0.1,0.2962988001174289,88,5.181783550292085
18159,301,0.6931471805599453,6.275044467226023,0,0.0,0.0,1.0,0.0607483567311927,300,4.941642422609304
18160,57,1.0986122886681096,6.459998346683129,143,0.19044696423787166,1.0,0.6333333333333333,0.2580597323630771,199,4.997212273764115
18161,15,1.791759469228055,7.3899900518904555,304,0.33270575382573603,1.0,0.1666666666666666,0.2974556620266188,319,5.096201182425903
18164,37,0.6931471805599453,5.99308822822408,0,0.0,0.0,0.4111111111111111,0.272326771112742,36,5.220355825078325
18165,177,0.6931471805599453,5.715249806097095,0,0.0,0.0,1.0,0.1598885650984367,176,5.541263545158426
18167,23,1.3862943611198906,7.234076164546974,82,0.5491078103370076,1.0,0.2555555555555555,0.2878339390761324,105,4.854631045619675
18168,176,1.9459101490553132,7.065562124027093,196,0.568324115827207,1.0,1.0,0.1691060836142645,371,4.605170185988092
18169,61,0.6931471805599453,5.316402834094422,0,0.0,0.0,0.6777777777777778,0.2527942125617922,60,4.127134385045092
18170,33,1.3862943611198906,6.888888413724063,183,0.2822324676842162,1.0,0.3666666666666666,0.2792350450493097,216,4.922411060681417
18171,59,1.791759469228055,7.116645735818236,274,0.36211466723455055,1.0,0.6555555555555556,0.2616085512639945,333,4.576770711466393
18172,15,3.044522437723423,8.930980903708734,275,0.8830159429892829,1.0,0.1666666666666666,0.3274705060021046,289,5.076423034634259
18173,87,1.6094379124341003,7.653419005452328,187,0.3911791508606879,1.0,0.9666666666666668,0.2389630890475587,274,5.723585101952381
18174,7,0.6931471805599453,4.653960350157523,0,0.0,0.0,0.0777777777777777,0.2959688956287437,6,3.9318256327243257
18176,358,0.6931471805599453,6.168249974444042,0,0.0,0.0,1.0,0.0149496309634551,357,5.648974238161206
18177,31,1.9459101490553132,7.202229234290873,224,0.5126097455594921,1.0,0.3444444444444444,0.2856610353566912,255,4.78192069773259
18178,129,1.6094379124341003,7.372627012548272,235,0.32306557634109756,1.0,1.0,0.2045366057729932,364,5.508375678313591
18179,9,1.9459101490553132,7.4922977984414185,327,0.3775563199910878,1.0,0.1,0.3039529768276384,335,5.42788257090268
18180,5,1.9459101490553132,7.520099045938476,137,0.7357067949787413,1.0,0.0555555555555555,0.3072337369935445,142,5.662381608918624
18181,24,0.6931471805599453,5.950121583573599,0,0.0,0.0,0.2666666666666666,0.2827305248691926,23,4.990432586778736
18183,227,1.0986122886681096,6.450581000548326,47,0.49365782014362525,1.0,1.0,0.1216875451481778,274,5.2284312390838705
18184,15,0.6931471805599453,3.927896354584436,0,0.0,0.0,0.1666666666666666,0.2894744116867991,14,4.110873864173311
18185,249,0.6931471805599453,5.721131112990814,0,0.0,0.0,1.0,0.1021371096659809,248,5.214935757608986
18188,15,1.3862943611198906,7.601921939695548,275,0.19735943415849505,1.0,0.1666666666666666,0.2951306613140279,289,5.967001074929607
18189,78,1.0986122886681096,6.995069943308846,190,0.14660347419187533,1.0,0.8666666666666667,0.2418603090584626,267,5.648974238161206
18190,192,1.0986122886681096,5.654101914201623,138,0.19671029424605416,1.0,1.0,0.1492661908560828,330,4.2626798770413155
18191,262,0.6931471805599453,5.341376856008484,0,0.0,0.0,1.0,0.0915716177712847,261,4.948759890378168
18192,72,0.6931471805599453,6.865859791808101,0,0.0,0.0,0.8,0.2450489183713836,71,5.8289456176102075
18193,165,0.6931471805599453,5.500278138594339,0,0.0,0.0,1.0,0.1694304380603,164,4.8283137373023015
18194,82,0.6931471805599453,6.882273354967445,0,0.0,0.0,0.9111111111111112,0.2370501827565751,81,6.450470422144176
18196,95,1.0986122886681096,6.536879985642264,195,0.1431008436406733,1.0,1.0,0.2276513524421194,289,5.382198850528739
18198,4,2.8903717578961645,8.599060694675584,332,0.8943653712451894,1.0,0.0444444444444444,0.3289384589909988,335,5.483331373873183
18200,106,0.6931471805599453,5.1047326174753715,0,0.0,0.0,1.0,0.2166424966833829,105,4.718498871295094
18202,200,1.3862943611198906,7.242790769692349,111,0.23732818630616614,1.0,1.0,0.1458726452811516,310,5.271288694160117
18203,157,0.6931471805599453,5.084009663896226,0,0.0,0.0,1.0,0.1757285807530451,156,3.784189633918261
18204,71,1.3862943611198906,7.598248942076519,121,0.4027064856690846,1.0,0.7888888888888889,0.2502003972130517,191,5.993961427306569
18205,36,1.0986122886681096,6.2506699815672135,38,0.581921545449721,1.0,0.4,0.2747323503549436,74,4.574710978503383
18209,29,0.6931471805599453,4.942356453342962,0,0.0,0.0,0.3222222222222222,0.2783719427950856,28,4.07753744390572
18210,2,1.9459101490553132,7.871837581358896,265,0.4471889514795642,1.0,0.0222222222222222,0.3107502373224715,266,5.455321115357702
18211,26,1.791759469228055,6.3987114002985646,252,0.3881889309162953,1.0,0.2888888888888888,0.2871780310934092,278,4.28771595520264
18212,326,0.6931471805599453,5.519138222492601,0,0.0,0.0,1.0,0.0402927052817899,325,4.624972813284271
18213,237,0.6931471805599453,5.45309642033559,0,0.0,0.0,1.0,0.1116603249273422,236,5.4510384535657
18215,89,0.6931471805599453,5.7049151662521345,0,0.0,0.0,0.9888888888888888,0.230472346526788,88,4.77912349311153
18216,31,0.6931471805599453,6.179498921308624,0,0.0,0.0,0.3444444444444444,0.2772568048179232,30,5.303304908059076
18217,29,1.0986122886681096,6.43414515414229,41,0.5491078103370076,1.0,0.3222222222222222,0.2804963425424078,70,5.5073619934827445
18218,211,1.0986122886681096,6.496895646556665,70,0.35667494393873234,1.0,1.0,0.1345646096546877,281,5.680172609017068
18219,3,2.3978952727983707,7.635675797768084,366,0.5042466526679481,1.0,0.0333333333333333,0.3149022901769345,368,4.4942386252808095
18220,227,0.6931471805599453,5.724499716244923,0,0.0,0.0,1.0,0.1197856388362216,226,5.666426688112432
18221,22,1.791759469228055,6.949482463694109,189,0.49159426183810306,1.0,0.2444444444444444,0.2910168949003435,210,5.0701612734102826
18222,93,0.6931471805599453,6.095824562432225,0,0.0,0.0,1.0,0.2274688680552581,92,5.817111159963204
18223,5,2.70805020110221,8.777330362366365,353,0.7015860492058099,1.0,0.0555555555555555,0.3253418161300634,357,5.354562665212486
18224,264,0.6931471805599453,5.074861266395527,0,0.0,0.0,1.0,0.0898976052917114,263,4.248495242049359
18225,3,2.5649493574615367,8.614341680494203,361,0.6479417437918986,1.0,0.0333333333333333,0.3226828481969665,364,5.603348077334431
18226,44,2.4849066497880004,8.561984896200169,293,0.7050217899806581,1.0,0.4888888888888889,0.2879585076139808,337,5.756029859209491
18227,218,0.6931471805599453,4.5512418439625355,0,0.0,0.0,1.0,0.1267029266392887,217,3.091042453358316
18228,57,1.0986122886681096,6.660447100668629,22,0.8347976976229721,1.0,0.6333333333333333,0.2582622119529161,79,4.787491742782046
18229,12,3.044522437723423,8.892597638039238,361,0.9456886028598201,1.0,0.1333333333333333,0.3294703936615393,372,4.83150862819882
18230,9,2.0794415416798357,7.941366717432833,293,0.4789227794748656,1.0,0.1,0.3068402152891322,301,5.241747015059643
18231,192,1.791759469228055,7.642173953022541,96,0.8109302162163288,1.0,1.0,0.1561402501438111,288,5.107156861086878
18232,82,1.6094379124341003,6.386828813036717,115,0.5742859776832164,1.0,0.9111111111111112,0.2408127028989274,196,4.33729074083249
18233,326,0.6931471805599453,6.089044875446846,0,0.0,0.0,1.0,0.040566189770096,325,1.6094379124341003
18235,72,1.3862943611198906,7.494140962968628,145,0.34426954708124463,1.0,0.8,0.2491167224684271,216,6.267200548541362
18236,30,1.9459101490553132,6.783596964352348,210,0.5370198248568143,1.0,0.3333333333333333,0.2858076852650899,240,4.221955686814747
18237,3,1.791759469228055,6.895783907200917,131,0.6466271649250525,1.0,0.0333333333333333,0.3061797224375596,133,4.83150862819882
18239,219,1.791759469228055,7.354112779132593,153,0.5761755039744411,1.0,1.0,0.1337378154870684,371,5.075173815233827
18240,46,0.6931471805599453,6.0487423982594555,0,0.0,0.0,0.5111111111111111,0.2651402528341841,45,4.844187086458591
18241,10,2.8903717578961645,7.637277782254905,208,1.1962507582320256,1.0,0.1111111111111111,0.3193399031748367,217,4.140329675463924
18242,72,1.6094379124341003,7.711320663504335,141,0.35454501768090746,1.0,0.8,0.2511745426326268,213,5.5422434570447745
18245,7,2.0794415416798357,7.850906029022887,347,0.29626581614317243,1.0,0.0777777777777777,0.3080974058888615,354,5.546850151867066
18246,24,1.0986122886681096,6.392084603552947,209,0.13353139262452257,1.0,0.2666666666666666,0.2844704218138983,232,4.430816798843313
18248,123,1.0986122886681096,6.690867121830435,63,0.38441169891033206,1.0,1.0,0.2053554672907522,185,5.547128664610824
18249,17,0.6931471805599453,4.567883601202075,0,0.0,0.0,0.1888888888888888,0.2879351429218685,16,4.859812404361672
18250,310,0.6931471805599453,5.858704285656805,0,0.0,0.0,1.0,0.053270895381533,309,5.298317366548036
18251,87,0.6931471805599453,8.370019449389407,0,0.0,0.0,0.9666666666666668,0.2378086641916674,86,8.965079015408355
18252,51,1.0986122886681096,6.268471088312343,121,0.2214892912181832,1.0,0.5666666666666667,0.2627135550146913,171,4.791649752930709
18255,89,0.6931471805599453,4.647271362006727,0,0.0,0.0,0.9888888888888888,0.2301924952944697,88,4.31748811353631
18257,39,2.1972245773362196,7.757320566811742,256,0.5308571102003703,1.0,0.4333333333333333,0.2835368472284206,295,4.876151066716461
18259,25,1.3862943611198906,7.757735253568871,341,0.16164135155641585,1.0,0.2777777777777778,0.2875911449551083,365,5.476463551931511
18260,173,1.9459101490553132,7.880123841075997,185,0.5913644862500029,1.0,1.0,0.1736156104313447,357,5.51073695449927
18261,43,1.0986122886681096,5.784563371339637,52,0.4554755286828257,1.0,0.4777777777777778,0.2688416942221437,95,4.304065093204169
18262,140,0.6931471805599453,5.013830184992775,0,0.0,0.0,1.0,0.189349327308805,139,5.209486152841421
18263,26,1.3862943611198906,7.10180775865179,226,0.23453219827821845,1.0,0.2888888888888888,0.2851824165945764,252,6.195085431933328
18265,72,1.0986122886681096,6.687744315985722,85,0.29924289485285693,1.0,0.8,0.246260975121935,157,5.0530560099802075
18268,134,0.6931471805599453,3.2771447329921766,0,0.0,0.0,1.0,0.1939851774700351,133,1.0986122886681096
18269,366,0.6931471805599453,5.133442723357803,0,0.0,0.0,1.0,0.0080931990519415,365,4.343805421853684
18270,38,1.0986122886681096,5.649502267743131,228,0.1236139559671766,1.0,0.4222222222222222,0.2727937325681753,266,3.9415818076696905
18272,3,1.9459101490553132,8.03254850303289,244,0.47918268400473196,1.0,0.0333333333333333,0.3106007609223364,246,5.836758157347001
18273,2,1.3862943611198906,5.3230099791384085,255,0.2113090936672069,1.0,0.0222222222222222,0.3029931563209342,257,3.3202283191284883
18274,30,0.6931471805599453,5.175697653000126,0,0.0,0.0,0.3333333333333333,0.2776223650837796,29,4.48863636973214
18276,44,0.6931471805599453,5.81966741377024,0,0.0,0.0,0.4888888888888889,0.2666207362810834,43,5.231108616854587
18277,58,0.6931471805599453,4.7129477781615225,0,0.0,0.0,0.6444444444444445,0.2550689123041366,57,4.23410650459726
18278,74,0.6931471805599453,5.164214382024556,0,0.0,0.0,0.8222222222222222,0.2423253638441413,73,4.204692619390966
18280,278,0.6931471805599453,5.201806466167193,0,0.0,0.0,1.0,0.0786985645990067,277,3.828641396489095
18281,181,0.6931471805599453,4.404521712501253,0,0.0,0.0,1.0,0.1563636131767646,180,4.007333185232471
18282,8,1.0986122886681096,5.187665096444442,118,0.2248228128339297,1.0,0.0888888888888888,0.2967078712257718,125,3.960813169597578
18283,4,2.833213344056216,7.647728791893583,333,0.7736503994090159,1.0,0.0444444444444444,0.3227484363851814,336,4.480881660444746
18287,43,1.3862943611198906,7.516585630812605,158,0.32016752759626926,1.0,0.4777777777777778,0.2724369974140099,201,6.272247877868606
