CustomerID,Recency,Frequency,Monetary,R_Score,F_Score,M_Score,RFM_Score,RFM_Segment,Frequency_Monetary_Ratio,Avg_Order_Value,Customer_Tier,Is_Champion,Is_At_Risk,Is_Dormant,Customer_Lifetime,Purchase_Frequency,Repeat_Rate,Churn_Risk,Engagement_Score,Days_Since_First,Average_Basket_Size
12346,326,1,77183.6,1,1,5,115,Dormant,77183.6,77183.6,Bronze,0,0,1,0,0.0,0.0,1.0,0.1501192964449634,325,74215.0
12347,2,7,4310.0,5,5,5,555,Champions,615.7142857142857,615.7142857142857,Gold,1,0,0,365,0.4931506849315068,1.0,0.022222222222222223,0.31459618466538053,366,351.14285714285717
12348,75,4,1797.24,2,4,4,244,At Risk,449.31,449.31,Silver,0,1,0,282,0.3180212014134276,1.0,0.8333333333333334,0.24814679697071226,357,585.25
12349,19,1,1757.55,4,1,4,414,Potential,1757.55,1757.55,Bronze,0,0,0,0,0.0,0.0,0.2111111111111111,0.2887037046596514,18,631.0
12350,310,1,334.40000000000003,1,1,2,112,Dormant,334.40000000000003,334.40000000000003,Bronze,0,0,1,0,0.0,0.0,1.0,0.05324966814308897,309,197.0
12352,36,8,2506.04,3,5,5,355,Loyal,313.255,313.255,Gold,0,0,0,260,0.6923076923076923,1.0,0.4,0.2861836731656268,296,67.0
12353,204,1,89.0,1,1,1,111,Dormant,89.0,89.0,Bronze,0,0,1,0,0.0,0.0,1.0,0.13792609243822795,203,20.0
12354,232,1,1079.4,1,1,4,114,Dormant,1079.4,1079.4,Bronze,0,0,1,0,0.0,0.0,1.0,0.11688001626669631,231,530.0
12355,214,1,459.4,1,1,2,112,Dormant,459.4,459.4,Bronze,0,0,1,0,0.0,0.0,1.0,0.1304334558715412,213,240.0
12356,23,3,2811.43,4,3,5,435,Loyal,937.1433333333332,937.1433333333332,Bronze,0,0,0,302,0.19801980198019803,1.0,0.25555555555555554,0.2898703978217368,325,530.3333333333334
12357,33,1,6207.67,3,1,5,315,Dormant,6207.67,6207.67,Bronze,0,0,1,0,0.0,0.0,0.36666666666666664,0.2838263982394651,32,2708.0
12358,2,2,1168.06,5,2,4,524,Potential,584.03,584.03,Bronze,0,0,0,149,0.20134228187919462,1.0,0.022222222222222223,0.3029339655937467,150,124.0
12359,58,4,6372.58,3,4,5,345,Loyal,1593.145,1593.145,Silver,0,0,0,274,0.3284671532846716,1.0,0.6444444444444445,0.26831455490046047,331,405.5
12360,52,3,2662.06,3,3,5,335,Loyal,887.3533333333334,887.3533333333334,Bronze,0,0,0,148,0.40540540540540543,1.0,0.5777777777777777,0.26639513691261185,200,388.3333333333333
12361,287,1,189.9,1,1,1,111,Dormant,189.9,189.9,Bronze,0,0,1,0,0.0,0.0,1.0,0.0714925892081426,286,91.0
12362,3,10,5226.2300000000005,5,5,5,555,Champions,522.623,522.623,Gold,1,0,0,292,0.9246575342465754,1.0,0.03333333333333333,0.3194082033618118,295,222.9
12363,110,2,552.0,2,2,3,223,Needs Attention,276.0,276.0,Bronze,0,0,0,132,0.22556390977443608,1.0,1.0,0.2154235109150651,241,204.0
12364,8,4,1313.1,5,4,4,544,Champions,328.275,328.275,Silver,1,0,0,104,0.8571428571428571,1.0,0.08888888888888889,0.30119899242356857,111,376.5
12365,291,2,641.38,1,2,3,123,Needs Attention,320.69,320.69,Bronze,0,0,0,0,0.0,1.0,1.0,0.07036393697370102,290,87.0
12367,4,1,168.9,5,1,1,511,Potential,168.9,168.9,Bronze,0,0,0,0,0.0,0.0,0.044444444444444446,0.29846795885906735,3,173.0
12370,51,4,3545.69,3,4,5,345,Loyal,886.4225,886.4225,Silver,0,0,0,309,0.2912621359223301,1.0,0.5666666666666667,0.26989408309960633,359,588.25
12371,45,2,1887.96,3,2,4,324,Dormant,943.98,943.98,Bronze,0,0,1,14,2.0,1.0,0.5,0.2694696594088605,59,295.5
12372,72,3,1298.04,2,3,4,234,Needs Attention,432.68,432.68,Bronze,0,0,0,224,0.26666666666666666,1.0,0.8,0.24840518886183297,296,264.6666666666667
12373,311,1,364.6,1,1,2,112,Dormant,364.6,364.6,Bronze,0,0,1,0,0.0,0.0,1.0,0.05249064024224025,310,197.0
12374,25,1,742.9300000000001,4,1,3,413,Potential,742.9300000000001,742.9300000000001,Bronze,0,0,0,0,0.0,0.0,0.2777777777777778,0.28244247899792346,24,342.0
12375,11,2,457.5,5,2,2,522,Potential,228.75,228.75,Bronze,0,0,0,87,0.3409090909090909,1.0,0.12222222222222222,0.2947003748789862,97,89.0
12377,315,2,1628.12,1,2,4,124,Needs Attention,814.0600000000001,814.0600000000001,Bronze,0,0,0,39,0.7692307692307693,1.0,1.0,0.05252119222475303,354,472.0
12378,130,1,4008.62,2,1,5,215,Dormant,4008.62,4008.62,Bronze,0,0,1,0,0.0,0.0,1.0,0.20287972137977378,129,2529.0
12379,82,2,852.24,2,2,3,223,Needs Attention,426.12,426.12,Bronze,0,0,0,88,0.33707865168539325,1.0,0.9111111111111111,0.23831200289193882,169,203.5
12380,22,4,2724.81,4,4,5,445,Champions,681.2025,681.2025,Silver,1,0,0,164,0.5487804878048781,1.0,0.24444444444444444,0.2919842916818755,185,281.75
12381,5,5,1845.31,5,4,4,544,Champions,369.062,369.062,Silver,1,0,0,115,1.0434782608695652,1.0,0.05555555555555555,0.30580055722786303,119,161.6
12383,185,5,1850.56,1,4,4,144,At Risk,370.112,370.112,Bronze,0,1,0,167,0.7142857142857143,1.0,1.0,0.1614230249755597,351,306.4
12384,29,2,585.27,4,2,3,423,Potential,292.635,292.635,Bronze,0,0,0,92,0.3225806451612903,1.0,0.32222222222222224,0.2804442665734475,121,63.0
12386,338,2,401.9,1,2,2,122,Needs Attention,200.95,200.95,Bronze,0,0,0,29,1.0344827586206897,1.0,1.0,0.03232153946635467,366,177.0
12388,16,6,2780.6600000000003,4,4,5,445,Champions,463.4433333333334,463.4433333333334,Gold,1,0,0,311,0.4823151125401929,1.0,0.17777777777777778,0.29974766635586325,326,243.66666666666666
12390,80,1,549.84,2,1,3,213,Dormant,549.84,549.84,Bronze,0,0,1,0,0.0,0.0,0.8888888888888888,0.23804919189396465,79,353.0
12391,22,1,460.89,4,1,2,412,Potential,460.89,460.89,Bronze,0,0,0,0,0.0,0.0,0.24444444444444444,0.2844462780651146,21,300.0
12393,72,4,1582.6,2,4,4,244,At Risk,395.65,395.65,Silver,0,1,0,260,0.34615384615384615,1.0,0.8,0.2502468109586249,332,204.0
12394,64,2,1272.48,3,2,4,324,Dormant,636.24,636.24,Bronze,0,0,1,153,0.19480519480519481,1.0,0.7111111111111111,0.2533504070239555,216,409.5
12395,19,12,3018.63,4,5,5,455,Champions,251.5525,251.5525,Gold,1,0,0,351,0.8522727272727272,1.0,0.2111111111111111,0.30629339662611016,370,176.5
12397,36,2,2409.9,3,2,5,325,Dormant,1204.95,1204.95,Bronze,0,0,1,99,0.3,1.0,0.4,0.2774339910977085,134,631.5
12398,46,1,1635.66,3,1,4,314,Dormant,1635.66,1635.66,Bronze,0,0,1,0,0.0,0.0,0.5111111111111111,0.26687195010464243,45,1394.0
12399,119,4,1108.65,2,4,4,244,At Risk,277.1625,277.1625,Bronze,0,1,0,142,0.6338028169014084,1.0,1.0,0.21186970258389606,261,294.5
12401,303,1,84.3,1,1,1,111,Dormant,84.3,84.3,Bronze,0,0,1,0,0.0,0.0,1.0,0.05850761838327448,302,11.0
12402,323,1,225.6,1,1,1,111,Dormant,225.6,225.6,Bronze,0,0,1,0,0.0,0.0,1.0,0.04266654636306767,322,94.0
12403,50,1,427.7,3,1,2,312,Dormant,427.7,427.7,Bronze,0,0,1,0,0.0,0.0,0.5555555555555556,0.2619390055923757,49,96.0
12405,149,1,1710.39,2,1,4,214,Dormant,1710.39,1710.39,Bronze,0,0,1,0,0.0,0.0,1.0,0.18435830789925778,148,857.0
12406,22,2,3415.3,4,2,5,425,Potential,1707.65,1707.65,Bronze,0,0,0,161,0.18633540372670807,1.0,0.24444444444444444,0.29009916731455376,183,909.0
12407,50,5,1708.12,3,4,4,344,Loyal,341.624,341.624,Silver,0,0,0,214,0.5581395348837209,1.0,0.5555555555555556,0.2695084589265493,263,283.2
12408,33,5,2888.55,3,4,5,345,Loyal,577.71,577.71,Silver,0,0,0,227,0.39473684210526316,1.0,0.36666666666666664,0.2848299112701434,259,281.8
12409,79,3,11072.67,2,3,5,235,Needs Attention,3690.89,3690.89,Bronze,0,0,0,103,0.5769230769230769,1.0,0.8777777777777778,0.25674370596378376,182,1850.3333333333333
12410,309,2,693.33,1,2,3,123,Needs Attention,346.665,346.665,Bronze,0,0,0,0,0.0,1.0,1.0,0.055999594019955926,308,105.5
12412,75,3,1226.88,2,3,4,234,Needs Attention,408.96,408.96,Bronze,0,0,0,94,0.631578947368421,1.0,0.8333333333333334,0.24589718934955507,168,276.3333333333333
12413,67,3,758.1,3,3,3,333,Loyal,252.7,252.7,Bronze,0,0,0,270,0.22140221402214022,1.0,0.7444444444444445,0.2516451083176279,336,95.33333333333333
12414,217,3,562.4100000000001,1,3,3,133,Needs Attention,187.47000000000003,187.47000000000003,Bronze,0,0,0,93,0.6451612903225806,1.0,1.0,0.13104490110271405,309,100.0
12415,24,21,124914.53,4,5,5,455,Champions,5948.310952380953,5948.310952380953,Platinum,1,0,0,313,1.4376996805111821,1.0,0.26666666666666666,0.48921032841417894,337,3684.4761904761904
12417,3,9,3649.1,5,5,5,555,Champions,405.4555555555555,405.4555555555555,Gold,1,0,0,354,0.6779661016949152,1.0,0.03333333333333333,0.31572141034399537,357,172.44444444444446
12418,113,1,668.58,2,1,3,213,Dormant,668.58,668.58,Bronze,0,0,1,0,0.0,0.0,1.0,0.2117481075115856,112,407.0
12420,64,1,600.39,3,1,3,313,Dormant,600.39,600.39,Bronze,0,0,1,0,0.0,0.0,0.7111111111111111,0.25095557768343624,63,345.0
12421,16,4,807.04,4,4,3,443,Loyal,201.76,201.76,Silver,0,0,0,303,0.2960526315789474,1.0,0.17777777777777778,0.2940594688068875,318,121.0
12422,96,3,803.5600000000001,2,3,3,233,Needs Attention,267.8533333333333,267.8533333333333,Bronze,0,0,0,229,0.26200873362445415,1.0,1.0,0.22844797134031572,324,123.33333333333333
12423,1,8,1859.31,5,5,4,554,Champions,232.41375,232.41375,Silver,1,0,0,352,0.5949008498583569,1.0,0.011111111111111112,0.3133353187683949,353,167.375
12424,163,2,1760.96,2,2,4,224,Needs Attention,880.48,880.48,Bronze,0,0,0,0,0.0,1.0,1.0,0.17463595781472097,162,370.0
12425,78,1,777.2,2,1,3,213,Dormant,777.2,777.2,Bronze,0,0,1,0,0.0,0.0,0.8666666666666667,0.2399780311613421,77,496.0
12426,195,1,582.73,1,1,3,113,Dormant,582.73,582.73,Bronze,0,0,1,0,0.0,0.0,1.0,0.14585015375743862,194,258.0
12427,22,3,825.8000000000001,4,3,3,433,Loyal,275.2666666666667,275.2666666666667,Bronze,0,0,0,349,0.17142857142857143,1.0,0.24444444444444444,0.2878380081791651,371,177.66666666666666
12428,26,9,7956.46,4,5,5,455,Champions,884.0511111111111,884.0511111111111,Gold,1,0,0,257,0.6976744186046512,1.0,0.28888888888888886,0.30342105967767913,283,392.8888888888889
12429,9,4,3750.4,5,4,5,545,Champions,937.6,937.6,Silver,1,0,0,356,0.25280898876404495,1.0,0.1,0.30387615051187167,365,389.25
12430,43,1,256.4,3,1,2,312,Dormant,256.4,256.4,Bronze,0,0,1,0,0.0,0.0,0.4777777777777778,0.2673094444935829,42,117.0
12431,36,15,6487.45,3,5,5,355,Loyal,432.4966666666666,432.4966666666666,Gold,0,0,0,338,1.1538461538461537,1.0,0.4,0.30191506675453994,373,193.73333333333332
12432,43,5,5059.32,3,4,5,345,Loyal,1011.864,1011.864,Silver,0,0,0,129,0.46153846153846156,1.0,0.4777777777777778,0.2799073408283743,171,360.2
12433,1,7,13375.87,5,5,5,555,Champions,1910.838571428572,1910.838571428572,Gold,1,0,0,372,0.4021447721179625,1.0,0.011111111111111112,0.3283400442268767,372,1581.5714285714287
12434,85,2,806.14,2,2,3,223,Needs Attention,403.07,403.07,Bronze,0,0,0,175,0.17045454545454544,1.0,0.9444444444444444,0.23583977705789955,259,197.0
12435,80,2,7829.89,2,2,5,225,Needs Attention,3914.945,3914.945,Bronze,0,0,0,188,0.1595744680851064,1.0,0.8888888888888888,0.24987702342337334,267,1027.5
12436,100,1,509.01,2,1,3,213,Dormant,509.01,509.01,Bronze,0,0,1,0,0.0,0.0,1.0,0.22194812545964782,99,211.0
12437,2,18,4951.41,5,5,5,555,Champions,275.0783333333333,275.0783333333333,Gold,1,0,0,329,1.2727272727272727,1.0,0.022222222222222223,0.33130128464484343,330,162.33333333333334
12438,14,2,2906.85,4,2,5,425,Potential,1453.425,1453.425,Bronze,0,0,0,125,0.23809523809523808,1.0,0.15555555555555556,0.29579045652142444,139,590.0
12441,367,1,173.55,1,1,1,111,Dormant,173.55,173.55,Bronze,0,0,1,0,0.0,0.0,1.0,0.007298126243849254,366,121.0
12442,3,1,172.06,5,1,1,511,Potential,172.06,172.06,Bronze,0,0,0,0,0.0,0.0,0.03333333333333333,0.29927460886311,2,182.0
12444,21,5,5005.46,4,4,5,445,Champions,1001.092,1001.092,Silver,1,0,0,149,0.8,1.0,0.23333333333333334,0.29747751336659123,170,230.6
12445,22,1,133.4,4,1,1,411,Potential,133.4,133.4,Bronze,0,0,0,0,0.0,0.0,0.24444444444444444,0.28397877918696773,21,62.0
12446,58,1,1002.31,3,1,4,314,Dormant,1002.31,1002.31,Bronze,0,0,1,0,0.0,0.0,0.6444444444444445,0.2563421611800887,57,351.0
12447,243,1,476.49,1,1,2,112,Dormant,476.49,476.49,Bronze,0,0,1,0,0.0,0.0,1.0,0.107195820121219,242,190.0
12448,44,1,449.45,3,1,2,312,Dormant,449.45,449.45,Bronze,0,0,1,0,0.0,0.0,0.4888888888888889,0.26678288840044195,43,243.0
12449,22,4,4067.29,4,4,5,445,Champions,1016.8225,1016.8225,Silver,1,0,0,164,0.5454545454545454,1.0,0.24444444444444444,0.2939007101799506,186,388.25
12450,156,2,197.88,2,2,1,221,Dormant,98.94,98.94,Bronze,0,0,1,17,1.7647058823529411,1.0,1.0,0.17801960142866055,172,64.0
12451,11,5,9035.52,5,4,5,545,Champions,1807.104,1807.104,Silver,1,0,0,313,0.3821656050955414,1.0,0.12222222222222222,0.3112518993403749,324,1315.0
12452,17,2,430.5700000000001,4,2,2,422,Potential,215.28500000000005,215.28500000000005,Bronze,0,0,0,0,0.0,1.0,0.18888888888888888,0.2898490975117311,16,92.5
12453,134,1,707.09,2,1,3,213,Dormant,707.09,707.09,Bronze,0,0,1,0,0.0,0.0,1.0,0.19495816156223988,133,473.0
12454,56,1,3528.34,3,1,5,315,Dormant,3528.34,3528.34,Bronze,0,0,1,0,0.0,0.0,0.6222222222222222,0.2615524003260269,55,1006.0
12455,73,6,2466.86,2,4,5,245,At Risk,411.1433333333334,411.1433333333334,Silver,0,1,0,223,0.6726457399103138,1.0,0.8111111111111111,0.2535777851075974,296,348.1666666666667
12456,44,3,3181.04,3,3,5,335,Loyal,1060.3466666666666,1060.3466666666666,Bronze,0,0,0,210,0.2857142857142857,1.0,0.4888888888888889,0.27355310410163297,254,544.3333333333334
12457,66,7,2363.23,3,5,5,355,Loyal,337.6042857142857,337.6042857142857,Silver,0,0,0,172,1.0404624277456649,1.0,0.7333333333333333,0.260480231058782,238,120.42857142857143
12458,71,2,947.4,3,2,4,324,Dormant,473.7,473.7,Bronze,0,0,1,213,0.14084507042253522,1.0,0.7888888888888889,0.24727137520957684,284,253.0
12461,94,2,826.88,2,2,3,223,Needs Attention,413.44,413.44,Bronze,0,0,0,60,0.5,1.0,1.0,0.22865013250817864,154,143.5
12462,19,2,1189.59,4,2,4,424,Potential,594.795,594.795,Bronze,0,0,0,284,0.10526315789473684,1.0,0.2111111111111111,0.2893283364862129,302,268.0
12463,53,4,1344.78,3,4,4,344,Loyal,336.195,336.195,Silver,0,0,0,188,0.4787234042553192,1.0,0.5888888888888889,0.26514795960685783,241,194.0
12464,10,8,1212.05,5,5,4,554,Champions,151.50625,151.50625,Silver,1,0,0,299,0.6020066889632106,1.0,0.1111111111111111,0.30519209013793225,308,14.0
12465,17,2,742.19,4,2,3,423,Potential,371.095,371.095,Bronze,0,0,0,152,0.19736842105263158,1.0,0.18888888888888888,0.29029394163035493,168,239.5
12468,188,2,729.54,1,2,3,123,Needs Attention,364.77,364.77,Bronze,0,0,0,128,0.23255813953488372,1.0,1.0,0.15311010808763664,315,183.0
12471,2,30,19824.05,5,5,5,555,Champions,660.8016666666666,660.8016666666666,Platinum,1,0,0,362,1.5745856353591159,1.0,0.022222222222222223,0.36975717212732323,364,273.73333333333335
12472,32,7,6572.11,4,5,5,455,Champions,938.8728571428572,938.8728571428572,Gold,1,0,0,336,0.5341246290801187,1.0,0.35555555555555557,0.2937612232503001,368,592.5714285714286
12473,29,5,3938.55,4,4,5,445,Champions,787.71,787.71,Silver,1,0,0,162,0.5555555555555556,1.0,0.32222222222222224,0.28953736455277845,191,487.8
12474,17,18,7375.79,4,5,5,455,Champions,409.7661111111111,409.7661111111111,Platinum,1,0,0,312,1.5384615384615385,1.0,0.18888888888888888,0.32273005263674226,329,269.27777777777777
12475,54,1,723.38,3,1,3,313,Dormant,723.38,723.38,Bronze,0,0,1,0,0.0,0.0,0.6,0.2591525388752684,53,535.0
12476,16,11,6816.42,4,5,5,455,Champions,619.6745454545454,619.6745454545454,Platinum,1,0,0,345,0.7803468208092486,1.0,0.17777777777777778,0.3126858323182884,360,218.9090909090909
12477,23,6,13219.74,4,4,5,445,Champions,2203.29,2203.29,Gold,1,0,0,278,0.5376344086021506,1.0,0.25555555555555554,0.3090346998387255,301,608.8333333333334
12478,4,1,680.99,5,1,3,513,Potential,680.99,680.99,Bronze,0,0,0,0,0.0,0.0,0.044444444444444446,0.29919897812838925,3,236.0
12479,11,1,527.2,5,1,3,513,Potential,527.2,527.2,Bronze,0,0,0,0,0.0,0.0,0.12222222222222222,0.2933644663996247,10,385.0
12480,28,4,3281.63,4,4,5,445,Champions,820.4075,820.4075,Silver,1,0,0,307,0.2922077922077922,1.0,0.3111111111111111,0.2879663297444601,335,426.75
12481,23,10,5596.32,4,5,5,455,Champions,559.632,559.632,Gold,1,0,0,342,0.6122448979591837,1.0,0.25555555555555554,0.3038937338892591,365,330.4
12483,17,8,2484.98,4,5,5,455,Champions,310.6225,310.6225,Gold,1,0,0,322,0.6521739130434783,1.0,0.18888888888888888,0.30139425128293396,338,138.75
12484,33,6,4541.72,3,4,5,345,Loyal,756.9533333333334,756.9533333333334,Gold,0,0,0,303,0.493421052631579,1.0,0.36666666666666664,0.28862525299080355,335,365.1666666666667
12488,10,3,1298.66,5,3,4,534,Loyal,432.8866666666667,432.8866666666667,Bronze,0,0,0,65,0.9090909090909091,1.0,0.1111111111111111,0.2981386942457575,75,176.33333333333334
12489,336,1,334.93,1,1,2,112,Dormant,334.93,334.93,Bronze,0,0,1,0,0.0,0.0,1.0,0.03239480975599877,335,105.0
12490,5,10,5417.93,5,5,5,555,Champions,541.793,541.793,Gold,1,0,0,324,0.8333333333333334,1.0,0.05555555555555555,0.31807758107778117,329,306.4
12491,39,1,460.4,3,1,2,312,Dormant,460.4,460.4,Bronze,0,0,1,0,0.0,0.0,0.43333333333333335,0.2708092149434223,38,260.0
12492,63,2,263.21000000000004,3,2,2,322,Dormant,131.60500000000002,131.60500000000002,Bronze,0,0,1,42,0.7142857142857143,1.0,0.7,0.2527117918620321,104,96.0
12493,166,2,433.74,2,2,2,222,Needs Attention,216.87,216.87,Bronze,0,0,0,31,0.9375,1.0,1.0,0.17033490617601124,196,103.5
12494,16,7,1246.1,4,5,4,454,Champions,178.0142857142857,178.0142857142857,Silver,1,0,0,349,0.5142857142857142,1.0,0.17777777777777778,0.2989924563075071,365,101.0
12497,82,1,1043.1,2,1,4,214,Dormant,1043.1,1043.1,Bronze,0,0,1,0,0.0,0.0,0.9111111111111111,0.2371490528665035,81,1236.0
12498,21,3,403.7000000000001,4,3,2,432,Potential,134.5666666666667,134.5666666666667,Bronze,0,0,0,36,0.8333333333333334,1.0,0.23333333333333334,0.2880375905691715,57,53.0
12500,23,11,4257.82,4,5,5,455,Champions,387.07454545454544,387.07454545454544,Gold,1,0,0,310,0.8709677419354839,1.0,0.25555555555555554,0.3034184036236428,333,243.45454545454547
12501,337,1,2169.39,1,1,5,115,Dormant,2169.39,2169.39,Bronze,0,0,1,0,0.0,0.0,1.0,0.03421140103706483,336,1783.0
12502,96,5,3723.87,2,4,5,245,At Risk,744.774,744.774,Bronze,0,1,0,214,0.5607476635514018,1.0,1.0,0.23548758881952708,309,164.0
12504,18,2,482.05,4,2,2,422,Potential,241.025,241.025,Bronze,0,0,0,12,2.5,1.0,0.2,0.2891204472594425,29,45.0
12506,233,1,73.5,1,1,1,111,Dormant,73.5,73.5,Bronze,0,0,1,0,0.0,0.0,1.0,0.11464193377594262,232,23.0
12507,134,3,1304.81,2,3,4,234,Needs Attention,434.93666666666667,434.93666666666667,Bronze,0,0,0,164,0.36585365853658536,1.0,1.0,0.19868223285868186,298,298.0
12508,26,2,398.27,4,2,2,422,Potential,199.135,199.135,Bronze,0,0,0,2,10.0,1.0,0.28888888888888886,0.2825837372439824,28,136.0
12509,284,1,176.5,1,1,1,111,Dormant,176.5,176.5,Bronze,0,0,1,0,0.0,0.0,1.0,0.07387987753798404,283,55.0
12510,143,2,982.57,2,2,4,224,Needs Attention,491.285,491.285,Bronze,0,0,0,182,0.16393442622950818,1.0,1.0,0.18956757043073652,324,176.5
12512,66,2,138.03,3,2,1,321,Dormant,69.015,69.015,Bronze,0,0,1,0,0.0,1.0,0.7333333333333333,0.25012667766106905,65,49.5
12513,113,1,612.29,2,1,3,213,Dormant,612.29,612.29,Bronze,0,0,1,0,0.0,0.0,1.0,0.21166775235005122,112,462.0
12514,267,1,1017.68,1,1,4,114,Dormant,1017.68,1017.68,Bronze,0,0,1,0,0.0,0.0,1.0,0.0887170433555428,266,440.0
12515,353,1,383.7,1,1,2,112,Dormant,383.7,383.7,Bronze,0,0,1,0,0.0,0.0,1.0,0.018828066322655764,352,131.0
12516,78,2,1312.06,2,2,4,224,Needs Attention,656.03,656.03,Bronze,0,0,0,102,0.2912621359223301,1.0,0.8666666666666667,0.24217696178419637,180,437.5
12517,28,5,2502.84,4,4,5,445,Champions,500.568,500.568,Silver,1,0,0,161,0.5555555555555556,1.0,0.3111111111111111,0.28828999730194554,189,274.2
12518,1,5,2056.89,5,4,4,544,Champions,411.378,411.378,Silver,1,0,0,109,1.0909090909090908,1.0,0.011111111111111112,0.3093111482874809,109,263.6
12519,64,1,340.84000000000003,3,1,2,312,Dormant,340.84000000000003,340.84000000000003,Bronze,0,0,1,0,0.0,0.0,0.7111111111111111,0.25058506458739355,63,183.0
12520,79,5,2634.26,2,4,5,245,At Risk,526.8520000000001,526.8520000000001,Silver,0,1,0,194,0.6185567010309279,1.0,0.8777777777777778,0.2475685112130509,273,287.8
12521,143,1,599.68,2,1,3,213,Dormant,599.68,599.68,Bronze,0,0,1,0,0.0,0.0,1.0,0.187585580186251,142,309.0
12522,39,2,192.72,3,2,1,321,Dormant,96.36,96.36,Bronze,0,0,1,12,2.5,1.0,0.43333333333333335,0.2718625027995723,50,97.0
12523,19,11,1789.77,4,5,4,454,Champions,162.70636363636365,162.70636363636365,Silver,1,0,0,312,0.9615384615384616,1.0,0.2111111111111111,0.3031037663744613,331,78.63636363636364
12524,9,8,4485.72,5,5,5,555,Champions,560.715,560.715,Gold,1,0,0,324,0.6481481481481481,1.0,0.1,0.310667462105907,333,462.375
12526,1,3,1316.66,5,3,4,534,Loyal,438.8866666666667,438.8866666666667,Bronze,0,0,0,93,0.6382978723404256,1.0,0.011111111111111112,0.3053836409620771,93,210.66666666666666
12527,82,3,348.71000000000004,2,3,2,232,Needs Attention,116.23666666666668,116.23666666666668,Bronze,0,0,0,243,0.2459016393442623,1.0,0.9111111111111111,0.23902860990161737,325,78.0
12528,9,6,1933.48,5,5,4,554,Champions,322.24666666666667,322.24666666666667,Silver,1,0,0,303,0.49504950495049505,1.0,0.1,0.3041532723102265,312,126.0
12530,60,4,1662.28,3,4,4,344,Loyal,415.57,415.57,Silver,0,0,0,277,0.3249097472924188,1.0,0.6666666666666666,0.2599862242873939,336,228.25
12531,15,1,125.22,4,1,1,411,Potential,125.22,125.22,Bronze,0,0,0,0,0.0,0.0,0.16666666666666666,0.28958207532657393,14,45.0
12532,30,1,349.83000000000004,4,1,2,412,Potential,349.83000000000004,349.83000000000004,Bronze,0,0,0,0,0.0,0.0,0.3333333333333333,0.27787062527462064,29,153.0
12534,131,1,1089.18,2,1,4,214,Dormant,1089.18,1089.18,Bronze,0,0,1,0,0.0,0.0,1.0,0.19791002020359713,130,651.0
12535,92,2,716.35,2,2,3,223,Needs Attention,358.175,358.175,Bronze,0,0,0,94,0.3157894736842105,1.0,1.0,0.23009662667818812,186,109.5
12536,43,3,12601.830000000002,3,3,5,335,Loyal,4200.610000000001,4200.610000000001,Bronze,0,0,0,15,1.875,1.0,0.4777777777777778,0.2878036194444717,58,934.3333333333334
12538,29,1,363.95,4,1,2,412,Potential,363.95,363.95,Bronze,0,0,0,0,0.0,0.0,0.32222222222222224,0.2786929209096886,28,191.0
12539,22,4,5568.35,4,4,5,445,Champions,1392.0875,1392.0875,Silver,1,0,0,311,0.28938906752411575,1.0,0.24444444444444444,0.29604350497072635,333,516.75
12540,20,17,13400.24,4,5,5,455,Champions,788.2494117647059,788.2494117647059,Platinum,1,0,0,342,1.4035087719298245,1.0,0.2222222222222222,0.3274882581899868,361,393.2352941176471
12541,30,3,981.18,4,3,4,434,Loyal,327.06,327.06,Bronze,0,0,0,251,0.23904382470119523,1.0,0.3333333333333333,0.28164270410494785,280,226.66666666666666
12544,36,1,372.7,3,1,2,312,Dormant,372.7,372.7,Bronze,0,0,1,0,0.0,0.0,0.4,0.2730904384570974,35,136.0
12545,75,2,1000.39,2,2,4,224,Needs Attention,500.195,500.195,Bronze,0,0,0,184,0.16304347826086957,1.0,0.8333333333333334,0.24413846340181802,259,261.5
12546,47,2,1161.5,3,2,4,324,Dormant,580.75,580.75,Bronze,0,0,1,31,0.967741935483871,1.0,0.5222222222222223,0.26682834437097674,77,316.5
12547,198,2,207.8,1,2,1,121,Dormant,103.9,103.9,Bronze,0,0,1,82,0.3614457831325301,1.0,1.0,0.14434392286557127,280,67.0
12548,166,1,95.2,2,1,1,211,Dormant,95.2,95.2,Bronze,0,0,1,0,0.0,0.0,1.0,0.16841622649137733,165,49.0
12550,79,1,964.83,2,1,4,214,Dormant,964.83,964.83,Bronze,0,0,1,0,0.0,0.0,0.8777777777777778,0.2394437379039532,78,569.0
12551,358,1,168.0,1,1,1,111,Dormant,168.0,168.0,Bronze,0,0,1,0,0.0,0.0,1.0,0.014509454838759447,357,100.0
12552,39,2,437.82,3,2,2,322,Dormant,218.91,218.91,Bronze,0,0,1,0,30.0,1.0,0.43333333333333335,0.2722123882160241,39,44.0
12553,8,10,3692.28,5,5,5,555,Champions,369.228,369.228,Gold,1,0,0,321,0.8411214953271029,1.0,0.08888888888888889,0.31320776221558355,329,196.5
12556,50,2,603.71,3,2,3,323,Dormant,301.855,301.855,Bronze,0,0,1,100,0.297029702970297,1.0,0.5555555555555556,0.26362567027604716,150,179.0
12557,16,5,11990.96,4,4,5,445,Champions,2398.192,2398.192,Silver,1,0,0,355,0.3380281690140845,1.0,0.17777777777777778,0.311460157050795,371,876.8
12558,8,1,269.96,5,1,2,512,Potential,269.96,269.96,Bronze,0,0,0,0,0.0,0.0,0.08888888888888889,0.29540366798957396,7,196.0
12559,311,2,561.71,1,2,3,123,Needs Attention,280.855,280.855,Bronze,0,0,0,8,3.3333333333333335,1.0,1.0,0.054207425620677596,319,141.5
12560,5,3,2134.01,5,3,5,535,Loyal,711.3366666666667,711.3366666666667,Bronze,0,0,0,137,0.43478260869565216,1.0,0.05555555555555555,0.3033418691662281,142,370.0
12561,303,1,238.85,1,1,1,111,Dormant,238.85,238.85,Bronze,0,0,1,0,0.0,0.0,1.0,0.05872824176602693,302,177.0
12562,8,7,3781.74,5,5,5,555,Champions,540.2485714285715,540.2485714285715,Gold,1,0,0,190,0.9473684210526315,1.0,0.08888888888888889,0.309029248155613,198,254.14285714285714
12564,261,1,456.9,1,1,2,112,Dormant,456.9,456.9,Bronze,0,0,1,0,0.0,0.0,1.0,0.09272935230948551,260,133.0
12565,289,1,145.92000000000002,1,1,1,111,Dormant,145.92000000000002,145.92000000000002,Bronze,0,0,1,0,0.0,0.0,1.0,0.06982552875622386,288,80.0
12566,86,1,351.65,2,1,2,212,Dormant,351.65,351.65,Bronze,0,0,1,0,0.0,0.0,0.9555555555555556,0.23295343726672765,85,265.0
12567,23,10,9401.28,4,5,5,455,Champions,940.128,940.128,Gold,1,0,0,346,0.69164265129683,1.0,0.25555555555555554,0.30932539449383856,369,430.5
12569,2,32,4124.6900000000005,5,5,5,555,Champions,128.89656250000002,128.89656250000002,Gold,1,0,0,250,3.0,1.0,0.022222222222222223,0.3502168181983543,251,56.28125
12571,40,2,519.61,3,2,3,323,Dormant,259.805,259.805,Bronze,0,0,1,81,0.36585365853658536,1.0,0.4444444444444444,0.2715270061276386,121,261.5
12572,9,2,1020.42,5,2,4,524,Potential,510.21,510.21,Bronze,0,0,0,43,0.6976744186046512,1.0,0.1,0.29710823311961776,51,226.0
12573,227,1,160.54000000000002,1,1,1,111,Dormant,160.54000000000002,160.54000000000002,Bronze,0,0,1,0,0.0,0.0,1.0,0.11957901943525379,226,84.0
12574,316,1,218.45,1,1,1,111,Dormant,218.45,218.45,Bronze,0,0,1,0,0.0,0.0,1.0,0.048271312849385226,315,61.0
12576,36,5,1315.83,3,4,4,344,Loyal,263.166,263.166,Silver,0,0,0,268,0.44609665427509293,1.0,0.4,0.2801784032065503,304,193.4
12577,35,3,657.8,3,3,3,333,Loyal,219.26666666666665,219.26666666666665,Bronze,0,0,0,323,0.09259259259259259,1.0,0.3888888888888889,0.2771703771512697,358,157.33333333333334
12578,21,2,2794.51,4,2,5,425,Potential,1397.255,1397.255,Bronze,0,0,0,308,0.0970873786407767,1.0,0.23333333333333334,0.2900151155413826,329,598.0
12579,78,1,440.42,2,1,2,212,Dormant,440.42,440.42,Bronze,0,0,1,0,0.0,0.0,0.8666666666666667,0.23949727061237172,77,285.0
12580,247,1,415.7,1,1,2,112,Dormant,415.7,415.7,Bronze,0,0,1,0,0.0,0.0,1.0,0.10390048496509677,246,238.0
12581,40,1,197.71,3,1,1,311,Dormant,197.71,197.71,Bronze,0,0,1,0,0.0,0.0,0.4444444444444444,0.26963208039375847,39,161.0
12582,239,2,511.36,1,2,3,123,Needs Attention,255.68,255.68,Bronze,0,0,0,49,0.6,1.0,1.0,0.1118895606295394,288,150.0
12583,3,15,7281.38,5,5,5,555,Champions,485.42533333333336,485.42533333333336,Platinum,1,0,0,370,1.1320754716981132,1.0,0.03333333333333333,0.32951900680004853,373,337.3333333333333
12584,4,9,2338.15,5,5,5,555,Champions,259.7944444444445,259.7944444444445,Gold,1,0,0,276,0.8664259927797834,1.0,0.044444444444444446,0.31304786254810657,279,46.22222222222222
12585,234,2,2040.1,1,2,4,124,Needs Attention,1020.05,1020.05,Bronze,0,0,0,117,0.2564102564102564,1.0,1.0,0.11808256439094639,350,639.5
12586,17,1,196.94000000000003,4,1,1,411,Potential,196.94000000000003,196.94000000000003,Bronze,0,0,0,0,0.0,0.0,0.18888888888888888,0.28808017906349026,16,79.0
12587,8,1,144.0,5,1,1,511,Potential,144.0,144.0,Bronze,0,0,0,0,0.0,0.0,0.08888888888888889,0.2952238574344688,7,51.0
12588,39,1,214.9,3,1,1,311,Dormant,214.9,214.9,Bronze,0,0,1,0,0.0,0.0,0.43333333333333335,0.2704587585185389,38,53.0
12589,29,2,646.68,4,2,3,423,Potential,323.34,323.34,Bronze,0,0,0,115,0.25862068965517243,1.0,0.32222222222222224,0.2805319306429061,144,153.0
12590,211,2,9864.26,1,2,5,125,Needs Attention,4932.13,4932.13,Bronze,0,0,0,0,0.0,1.0,1.0,0.14770091557702306,210,2141.5
12591,317,1,452.85,1,1,2,112,Dormant,452.85,452.85,Bronze,0,0,1,0,0.0,0.0,1.0,0.04780378475285908,316,228.0
12592,92,2,437.6,2,2,2,222,Needs Attention,218.8,218.8,Bronze,0,0,0,121,0.24793388429752067,1.0,1.0,0.2296987051774295,212,145.0
12593,109,3,418.1,2,3,2,232,Needs Attention,139.36666666666667,139.36666666666667,Bronze,0,0,0,110,0.5454545454545454,1.0,1.0,0.21746991157859083,218,68.66666666666667
12594,38,10,3338.2200000000003,3,5,5,355,Loyal,333.822,333.822,Gold,0,0,0,285,0.8421052631578947,1.0,0.4222222222222222,0.2886381629793742,322,177.7
12596,51,2,618.27,3,2,3,323,Dormant,309.135,309.135,Bronze,0,0,1,190,0.15706806282722513,1.0,0.5666666666666667,0.2628443159455236,241,237.0
12597,19,4,3811.22,4,4,5,445,Champions,952.805,952.805,Silver,1,0,0,248,0.3614457831325301,1.0,0.2111111111111111,0.2959415819695621,267,559.0
12598,10,8,3023.08,5,5,5,555,Champions,377.885,377.885,Gold,1,0,0,275,0.6545454545454545,1.0,0.1111111111111111,0.3077773736375516,284,245.5
12599,29,7,1032.58,4,5,4,454,Champions,147.51142857142855,147.51142857142855,Silver,1,0,0,275,0.6545454545454545,1.0,0.32222222222222224,0.2882598445200977,303,136.57142857142858
12600,29,10,2599.04,4,5,5,455,Champions,259.904,259.904,Gold,1,0,0,342,0.7871720116618075,1.0,0.32222222222222224,0.29480221928513084,370,77.4
12601,190,5,577.0600000000001,1,4,3,143,Needs Attention,115.412,115.412,Bronze,0,0,0,142,0.8391608391608392,1.0,1.0,0.15559438169434509,332,49.0
12602,59,1,153.12,3,1,1,311,Dormant,153.12,153.12,Bronze,0,0,1,0,0.0,0.0,0.6555555555555556,0.254327785517618,58,162.0
12603,22,1,739.1999999999999,4,1,3,413,Potential,739.1999999999999,739.1999999999999,Bronze,0,0,0,0,0.0,0.0,0.24444444444444444,0.28484357145659844,21,63.0
12604,79,2,254.18,2,2,2,222,Needs Attention,127.09,127.09,Bronze,0,0,0,182,0.16483516483516483,1.0,0.8777777777777778,0.23986467674775863,261,100.5
12607,60,1,1579.51,3,1,4,314,Dormant,1579.51,1579.51,Bronze,0,0,1,0,0.0,0.0,0.6666666666666666,0.255561848271995,59,1228.0
12609,78,3,1126.85,2,3,4,234,Needs Attention,375.6166666666666,375.6166666666666,Bronze,0,0,0,240,0.25,1.0,0.8666666666666667,0.24334797730372779,317,216.0
12610,23,5,2099.54,4,4,5,445,Champions,419.908,419.908,Silver,1,0,0,103,1.1538461538461537,1.0,0.25555555555555554,0.2917249732379689,125,209.8
12611,52,1,1193.32,3,1,4,314,Dormant,1193.32,1193.32,Bronze,0,0,1,0,0.0,0.0,0.5777777777777777,0.26142766620597874,51,846.0
12612,74,1,704.04,2,1,3,213,Dormant,704.04,704.04,Bronze,0,0,1,0,0.0,0.0,0.8222222222222222,0.24308214986893836,73,262.0
12613,57,5,3344.38,3,4,5,345,Loyal,668.876,668.876,Silver,0,0,0,204,0.2926829268292683,1.0,0.6333333333333333,0.2662292813051676,261,328.8
12614,278,1,315.6,1,1,2,112,Dormant,315.6,315.6,Bronze,0,0,1,0,0.0,0.0,1.0,0.07889127994466559,277,76.0
12615,2,4,2291.19,5,4,5,545,Champions,572.7975,572.7975,Silver,1,0,0,166,0.5421686746987951,1.0,0.022222222222222223,0.30740807074028226,167,344.0
12616,95,2,713.3,2,2,3,223,Needs Attention,356.65,356.65,Bronze,0,0,0,202,0.1485148514851485,1.0,1.0,0.22768585562659782,296,142.0
12617,29,1,355.53000000000003,4,1,2,412,Potential,355.53000000000003,355.53000000000003,Bronze,0,0,0,0,0.0,0.0,0.32222222222222224,0.27868090118220384,28,213.0
12618,22,1,177.31,4,1,1,411,Potential,177.31,177.31,Bronze,0,0,0,0,0.0,0.0,0.24444444444444444,0.2840414616375446,21,96.0
12619,16,9,3641.24,4,5,5,455,Champions,404.5822222222222,404.5822222222222,Gold,1,0,0,237,1.0126582278481013,1.0,0.17777777777777778,0.3052823825416838,252,375.3333333333333
12620,15,3,1339.41,4,3,4,434,Loyal,446.47,446.47,Bronze,0,0,0,189,0.3157894736842105,1.0,0.16666666666666666,0.29418617054255913,204,393.6666666666667
12621,2,20,13689.67,5,5,5,555,Champions,684.4835,684.4835,Platinum,1,0,0,364,1.3186813186813187,1.0,0.022222222222222223,0.34664614838535923,365,372.0
12622,232,1,180.1,1,1,1,111,Dormant,180.1,180.1,Bronze,0,0,1,0,0.0,0.0,1.0,0.11559624656039234,231,69.0
12623,276,1,305.1,1,1,2,112,Dormant,305.1,305.1,Bronze,0,0,1,0,0.0,0.0,1.0,0.08048056904820289,275,191.0
12624,106,2,641.13,2,2,3,223,Needs Attention,320.565,320.565,Bronze,0,0,0,71,0.4225352112676056,1.0,1.0,0.21875930201856497,177,177.5
12625,212,2,2683.82,1,2,5,125,Needs Attention,1341.91,1341.91,Bronze,0,0,0,107,0.2777777777777778,1.0,1.0,0.13664854708342047,318,806.0
12626,23,9,6620.4800000000005,4,5,5,455,Champions,735.6088888888889,735.6088888888889,Gold,1,0,0,303,0.7920792079207921,1.0,0.25555555555555554,0.30392033717891676,326,383.6666666666667
12627,11,7,4478.53,5,5,5,555,Champions,639.79,639.79,Gold,1,0,0,129,1.3846153846153846,1.0,0.12222222222222222,0.30761751345591837,139,393.14285714285717
12628,4,3,786.46,5,3,3,533,Loyal,262.15333333333336,262.15333333333336,Bronze,0,0,0,60,1.0,1.0,0.044444444444444446,0.3022203521737158,64,149.33333333333334
12630,10,2,1270.88,5,2,4,524,Potential,635.44,635.44,Bronze,0,0,0,34,0.8823529411764706,1.0,0.1111111111111111,0.2966636310116196,43,274.0
12631,57,1,640.5,3,1,3,313,Dormant,640.5,640.5,Bronze,0,0,1,0,0.0,0.0,0.6333333333333333,0.2566278088159452,56,236.0
12633,59,4,2163.98,3,4,5,345,Loyal,540.995,540.995,Silver,0,0,0,229,0.39301310043668125,1.0,0.6555555555555556,0.2615045506501386,287,290.5
12635,90,2,1689.18,2,2,4,224,Needs Attention,844.59,844.59,Bronze,0,0,0,65,0.46153846153846156,1.0,1.0,0.23308964008429392,154,586.0
12637,67,8,6021.9,3,5,5,355,Loyal,752.7375,752.7375,Silver,0,0,0,256,0.703125,1.0,0.7444444444444445,0.2663363272658526,323,375.25
12638,33,1,671.69,3,1,3,313,Dormant,671.69,671.69,Bronze,0,0,1,0,0.0,0.0,0.36666666666666664,0.27592367009679347,32,577.0
12639,239,1,486.1,1,1,2,112,Dormant,486.1,486.1,Bronze,0,0,1,0,0.0,0.0,1.0,0.1104180947485204,238,201.0
12640,24,3,1174.58,4,3,4,434,Loyal,391.5266666666666,391.5266666666666,Bronze,0,0,0,57,1.0344827586206897,1.0,0.26666666666666666,0.2867316209062166,81,103.66666666666667
12641,115,1,185.9,2,1,1,211,Dormant,185.9,185.9,Bronze,0,0,1,0,0.0,0.0,1.0,0.2094547935623294,114,72.0
12642,25,3,1013.26,4,3,4,434,Loyal,337.75333333333333,337.75333333333333,Bronze,0,0,0,82,0.7317073170731707,1.0,0.2777777777777778,0.28569919416832645,107,184.0
12643,128,6,3344.64,2,5,5,255,At Risk,557.4399999999999,557.4399999999999,Bronze,0,1,0,204,0.5882352941176471,1.0,1.0,0.2107131875014587,332,301.3333333333333
12644,130,1,477.91,2,1,2,212,Dormant,477.91,477.91,Bronze,0,0,1,0,0.0,0.0,1.0,0.19783955843109766,129,325.0
12645,34,4,1775.18,3,4,4,344,Loyal,443.795,443.795,Silver,0,0,0,282,0.3180212014134276,1.0,0.37777777777777777,0.2810030063904699,315,271.0
12646,5,2,1346.97,5,2,4,524,Potential,673.485,673.485,Bronze,0,0,0,44,0.6666666666666666,1.0,0.05555555555555555,0.300782946277683,48,448.5
12647,22,12,3722.82,4,5,5,455,Champions,310.235,310.235,Gold,1,0,0,346,0.8645533141210374,1.0,0.24444444444444444,0.3048922255823998,368,119.25
12648,155,1,318.05,2,1,2,212,Dormant,318.05,318.05,Bronze,0,0,1,0,0.0,0.0,1.0,0.17755787897558709,154,160.0
12649,107,3,623.51,2,3,3,233,Needs Attention,207.83666666666667,207.83666666666667,Bronze,0,0,0,105,0.2857142857142857,1.0,1.0,0.2193674167582852,211,195.33333333333334
12650,3,1,314.44,5,1,2,512,Potential,314.44,314.44,Bronze,0,0,0,0,0.0,0.0,0.03333333333333333,0.2994778593143316,2,254.0
12651,335,1,114.0,1,1,1,111,Dormant,114.0,114.0,Bronze,0,0,1,0,0.0,0.0,1.0,0.03288156656145847,334,78.0
12652,331,1,919.98,1,1,3,113,Dormant,919.98,919.98,Bronze,0,0,1,0,0.0,0.0,1.0,0.037240676150407,330,505.0
12653,149,2,2209.85,2,2,5,225,Needs Attention,1104.925,1104.925,Bronze,0,0,0,147,0.20270270270270271,1.0,1.0,0.1865067042759171,296,459.5
12654,11,5,601.98,5,4,3,543,Loyal,120.396,120.396,Silver,0,0,0,284,0.3157894736842105,1.0,0.12222222222222222,0.29921284322016733,294,52.8
12656,17,5,4051.17,4,4,5,445,Champions,810.234,810.234,Silver,1,0,0,216,0.5555555555555556,1.0,0.18888888888888888,0.2993238004258882,233,344.6
12657,11,4,1643.18,5,4,4,544,Champions,410.795,410.795,Silver,1,0,0,67,0.8955223880597015,1.0,0.12222222222222222,0.2992637714690104,78,261.0
12658,19,1,686.05,4,1,3,413,Potential,686.05,686.05,Bronze,0,0,0,0,0.0,0.0,0.2111111111111111,0.28717411582355146,18,320.0
12659,30,1,91.68,4,1,1,411,Potential,91.68,91.68,Bronze,0,0,0,0,0.0,0.0,0.3333333333333333,0.2775021107080885,29,105.0
12660,11,1,245.1,5,1,1,511,Potential,245.1,245.1,Bronze,0,0,0,0,0.0,0.0,0.12222222222222222,0.29296176270325164,10,127.0
12662,1,11,3849.78,5,5,5,555,Champions,349.98,349.98,Gold,1,0,0,372,0.7238605898123325,1.0,0.011111111111111112,0.32048297674611553,372,187.0909090909091
12664,8,9,4881.88,5,5,5,555,Champions,542.4311111111111,542.4311111111111,Gold,1,0,0,314,0.7643312101910829,1.0,0.08888888888888889,0.3134705345925434,322,133.66666666666666
12665,325,1,63.0,1,1,1,111,Dormant,63.0,63.0,Bronze,0,0,1,0,0.0,0.0,1.0,0.04083015336076333,324,37.0
12667,58,1,620.13,3,1,3,313,Dormant,620.13,620.13,Bronze,0,0,1,0,0.0,0.0,0.6444444444444445,0.2557965911741337,57,395.0
12668,12,4,3807.15,5,4,5,545,Champions,951.7875,951.7875,Silver,1,0,0,343,0.26162790697674415,1.0,0.13333333333333333,0.30155074522080283,355,408.5
12669,151,3,2744.03,2,3,5,235,Needs Attention,914.6766666666666,914.6766666666666,Bronze,0,0,0,105,0.5660377358490566,1.0,1.0,0.1871003861095714,256,371.6666666666667
12670,10,5,2996.05,5,4,5,545,Champions,599.21,599.21,Silver,1,0,0,222,0.5405405405405406,1.0,0.1111111111111111,0.3034325676470936,232,279.4
12672,330,1,225.9,1,1,1,111,Dormant,225.9,225.9,Bronze,0,0,1,0,0.0,0.0,1.0,0.03705200135735929,329,78.0
12673,5,2,610.52,5,2,3,523,Potential,305.26,305.26,Bronze,0,0,0,321,0.09345794392523364,1.0,0.05555555555555555,0.2997316483790868,326,175.5
12674,39,4,1970.6,3,4,4,344,Loyal,492.65,492.65,Silver,0,0,0,169,0.5325443786982248,1.0,0.43333333333333335,0.27727127737255347,207,283.25
12676,25,6,1331.39,4,5,4,454,Champions,221.8983333333333,221.8983333333333,Silver,1,0,0,286,0.5226480836236934,1.0,0.2777777777777778,0.29045955154486813,310,111.66666666666667
12678,42,12,17628.46,3,5,5,355,Loyal,1469.0383333333332,1469.0383333333332,Gold,0,0,0,311,0.7717041800643086,1.0,0.4666666666666667,0.30870003905009225,353,910.25
12679,59,4,1113.02,3,4,4,344,Loyal,278.255,278.255,Silver,0,0,0,225,0.4,1.0,0.6555555555555556,0.2600042830970004,283,138.5
12680,1,4,862.81,5,4,3,543,Loyal,215.7025,215.7025,Silver,0,0,0,112,0.7964601769911505,1.0,0.011111111111111112,0.3061711672189581,112,110.75
12681,15,22,13787.54,4,5,5,455,Champions,626.7063636363637,626.7063636363637,Platinum,1,0,0,353,1.614730878186969,1.0,0.16666666666666666,0.3392288657838547,367,342.54545454545456
12682,4,31,12288.22,5,5,5,555,Champions,396.3941935483871,396.3941935483871,Platinum,1,0,0,367,2.119565217391304,1.0,0.044444444444444446,0.3588307445786023,370,179.83870967741936
12683,4,15,8476.57,5,5,5,555,Champions,565.1046666666666,565.1046666666666,Platinum,1,0,0,361,0.8310249307479224,1.0,0.044444444444444446,0.33042302668097123,365,332.46666666666664
12684,8,7,2283.63,5,5,5,555,Champions,326.23285714285714,326.23285714285714,Gold,1,0,0,205,0.8737864077669902,1.0,0.08888888888888889,0.3068906645520202,212,283.57142857142856
12685,28,6,2863.08,4,5,5,455,Champions,477.18,477.18,Gold,1,0,0,65,2.3076923076923075,1.0,0.3111111111111111,0.29023965419399284,93,253.83333333333334
12686,372,1,89.14,1,1,1,111,Dormant,89.14,89.14,Bronze,0,0,1,0,0.0,0.0,1.0,0.003166934002408931,371,107.0
12688,114,1,4873.81,2,1,5,215,Dormant,4873.81,4873.81,Bronze,0,0,1,0,0.0,0.0,1.0,0.2169490229410051,113,3028.0
12689,26,2,1247.61,4,2,4,424,Potential,623.8050000000001,623.8050000000001,Bronze,0,0,0,101,0.29411764705882354,1.0,0.28888888888888886,0.2837961879971818,127,314.0
12690,206,1,389.01,1,1,2,112,Dormant,389.01,389.01,Bronze,0,0,1,0,0.0,0.0,1.0,0.13675008496225882,205,106.0
12691,28,6,1035.8,4,5,4,454,Champions,172.63333333333333,172.63333333333333,Silver,1,0,0,329,0.45592705167173253,1.0,0.3111111111111111,0.2876311734768405,356,65.66666666666667
12693,127,4,855.91,2,4,3,243,Needs Attention,213.9775,213.9775,Bronze,0,0,0,192,0.46875,1.0,1.0,0.2050917986069358,318,63.75
12694,70,2,869.67,3,2,3,323,Dormant,434.835,434.835,Bronze,0,0,1,112,0.26548672566371684,1.0,0.7777777777777778,0.24796255303354284,182,254.5
12695,7,4,582.1,5,4,3,543,Loyal,145.525,145.525,Silver,0,0,0,203,0.44334975369458124,1.0,0.07777777777777778,0.3009576135522858,209,55.0
12697,29,3,957.59,4,3,4,434,Loyal,319.19666666666666,319.19666666666666,Bronze,0,0,0,140,0.425531914893617,1.0,0.32222222222222224,0.2824111679201285,168,169.33333333333334
12700,8,4,4939.99,5,4,5,545,Champions,1234.9975,1234.9975,Silver,1,0,0,207,0.4326923076923077,1.0,0.08888888888888889,0.3063764543496185,214,741.75
12701,80,2,797.71,2,2,3,223,Needs Attention,398.855,398.855,Bronze,0,0,0,162,0.18404907975460122,1.0,0.8888888888888888,0.23983843824236975,241,339.0
12702,20,1,219.0,4,1,1,411,Potential,219.0,219.0,Bronze,0,0,0,0,0.0,0.0,0.2222222222222222,0.28570525306619254,19,53.0
12703,71,1,283.55,3,1,2,312,Dormant,283.55,283.55,Bronze,0,0,1,0,0.0,0.0,0.7888888888888889,0.2448883086427482,70,164.0
12704,7,8,2340.84,5,5,5,555,Champions,292.605,292.605,Gold,1,0,0,162,1.1111111111111112,1.0,0.07777777777777778,0.30920987876894496,169,125.75
12705,15,9,6868.29,4,5,5,455,Champions,763.1433333333333,763.1433333333333,Gold,1,0,0,341,0.6140350877192983,1.0,0.16666666666666666,0.3106912034769577,356,444.1111111111111
12707,292,1,603.42,1,1,3,113,Dormant,603.42,603.42,Bronze,0,0,1,0,0.0,0.0,1.0,0.06807220253754614,291,256.0
12708,30,10,2712.91,4,5,5,455,Champions,271.291,271.291,Gold,1,0,0,338,0.7964601769911505,1.0,0.3333333333333333,0.2941626320729583,368,130.7
12709,15,15,9736.52,4,5,5,455,Champions,649.1013333333334,649.1013333333334,Platinum,1,0,0,351,1.1965811965811965,1.0,0.16666666666666666,0.3233981024526355,366,262.4
12710,97,3,1149.02,2,3,4,234,Needs Attention,383.00666666666666,383.00666666666666,Bronze,0,0,0,104,0.5714285714285714,1.0,1.0,0.22813898373481828,200,283.6666666666667
12712,29,13,4396.13,4,5,5,455,Champions,338.1638461538462,338.1638461538462,Gold,1,0,0,342,1.0495626822157436,1.0,0.32222222222222224,0.3016738232366033,370,81.6923076923077
12713,1,1,848.55,5,1,3,513,Potential,848.55,848.55,Bronze,0,0,0,0,0.0,0.0,0.011111111111111112,0.30184459067267844,0,508.0
12714,9,5,4708.86,5,4,5,545,Champions,941.772,941.772,Silver,1,0,0,285,0.42105263157894735,1.0,0.1,0.30667977906377114,294,613.8
12715,106,1,353.86,2,1,2,212,Dormant,353.86,353.86,Bronze,0,0,1,0,0.0,0.0,1.0,0.21691381133964907,105,197.0
12716,4,2,1053.49,5,2,4,524,Potential,526.745,526.745,Bronze,0,0,0,129,0.23076923076923078,1.0,0.044444444444444446,0.30116613642886453,132,354.0
12717,151,2,1030.98,2,2,4,224,Needs Attention,515.49,515.49,Bronze,0,0,0,94,0.3191489361702128,1.0,1.0,0.18321956442670348,245,253.0
12718,71,1,238.25,3,1,1,311,Dormant,238.25,238.25,Bronze,0,0,1,0,0.0,0.0,0.7888888888888889,0.24482364193787154,70,203.0
12719,5,2,644.95,5,2,3,523,Potential,322.475,322.475,Bronze,0,0,0,59,0.5,1.0,0.05555555555555555,0.2997807979298352,64,187.0
12720,3,25,5781.7300000000005,5,5,5,555,Champions,231.2692,231.2692,Platinum,1,0,0,366,1.6348773841961852,1.0,0.03333333333333333,0.34173229179964004,368,186.88
12721,32,6,2656.13,4,5,5,455,Champions,442.6883333333333,442.6883333333333,Gold,1,0,0,323,0.4643962848297214,1.0,0.35555555555555557,0.2867356725569705,354,326.5
12722,85,4,997.63,2,4,4,244,At Risk,249.4075,249.4075,Silver,0,1,0,65,1.3846153846153846,1.0,0.9444444444444444,0.23898394646643775,150,141.5
12723,4,5,725.07,5,4,3,543,Loyal,145.014,145.014,Silver,0,0,0,61,0.967741935483871,1.0,0.044444444444444446,0.30500353005180797,64,86.8
12724,5,4,1031.41,5,4,4,544,Champions,257.8525,257.8525,Silver,1,0,0,327,0.27522935779816515,1.0,0.05555555555555555,0.30320329112313726,331,111.25
12725,371,1,427.8,1,1,2,112,Dormant,427.8,427.8,Bronze,0,0,1,0,0.0,0.0,1.0,0.004452517328440885,370,164.0
12726,28,7,2609.1,4,5,5,455,Champions,372.7285714285714,372.7285714285714,Gold,1,0,0,329,0.547112462006079,1.0,0.3111111111111111,0.2913124990889245,356,449.0
12727,11,7,3980.7,5,5,5,555,Champions,568.6714285714286,568.6714285714286,Gold,1,0,0,309,0.4838709677419355,1.0,0.12222222222222222,0.3069068506371823,319,299.7142857142857
12728,71,4,836.33,3,4,3,343,Loyal,209.0825,209.0825,Silver,0,0,0,261,0.3448275862068966,1.0,0.7888888888888889,0.24998363384046654,331,104.75
12729,114,1,453.01,2,1,2,212,Dormant,453.01,453.01,Bronze,0,0,1,0,0.0,0.0,1.0,0.2106382377551622,113,233.0
12731,24,12,18895.91,4,5,5,455,Champions,1574.6591666666666,1574.6591666666666,Platinum,1,0,0,341,0.8797653958944281,1.0,0.26666666666666666,0.32494785331541015,364,703.0833333333334
12732,180,1,236.26,1,1,1,111,Dormant,236.26,236.26,Bronze,0,0,1,0,0.0,0.0,1.0,0.15738764609071054,179,111.0
12733,234,1,383.95,1,1,2,112,Dormant,383.95,383.95,Bronze,0,0,1,0,0.0,0.0,1.0,0.11428296865747098,233,137.0
12734,353,1,110.4,1,1,1,111,Dormant,110.4,110.4,Bronze,0,0,1,0,0.0,0.0,1.0,0.01843792481177745,352,88.0
12735,315,2,779.5699999999999,1,2,3,123,Needs Attention,389.785,389.785,Bronze,0,0,0,21,1.3636363636363635,1.0,1.0,0.05130986921320603,336,184.0
12736,333,1,234.0,1,1,1,111,Dormant,234.0,234.0,Bronze,0,0,1,0,0.0,0.0,1.0,0.034657147165799346,332,173.0
12738,372,1,155.35,1,1,1,111,Dormant,155.35,155.35,Bronze,0,0,1,0,0.0,0.0,1.0,0.003261450173046521,371,148.0
12739,78,2,1013.04,2,2,4,224,Needs Attention,506.52,506.52,Bronze,0,0,0,20,1.4285714285714286,1.0,0.8666666666666667,0.24175010443116735,98,243.0
12740,64,1,427.6,3,1,2,312,Dormant,427.6,427.6,Bronze,0,0,1,0,0.0,0.0,0.7111111111111111,0.2507089163162037,63,342.0
12743,134,2,546.43,2,2,3,223,Needs Attention,273.215,273.215,Bronze,0,0,0,0,0.0,1.0,1.0,0.19616422272425962,133,159.5
12744,52,7,21279.29,3,5,5,355,Loyal,3039.898571428572,3039.898571428572,Gold,0,0,0,266,0.5617977528089888,1.0,0.5777777777777777,0.29871325196361787,317,748.7142857142857
12747,2,11,4196.01,5,5,5,555,Champions,381.4554545454546,381.4554545454546,Gold,1,0,0,366,0.8174386920980926,1.0,0.022222222222222223,0.3201750883318489,368,115.9090909090909
12748,1,209,33719.73,5,5,5,555,Champions,161.3384210526316,161.3384210526316,Platinum,1,0,0,372,9.00804289544236,1.0,0.011111111111111112,0.6473334863142277,373,123.19138755980862
12749,4,5,4090.88,5,4,5,545,Champions,818.176,818.176,Silver,1,0,0,209,0.42857142857142855,1.0,0.044444444444444446,0.30980829477456445,212,294.2
12750,129,1,275.88,2,1,2,212,Dormant,275.88,275.88,Bronze,0,0,1,0,0.0,0.0,1.0,0.19835329538494959,128,137.0
12752,81,1,4366.78,2,1,5,215,Dormant,4366.78,4366.78,Bronze,0,0,1,0,0.0,0.0,0.9,0.2426958151636368,80,2262.0
12753,23,6,21429.39,4,5,5,455,Champions,3571.565,3571.565,Gold,1,0,0,339,0.4411764705882353,1.0,0.25555555555555554,0.3207541482645659,362,1903.5
12754,236,3,3010.74,1,3,5,135,Needs Attention,1003.58,1003.58,Bronze,0,0,0,72,0.821917808219178,1.0,1.0,0.11929930207472124,308,2160.3333333333335
12755,281,2,3811.95,1,2,5,125,Needs Attention,1905.975,1905.975,Bronze,0,0,0,85,0.35294117647058826,1.0,1.0,0.08291138285533395,365,745.5
12756,87,1,112.08,2,1,1,211,Dormant,112.08,112.08,Bronze,0,0,1,0,0.0,0.0,0.9666666666666667,0.23180930700440933,86,144.0
12757,16,13,7857.1,4,5,5,455,Champions,604.3923076923077,604.3923076923077,Platinum,1,0,0,195,1.2244897959183674,1.0,0.17777777777777778,0.3170422383518641,210,184.76923076923077
12758,117,2,2791.59,2,2,5,225,Needs Attention,1395.795,1395.795,Bronze,0,0,0,159,0.1875,1.0,1.0,0.2130055995862492,276,1067.5
12759,52,3,1531.44,3,3,4,334,Loyal,510.48,510.48,Bronze,0,0,0,223,0.26905829596412556,1.0,0.5777777777777777,0.26478115303032407,275,300.6666666666667
12762,8,2,1898.52,5,2,4,524,Potential,949.26,949.26,Bronze,0,0,0,17,1.6666666666666667,1.0,0.08888888888888889,0.299163878416481,24,613.5
12763,138,2,494.08,2,2,3,223,Needs Attention,247.04,247.04,Bronze,0,0,0,230,0.12987012987012986,1.0,1.0,0.19288093584604374,368,158.0
12764,317,1,1693.88,1,1,4,114,Dormant,1693.88,1693.88,Bronze,0,0,1,0,0.0,0.0,1.0,0.04957538123747422,316,386.0
12766,4,7,6989.63,5,5,5,555,Champions,998.5185714285716,998.5185714285716,Gold,1,0,0,362,0.49586776859504134,1.0,0.044444444444444446,0.31681713489931357,365,520.8571428571429
12769,239,1,1143.6,1,1,4,114,Dormant,1143.6,1143.6,Bronze,0,0,1,0,0.0,0.0,1.0,0.11135668985793312,238,356.0
12770,211,1,1351.45,1,1,4,114,Dormant,1351.45,1351.45,Bronze,0,0,1,0,0.0,0.0,1.0,0.13411329316232218,210,743.0
12772,60,1,892.47,3,1,3,313,Dormant,892.47,892.47,Bronze,0,0,1,0,0.0,0.0,0.6666666666666666,0.25458108418991,59,556.0
12775,17,5,1386.04,4,4,4,444,Champions,277.208,277.208,Silver,1,0,0,294,0.40816326530612246,1.0,0.18888888888888888,0.2955192711727337,310,175.4
12778,20,6,822.23,4,5,3,453,Loyal,137.03833333333333,137.03833333333333,Silver,0,0,0,292,0.5119453924914675,1.0,0.2222222222222222,0.29374341009947336,311,137.5
12779,38,8,3981.36,3,5,5,355,Loyal,497.67,497.67,Gold,0,0,0,333,0.6287425149700598,1.0,0.4222222222222222,0.2866854454889639,370,253.0
12781,64,2,826.74,3,2,3,323,Dormant,413.37,413.37,Bronze,0,0,1,221,0.13574660633484162,1.0,0.7111111111111111,0.2527141037782223,284,335.5
12782,5,5,2330.92,5,4,5,545,Champions,466.184,466.184,Silver,1,0,0,352,0.33994334277620397,1.0,0.05555555555555555,0.3064937757390142,357,217.2
12783,2,6,2225.91,5,5,5,555,Champions,370.985,370.985,Gold,1,0,0,73,1.643835616438356,1.0,0.022222222222222223,0.3101856955613773,74,104.0
12784,9,2,574.42,5,2,3,523,Potential,287.21,287.21,Bronze,0,0,0,6,5.0,1.0,0.1,0.29647155871840397,14,150.0
12785,364,1,311.95,1,1,2,112,Dormant,311.95,311.95,Bronze,0,0,1,0,0.0,0.0,1.0,0.009902112273476059,363,131.0
12787,10,3,463.66,5,3,2,532,Potential,154.55333333333334,154.55333333333334,Bronze,0,0,0,182,0.32786885245901637,1.0,0.1111111111111111,0.29694671414483037,192,87.0
12789,65,1,91.85,3,1,1,311,Dormant,91.85,91.85,Bronze,0,0,1,0,0.0,0.0,0.7222222222222222,0.24942748707651147,64,4.0
12790,192,1,324.92,1,1,2,112,Dormant,324.92,324.92,Bronze,0,0,1,0,0.0,0.0,1.0,0.14788854166037277,191,166.0
12791,374,1,192.6,1,1,1,111,Dormant,192.6,192.6,Bronze,0,0,1,0,0.0,0.0,1.0,0.001710347258371267,373,97.0
12792,257,1,400.54,1,1,2,112,Dormant,400.54,400.54,Bronze,0,0,1,0,0.0,0.0,1.0,0.09585745337120825,256,217.0
12793,335,2,545.48,1,2,3,123,Needs Attention,272.74,272.74,Bronze,0,0,0,36,0.8108108108108109,1.0,1.0,0.03493292005517043,370,147.5
12794,53,2,860.41,3,2,3,323,Dormant,430.205,430.205,Bronze,0,0,1,45,0.6666666666666666,1.0,0.5888888888888889,0.26158569782471536,98,296.0
12795,19,1,430.48,4,1,2,412,Potential,430.48,430.48,Bronze,0,0,0,0,0.0,0.0,0.2111111111111111,0.286809284261403,18,68.0
12797,366,1,254.03,1,1,2,112,Dormant,254.03,254.03,Bronze,0,0,1,0,0.0,0.0,1.0,0.008215152177716687,365,118.0
12798,10,3,6977.04,5,3,5,535,Loyal,2325.68,2325.68,Bronze,0,0,0,160,0.375,1.0,0.1111111111111111,0.30624470139007226,170,1752.0
12802,187,1,427.58,1,1,2,112,Dormant,427.58,427.58,Bronze,0,0,1,0,0.0,0.0,1.0,0.15204578616150405,186,314.0
12808,37,3,483.65,3,3,2,332,Dormant,161.21666666666667,161.21666666666667,Bronze,0,0,1,331,0.18072289156626506,1.0,0.4111111111111111,0.27531749628050345,368,62.666666666666664
12809,178,1,489.31,2,1,2,212,Dormant,489.31,489.31,Bronze,0,0,1,0,0.0,0.0,1.0,0.15935315837460629,177,220.0
12811,261,3,514.85,1,3,3,133,Needs Attention,171.61666666666667,171.61666666666667,Bronze,0,0,0,23,2.5,1.0,1.0,0.09568289055314012,283,76.66666666666667
12812,45,1,229.64,3,1,1,311,Dormant,229.64,229.64,Bronze,0,0,1,0,0.0,0.0,0.5,0.2656669659546437,44,164.0
12814,102,1,125.92,2,1,1,211,Dormant,125.92,125.92,Bronze,0,0,1,0,0.0,0.0,1.0,0.21979697833464473,101,49.0
12815,148,2,1063.46,2,2,4,224,Needs Attention,531.73,531.73,Bronze,0,0,0,50,0.5882352941176471,1.0,1.0,0.18567234742364738,197,189.5
12816,96,2,572.2,2,2,3,223,Needs Attention,286.1,286.1,Bronze,0,0,0,80,0.37037037037037035,1.0,1.0,0.22668229336492418,175,64.0
12817,281,1,166.04000000000002,1,1,1,111,Dormant,166.04000000000002,166.04000000000002,Bronze,0,0,1,0,0.0,0.0,1.0,0.07627136277979765,280,53.0
12818,262,1,1542.08,1,1,4,114,Dormant,1542.08,1542.08,Bronze,0,0,1,0,0.0,0.0,1.0,0.0934763305965124,261,929.0
12820,3,4,942.34,5,4,4,544,Champions,235.585,235.585,Silver,1,0,0,323,0.2786377708978328,1.0,0.03333333333333333,0.30468041989550104,326,180.5
12821,214,1,92.72,1,1,1,111,Dormant,92.72,92.72,Bronze,0,0,1,0,0.0,0.0,1.0,0.1299100124423101,213,70.0
12822,71,2,948.88,3,2,4,324,Dormant,474.44,474.44,Bronze,0,0,1,16,1.7647058823529411,1.0,0.7888888888888889,0.2472734879407737,86,275.0
12823,75,5,1759.5,2,4,4,244,At Risk,351.9,351.9,Silver,0,1,0,221,0.5405405405405406,1.0,0.8333333333333334,0.2495283290237571,296,46.0
12824,60,1,397.12,3,1,2,312,Dormant,397.12,397.12,Bronze,0,0,1,0,0.0,0.0,0.6666666666666666,0.2538739616234498,59,232.0
12826,3,7,1474.72,5,5,4,554,Champions,210.67428571428573,210.67428571428573,Silver,1,0,0,362,0.49586776859504134,1.0,0.03333333333333333,0.3097466236632087,364,151.14285714285714
12827,6,3,430.15,5,3,2,532,Potential,143.38333333333333,143.38333333333333,Bronze,0,0,0,38,1.5384615384615385,1.0,0.06666666666666667,0.30010743406320717,43,65.66666666666667
12828,3,6,1018.71,5,5,4,554,Champions,169.785,169.785,Silver,1,0,0,127,1.171875,1.0,0.03333333333333333,0.30766025307743,129,82.33333333333333
12829,337,2,293.0,1,2,2,122,Needs Attention,146.5,146.5,Bronze,0,0,0,23,1.25,1.0,1.0,0.032968221458289634,359,188.0
12830,38,6,6814.64,3,5,5,355,Loyal,1135.7733333333333,1135.7733333333333,Gold,0,0,0,134,0.8955223880597015,1.0,0.4222222222222222,0.2878591990144155,171,1641.3333333333333
12831,262,1,215.05,1,1,1,111,Dormant,215.05,215.05,Bronze,0,0,1,0,0.0,0.0,1.0,0.09158196729910716,261,135.0
12832,32,2,383.03,4,2,2,422,Potential,191.515,191.515,Bronze,0,0,0,65,0.45454545454545453,1.0,0.35555555555555557,0.27774914759814023,97,97.5
12833,145,1,417.38,2,1,2,212,Dormant,417.38,417.38,Bronze,0,0,1,0,0.0,0.0,1.0,0.1857210650186912,144,156.0
12834,283,1,312.38,1,1,2,112,Dormant,312.38,312.38,Bronze,0,0,1,0,0.0,0.0,1.0,0.07487598813962557,282,110.0
12836,59,4,2612.86,3,4,5,345,Loyal,653.215,653.215,Silver,0,0,0,252,0.35714285714285715,1.0,0.6555555555555556,0.2621453363120598,311,266.0
12837,173,1,134.1,2,1,1,211,Dormant,134.1,134.1,Bronze,0,0,1,0,0.0,0.0,1.0,0.16285678379931656,172,24.0
12838,34,2,683.13,3,2,3,323,Dormant,341.565,341.565,Bronze,0,0,1,340,0.08823529411764706,1.0,0.37777777777777777,0.2765732685990682,373,179.5
12839,3,14,5591.42,5,5,5,555,Champions,399.38714285714286,399.38714285714286,Platinum,1,0,0,364,1.0684931506849316,1.0,0.03333333333333333,0.3256711465788937,366,271.92857142857144
12840,144,4,2726.77,2,4,5,245,At Risk,681.6925,681.6925,Bronze,0,1,0,82,1.0843373493975903,1.0,1.0,0.19412612705634533,226,377.75
12841,5,25,4022.35,5,5,5,555,Champions,160.894,160.894,Gold,1,0,0,367,1.880108991825613,1.0,0.05555555555555555,0.33761646168888243,371,110.28
12842,70,2,1118.99,3,2,4,324,Dormant,559.495,559.495,Bronze,0,0,1,238,0.12605042016806722,1.0,0.7777777777777778,0.24831846258894782,308,273.5
12843,66,8,1702.26,3,5,4,354,Loyal,212.7825,212.7825,Silver,0,0,0,198,1.0552763819095479,1.0,0.7333333333333333,0.2609720891497899,263,97.625
12844,29,2,325.96000000000004,4,2,2,422,Potential,162.98000000000002,162.98000000000002,Bronze,0,0,0,101,0.297029702970297,1.0,0.32222222222222224,0.28007409608246375,129,62.5
12845,267,4,354.09000000000003,1,4,2,142,Needs Attention,88.52250000000001,88.52250000000001,Bronze,0,0,0,22,3.9130434782608696,1.0,1.0,0.09207597473845303,289,51.0
12847,22,1,871.54,4,1,3,413,Potential,871.54,871.54,Bronze,0,0,0,0,0.0,0.0,0.24444444444444444,0.2850324895961873,21,909.0
12849,31,2,1050.89,4,2,4,424,Potential,525.445,525.445,Bronze,0,0,0,237,0.12658227848101267,1.0,0.34444444444444444,0.2795046708633641,268,311.5
12851,97,1,135.18,2,1,1,211,Dormant,135.18,135.18,Bronze,0,0,1,0,0.0,0.0,1.0,0.22382089236700164,96,109.0
12852,295,1,311.55,1,1,2,112,Dormant,311.55,311.55,Bronze,0,0,1,0,0.0,0.0,1.0,0.06524913484793217,294,149.0
12853,135,6,1957.1,2,5,4,254,At Risk,326.18333333333334,326.18333333333334,Bronze,0,1,0,181,0.3314917127071823,1.0,1.0,0.20311747164153388,315,133.33333333333334
12854,79,3,1324.5,2,3,4,234,Needs Attention,441.5,441.5,Bronze,0,0,0,239,0.25,1.0,0.8777777777777778,0.24282798780755002,317,209.0
12855,373,1,38.1,1,1,1,111,Dormant,38.1,38.1,Bronze,0,0,1,0,0.0,0.0,1.0,0.002291934289105925,372,30.0
12856,8,6,2179.93,5,5,5,555,Champions,363.32166666666666,363.32166666666666,Gold,1,0,0,55,2.678571428571429,1.0,0.08888888888888889,0.30530722391756804,63,179.83333333333334
12857,211,2,1106.4,1,2,4,124,Needs Attention,553.2,553.2,Bronze,0,0,0,91,0.32608695652173914,1.0,1.0,0.13519888582048892,302,171.5
12863,52,1,521.2,3,1,3,313,Dormant,521.2,521.2,Bronze,0,0,1,0,0.0,0.0,0.5777777777777777,0.2604682007383917,51,188.0
12864,138,1,147.12,2,1,1,211,Dormant,147.12,147.12,Bronze,0,0,1,0,0.0,0.0,1.0,0.19095023643392503,137,216.0
12865,26,2,1568.23,4,2,4,424,Potential,784.115,784.115,Bronze,0,0,0,97,0.30927835051546393,1.0,0.28888888888888886,0.28425387980551625,123,462.5
12866,283,1,559.12,1,1,3,113,Dormant,559.12,559.12,Bronze,0,0,1,0,0.0,0.0,1.0,0.07522821469064685,282,171.0
12867,26,7,4036.82,4,5,5,455,Champions,576.6885714285714,576.6885714285714,Gold,1,0,0,333,0.5389221556886228,1.0,0.28888888888888886,0.294954877558636,359,614.0
12868,186,6,1607.0600000000002,1,5,4,154,At Risk,267.84333333333336,267.84333333333336,Bronze,0,1,0,187,0.7978723404255319,1.0,1.0,0.16170869125396564,373,154.66666666666666
12871,84,2,380.64,2,2,2,222,Needs Attention,190.32,190.32,Bronze,0,0,0,123,0.24390243902439024,1.0,0.9333333333333333,0.23603450587623748,206,100.0
12872,327,2,599.97,1,2,3,123,Needs Attention,299.985,299.985,Bronze,0,0,0,38,0.7692307692307693,1.0,1.0,0.0414278179782279,364,159.5
12873,282,1,374.0,1,1,2,112,Dormant,374.0,374.0,Bronze,0,0,1,0,0.0,0.0,1.0,0.07576609102594391,281,128.0
12875,143,2,343.2300000000001,2,2,2,222,Needs Attention,171.61500000000004,171.61500000000004,Bronze,0,0,0,219,0.136986301369863,1.0,1.0,0.18865489910411765,362,1009.5
12876,58,2,2218.02,3,2,5,325,Dormant,1109.01,1109.01,Bronze,0,0,1,138,0.2158273381294964,1.0,0.6444444444444445,0.2595130195295493,195,970.5
12877,4,12,1535.77,5,5,4,554,Champions,127.98083333333334,127.98083333333334,Silver,1,0,0,354,0.9295774647887324,1.0,0.044444444444444446,0.31620866828046873,358,98.16666666666667
12878,236,2,854.99,1,2,3,123,Needs Attention,427.495,427.495,Bronze,0,0,0,29,1.0,1.0,1.0,0.11478651681020006,265,273.5
12879,45,3,573.22,3,3,3,333,Loyal,191.07333333333332,191.07333333333332,Bronze,0,0,0,47,1.2765957446808511,1.0,0.5,0.2690282470440801,91,123.33333333333333
12881,276,1,298.0,1,1,2,112,Dormant,298.0,298.0,Bronze,0,0,1,0,0.0,0.0,1.0,0.08047043364854231,275,21.0
12882,9,2,1463.04,5,2,4,524,Potential,731.52,731.52,Bronze,0,0,0,24,1.25,1.0,0.1,0.29774008249958467,33,123.0
12883,25,4,703.47,4,4,3,443,Loyal,175.8675,175.8675,Silver,0,0,0,64,0.46153846153846156,1.0,0.2777777777777778,0.2866923691118417,88,49.0
12884,88,1,309.05,2,1,2,212,Dormant,309.05,309.05,Bronze,0,0,1,0,0.0,0.0,0.9777777777777777,0.23128834679389787,87,43.0
12885,63,3,1175.22,3,3,4,334,Loyal,391.74,391.74,Bronze,0,0,0,60,0.5,1.0,0.7,0.25544911205981413,123,218.33333333333334
12886,68,2,1378.4,3,2,4,324,Dormant,689.2,689.2,Bronze,0,0,1,151,0.19736842105263158,1.0,0.7555555555555555,0.25029305390690576,219,385.0
12888,214,2,354.12,1,2,2,122,Needs Attention,177.06,177.06,Bronze,0,0,0,41,0.7317073170731707,1.0,1.0,0.13171857315091345,254,38.0
12890,24,1,380.47,4,1,2,412,Potential,380.47,380.47,Bronze,0,0,0,0,0.0,0.0,0.26666666666666666,0.2827271987450787,23,259.0
12891,186,3,331.0,1,3,2,132,Needs Attention,110.33333333333331,110.33333333333331,Bronze,0,0,0,107,0.5607476635514018,1.0,1.0,0.15558086861026094,292,316.6666666666667
12893,31,1,188.14,4,1,1,411,Potential,188.14,188.14,Bronze,0,0,0,0,0.0,0.0,0.34444444444444444,0.2768376703539313,30,96.0
12895,42,2,372.8,3,2,2,322,Dormant,186.4,186.4,Bronze,0,0,1,44,0.6818181818181818,1.0,0.4666666666666667,0.26971315368317095,86,105.0
12897,205,2,216.5,1,2,1,121,Dormant,108.25,108.25,Bronze,0,0,1,97,0.30927835051546393,1.0,1.0,0.13874136903692608,301,55.0
12901,9,28,17654.54,5,5,5,555,Champions,630.5192857142857,630.5192857142857,Platinum,1,0,0,261,2.519083969465649,1.0,0.1,0.358174364212159,270,824.1071428571429
12902,265,1,138.68,1,1,1,111,Dormant,138.68,138.68,Bronze,0,0,1,0,0.0,0.0,1.0,0.08906653040200795,264,66.0
12904,18,2,509.58,4,2,3,423,Potential,254.79,254.79,Bronze,0,0,0,154,0.19480519480519481,1.0,0.2,0.28915974691474616,171,151.0
12906,12,5,2919.81,5,4,5,545,Champions,583.962,583.962,Silver,1,0,0,66,0.44776119402985076,1.0,0.13333333333333333,0.30171945536516775,77,349.8
12908,176,2,750.0,2,2,3,223,Needs Attention,375.0,375.0,Bronze,0,0,0,136,0.22058823529411764,1.0,1.0,0.1627649836181099,312,600.0
12909,40,5,2178.67,3,4,5,345,Loyal,435.734,435.734,Silver,0,0,0,213,0.42056074766355145,1.0,0.4444444444444444,0.27820156934458296,252,256.0
12910,23,8,3075.04,4,5,5,455,Champions,384.38,384.38,Gold,1,0,0,218,0.6880733944954128,1.0,0.25555555555555554,0.29742374014618306,241,211.5
12912,3,5,1662.3,5,4,4,544,Champions,332.46,332.46,Silver,1,0,0,37,3.1578947368421053,1.0,0.03333333333333333,0.3071435846700698,40,134.0
12913,5,5,2483.63,5,4,5,545,Champions,496.726,496.726,Silver,1,0,0,363,0.32967032967032966,1.0,0.05555555555555555,0.30671177248298137,367,283.8
12915,149,2,363.65,2,2,2,222,Needs Attention,181.825,181.825,Bronze,0,0,0,223,0.13392857142857142,1.0,1.0,0.18387121485995092,372,46.5
12916,139,4,3006.15,2,4,5,245,At Risk,751.5375,751.5375,Bronze,0,1,0,181,0.4945054945054945,1.0,1.0,0.19853564308254948,320,279.75
12917,128,1,594.0,2,1,3,213,Dormant,594.0,594.0,Bronze,0,0,1,0,0.0,0.0,1.0,0.1996095574280198,127,120.0
12919,8,6,1335.19,5,5,4,554,Champions,222.53166666666667,222.53166666666667,Silver,1,0,0,161,0.9316770186335402,1.0,0.08888888888888889,0.30410133976133186,169,112.16666666666667
12920,17,1,164.23,4,1,1,411,Potential,164.23,164.23,Bronze,0,0,0,0,0.0,0.0,0.18888888888888888,0.28803348484899766,16,129.0
12921,9,37,16587.09,5,5,5,555,Champions,448.2997297297297,448.2997297297297,Platinum,1,0,0,364,1.813186813186813,1.0,0.1,0.36956921712351015,372,257.4594594594595
12922,161,1,405.38,2,1,2,212,Dormant,405.38,405.38,Bronze,0,0,1,0,0.0,0.0,1.0,0.1728697101668133,160,370.0
12923,64,1,176.97,3,1,1,311,Dormant,176.97,176.97,Bronze,0,0,1,0,0.0,0.0,0.7111111111111111,0.25035113670818526,63,69.0
12924,88,4,933.7,2,4,3,243,Needs Attention,233.425,233.425,Silver,0,0,0,239,0.37656903765690375,1.0,0.9777777777777777,0.2364862679315607,327,120.25
12925,5,2,694.05,5,2,3,523,Potential,347.025,347.025,Bronze,0,0,0,70,0.42857142857142855,1.0,0.05555555555555555,0.2998508892148119,74,270.5
12928,35,5,2062.7,3,4,5,345,Loyal,412.54,412.54,Silver,0,0,0,323,0.37037037037037035,1.0,0.3888888888888889,0.28204671491222233,358,294.4
12929,312,1,117.85,1,1,1,111,Dormant,117.85,117.85,Bronze,0,0,1,0,0.0,0.0,1.0,0.05133626037857502,311,37.0
12930,78,2,415.8,2,2,2,222,Needs Attention,207.9,207.9,Bronze,0,0,0,93,0.3225806451612903,1.0,0.8666666666666667,0.24089753174197245,170,126.0
12931,22,15,42055.96,4,5,5,455,Champions,2803.730666666667,2803.730666666667,Platinum,1,0,0,336,0.9821428571428571,1.0,0.24444444444444444,0.3639198110506149,357,1866.9333333333334
12933,24,3,607.53,4,3,3,433,Loyal,202.51,202.51,Bronze,0,0,0,259,0.23166023166023167,1.0,0.26666666666666666,0.28592214507839536,283,166.33333333333334
12935,2,7,2160.7,5,5,5,555,Champions,308.6714285714285,308.6714285714285,Gold,1,0,0,317,0.47318611987381703,1.0,0.022222222222222223,0.31152801361038324,318,264.7142857142857
12936,17,4,1063.9,4,4,4,444,Champions,265.975,265.975,Silver,1,0,0,61,0.9836065573770492,1.0,0.18888888888888888,0.29362400283379464,77,139.75
12937,15,4,1504.27,4,4,4,444,Champions,376.0675,376.0675,Silver,1,0,0,252,0.35714285714285715,1.0,0.16666666666666666,0.2958569183662002,266,251.75
12938,26,1,114.14,4,1,1,411,Potential,114.14,114.14,Bronze,0,0,0,0,0.0,0.0,0.28888888888888886,0.2807427289812544,25,140.0
12939,64,8,11581.8,3,5,5,355,Loyal,1447.725,1447.725,Silver,0,0,0,270,0.5555555555555556,1.0,0.7111111111111111,0.2766796188250323,334,609.5
12940,55,2,913.54,3,2,3,323,Dormant,456.77,456.77,Bronze,0,0,1,33,0.9090909090909091,1.0,0.6111111111111112,0.2600572639447739,87,205.5
12942,131,3,683.9,2,3,3,233,Needs Attention,227.96666666666667,227.96666666666667,Bronze,0,0,0,234,0.2564102564102564,1.0,1.0,0.20020228785784755,365,67.66666666666667
12944,36,2,604.51,3,2,3,323,Dormant,302.255,302.255,Bronze,0,0,1,319,0.09404388714733543,1.0,0.4,0.2748567588169745,354,144.5
12945,288,1,462.95,1,1,2,112,Dormant,462.95,462.95,Bronze,0,0,1,0,0.0,0.0,1.0,0.071080234801318,287,165.0
12947,144,6,1603.99,2,5,4,254,At Risk,267.33166666666665,267.33166666666665,Bronze,0,1,0,229,0.6521739130434783,1.0,1.0,0.19539414833644578,372,194.16666666666666
12948,16,7,2064.95,4,5,5,455,Champions,294.99285714285713,294.99285714285713,Gold,1,0,0,248,0.7258064516129031,1.0,0.17777777777777778,0.3001613819430092,264,154.28571428571428
12949,31,8,4167.22,4,5,5,455,Champions,520.9025,520.9025,Gold,1,0,0,221,0.5405405405405406,1.0,0.34444444444444444,0.2925657378187305,251,297.625
12950,2,3,1843.0,5,3,4,534,Loyal,614.3333333333334,614.3333333333334,Bronze,0,0,0,21,2.727272727272727,1.0,0.022222222222222223,0.30533286336934096,23,460.0
12951,9,6,1064.07,5,5,4,554,Champions,177.345,177.345,Silver,1,0,0,322,0.4658385093167701,1.0,0.1,0.3029121712089725,330,83.83333333333333
12952,6,4,1387.79,5,4,4,544,Champions,346.9475,346.9475,Silver,1,0,0,72,0.821917808219178,1.0,0.06666666666666667,0.302909892047822,77,163.25
12953,10,1,329.85,5,1,2,512,Potential,329.85,329.85,Bronze,0,0,0,0,0.0,0.0,0.1111111111111111,0.2938848841521262,9,84.0
12955,1,11,4757.16,5,5,5,555,Champions,432.4690909090909,432.4690909090909,Gold,1,0,0,266,1.1278195488721805,1.0,0.011111111111111112,0.32177828082273746,267,333.09090909090907
12956,306,1,108.07,1,1,1,111,Dormant,108.07,108.07,Bronze,0,0,1,0,0.0,0.0,1.0,0.05613513344702176,305,34.0
12957,10,8,4017.54,5,5,5,555,Champions,502.1925,502.1925,Gold,1,0,0,329,0.5454545454545454,1.0,0.1111111111111111,0.30919698624972886,339,318.625
12962,7,2,266.39,5,2,2,522,Potential,133.195,133.195,Bronze,0,0,0,106,0.2830188679245283,1.0,0.07777777777777778,0.2976361174753198,112,64.5
12963,8,8,1856.63,5,5,4,554,Champions,232.07875,232.07875,Silver,1,0,0,357,0.5042016806722689,1.0,0.08888888888888889,0.3077165197498712,365,110.125
12965,89,1,771.91,2,1,3,213,Dormant,771.91,771.91,Bronze,0,0,1,0,0.0,0.0,0.9888888888888889,0.2311469501630697,88,283.0
12966,10,1,160.18,5,1,1,511,Potential,160.18,160.18,Bronze,0,0,0,0,0.0,0.0,0.1111111111111111,0.29364267665066,9,75.0
12967,358,2,1660.9,1,2,4,124,Needs Attention,830.45,830.45,Bronze,0,0,0,13,2.3076923076923075,1.0,1.0,0.0180760077560955,371,219.0
12968,112,1,135.95,2,1,1,211,Dormant,135.95,135.95,Bronze,0,0,1,0,0.0,0.0,1.0,0.21178990599673514,111,73.0
12970,7,4,452.24,5,4,2,542,Potential,113.06,113.06,Bronze,0,0,0,315,0.09523809523809523,1.0,0.07777777777777778,0.30077223566497274,321,77.5
12971,4,86,11189.91,5,5,5,555,Champions,130.11523255813952,130.11523255813952,Platinum,1,0,0,368,5.691056910569106,1.0,0.044444444444444446,0.43621025232342825,371,108.01162790697674
12974,198,1,144.8,1,1,1,111,Dormant,144.8,144.8,Bronze,0,0,1,0,0.0,0.0,1.0,0.14281858233903252,197,24.0
12976,212,1,738.6,1,1,3,113,Dormant,738.6,738.6,Bronze,0,0,1,0,0.0,0.0,1.0,0.13243629783165162,211,561.0
12977,156,1,39.24,2,1,1,211,Dormant,39.24,39.24,Bronze,0,0,1,0,0.0,0.0,1.0,0.1763577327861306,155,12.0
12980,158,9,7374.900000000001,2,5,5,255,At Risk,819.4333333333334,819.4333333333334,Bronze,0,1,0,200,1.1940298507462686,1.0,1.0,0.19670851757782576,358,98.44444444444444
12981,30,2,372.22,4,2,2,422,Potential,186.11,186.11,Bronze,0,0,0,103,0.28846153846153844,1.0,0.3333333333333333,0.27933799417014304,132,121.0
12982,243,1,390.54,1,1,2,112,Dormant,390.54,390.54,Bronze,0,0,1,0,0.0,0.0,1.0,0.10707312468448285,242,288.0
12984,19,1,97.5,4,1,1,411,Potential,97.5,97.5,Bronze,0,0,0,0,0.0,0.0,0.2111111111111111,0.28633394829253267,18,26.0
12985,1,2,1239.38,5,2,4,524,Potential,619.69,619.69,Bronze,0,0,0,27,1.0714285714285714,1.0,0.011111111111111112,0.3038379154345309,28,766.5
12987,74,2,558.7,2,2,3,223,Needs Attention,279.35,279.35,Bronze,0,0,0,124,0.24193548387096775,1.0,0.8222222222222222,0.24431008065388768,197,109.5
12988,292,1,535.32,1,1,3,113,Dormant,535.32,535.32,Bronze,0,0,1,0,0.0,0.0,1.0,0.06797498835206933,291,136.0
12989,3,15,6924.11,5,5,5,555,Champions,461.6073333333333,461.6073333333333,Platinum,1,0,0,361,0.997229916897507,1.0,0.03333333333333333,0.32900899634417036,363,196.2
12990,31,3,409.5,4,3,2,432,Potential,136.5,136.5,Bronze,0,0,0,278,0.21505376344086022,1.0,0.34444444444444444,0.2800244798170979,309,66.66666666666667
12991,23,2,503.76,4,2,3,423,Potential,251.88,251.88,Bronze,0,0,0,89,0.33707865168539325,1.0,0.25555555555555554,0.2851407435549008,111,202.5
12993,23,4,414.76,4,4,2,442,Potential,103.69,103.69,Bronze,0,0,0,275,0.32727272727272727,1.0,0.25555555555555554,0.2878845075760031,297,60.0
12994,4,3,974.42,5,3,4,534,Loyal,324.8066666666667,324.8066666666667,Bronze,0,0,0,264,0.22727272727272727,1.0,0.044444444444444446,0.30248866903571614,268,153.0
12995,85,1,211.32,2,1,1,211,Dormant,211.32,211.32,Bronze,0,0,1,0,0.0,0.0,0.9444444444444444,0.23355525227115112,84,108.0
12997,22,4,1226.89,4,4,4,444,Champions,306.7225,306.7225,Silver,1,0,0,294,0.3050847457627119,1.0,0.24444444444444444,0.28984597930728767,316,166.0
12999,196,3,455.88,1,3,2,132,Needs Attention,151.96,151.96,Bronze,0,0,0,49,1.2244897959183674,1.0,1.0,0.14773774706826925,245,114.0
13000,107,3,534.85,2,3,3,233,Needs Attention,178.28333333333333,178.28333333333333,Bronze,0,0,0,258,0.23255813953488372,1.0,1.0,0.2192408527394251,364,126.33333333333333
13001,4,13,9818.82,5,5,5,555,Champions,755.2938461538462,755.2938461538462,Platinum,1,0,0,322,1.1180124223602486,1.0,0.044444444444444446,0.32946830345206896,326,423.46153846153845
13002,318,1,120.95,1,1,1,111,Dormant,120.95,120.95,Bronze,0,0,1,0,0.0,0.0,1.0,0.04652785146932086,317,73.0
13003,106,3,149.05,2,3,1,231,Dormant,49.68333333333334,49.68333333333334,Bronze,0,0,1,109,0.5504587155963303,1.0,1.0,0.21949225414459753,214,34.333333333333336
13004,12,18,5655.91,5,5,5,555,Champions,314.21722222222223,314.21722222222223,Platinum,1,0,0,346,1.3872832369942196,1.0,0.13333333333333333,0.3242855828706354,357,267.8888888888889
13005,174,2,513.7,2,2,3,223,Needs Attention,256.85,256.85,Bronze,0,0,0,72,0.410958904109589,1.0,1.0,0.16403193846201922,245,86.0
13006,56,1,81.57,3,1,1,311,Dormant,81.57,81.57,Bronze,0,0,1,0,0.0,0.0,0.6222222222222222,0.2566320634967182,55,55.0
13008,323,1,229.47,1,1,1,111,Dormant,229.47,229.47,Bronze,0,0,1,0,0.0,0.0,1.0,0.04267207086964323,322,175.0
13011,372,1,50.55,1,1,1,111,Dormant,50.55,50.55,Bronze,0,0,1,0,0.0,0.0,1.0,0.003111845963972069,371,13.0
13012,9,8,1661.84,5,5,4,554,Champions,207.73,207.73,Silver,1,0,0,285,0.7368421052631579,1.0,0.1,0.30663631388146845,294,103.0
13013,1,13,4810.9400000000005,5,5,5,555,Champions,370.0723076923077,370.0723076923077,Gold,1,0,0,370,0.891891891891892,1.0,0.011111111111111112,0.3247258663034928,371,171.07692307692307
13014,11,10,3466.28,5,5,5,555,Champions,346.62800000000004,346.62800000000004,Gold,1,0,0,270,0.996309963099631,1.0,0.12222222222222222,0.31047872533944026,280,90.5
13015,53,5,3346.28,3,4,5,345,Loyal,669.2560000000001,669.2560000000001,Silver,0,0,0,195,0.45918367346938777,1.0,0.5888888888888889,0.2694405497449502,248,323.4
13016,73,3,789.89,2,3,3,233,Needs Attention,263.2966666666667,263.2966666666667,Bronze,0,0,0,49,0.6,1.0,0.8111111111111111,0.24687765498812897,122,175.66666666666666
13017,7,1,204.0,5,1,1,511,Potential,204.0,204.0,Bronze,0,0,0,0,0.0,0.0,0.07777777777777778,0.2961116477366392,6,48.0
13018,16,28,7277.7,4,5,5,455,Champions,259.91785714285714,259.91785714285714,Platinum,1,0,0,279,2.043010752688172,1.0,0.17777777777777778,0.3377462331171867,295,194.10714285714286
13021,4,9,2616.38,5,5,5,555,Champions,290.7088888888889,290.7088888888889,Gold,1,0,0,354,0.5932203389830508,1.0,0.044444444444444446,0.31344504173790416,358,150.22222222222223
13023,64,2,689.9,3,2,3,323,Dormant,344.95,344.95,Bronze,0,0,1,65,0.46153846153846156,1.0,0.7111111111111111,0.2525187617937781,129,143.0
13026,1,5,975.36,5,4,4,544,Champions,195.072,195.072,Silver,1,0,0,274,0.43795620437956206,1.0,0.011111111111111112,0.30776724141495904,275,324.0
13027,114,6,6912.0,2,5,5,255,At Risk,1152.0,1152.0,Bronze,0,1,0,240,0.6224066390041494,1.0,1.0,0.22703561562174274,354,2880.0
13028,23,2,661.3199999999999,4,2,3,423,Potential,330.66,330.66,Bronze,0,0,0,22,1.3043478260869565,1.0,0.25555555555555554,0.28536566377610095,44,399.0
13029,31,3,1247.5,4,3,4,434,Loyal,415.8333333333333,415.8333333333333,Bronze,0,0,0,322,0.18575851393188855,1.0,0.34444444444444444,0.28122074248126194,352,44.666666666666664
13030,11,2,799.48,5,2,3,523,Potential,399.74,399.74,Bronze,0,0,0,356,0.08403361344537816,1.0,0.12222222222222222,0.29518855853756715,367,197.0
13032,52,2,1010.18,3,2,4,324,Dormant,505.09,505.09,Bronze,0,0,1,34,0.8571428571428571,1.0,0.5777777777777777,0.2626016366941436,86,187.5
13033,357,1,190.55,1,1,1,111,Dormant,190.55,190.55,Bronze,0,0,1,0,0.0,0.0,1.0,0.015343784476523034,356,83.0
13034,55,2,642.77,3,2,3,323,Dormant,321.385,321.385,Bronze,0,0,1,314,0.09523809523809523,1.0,0.6111111111111112,0.25967073406222535,368,184.5
13035,74,2,921.88,2,2,3,223,Needs Attention,460.94,460.94,Bronze,0,0,0,186,0.16042780748663102,1.0,0.8222222222222222,0.24482852775934247,260,322.0
13037,138,3,881.07,2,3,3,233,Needs Attention,293.69,293.69,Bronze,0,0,0,118,0.5084745762711864,1.0,1.0,0.194868778926953,255,143.66666666666666
13038,80,3,908.46,2,3,3,233,Needs Attention,302.82,302.82,Bronze,0,0,0,210,0.2857142857142857,1.0,0.8888888888888888,0.24143194290042858,290,120.0
13040,9,2,676.99,5,2,3,523,Potential,338.495,338.495,Bronze,0,0,0,24,1.2,1.0,0.1,0.2966179795554723,32,177.5
13043,273,1,516.42,1,1,3,113,Dormant,516.42,516.42,Bronze,0,0,1,0,0.0,0.0,1.0,0.08318864991490703,272,254.0
13044,291,1,560.47,1,1,3,113,Dormant,560.47,560.47,Bronze,0,0,1,0,0.0,0.0,1.0,0.0688130295446382,290,429.0
13045,99,1,305.28000000000003,2,1,2,212,Dormant,305.28000000000003,305.28000000000003,Bronze,0,0,1,0,0.0,0.0,1.0,0.22245943562766554,98,221.0
13046,31,2,629.31,4,2,3,423,Potential,314.655,314.655,Bronze,0,0,0,235,0.1271186440677966,1.0,0.34444444444444444,0.2789028565268984,265,132.0
13047,32,10,3237.54,4,5,5,455,Champions,323.754,323.754,Gold,1,0,0,342,0.6140350877192983,1.0,0.35555555555555557,0.2933072743817439,373,139.1
13048,14,4,1835.91,4,4,4,444,Champions,458.9775,458.9775,Silver,1,0,0,312,0.28753993610223644,1.0,0.15555555555555556,0.2971324804942579,326,309.5
13049,64,2,656.6800000000001,3,2,3,323,Dormant,328.34000000000003,328.34000000000003,Bronze,0,0,1,253,0.11811023622047244,1.0,0.7111111111111111,0.25247133954353523,317,134.0
13050,15,17,5836.86,4,5,5,455,Champions,343.3447058823529,343.3447058823529,Platinum,1,0,0,351,1.3636363636363635,1.0,0.16666666666666666,0.3207020689990082,366,220.47058823529412
13052,212,1,348.15000000000003,1,1,2,112,Dormant,348.15000000000003,348.15000000000003,Bronze,0,0,1,0,0.0,0.0,1.0,0.13187892222637376,211,222.0
13055,78,3,1214.41,2,3,4,234,Needs Attention,404.8033333333333,404.8033333333333,Bronze,0,0,0,135,0.2222222222222222,1.0,0.8666666666666667,0.24347297104940105,213,298.0
13058,25,3,271.40000000000003,4,3,2,432,Potential,90.46666666666668,90.46666666666668,Bronze,0,0,0,127,0.47244094488188976,1.0,0.2777777777777778,0.28464017338069314,151,17.333333333333332
13059,250,1,183.4,1,1,1,111,Dormant,183.4,183.4,Bronze,0,0,1,0,0.0,0.0,1.0,0.1011624547061561,249,35.0
13060,254,1,307.53000000000003,1,1,2,112,Dormant,307.53000000000003,307.53000000000003,Bronze,0,0,1,0,0.0,0.0,1.0,0.09813109674795413,253,123.0
13061,72,1,248.61,2,1,1,211,Dormant,248.61,248.61,Bronze,0,0,1,0,0.0,0.0,0.8,0.24403629201881635,71,107.0
13062,191,1,346.98,1,1,2,112,Dormant,346.98,346.98,Bronze,0,0,1,0,0.0,0.0,1.0,0.14872217181280764,190,343.0
13064,13,4,1119.49,5,4,4,544,Champions,279.8725,279.8725,Silver,1,0,0,314,0.2857142857142857,1.0,0.14444444444444443,0.2969119148803063,326,129.0
13065,373,1,205.86,1,1,1,111,Dormant,205.86,205.86,Bronze,0,0,1,0,0.0,0.0,1.0,0.0025314152253113646,372,74.0
13066,24,2,470.8,4,2,2,422,Potential,235.4,235.4,Bronze,0,0,0,7,3.75,1.0,0.26666666666666666,0.2842915534227053,31,161.0
13067,82,1,115.46,2,1,1,211,Dormant,115.46,115.46,Bronze,0,0,1,0,0.0,0.0,0.9111111111111111,0.235824827212822,81,32.0
13068,10,2,344.0,5,2,2,522,Potential,172.0,172.0,Bronze,0,0,0,309,0.0970873786407767,1.0,0.1111111111111111,0.2953404902739581,319,100.0
13069,1,24,4436.12,5,5,5,555,Champions,184.8383333333333,184.8383333333333,Gold,1,0,0,368,1.5447154471544715,1.0,0.011111111111111112,0.33998027653688956,369,245.20833333333334
13070,192,1,228.8,1,1,1,111,Dormant,228.8,228.8,Bronze,0,0,1,0,0.0,0.0,1.0,0.14775132833426363,191,110.0
13072,267,1,177.15,1,1,1,111,Dormant,177.15,177.15,Bronze,0,0,1,0,0.0,0.0,1.0,0.08751716906304902,266,69.0
13075,130,1,919.61,2,1,3,213,Dormant,919.61,919.61,Bronze,0,0,1,0,0.0,0.0,1.0,0.19847009449167194,129,485.0
13077,1,4,729.27,5,4,3,543,Loyal,182.3175,182.3175,Silver,0,0,0,365,0.1643835616438356,1.0,0.011111111111111112,0.3059805360540745,365,215.75
13078,3,26,12627.94,5,5,5,555,Champions,485.69,485.69,Platinum,1,0,0,363,1.9834710743801653,1.0,0.03333333333333333,0.352940807584155,366,216.53846153846155
13079,4,5,220.1,5,4,1,541,Potential,44.02,44.02,Bronze,0,0,0,136,0.8823529411764706,1.0,0.044444444444444446,0.3042826747325682,139,12.4
13080,179,1,58.08,1,1,1,111,Dormant,58.08,58.08,Bronze,0,0,1,0,0.0,0.0,1.0,0.15793542942229552,178,120.0
13081,12,11,28337.38,5,5,5,555,Champions,2576.1254545454544,2576.1254545454544,Platinum,1,0,0,359,0.6666666666666666,1.0,0.13333333333333333,0.34661601250736174,370,1733.4545454545455
13082,126,9,3613.63,2,5,5,255,At Risk,401.5144444444445,401.5144444444445,Bronze,0,1,0,212,0.8490566037735848,1.0,1.0,0.2170076745670468,337,480.44444444444446
13083,4,2,303.75,5,2,2,522,Potential,151.875,151.875,Bronze,0,0,0,71,0.4225352112676056,1.0,0.044444444444444446,0.300095866775129,75,93.5
13085,158,2,416.08,2,2,2,222,Needs Attention,208.04,208.04,Bronze,0,0,0,137,0.21739130434782608,1.0,1.0,0.17672680845322214,294,108.0
13089,3,97,58825.83,5,5,5,555,Champions,606.4518556701031,606.4518556701031,Platinum,1,0,0,366,5.313351498637602,1.0,0.03333333333333333,0.5208031449604713,369,320.30927835051546
13090,9,14,8910.82,5,5,5,555,Champions,636.4871428571429,636.4871428571429,Platinum,1,0,0,364,0.989010989010989,1.0,0.1,0.32559682582377697,372,161.64285714285714
13091,28,1,345.82,4,1,2,412,Potential,345.82,345.82,Bronze,0,0,0,0,0.0,0.0,0.3111111111111111,0.2794691789899603,27,466.0
13092,71,5,477.83,3,4,2,342,Dormant,95.566,95.566,Bronze,0,0,1,288,0.41522491349480967,1.0,0.7888888888888889,0.25090727423222586,359,55.8
13093,276,8,7832.47,1,5,5,155,At Risk,979.05875,979.05875,Bronze,0,1,0,97,1.836734693877551,1.0,1.0,0.10127389528224622,372,495.125
13094,21,12,1927.32,4,5,4,454,Champions,160.61,160.61,Silver,1,0,0,347,0.9510086455331411,1.0,0.23333333333333334,0.30313125052256984,368,143.0
13095,71,1,74.39999999999999,3,1,1,311,Dormant,74.39999999999999,74.39999999999999,Bronze,0,0,1,0,0.0,0.0,0.7888888888888889,0.2445897426090848,70,144.0
13097,33,10,6010.42,3,5,5,355,Loyal,601.042,601.042,Gold,0,0,0,327,0.7317073170731707,1.0,0.36666666666666664,0.2964634799937227,359,236.3
13098,1,28,28882.44,5,5,5,555,Champions,1031.5157142857142,1031.5157142857142,Platinum,1,0,0,316,2.373417721518987,1.0,0.011111111111111112,0.3806195404340196,316,570.2857142857143
13099,99,1,207.36,2,1,1,211,Dormant,207.36,207.36,Bronze,0,0,1,0,0.0,0.0,1.0,0.22231965276361432,98,288.0
13101,234,1,101.19,1,1,1,111,Dormant,101.19,101.19,Bronze,0,0,1,0,0.0,0.0,1.0,0.11387932279718575,233,113.0
13102,1,24,6424.09,5,5,5,555,Champions,267.67041666666665,267.67041666666665,Platinum,1,0,0,363,1.565934065934066,1.0,0.011111111111111112,0.3428181456162191,364,175.16666666666666
13103,40,1,243.94,3,1,1,311,Dormant,243.94,243.94,Bronze,0,0,1,0,0.0,0.0,0.4444444444444444,0.26969807469323853,39,82.0
13104,3,6,1098.48,5,5,4,554,Champions,183.08,183.08,Silver,1,0,0,351,0.42735042735042733,1.0,0.03333333333333333,0.30777412643389823,354,84.0
13106,133,1,76.5,2,1,1,211,Dormant,76.5,76.5,Bronze,0,0,1,0,0.0,0.0,1.0,0.194860120082495,132,18.0
13107,44,4,1531.62,3,4,4,344,Loyal,382.905,382.905,Silver,0,0,0,289,0.31141868512110726,1.0,0.4888888888888889,0.27263392898214817,333,323.25
13108,373,1,350.06,1,1,2,112,Dormant,350.06,350.06,Bronze,0,0,1,0,0.0,0.0,1.0,0.002737263764896631,372,298.0
13109,60,2,786.54,3,2,3,323,Dormant,393.27,393.27,Bronze,0,0,1,97,0.30612244897959184,1.0,0.6666666666666666,0.2558652735805809,156,260.0
13110,31,7,1488.67,4,5,4,454,Champions,212.6671428571429,212.6671428571429,Silver,1,0,0,279,0.5357142857142857,1.0,0.34444444444444444,0.28730664453413185,310,55.42857142857143
13113,1,24,12245.96,5,5,5,555,Champions,510.2483333333334,510.2483333333334,Platinum,1,0,0,365,1.8032786885245902,1.0,0.011111111111111112,0.35112898776015306,365,126.875
13115,12,4,2294.78,5,4,5,545,Champions,573.695,573.695,Silver,1,0,0,172,0.5202312138728324,1.0,0.13333333333333333,0.2993918051666241,183,391.75
13116,138,1,501.14,2,1,3,213,Dormant,501.14,501.14,Bronze,0,0,1,0,0.0,0.0,1.0,0.19145560744629658,137,291.0
13117,22,8,984.91,4,5,4,454,Champions,123.11375,123.11375,Silver,1,0,0,350,0.5982905982905983,1.0,0.24444444444444444,0.2952421745508606,371,118.125
13118,20,5,1197.81,4,4,4,444,Champions,239.562,239.562,Silver,1,0,0,269,0.33457249070631967,1.0,0.2222222222222222,0.29284415176774253,288,82.0
13120,239,1,30.6,1,1,1,111,Dormant,30.6,30.6,Bronze,0,0,1,0,0.0,0.0,1.0,0.10976785889705655,238,12.0
13121,269,1,283.73,1,1,2,112,Dormant,283.73,283.73,Bronze,0,0,1,0,0.0,0.0,1.0,0.08606503618477769,268,252.0
13122,94,2,922.39,2,2,3,223,Needs Attention,461.195,461.195,Bronze,0,0,0,146,0.2054794520547945,1.0,1.0,0.2287864750464296,239,292.5
13124,90,3,3866.33,2,3,5,235,Needs Attention,1288.7766666666666,1288.7766666666666,Bronze,0,0,0,269,0.2222222222222222,1.0,1.0,0.23763297429990474,358,715.6666666666666
13126,5,8,2099.64,5,5,5,555,Champions,262.455,262.455,Gold,1,0,0,361,0.4972375690607735,1.0,0.05555555555555555,0.3104698387595674,366,267.875
13127,78,1,259.17,2,1,2,212,Dormant,259.17,259.17,Bronze,0,0,1,0,0.0,0.0,0.8666666666666667,0.23923853241681117,77,127.0
13130,94,1,64.0,2,1,1,211,Dormant,64.0,64.0,Bronze,0,0,1,0,0.0,0.0,1.0,0.2261256985289011,93,32.0
13131,23,3,1073.3,4,3,4,434,Loyal,357.76666666666665,357.76666666666665,Bronze,0,0,0,164,0.36585365853658536,1.0,0.25555555555555554,0.2873891806087733,187,149.0
13132,262,1,77.3,1,1,1,111,Dormant,77.3,77.3,Bronze,0,0,1,0,0.0,0.0,1.0,0.09138532627048115,261,20.0
13133,274,2,109.8,1,2,1,121,Dormant,54.9,54.9,Bronze,0,0,1,30,0.967741935483871,1.0,1.0,0.08324145895491392,303,16.0
13134,86,4,1793.58,2,4,4,244,At Risk,448.395,448.395,Silver,0,1,0,154,0.5806451612903226,1.0,0.9555555555555556,0.23931804283179858,239,264.75
13135,197,1,3096.0,1,1,5,115,Dormant,3096.0,3096.0,Bronze,0,0,1,0,0.0,0.0,1.0,0.14783362158467675,196,4300.0
13136,56,5,2607.61,3,4,5,345,Loyal,521.522,521.522,Silver,0,0,0,156,0.5769230769230769,1.0,0.6222222222222222,0.2659796656372593,212,265.6
13137,11,8,3650.41,5,5,5,555,Champions,456.30125,456.30125,Gold,1,0,0,298,0.7046979865771812,1.0,0.12222222222222222,0.307870761398579,308,278.25
13138,22,6,962.39,4,5,4,454,Champions,160.39833333333334,160.39833333333334,Silver,1,0,0,350,0.42857142857142855,1.0,0.24444444444444444,0.29233921337903335,371,78.83333333333333
13139,16,7,5064.9400000000005,4,5,5,455,Champions,723.5628571428572,723.5628571428572,Gold,1,0,0,243,0.6172839506172839,1.0,0.17777777777777778,0.30444393090466243,259,346.42857142857144
13140,108,3,423.72,2,3,2,232,Needs Attention,141.24,141.24,Bronze,0,0,0,258,0.23255813953488372,1.0,1.0,0.2182800732844877,365,62.0
13141,85,5,2388.75,2,4,5,245,At Risk,477.75,477.75,Silver,0,1,0,230,0.38961038961038963,1.0,0.9444444444444444,0.24240520628835782,314,309.6
13142,19,1,307.09000000000003,4,1,2,412,Potential,307.09000000000003,307.09000000000003,Bronze,0,0,0,0,0.0,0.0,0.2111111111111111,0.2866331424354708,18,258.0
13144,333,1,110.95,1,1,1,111,Dormant,110.95,110.95,Bronze,0,0,1,0,0.0,0.0,1.0,0.03448149069703397,332,21.0
13145,40,4,618.52,3,4,3,343,Loyal,154.63,154.63,Silver,0,0,0,332,0.2702702702702703,1.0,0.4444444444444444,0.2745390156346872,371,36.25
13146,26,1,228.91,4,1,1,411,Potential,228.91,228.91,Bronze,0,0,0,0,0.0,0.0,0.28888888888888886,0.28090656557548604,25,154.0
13147,10,4,712.8,5,4,3,543,Loyal,178.2,178.2,Silver,0,0,0,89,1.0112359550561798,1.0,0.1111111111111111,0.29873777344500574,99,36.0
13148,29,12,3707.12,4,5,5,455,Champions,308.9266666666667,308.9266666666667,Gold,1,0,0,335,0.5373134328358209,1.0,0.32222222222222224,0.29925484023942817,363,164.58333333333334
13149,14,4,1676.06,4,4,4,444,Champions,419.015,419.015,Silver,1,0,0,274,0.32727272727272727,1.0,0.15555555555555556,0.296904291249787,288,320.0
13151,296,1,1257.87,1,1,4,114,Dormant,1257.87,1257.87,Bronze,0,0,1,0,0.0,0.0,1.0,0.0657978875579354,295,363.0
13153,6,1,486.22,5,1,2,512,Potential,486.22,486.22,Bronze,0,0,0,0,0.0,0.0,0.06666666666666667,0.29731666177297494,5,418.0
13155,33,4,971.76,3,4,4,344,Loyal,242.94,242.94,Silver,0,0,0,335,0.26865671641791045,1.0,0.36666666666666664,0.28065824644264925,368,124.25
13157,49,4,1741.22,3,4,4,344,Loyal,435.305,435.305,Silver,0,0,0,248,0.3614457831325301,1.0,0.5444444444444444,0.2689224422131313,297,359.75
13158,95,4,1201.06,2,4,4,244,At Risk,300.265,300.265,Bronze,0,1,0,224,0.40178571428571425,1.0,1.0,0.23125295670519797,318,196.0
13159,9,4,1437.85,5,4,4,544,Champions,359.4625,359.4625,Silver,1,0,0,106,0.8411214953271029,1.0,0.1,0.300574936640735,115,264.75
13160,22,1,91.8,4,1,1,411,Potential,91.8,91.8,Bronze,0,0,0,0,0.0,0.0,0.24444444444444444,0.2839193943100832,21,56.0
13161,313,1,112.75,1,1,1,111,Dormant,112.75,112.75,Bronze,0,0,1,0,0.0,0.0,1.0,0.050526840983639194,312,29.0
13162,122,4,1688.29,2,4,4,244,At Risk,422.0725,422.0725,Bronze,0,1,0,212,0.4245283018867924,1.0,1.0,0.2102907337898019,334,428.25
13165,46,2,1021.48,3,2,4,324,Dormant,510.74,510.74,Bronze,0,0,1,305,0.09836065573770492,1.0,0.5111111111111111,0.2674306019069347,350,688.0
13166,283,1,417.2,1,1,2,112,Dormant,417.2,417.2,Bronze,0,0,1,0,0.0,0.0,1.0,0.0750256208991216,282,216.0
13167,19,4,791.33,4,4,3,443,Loyal,197.8325,197.8325,Silver,0,0,0,125,0.7200000000000001,1.0,0.2111111111111111,0.29163062533843764,143,196.25
13168,36,4,1319.19,3,4,4,344,Loyal,329.7975,329.7975,Silver,0,0,0,281,0.3191489361702128,1.0,0.4,0.278747792978811,317,170.5
13169,64,2,712.88,3,2,3,323,Dormant,356.44,356.44,Bronze,0,0,1,188,0.15873015873015872,1.0,0.7111111111111111,0.2525515662281725,251,136.0
13170,27,1,116.01,4,1,1,411,Potential,116.01,116.01,Bronze,0,0,0,0,0.0,0.0,0.3,0.2799432594082389,26,147.0
13171,22,3,468.41,4,3,2,432,Potential,156.13666666666668,156.13666666666668,Bronze,0,0,0,277,0.2158273381294964,1.0,0.24444444444444444,0.2873278264207575,298,76.33333333333333
13173,4,2,353.65000000000003,5,2,2,522,Potential,176.82500000000002,176.82500000000002,Bronze,0,0,0,363,0.08264462809917356,1.0,0.044444444444444446,0.30016710007696884,366,138.5
13174,16,3,2817.03,4,3,5,435,Loyal,939.01,939.01,Bronze,0,0,0,352,0.16997167138810199,1.0,0.17777777777777778,0.295493365201811,368,465.0
13176,46,1,492.84,3,1,3,313,Dormant,492.84,492.84,Bronze,0,0,1,0,0.0,0.0,0.5111111111111111,0.2652405504651914,45,453.0
13177,65,1,282.45,3,1,2,312,Dormant,282.45,282.45,Bronze,0,0,1,0,0.0,0.0,0.7222222222222222,0.24969957259416023,64,91.0
13178,26,11,5725.47,4,5,5,455,Champions,520.4972727272727,520.4972727272727,Platinum,1,0,0,334,0.8982035928143713,1.0,0.28888888888888886,0.30310708782287116,360,324.54545454545456
13182,45,1,121.18,3,1,1,311,Dormant,121.18,121.18,Bronze,0,0,1,0,0.0,0.0,0.5,0.26551213701842025,44,201.0
13183,8,9,3957.78,5,5,5,555,Champions,439.7533333333333,439.7533333333333,Gold,1,0,0,326,0.7339449541284404,1.0,0.08888888888888889,0.3121513623634814,334,245.33333333333334
13184,15,10,1701.29,4,5,4,454,Champions,170.129,170.129,Silver,1,0,0,275,0.8695652173913043,1.0,0.16666666666666666,0.3047506087605634,289,169.2
13185,268,1,71.4,1,1,1,111,Dormant,71.4,71.4,Bronze,0,0,1,0,0.0,0.0,1.0,0.0865640696715164,267,12.0
13186,40,3,1575.89,3,3,4,334,Loyal,525.2966666666667,525.2966666666667,Bronze,0,0,0,89,0.6741573033707865,1.0,0.4444444444444444,0.27447027479148145,128,273.3333333333333
13187,337,1,236.02,1,1,1,111,Dormant,236.02,236.02,Bronze,0,0,1,0,0.0,0.0,1.0,0.0314514746086462,336,95.0
13188,11,1,114.6,5,1,1,511,Potential,114.6,114.6,Bronze,0,0,0,0,0.0,0.0,0.12222222222222222,0.292775471202448,10,25.0
13189,19,2,260.68,4,2,2,422,Potential,130.34,130.34,Bronze,0,0,0,96,0.30927835051546393,1.0,0.2111111111111111,0.28800229788076115,114,421.0
13192,95,2,911.94,2,2,3,223,Needs Attention,455.97,455.97,Bronze,0,0,0,109,0.2727272727272727,1.0,1.0,0.2279694184137214,204,297.5
13193,61,1,117.88,3,1,1,311,Dormant,117.88,117.88,Bronze,0,0,1,0,0.0,0.0,0.6777777777777778,0.25267320159992923,60,50.0
13194,136,1,60.7,2,1,1,211,Dormant,60.7,60.7,Bronze,0,0,1,0,0.0,0.0,1.0,0.19243114813714804,135,26.0
13196,11,4,1797.78,5,4,4,544,Champions,449.445,449.445,Silver,1,0,0,250,0.23904382470119523,1.0,0.12222222222222222,0.2994844662278168,261,306.0
13198,10,6,3401.24,5,5,5,555,Champions,566.8733333333333,566.8733333333333,Gold,1,0,0,351,0.42735042735042733,1.0,0.1111111111111111,0.3054463916116399,361,441.3333333333333
13199,4,38,9817.12,5,5,5,555,Champions,258.34526315789475,258.34526315789475,Platinum,1,0,0,363,2.644628099173554,1.0,0.044444444444444446,0.3653510441303496,366,162.52631578947367
13200,19,4,870.09,4,4,3,443,Loyal,217.5225,217.5225,Silver,0,0,0,107,0.8411214953271029,1.0,0.2111111111111111,0.29174305689861607,125,129.0
13203,10,4,869.46,5,4,3,543,Loyal,217.365,217.365,Silver,0,0,0,232,0.38626609442060084,1.0,0.1111111111111111,0.29896140889723477,241,200.0
13207,15,2,250.26,4,2,2,422,Potential,125.13,125.13,Bronze,0,0,0,135,0.2222222222222222,1.0,0.16666666666666666,0.29119597926085106,150,65.0
13208,59,6,1223.9,3,5,4,354,Loyal,203.98333333333332,203.98333333333332,Silver,0,0,0,250,0.597609561752988,1.0,0.6555555555555556,0.26303338003136406,308,134.0
13209,30,8,5891.61,4,5,5,455,Champions,736.45125,736.45125,Gold,1,0,0,331,0.45317220543806647,1.0,0.3333333333333333,0.29582947992950237,361,531.625
13210,94,1,353.48,2,1,2,212,Dormant,353.48,353.48,Bronze,0,0,1,0,0.0,0.0,1.0,0.2265389373308369,93,316.0
13211,10,3,1197.42,5,3,4,534,Loyal,399.14,399.14,Bronze,0,0,0,350,0.17094017094017094,1.0,0.1111111111111111,0.2979941720117241,360,291.3333333333333
13212,20,3,788.08,4,3,3,433,Loyal,262.6933333333333,262.6933333333333,Bronze,0,0,0,41,0.7142857142857143,1.0,0.2222222222222222,0.2893884401589332,60,103.33333333333333
13213,57,5,1520.58,3,4,4,344,Loyal,304.116,304.116,Silver,0,0,0,142,0.6293706293706294,1.0,0.6333333333333333,0.26362576836137,199,272.0
13216,268,1,333.74,1,1,2,112,Dormant,333.74,333.74,Bronze,0,0,1,0,0.0,0.0,1.0,0.08693856555136938,267,297.0
13217,122,3,533.98,2,3,3,233,Needs Attention,177.99333333333334,177.99333333333334,Bronze,0,0,0,34,1.7647058823529411,1.0,1.0,0.2072075252345891,156,87.33333333333333
13218,127,1,62.64,2,1,1,211,Dormant,62.64,62.64,Bronze,0,0,1,0,0.0,0.0,1.0,0.1996531688649396,126,88.0
13220,78,4,819.2900000000001,2,4,3,243,Needs Attention,204.8225,204.8225,Silver,0,0,0,158,0.569620253164557,1.0,0.8666666666666667,0.24434433561924906,236,49.0
13221,240,2,847.41,1,2,3,123,Needs Attention,423.705,423.705,Bronze,0,0,0,119,0.25210084033613445,1.0,1.0,0.11156714005068896,358,122.0
13223,200,2,163.2,1,2,1,121,Dormant,81.6,81.6,Bronze,0,0,1,31,0.9375,1.0,1.0,0.14267597735058357,231,44.0
13224,60,2,2155.95,3,2,5,325,Dormant,1077.975,1077.975,Bronze,0,0,1,91,0.32967032967032966,1.0,0.6666666666666666,0.25782013522131225,150,759.0
13225,3,7,6463.84,5,5,5,555,Champions,923.4057142857145,923.4057142857145,Gold,1,0,0,358,0.5027932960893855,1.0,0.03333333333333333,0.3168686976286431,361,488.0
13226,273,1,108.21,1,1,1,111,Dormant,108.21,108.21,Bronze,0,0,1,0,0.0,0.0,1.0,0.08260592153526694,272,80.0
13227,202,1,257.7,1,1,2,112,Dormant,257.7,257.7,Bronze,0,0,1,0,0.0,0.0,1.0,0.13977119331911386,201,99.0
13228,81,1,358.0,2,1,2,212,Dormant,358.0,358.0,Bronze,0,0,1,0,0.0,0.0,0.9,0.2369731972127448,80,200.0
13229,226,1,160.95,1,1,1,111,Dormant,160.95,160.95,Bronze,0,0,1,0,0.0,0.0,1.0,0.1203817437563293,225,63.0
13230,4,14,2806.97,5,5,5,555,Champions,200.49785714285716,200.49785714285716,Gold,1,0,0,360,0.997229916897507,1.0,0.044444444444444446,0.32089414647316505,364,118.92857142857143
13232,13,7,1357.6,5,5,4,554,Champions,193.94285714285712,193.94285714285712,Silver,1,0,0,230,0.7792207792207793,1.0,0.14444444444444443,0.30155804202011,242,111.14285714285714
13233,74,2,605.12,2,2,3,223,Needs Attention,302.56,302.56,Bronze,0,0,0,261,0.11450381679389313,1.0,0.8222222222222222,0.24437634618237278,335,502.0
13235,212,1,1031.07,1,1,4,114,Dormant,1031.07,1031.07,Bronze,0,0,1,0,0.0,0.0,1.0,0.1328538049216135,211,441.0
13236,25,2,744.85,4,2,3,423,Potential,372.425,372.425,Bronze,0,0,0,82,0.36585365853658536,1.0,0.2777777777777778,0.28388062653695967,106,208.0
13238,17,4,700.73,4,4,3,443,Loyal,175.1825,175.1825,Silver,0,0,0,343,0.2623906705539359,1.0,0.18888888888888888,0.2931055700035507,359,74.5
13239,262,1,329.56,1,1,2,112,Dormant,329.56,329.56,Bronze,0,0,1,0,0.0,0.0,1.0,0.09174543273785826,261,327.0
13240,96,4,663.65,2,4,3,243,Needs Attention,165.9125,165.9125,Bronze,0,0,0,269,0.33457249070631967,1.0,1.0,0.22968365356472378,365,74.5
13242,112,3,270.40000000000003,2,3,2,232,Needs Attention,90.13333333333334,90.13333333333334,Bronze,0,0,0,101,0.297029702970297,1.0,1.0,0.21485264960292977,213,43.333333333333336
13243,203,1,600.07,1,1,3,113,Dormant,600.07,600.07,Bronze,0,0,1,0,0.0,0.0,1.0,0.13945779467348246,202,233.0
13244,93,1,121.74,2,1,1,211,Dormant,121.74,121.74,Bronze,0,0,1,0,0.0,0.0,1.0,0.22701026263343313,92,38.0
13245,51,1,430.5,3,1,2,312,Dormant,430.5,430.5,Bronze,0,0,1,0,0.0,0.0,0.5666666666666667,0.26114086361396366,50,125.0
13246,18,6,1987.3,4,5,4,454,Champions,331.21666666666664,331.21666666666664,Silver,1,0,0,312,0.4807692307692308,1.0,0.2,0.29701085015779743,329,267.0
13247,18,4,501.12,4,4,3,443,Loyal,125.28,125.28,Silver,0,0,0,64,1.3846153846153846,1.0,0.2,0.29201848348354736,82,82.0
13248,125,2,465.68,2,2,2,222,Needs Attention,232.84,232.84,Bronze,0,0,0,64,0.46153846153846156,1.0,1.0,0.20326820173403243,188,152.5
13249,92,3,711.41,2,3,3,233,Needs Attention,237.13666666666663,237.13666666666663,Bronze,0,0,0,168,0.35502958579881655,1.0,1.0,0.23152498142262268,260,182.0
13253,157,2,1030.4,2,2,4,224,Needs Attention,515.2,515.2,Bronze,0,0,0,182,0.16393442622950818,1.0,1.0,0.17840590223987873,338,786.0
13255,9,2,399.51,5,2,2,522,Potential,199.755,199.755,Bronze,0,0,0,364,0.08241758241758242,1.0,0.1,0.296221871006484,373,88.5
13258,12,3,698.5799999999999,5,3,3,533,Loyal,232.86,232.86,Bronze,0,0,0,193,0.30927835051546393,1.0,0.13333333333333333,0.29567778932183203,204,95.66666666666667
13259,62,1,292.32,3,1,2,312,Dormant,292.32,292.32,Bronze,0,0,1,0,0.0,0.0,0.6888888888888889,0.252120079339509,61,132.0
13260,61,1,557.62,3,1,3,313,Dormant,557.62,557.62,Bronze,0,0,1,0,0.0,0.0,0.6777777777777778,0.25330093971918877,60,142.0
13261,269,2,944.1,1,2,4,124,Needs Attention,472.05,472.05,Bronze,0,0,0,17,1.7647058823529411,1.0,1.0,0.0884431349782516,285,105.0
13262,263,1,200.29,1,1,1,111,Dormant,200.29,200.29,Bronze,0,0,1,0,0.0,0.0,1.0,0.09075875805054863,262,125.0
13263,1,35,7454.07,5,5,5,555,Champions,212.97342857142857,212.97342857142857,Platinum,1,0,0,323,2.962962962962963,1.0,0.011111111111111112,0.3600779374613314,324,136.57142857142858
13265,53,5,2107.66,3,4,5,345,Loyal,421.532,421.532,Silver,0,0,0,220,0.5454545454545454,1.0,0.5888888888888889,0.2676723935861353,273,350.4
13266,11,12,3834.26,5,5,5,555,Champions,319.52166666666665,319.52166666666665,Gold,1,0,0,245,1.346938775510204,1.0,0.12222222222222222,0.3138748379432032,256,369.0
13267,3,19,4521.49,5,5,5,555,Champions,237.97315789473683,237.97315789473683,Gold,1,0,0,364,1.0714285714285714,1.0,0.03333333333333333,0.33132083244371063,366,103.63157894736842
13268,18,11,3214.69,4,5,5,455,Champions,292.24454545454546,292.24454545454546,Gold,1,0,0,249,1.08,1.0,0.2,0.3059400087477186,266,332.54545454545456
13269,1,15,5346.2300000000005,5,5,5,555,Champions,356.41533333333336,356.41533333333336,Platinum,1,0,0,368,0.9782608695652174,1.0,0.011111111111111112,0.32836081745897566,369,234.26666666666668
13270,366,1,590.0,1,1,3,113,Dormant,590.0,590.0,Bronze,0,0,1,0,0.0,0.0,1.0,0.008694756434613095,365,200.0
13271,37,1,217.38,3,1,1,311,Dormant,217.38,217.38,Bronze,0,0,1,0,0.0,0.0,0.4111111111111111,0.27206657684568103,36,253.0
13272,31,2,276.56,4,2,2,422,Potential,138.28,138.28,Bronze,0,0,0,58,0.5172413793103449,1.0,0.34444444444444444,0.27839929846629713,89,48.0
13273,113,1,138.98,2,1,1,211,Dormant,138.98,138.98,Bronze,0,0,1,0,0.0,0.0,1.0,0.21099209234817118,112,153.0
13276,64,2,590.9300000000001,3,2,3,323,Dormant,295.46500000000003,295.46500000000003,Bronze,0,0,1,36,0.8333333333333334,1.0,0.7111111111111111,0.25237748003259397,99,80.5
13277,16,4,258.4,4,4,2,442,Potential,64.6,64.6,Bronze,0,0,0,117,0.7627118644067796,1.0,0.17777777777777778,0.29327627364212977,133,44.0
13278,41,1,542.73,3,1,3,313,Dormant,542.73,542.73,Bronze,0,0,1,0,0.0,0.0,0.45555555555555555,0.2693224646789863,40,537.0
13279,78,1,137.75,2,1,1,211,Dormant,137.75,137.75,Bronze,0,0,1,0,0.0,0.0,0.8666666666666667,0.2390652028074045,77,73.0
13280,122,3,814.86,2,3,3,233,Needs Attention,271.62,271.62,Bronze,0,0,0,214,0.27906976744186046,1.0,1.0,0.2076084873552459,336,174.0
13282,18,3,1132.14,4,3,4,434,Loyal,377.38000000000005,377.38000000000005,Bronze,0,0,0,202,0.297029702970297,1.0,0.2,0.29148387113622476,220,102.33333333333333
13283,60,2,93.66,3,2,1,321,Dormant,46.83,46.83,Bronze,0,0,1,125,0.23809523809523808,1.0,0.6666666666666666,0.2548761727753948,185,45.0
13284,331,1,201.19,1,1,1,111,Dormant,201.19,201.19,Bronze,0,0,1,0,0.0,0.0,1.0,0.03621458827406516,330,91.0
13285,23,4,2709.12,4,4,5,445,Champions,677.28,677.28,Silver,1,0,0,266,0.33707865168539325,1.0,0.25555555555555554,0.29115975483871354,289,512.75
13291,156,1,361.11,2,1,2,212,Dormant,361.11,361.11,Bronze,0,0,1,0,0.0,0.0,1.0,0.17681720899581374,155,233.0
13292,39,2,578.94,3,2,3,323,Dormant,289.47,289.47,Bronze,0,0,1,245,0.12195121951219512,1.0,0.43333333333333335,0.2724138399906862,283,173.5
13294,190,2,873.74,1,2,3,123,Needs Attention,436.87,436.87,Bronze,0,0,0,59,0.5,1.0,1.0,0.1517116785523556,249,226.5
13295,360,1,201.2,1,1,1,111,Dormant,201.2,201.2,Bronze,0,0,1,0,0.0,0.0,1.0,0.01295257046371446,359,82.0
13296,137,1,87.4,2,1,1,211,Dormant,87.4,87.4,Bronze,0,0,1,0,0.0,0.0,1.0,0.19166712391252297,136,78.0
13297,8,4,2089.85,5,4,5,545,Champions,522.4625,522.4625,Silver,1,0,0,59,1.0,1.0,0.08888888888888889,0.3023078194216466,66,240.75
13298,1,1,360.0,5,1,2,512,Potential,360.0,360.0,Bronze,0,0,0,0,0.0,0.0,0.011111111111111112,0.3011471752495551,0,96.0
13299,268,1,142.5,1,1,1,111,Dormant,142.5,142.5,Bronze,0,0,1,0,0.0,0.0,1.0,0.08666556642023009,267,30.0
13300,169,1,371.89,2,1,2,212,Dormant,371.89,371.89,Bronze,0,0,1,0,0.0,0.0,1.0,0.16640479018641383,168,203.0
13301,104,4,618.09,2,4,3,243,Needs Attention,154.5225,154.5225,Bronze,0,0,0,188,0.47619047619047616,1.0,1.0,0.22320150340490136,291,86.25
13302,155,1,63.75,2,1,1,211,Dormant,63.75,63.75,Bronze,0,0,1,0,0.0,0.0,1.0,0.1771948603652089,154,5.0
13304,351,1,300.42,1,1,2,112,Dormant,300.42,300.42,Bronze,0,0,1,0,0.0,0.0,1.0,0.020313460442066732,350,238.0
13305,4,10,2000.86,5,5,4,554,Champions,200.086,200.086,Gold,1,0,0,368,0.7336956521739131,1.0,0.044444444444444446,0.31400178066195056,372,123.2
13307,120,1,15.0,2,1,1,211,Dormant,15.0,15.0,Bronze,0,0,1,0,0.0,0.0,1.0,0.20520013502277032,119,4.0
13308,23,3,1385.51,4,3,4,434,Loyal,461.8366666666666,461.8366666666666,Bronze,0,0,0,180,0.3314917127071823,1.0,0.25555555555555554,0.28783486696483374,202,281.0
13309,7,5,1456.79,5,4,4,544,Champions,291.358,291.358,Silver,1,0,0,301,0.39867109634551495,1.0,0.07777777777777778,0.30364165866340126,308,308.8
13310,28,3,1132.03,4,3,4,434,Loyal,377.3433333333333,377.3433333333333,Bronze,0,0,0,296,0.20270270270270271,1.0,0.3111111111111111,0.2834623237345745,323,195.66666666666666
13311,4,2,598.57,5,2,3,523,Potential,299.285,299.285,Bronze,0,0,0,145,0.2054794520547945,1.0,0.044444444444444446,0.30051672853962647,149,152.5
13313,22,5,1555.3200000000002,4,4,4,444,Champions,311.064,311.064,Silver,1,0,0,317,0.3785488958990536,1.0,0.24444444444444444,0.29175022675381335,339,170.2
13314,2,3,775.94,5,3,3,533,Loyal,258.6466666666667,258.6466666666667,Bronze,0,0,0,72,0.8333333333333334,1.0,0.022222222222222223,0.30380961272683155,73,186.66666666666666
13316,37,4,5977.73,3,4,5,345,Loyal,1494.4325,1494.4325,Silver,0,0,0,217,0.4147465437788019,1.0,0.4111111111111111,0.28459581798853145,253,1737.0
13317,66,6,2273.68,3,5,5,355,Loyal,378.94666666666666,378.94666666666666,Silver,0,0,0,292,0.3082191780821918,1.0,0.7333333333333333,0.258916989847597,358,172.5
13318,1,3,640.76,5,3,3,533,Loyal,213.58666666666667,213.58666666666667,Bronze,0,0,0,36,1.6666666666666667,1.0,0.011111111111111112,0.3044187794648116,36,101.33333333333333
13319,5,26,10845.55,5,5,5,555,Champions,417.1365384615385,417.1365384615385,Platinum,1,0,0,360,1.3333333333333333,1.0,0.05555555555555555,0.3487921302133707,365,181.69230769230768
13320,78,4,1548.7,2,4,4,244,At Risk,387.175,387.175,Silver,0,1,0,135,0.4444444444444444,1.0,0.8666666666666667,0.2453855837694494,213,274.0
13321,72,2,567.36,2,2,3,223,Needs Attention,283.68,283.68,Bronze,0,0,0,14,2.142857142857143,1.0,0.8,0.24592672106129776,85,186.0
13322,17,1,199.48,4,1,1,411,Potential,199.48,199.48,Bronze,0,0,0,0,0.0,0.0,0.18888888888888888,0.28808380496703084,16,117.0
13323,3,5,787.85,5,4,3,543,Loyal,157.57,157.57,Silver,0,0,0,81,1.4814814814814814,1.0,0.03333333333333333,0.3058952888625779,83,35.0
13324,36,10,7121.95,3,5,5,355,Loyal,712.1949999999999,712.1949999999999,Gold,0,0,0,324,0.46296296296296297,1.0,0.4,0.29564379538631375,360,520.5
13325,82,1,675.3,2,1,3,213,Dormant,675.3,675.3,Bronze,0,0,1,0,0.0,0.0,0.9111111111111111,0.23662401061366398,81,240.0
13327,39,8,3627.77,3,5,5,355,Loyal,453.47125,453.47125,Gold,0,0,0,326,0.5504587155963303,1.0,0.43333333333333335,0.2853785492732232,364,200.0
13328,316,1,1308.48,1,1,4,114,Dormant,1308.48,1308.48,Bronze,0,0,1,0,0.0,0.0,1.0,0.04982735365107821,315,680.0
13329,32,2,789.0,4,2,3,423,Potential,394.5,394.5,Bronze,0,0,0,335,0.08955223880597014,1.0,0.35555555555555557,0.27832867833056346,366,231.5
13330,93,3,1140.93,2,3,4,234,Needs Attention,380.31,380.31,Bronze,0,0,0,223,0.26905829596412556,1.0,1.0,0.23133599123902215,315,250.33333333333334
13332,14,1,350.90000000000003,4,1,2,412,Potential,350.90000000000003,350.90000000000003,Bronze,0,0,0,0,0.0,0.0,0.15555555555555556,0.2907063773211056,13,179.0
13334,82,3,3536.82,2,3,5,235,Needs Attention,1178.94,1178.94,Bronze,0,0,0,223,0.26905829596412556,1.0,0.9111111111111111,0.2435797041286436,305,591.3333333333334
13336,77,1,795.12,2,1,3,213,Dormant,795.12,795.12,Bronze,0,0,1,0,0.0,0.0,0.8555555555555555,0.2408057513765101,76,559.0
13338,158,1,487.02,2,1,2,212,Dormant,487.02,487.02,Bronze,0,0,1,0,0.0,0.0,1.0,0.1753926700999986,157,256.0
13339,201,1,860.12,1,1,3,113,Dormant,860.12,860.12,Bronze,0,0,1,0,0.0,0.0,1.0,0.14143329960493092,200,326.0
13340,45,7,10736.48,3,5,5,355,Loyal,1533.782857142857,1533.782857142857,Gold,0,0,0,231,0.5194805194805194,1.0,0.5,0.2892781417192356,276,824.2857142857143
13341,261,1,775.85,1,1,3,113,Dormant,775.85,775.85,Bronze,0,0,1,0,0.0,0.0,1.0,0.09318466015761812,260,301.0
13343,178,1,353.43,2,1,2,212,Dormant,353.43,353.43,Bronze,0,0,1,0,0.0,0.0,1.0,0.15915918681039792,177,135.0
13344,68,3,2543.7200000000003,3,3,5,335,Loyal,847.9066666666668,847.9066666666668,Bronze,0,0,0,209,0.14285714285714285,1.0,0.7555555555555555,0.25339197946919784,277,323.6666666666667
13345,288,1,389.5,1,1,2,112,Dormant,389.5,389.5,Bronze,0,0,1,0,0.0,0.0,1.0,0.07097538337806879,287,141.0
13347,70,1,341.36,3,1,2,312,Dormant,341.36,341.36,Bronze,0,0,1,0,0.0,0.0,0.7777777777777778,0.2457729726737557,69,205.0
13348,64,1,233.76,3,1,1,311,Dormant,233.76,233.76,Bronze,0,0,1,0,0.0,0.0,0.7111111111111111,0.2504322056302591,63,136.0
13349,11,1,247.32,5,1,1,511,Potential,247.32,247.32,Bronze,0,0,0,0,0.0,0.0,0.12222222222222222,0.2929649318000469,10,225.0
13350,16,2,979.12,4,2,4,424,Potential,489.56,489.56,Bronze,0,0,0,63,0.47619047619047616,1.0,0.17777777777777778,0.29143430323702485,78,143.5
13351,66,1,373.94,3,1,2,312,Dormant,373.94,373.94,Bronze,0,0,1,0,0.0,0.0,0.7333333333333333,0.24902803746024066,65,117.0
13352,60,1,397.98,3,1,2,312,Dormant,397.98,397.98,Bronze,0,0,1,0,0.0,0.0,0.6666666666666666,0.25387518929157765,59,321.0
13354,71,1,743.53,3,1,3,313,Dormant,743.53,743.53,Bronze,0,0,1,0,0.0,0.0,0.7888888888888889,0.24554493978864575,70,604.0
13355,122,1,674.7,2,1,3,213,Dormant,674.7,674.7,Bronze,0,0,1,0,0.0,0.0,1.0,0.20453759260369042,121,314.0
13356,80,1,768.24,2,1,3,213,Dormant,768.24,768.24,Bronze,0,0,1,0,0.0,0.0,0.8888888888888888,0.23836096249760835,79,325.0
13357,257,1,609.95,1,1,3,113,Dormant,609.95,609.95,Bronze,0,0,1,0,0.0,0.0,1.0,0.09615639056035216,256,322.0
13358,269,1,439.03,1,1,2,112,Dormant,439.03,439.03,Bronze,0,0,1,0,0.0,0.0,1.0,0.08628673020833937,268,285.0
13359,64,1,439.56,3,1,2,312,Dormant,439.56,439.56,Bronze,0,0,1,0,0.0,0.0,0.7111111111111111,0.250725989468308,63,161.0
13362,9,4,3090.74,5,4,5,545,Champions,772.6850000000001,772.6850000000001,Silver,1,0,0,278,0.3237410071942446,1.0,0.1,0.3029344719569284,287,345.5
13363,18,2,992.5,4,2,4,424,Potential,496.25,496.25,Bronze,0,0,0,26,1.1538461538461537,1.0,0.2,0.28984912539419494,43,355.0
13364,71,1,134.96,3,1,1,311,Dormant,134.96,134.96,Bronze,0,0,1,0,0.0,0.0,0.7888888888888889,0.24467619328562631,70,71.0
13365,34,2,2225.37,3,2,5,325,Dormant,1112.685,1112.685,Bronze,0,0,1,184,0.16304347826086957,1.0,0.37777777777777777,0.2787748487078753,217,623.5
13366,50,1,56.16,3,1,1,311,Dormant,56.16,56.16,Bronze,0,0,1,0,0.0,0.0,0.5555555555555556,0.2614086244107009,49,144.0
13368,257,2,623.4,1,2,3,123,Needs Attention,311.7,311.7,Bronze,0,0,0,80,0.37037037037037035,1.0,1.0,0.0976109974174287,337,163.5
13369,366,1,308.28000000000003,1,1,2,112,Dormant,308.28000000000003,308.28000000000003,Bronze,0,0,1,0,0.0,0.0,1.0,0.00829259519624998,365,149.0
13370,372,1,754.87,1,1,3,113,Dormant,754.87,754.87,Bronze,0,0,1,0,0.0,0.0,1.0,0.004117277610301438,371,343.0
13372,90,1,378.64,2,1,2,212,Dormant,378.64,378.64,Bronze,0,0,1,0,0.0,0.0,1.0,0.22978340991091606,89,159.0
13373,61,3,3312.25,3,3,5,335,Loyal,1104.0833333333333,1104.0833333333333,Bronze,0,0,0,215,0.2777777777777778,1.0,0.6777777777777778,0.26010404550603894,275,550.3333333333334
13375,89,1,778.65,2,1,3,213,Dormant,778.65,778.65,Bronze,0,0,1,0,0.0,0.0,0.9888888888888889,0.23115657165514183,88,442.0
13376,99,3,1019.76,2,3,4,234,Needs Attention,339.92,339.92,Bronze,0,0,0,135,0.4444444444444444,1.0,1.0,0.2263501842852863,233,164.33333333333334
13379,26,3,572.56,4,3,3,433,Loyal,190.85333333333327,190.85333333333327,Bronze,0,0,0,110,0.5454545454545454,1.0,0.28888888888888886,0.284267946591398,136,200.33333333333334
13381,32,6,3639.31,4,5,5,455,Champions,606.5516666666666,606.5516666666666,Gold,1,0,0,267,0.5617977528089888,1.0,0.35555555555555557,0.2881391827313772,298,338.1666666666667
13382,281,1,222.99,1,1,1,111,Dormant,222.99,222.99,Bronze,0,0,1,0,0.0,0.0,1.0,0.07635266010524412,280,131.0
13384,31,7,4151.93,4,5,5,455,Champions,593.1328571428572,593.1328571428572,Gold,1,0,0,147,1.0135135135135134,1.0,0.34444444444444444,0.2911085043228687,178,346.0
13385,330,1,534.57,1,1,3,113,Dormant,534.57,534.57,Bronze,0,0,1,0,0.0,0.0,1.0,0.03749263428880024,329,281.0
13388,131,2,677.1,2,2,3,223,Needs Attention,338.55,338.55,Bronze,0,0,0,0,0.0,1.0,1.0,0.19875717401594606,130,141.0
13389,11,3,797.96,5,3,3,533,Loyal,265.9866666666667,265.9866666666667,Bronze,0,0,0,221,0.27149321266968324,1.0,0.12222222222222222,0.2966217954040917,232,143.0
13390,75,1,544.08,2,1,3,213,Dormant,544.08,544.08,Bronze,0,0,1,0,0.0,0.0,0.8333333333333334,0.2420516645597156,74,224.0
13391,204,1,59.8,1,1,1,111,Dormant,59.8,59.8,Bronze,0,0,1,0,0.0,0.0,1.0,0.13788440882272246,203,4.0
13394,2,8,2520.02,5,5,5,555,Champions,315.0025,315.0025,Gold,1,0,0,308,0.6818181818181818,1.0,0.022222222222222223,0.31347635718303785,309,299.0
13395,185,1,307.72,1,1,2,112,Dormant,307.72,307.72,Bronze,0,0,1,0,0.0,0.0,1.0,0.15347896155984686,184,336.0
13396,29,2,1360.99,4,2,4,424,Potential,680.495,680.495,Bronze,0,0,0,290,0.10344827586206896,1.0,0.32222222222222224,0.28155162322481425,318,300.0
13397,73,5,1544.13,2,4,4,244,At Risk,308.826,308.826,Silver,0,1,0,266,0.449438202247191,1.0,0.8111111111111111,0.25082516188384896,338,86.0
13398,192,1,457.34,1,1,2,112,Dormant,457.34,457.34,Bronze,0,0,1,0,0.0,0.0,1.0,0.14807757400164795,191,281.0
13402,127,2,621.23,2,2,3,223,Needs Attention,310.615,310.615,Bronze,0,0,0,244,0.12244897959183673,1.0,1.0,0.2018859745629975,371,239.5
13403,18,1,75.0,4,1,1,411,Potential,75.0,75.0,Bronze,0,0,0,0,0.0,0.0,0.2,0.2871039681056894,17,44.0
13404,1,2,252.49,5,2,2,522,Potential,126.245,126.245,Bronze,0,0,0,211,0.14218009478672985,1.0,0.011111111111111112,0.3024291091569213,212,55.5
13405,74,3,572.451,2,3,3,233,Needs Attention,190.817,190.817,Bronze,0,0,0,243,0.24691358024691357,1.0,0.8222222222222222,0.24576511719480898,317,55.0
13408,2,62,28117.04,5,5,5,555,Champions,453.5006451612903,453.5006451612903,Platinum,1,0,0,371,3.225806451612903,1.0,0.022222222222222223,0.4275286045139507,373,261.80645161290323
13410,24,5,1003.06,4,4,4,444,Champions,200.612,200.612,Silver,1,0,0,267,0.449438202247191,1.0,0.26666666666666666,0.28935758588788346,290,103.6
13411,107,1,213.55,2,1,1,211,Dormant,213.55,213.55,Bronze,0,0,1,0,0.0,0.0,1.0,0.21591137681962774,106,72.0
13414,134,3,1390.5,2,3,4,234,Needs Attention,463.5,463.5,Bronze,0,0,0,162,0.36809815950920244,1.0,1.0,0.1988045571399375,296,524.6666666666666
13416,44,2,712.5,3,2,3,323,Dormant,356.25,356.25,Bronze,0,0,1,37,0.7894736842105263,1.0,0.4888888888888889,0.2685938045188256,80,71.0
13417,5,2,640.83,5,2,3,523,Potential,320.415,320.415,Bronze,0,0,0,200,0.14925373134328357,1.0,0.05555555555555555,0.29977491654298993,204,81.0
13418,12,18,6127.43,5,5,5,555,Champions,340.4127777777778,340.4127777777778,Platinum,1,0,0,360,0.997229916897507,1.0,0.13333333333333333,0.32495868760978414,372,217.66666666666666
13419,64,1,221.06,3,1,1,311,Dormant,221.06,221.06,Bronze,0,0,1,0,0.0,0.0,0.7111111111111111,0.25041407611255634,63,275.0
13420,150,2,159.85,2,2,1,221,Dormant,79.925,79.925,Bronze,0,0,1,20,1.4285714285714286,1.0,1.0,0.1827781470266268,170,50.5
13421,40,2,1851.08,3,2,4,324,Dormant,925.54,925.54,Bronze,0,0,1,249,0.12,1.0,0.4444444444444444,0.2734277076186344,289,590.5
13422,64,1,2626.3,3,1,5,315,Dormant,2626.3,2626.3,Bronze,0,0,1,0,0.0,0.0,0.7111111111111111,0.25384760691250136,63,1326.0
13425,108,3,1624.21,2,3,4,234,Needs Attention,541.4033333333333,541.4033333333333,Bronze,0,0,0,186,0.3225806451612903,1.0,1.0,0.219993798064562,294,374.3333333333333
13426,1,10,3641.32,5,5,5,555,Champions,364.132,364.132,Gold,1,0,0,358,0.7520891364902508,1.0,0.011111111111111112,0.3187499890034321,359,224.5
13427,19,3,582.6,4,3,3,433,Loyal,194.2,194.2,Bronze,0,0,0,195,0.30612244897959184,1.0,0.2111111111111111,0.2898972521650628,214,181.66666666666666
13428,10,1,218.47,5,1,1,511,Potential,218.47,218.47,Bronze,0,0,0,0,0.0,0.0,0.1111111111111111,0.29372588685435225,9,156.0
13429,11,4,1006.8,5,4,4,544,Champions,251.7,251.7,Silver,1,0,0,64,1.3846153846153846,1.0,0.12222222222222222,0.2983553256047852,74,347.5
13430,19,2,679.45,4,2,3,423,Potential,339.725,339.725,Bronze,0,0,0,67,0.4411764705882353,1.0,0.2111111111111111,0.288600100882995,85,375.5
13431,67,2,1269.1,3,2,4,324,Dormant,634.55,634.55,Bronze,0,0,1,21,1.4285714285714286,1.0,0.7444444444444445,0.2509391648904092,88,336.0
13434,74,2,534.24,2,2,3,223,Needs Attention,267.12,267.12,Bronze,0,0,0,22,1.3636363636363635,1.0,0.8222222222222222,0.24427516348829645,96,150.0
13435,5,7,3809.89,5,5,5,555,Champions,544.27,544.27,Gold,1,0,0,183,0.9782608695652174,1.0,0.05555555555555555,0.311475849986285,188,304.14285714285717
13436,2,1,196.89,5,1,1,511,Potential,196.89,196.89,Bronze,0,0,0,0,0.0,0.0,0.022222222222222223,0.3001121932489337,1,76.0
13437,14,7,3408.06,4,5,5,455,Champions,486.8657142857143,486.8657142857143,Gold,1,0,0,175,1.0227272727272727,1.0,0.15555555555555556,0.30368297785423026,189,183.28571428571428
13439,255,1,283.71,1,1,2,112,Dormant,283.71,283.71,Bronze,0,0,1,0,0.0,0.0,1.0,0.09729495415842031,254,242.0
13441,92,1,296.64,2,1,2,212,Dormant,296.64,296.64,Bronze,0,0,1,0,0.0,0.0,1.0,0.22806207510757545,91,204.0
13447,23,3,1129.14,4,3,4,434,Loyal,376.38000000000005,376.38000000000005,Bronze,0,0,0,12,5.0,1.0,0.25555555555555554,0.2874688933858221,35,194.66666666666666
13448,17,6,3539.3700000000003,4,5,5,455,Champions,589.8950000000001,589.8950000000001,Gold,1,0,0,357,0.33613445378151263,1.0,0.18888888888888888,0.3000286018362438,373,276.6666666666667
13449,24,1,291.88,4,1,2,412,Potential,291.88,291.88,Bronze,0,0,0,0,0.0,0.0,0.26666666666666666,0.2826007346526941,23,222.0
13450,27,6,2043.72,4,5,4,454,Champions,340.62,340.62,Gold,1,0,0,191,0.78125,1.0,0.3,0.28987213956017366,217,330.3333333333333
13451,26,5,2976.15,4,4,5,445,Champions,595.23,595.23,Silver,1,0,0,308,0.38961038961038963,1.0,0.28888888888888886,0.2905699353786919,333,429.8
13452,259,2,590.0,1,2,3,123,Needs Attention,295.0,295.0,Bronze,0,0,0,11,2.727272727272727,1.0,1.0,0.09595904013852528,270,1.0
13453,166,2,356.98,2,2,2,222,Needs Attention,178.49,178.49,Bronze,0,0,0,123,0.24193548387096775,1.0,1.0,0.1702253296579907,289,67.0
13455,25,2,1058.34,4,2,4,424,Potential,529.17,529.17,Bronze,0,0,0,341,0.08771929824561403,1.0,0.2777777777777778,0.2843281401200012,365,177.0
13456,18,6,1766.72,4,5,4,454,Champions,294.4533333333333,294.4533333333333,Silver,1,0,0,189,0.7894736842105263,1.0,0.2,0.29669596755820166,206,127.5
13458,7,14,9646.57,5,5,5,555,Champions,689.0407142857142,689.0407142857142,Platinum,1,0,0,352,1.1079545454545454,1.0,0.07777777777777778,0.3282514025324842,359,393.42857142857144
13460,29,2,183.44,4,2,1,421,Potential,91.72,91.72,Bronze,0,0,0,20,1.5,1.0,0.32222222222222224,0.2798706457782911,49,143.0
13461,39,3,1445.0,3,3,4,334,Loyal,481.6666666666667,481.6666666666667,Bronze,0,0,0,124,0.48,1.0,0.43333333333333335,0.2750855655948903,163,390.0
13462,253,1,151.5,1,1,1,111,Dormant,151.5,151.5,Bronze,0,0,1,0,0.0,0.0,1.0,0.09871049967143798,252,62.0
13464,58,1,674.68,3,1,3,313,Dormant,674.68,674.68,Bronze,0,0,1,0,0.0,0.0,0.6444444444444445,0.2558744624489907,57,403.0
13466,184,1,307.90000000000003,1,1,2,112,Dormant,307.90000000000003,307.90000000000003,Bronze,0,0,1,0,0.0,0.0,1.0,0.15428135755107422,183,259.0
13467,11,2,1083.71,5,2,4,524,Potential,541.855,541.855,Bronze,0,0,0,25,1.1538461538461537,1.0,0.12222222222222222,0.2955943028538384,35,292.0
13468,2,37,5704.97,5,5,5,555,Champions,154.1883783783784,154.1883783783784,Platinum,1,0,0,371,2.8225806451612905,1.0,0.022222222222222223,0.35964973470182776,372,69.97297297297297
13470,99,2,165.0,2,2,1,221,Dormant,82.5,82.5,Bronze,0,0,1,15,1.875,1.0,1.0,0.22369458966927439,114,50.0
13471,1,4,2531.58,5,4,5,545,Champions,632.895,632.895,Silver,1,0,0,46,1.9565217391304348,1.0,0.011111111111111112,0.3085533715698853,46,397.5
13473,61,2,422.64,3,2,2,322,Dormant,211.32,211.32,Bronze,0,0,1,272,0.11029411764705882,1.0,0.6777777777777778,0.2545436596225161,332,133.0
13474,236,1,229.59,1,1,1,111,Dormant,229.59,229.59,Bronze,0,0,1,0,0.0,0.0,1.0,0.1124583384288572,235,132.0
13475,191,4,1431.78,1,4,4,144,At Risk,357.945,357.945,Bronze,0,1,0,107,0.8411214953271029,1.0,1.0,0.15457696677495147,298,253.0
13476,179,2,1238.47,1,2,4,124,Needs Attention,619.235,619.235,Bronze,0,0,0,102,0.2912621359223301,1.0,1.0,0.16105586772724745,280,208.5
13477,38,6,1454.58,3,5,4,354,Loyal,242.43,242.43,Silver,0,0,0,253,0.5905511811023623,1.0,0.4222222222222222,0.2802076003799536,291,170.16666666666666
13479,201,2,300.95,1,2,2,122,Needs Attention,150.475,150.475,Bronze,0,0,0,33,0.8823529411764706,1.0,1.0,0.14207047934177644,234,67.0
13481,46,5,1804.56,3,4,4,344,Loyal,360.912,360.912,Silver,0,0,0,211,0.4265402843601896,1.0,0.5111111111111111,0.27285468520913625,256,228.4
13482,232,1,184.64,1,1,1,111,Dormant,184.64,184.64,Bronze,0,0,1,0,0.0,0.0,1.0,0.1156027275060908,231,116.0
13483,66,1,140.34,3,1,1,311,Dormant,140.34,140.34,Bronze,0,0,1,0,0.0,0.0,0.7333333333333333,0.24869456853619684,65,160.0
13484,241,1,313.8,1,1,2,112,Dormant,313.8,313.8,Bronze,0,0,1,0,0.0,0.0,1.0,0.1085678547917502,240,44.0
13485,233,1,454.24,1,1,2,112,Dormant,454.24,454.24,Bronze,0,0,1,0,0.0,0.0,1.0,0.11518544815154383,232,277.0
13486,78,3,1122.41,2,3,4,234,Needs Attention,374.1366666666667,374.1366666666667,Bronze,0,0,0,76,0.7792207792207793,1.0,0.8666666666666667,0.24334163911013723,154,223.0
13487,58,3,575.4,3,3,3,333,Loyal,191.8,191.8,Bronze,0,0,0,295,0.20270270270270271,1.0,0.6444444444444445,0.2586035515534013,352,88.33333333333333
13488,17,13,8968.31,4,5,5,455,Champions,689.87,689.87,Platinum,1,0,0,350,0.942857142857143,1.0,0.18888888888888888,0.3178263750125762,366,347.53846153846155
13489,105,4,449.52,2,4,2,242,Needs Attention,112.38,112.38,Bronze,0,0,0,189,0.47619047619047616,1.0,1.0,0.2221587271391888,294,140.0
13491,52,10,1215.82,3,5,4,354,Loyal,121.582,121.582,Silver,0,0,0,320,0.8411214953271029,1.0,0.5777777777777777,0.2743784457173366,371,90.3
13492,136,3,1269.84,2,3,4,234,Needs Attention,423.28,423.28,Bronze,0,0,0,78,0.7692307692307693,1.0,1.0,0.1970280343716845,214,136.0
13493,275,2,618.63,1,2,3,123,Needs Attention,309.315,309.315,Bronze,0,0,0,11,2.5,1.0,1.0,0.08316568546808527,286,190.0
13494,312,1,316.26000000000005,1,1,2,112,Dormant,316.26000000000005,316.26000000000005,Bronze,0,0,1,0,0.0,0.0,1.0,0.05161949483585042,311,162.0
13495,8,5,2044.87,5,4,4,544,Champions,408.9740000000001,408.9740000000001,Silver,1,0,0,360,0.33240997229916897,1.0,0.08888888888888889,0.30367901622207977,367,165.8
13496,11,2,653.33,5,2,3,523,Potential,326.665,326.665,Bronze,0,0,0,349,0.08595988538681948,1.0,0.12222222222222222,0.2949799263318779,359,170.5
13497,283,2,348.05,1,2,2,122,Needs Attention,174.025,174.025,Bronze,0,0,0,85,0.3488372093023256,1.0,1.0,0.07636231451507647,368,81.5
13499,18,5,1159.11,4,4,4,444,Champions,231.82200000000003,231.82200000000003,Silver,1,0,0,252,0.47619047619047616,1.0,0.2,0.29439318477685333,269,273.0
13500,23,3,1166.77,4,3,4,434,Loyal,388.92333333333335,388.92333333333335,Bronze,0,0,0,99,0.6060606060606061,1.0,0.25555555555555554,0.28752261100402315,122,203.0
13501,288,1,1340.32,1,1,4,114,Dormant,1340.32,1340.32,Bronze,0,0,1,0,0.0,0.0,1.0,0.07233269897036049,287,560.0
13502,17,3,292.0,4,3,2,432,Potential,97.33333333333331,97.33333333333331,Bronze,0,0,0,307,0.19543973941368079,1.0,0.18888888888888888,0.2910866926143849,323,88.0
13503,71,1,216.85,3,1,1,311,Dormant,216.85,216.85,Bronze,0,0,1,0,0.0,0.0,0.7888888888888889,0.2447930929867819,70,248.0
13504,64,1,295.93,3,1,2,312,Dormant,295.93,295.93,Bronze,0,0,1,0,0.0,0.0,0.7111111111111111,0.2505209546157377,63,178.0
13505,73,4,4393.63,2,4,5,245,At Risk,1098.4075,1098.4075,Silver,0,1,0,159,0.5625,1.0,0.8111111111111111,0.25345747649976574,232,621.5
13506,316,2,458.52,1,2,2,122,Needs Attention,229.26,229.26,Bronze,0,0,0,53,0.5660377358490566,1.0,1.0,0.05004942453337447,369,162.0
13507,3,4,2479.16,5,4,5,545,Champions,619.79,619.79,Silver,1,0,0,142,0.6338028169014084,1.0,0.03333333333333333,0.3068742628400602,145,399.25
13508,244,1,110.97,1,1,1,111,Dormant,110.97,110.97,Bronze,0,0,1,0,0.0,0.0,1.0,0.10587189357900634,243,24.0
13509,9,7,979.72,5,5,4,554,Champions,139.96,139.96,Silver,1,0,0,275,0.6521739130434783,1.0,0.1,0.30422716650452725,283,158.0
13510,1,4,1791.56,5,4,4,544,Champions,447.89,447.89,Silver,1,0,0,182,0.4945054945054945,1.0,0.011111111111111112,0.30749697742103727,183,346.5
13512,261,1,251.21,1,1,2,112,Dormant,251.21,251.21,Bronze,0,0,1,0,0.0,0.0,1.0,0.09243572549875533,260,143.0
13513,127,1,205.1,2,1,1,211,Dormant,205.1,205.1,Bronze,0,0,1,0,0.0,0.0,1.0,0.1998565335178475,126,109.0
13514,74,1,152.20000000000002,2,1,1,211,Dormant,152.20000000000002,152.20000000000002,Bronze,0,0,1,0,0.0,0.0,0.8222222222222222,0.242294386636728,73,40.0
13515,73,4,891.12,2,4,3,243,Needs Attention,222.78,222.78,Silver,0,0,0,175,0.5142857142857142,1.0,0.8111111111111111,0.24845756964551616,247,170.25
13516,21,3,1389.41,4,3,4,434,Loyal,463.1366666666667,463.1366666666667,Bronze,0,0,0,217,0.2764976958525346,1.0,0.23333333333333334,0.28944471237190794,238,328.3333333333333
13517,60,3,2128.42,3,3,5,335,Loyal,709.4733333333334,709.4733333333334,Bronze,0,0,0,120,0.5,1.0,0.6666666666666666,0.25921624226457324,179,456.3333333333333
13518,86,1,659.44,2,1,3,213,Dormant,659.44,659.44,Bronze,0,0,1,0,0.0,0.0,0.9555555555555556,0.2333928139796191,85,392.0
13519,78,1,122.75,2,1,1,211,Dormant,122.75,122.75,Bronze,0,0,1,0,0.0,0.0,0.8666666666666667,0.23904378999122017,77,23.0
13520,59,6,3624.35,3,5,5,355,Loyal,604.0583333333333,604.0583333333333,Gold,0,0,0,312,0.4792332268370607,1.0,0.6555555555555556,0.26646007300534086,371,274.8333333333333
13521,1,3,1093.65,5,3,4,534,Loyal,364.55,364.55,Bronze,0,0,0,8,6.666666666666667,1.0,0.011111111111111112,0.3050652894862594,9,245.33333333333334
13522,30,1,125.8,4,1,1,411,Potential,125.8,125.8,Bronze,0,0,0,0,0.0,0.0,0.3333333333333333,0.27755081772730245,29,44.0
13523,33,5,3964.88,3,4,5,345,Loyal,792.976,792.976,Silver,0,0,0,333,0.2702702702702703,1.0,0.36666666666666664,0.28636639503305467,365,350.4
13524,41,5,680.1800000000001,3,4,3,343,Loyal,136.036,136.036,Silver,0,0,0,179,0.6703910614525139,1.0,0.45555555555555555,0.275260304245547,219,64.8
13525,15,2,628.78,4,2,3,423,Potential,314.39,314.39,Bronze,0,0,0,233,0.1282051282051282,1.0,0.16666666666666666,0.291736324539657,247,197.0
13527,34,7,2287.51,3,5,5,355,Loyal,326.7871428571429,326.7871428571429,Gold,0,0,0,293,0.5119453924914675,1.0,0.37777777777777777,0.28604058836054447,326,241.71428571428572
13529,79,2,307.76,2,2,2,222,Needs Attention,153.88,153.88,Bronze,0,0,0,125,0.23809523809523808,1.0,0.8777777777777778,0.23994116332716903,204,37.0
13531,205,2,483.8,1,2,2,122,Needs Attention,241.9,241.9,Bronze,0,0,0,161,0.18633540372670807,1.0,1.0,0.1391229454213307,365,87.0
13532,34,1,210.31,3,1,1,311,Dormant,210.31,210.31,Bronze,0,0,1,0,0.0,0.0,0.37777777777777777,0.27446290138395224,33,129.0
13533,183,3,270.79,1,3,2,132,Needs Attention,90.26333333333334,90.26333333333334,Bronze,0,0,0,84,0.35294117647058826,1.0,1.0,0.15790133467839657,267,68.0
13534,2,25,5870.08,5,5,5,555,Champions,234.8032,234.8032,Platinum,1,0,0,355,1.4325842696629214,1.0,0.022222222222222223,0.3426605523243989,357,118.44
13536,1,7,3448.29,5,5,5,555,Champions,492.61285714285714,492.61285714285714,Gold,1,0,0,74,2.4324324324324325,1.0,0.011111111111111112,0.31416821451386767,74,305.14285714285717
13538,43,7,1280.85,3,5,4,354,Loyal,182.97857142857143,182.97857142857143,Silver,0,0,0,272,0.6617647058823529,1.0,0.4777777777777778,0.2773843086543056,315,25.0
13539,86,3,631.34,2,3,3,233,Needs Attention,210.4466666666667,210.4466666666667,Bronze,0,0,0,223,0.26785714285714285,1.0,0.9555555555555556,0.23622351403442968,308,106.66666666666667
13544,40,2,291.41,3,2,2,322,Dormant,145.705,145.705,Bronze,0,0,1,200,0.14925373134328357,1.0,0.4444444444444444,0.27120124581742117,240,63.5
13546,12,3,626.99,5,3,3,533,Loyal,208.99666666666667,208.99666666666667,Bronze,0,0,0,188,0.3191489361702128,1.0,0.13333333333333333,0.2955755930877897,200,119.66666666666667
13548,96,2,682.41,2,2,3,223,Needs Attention,341.205,341.205,Bronze,0,0,0,147,0.20408163265306123,1.0,1.0,0.22683962046303577,243,220.5
13549,26,7,918.2,4,5,3,453,Loyal,131.17142857142858,131.17142857142858,Silver,0,0,0,216,0.8294930875576038,1.0,0.28888888888888886,0.2905029817713863,241,65.42857142857143
13551,319,1,91.8,1,1,1,111,Dormant,91.8,91.8,Bronze,0,0,1,0,0.0,0.0,1.0,0.045684100192436176,318,12.0
13552,66,12,3740.07,3,5,5,355,Loyal,311.6725,311.6725,Silver,0,0,0,249,0.8433734939759037,1.0,0.7333333333333333,0.2696227326739529,315,118.08333333333333
13555,74,4,4149.28,2,4,5,245,At Risk,1037.32,1037.32,Silver,0,1,0,128,0.234375,1.0,0.8222222222222222,0.25230652268669,201,665.0
13557,28,2,584.0600000000001,4,2,3,423,Potential,292.03000000000003,292.03000000000003,Bronze,0,0,0,252,0.11904761904761904,1.0,0.3111111111111111,0.28124467831037514,280,273.0
13558,6,4,605.06,5,4,3,543,Loyal,151.265,151.265,Silver,0,0,0,62,1.4285714285714286,1.0,0.06666666666666667,0.30179252847369176,67,86.0
13560,7,1,174.37,5,1,1,511,Potential,174.37,174.37,Bronze,0,0,0,0,0.0,0.0,0.07777777777777778,0.2960693502870698,6,64.0
13561,216,1,141.86,1,1,1,111,Dormant,141.86,141.86,Bronze,0,0,1,0,0.0,0.0,1.0,0.12837588275326361,215,83.0
13562,82,3,1799.3300000000002,2,3,4,234,Needs Attention,599.7766666666668,599.7766666666668,Bronze,0,0,0,163,0.36585365853658536,1.0,0.9111111111111111,0.24109940052917062,245,252.33333333333334
13563,84,2,777.53,2,2,3,223,Needs Attention,388.765,388.765,Bronze,0,0,0,55,0.5357142857142857,1.0,0.9333333333333333,0.2366010747172638,139,104.5
13564,144,3,1749.02,2,3,4,234,Needs Attention,583.0066666666667,583.0066666666667,Bronze,0,0,0,223,0.26785714285714285,1.0,1.0,0.19129496162283277,367,220.33333333333334
13565,19,2,240.22,4,2,1,421,Potential,120.11,120.11,Bronze,0,0,0,315,0.09523809523809523,1.0,0.2111111111111111,0.2879730907994857,333,86.0
13566,41,2,874.71,3,2,3,323,Dormant,437.355,437.355,Bronze,0,0,1,41,0.7142857142857143,1.0,0.45555555555555555,0.27123177982534225,82,287.5
13568,173,1,192.85,2,1,1,211,Dormant,192.85,192.85,Bronze,0,0,1,0,0.0,0.0,1.0,0.16294065066270513,172,70.0
13569,17,2,373.75,4,2,2,422,Potential,186.875,186.875,Bronze,0,0,0,350,0.08571428571428572,1.0,0.18888888888888888,0.2897679857640249,367,82.0
13570,243,1,239.49,1,1,1,111,Dormant,239.49,239.49,Bronze,0,0,1,0,0.0,0.0,1.0,0.10685749762550675,242,161.0
13571,13,12,2092.32,5,5,5,555,Champions,174.36,174.36,Gold,1,0,0,240,1.3692946058091287,1.0,0.14444444444444443,0.3097839038000626,253,146.58333333333334
13572,206,1,1384.25,1,1,4,114,Dormant,1384.25,1384.25,Bronze,0,0,1,0,0.0,0.0,1.0,0.1381708110408777,205,534.0
13573,50,2,294.40000000000003,3,2,2,322,Dormant,147.20000000000002,147.20000000000002,Bronze,0,0,1,202,0.1477832512315271,1.0,0.5555555555555556,0.2631841237311157,252,151.5
13575,23,5,732.07,4,4,3,443,Loyal,146.41400000000002,146.41400000000002,Silver,0,0,0,152,0.7843137254901961,1.0,0.25555555555555554,0.28977288098813075,175,89.8
13576,10,18,6717.34,5,5,5,555,Champions,373.18555555555554,373.18555555555554,Platinum,1,0,0,362,1.4049586776859504,1.0,0.1111111111111111,0.32740507464433666,372,147.0
13577,25,4,1687.6,4,4,4,444,Champions,421.9,421.9,Silver,1,0,0,216,0.4166666666666667,1.0,0.2777777777777778,0.2880972354312734,241,197.75
13579,15,2,467.04,4,2,2,422,Potential,233.52,233.52,Bronze,0,0,0,354,0.08450704225352113,1.0,0.16666666666666666,0.29150543728034684,368,88.0
13581,309,1,118.0,1,1,1,111,Dormant,118.0,118.0,Bronze,0,0,1,0,0.0,0.0,1.0,0.05374289161903634,308,30.0
13583,156,1,781.03,2,1,3,213,Dormant,781.03,781.03,Bronze,0,0,1,0,0.0,0.0,1.0,0.1774166536472884,155,725.0
13584,307,1,142.4,1,1,1,111,Dormant,142.4,142.4,Bronze,0,0,1,0,0.0,0.0,1.0,0.05538200120822915,306,37.0
13587,64,1,712.4,3,1,3,313,Dormant,712.4,712.4,Bronze,0,0,1,0,0.0,0.0,0.7111111111111111,0.25111547431948994,63,180.0
13588,16,9,2478.95,4,5,5,455,Champions,275.43888888888887,275.43888888888887,Gold,1,0,0,239,1.0,1.0,0.17777777777777778,0.30362318906682556,254,289.55555555555554
13589,15,2,379.65,4,2,2,422,Potential,189.825,189.825,Bronze,0,0,0,164,0.18181818181818182,1.0,0.16666666666666666,0.291380686213257,179,57.0
13590,11,6,1981.92,5,5,4,554,Champions,330.32,330.32,Silver,1,0,0,291,0.5136986301369864,1.0,0.12222222222222222,0.30261814335642473,302,308.0
13591,65,3,1117.13,3,3,4,334,Loyal,372.3766666666667,372.3766666666667,Bronze,0,0,0,202,0.297029702970297,1.0,0.7222222222222222,0.2537619092854713,266,161.66666666666666
13592,36,4,247.96,3,4,1,341,Dormant,61.99,61.99,Bronze,0,0,1,228,0.39301310043668125,1.0,0.4,0.2772185895734024,263,21.0
13593,108,5,2037.08,2,4,4,244,At Risk,407.41600000000005,407.41600000000005,Bronze,0,1,0,227,0.5263157894736842,1.0,1.0,0.22345399208955924,335,146.2
13594,53,1,396.97,3,1,2,312,Dormant,396.97,396.97,Bronze,0,0,1,0,0.0,0.0,0.5888888888888889,0.25948872075731994,52,359.0
13596,6,2,697.04,5,2,3,523,Potential,348.52,348.52,Bronze,0,0,0,7,4.285714285714286,1.0,0.06666666666666667,0.29905301846540483,12,203.0
13598,47,1,180.17,3,1,1,311,Dormant,180.17,180.17,Bronze,0,0,1,0,0.0,0.0,0.5222222222222223,0.2639920684120015,46,58.0
13599,1,21,5153.67,5,5,5,555,Champions,245.41285714285715,245.41285714285715,Platinum,1,0,0,365,1.1506849315068493,1.0,0.011111111111111112,0.33669837419139975,366,156.85714285714286
13600,312,1,219.52,1,1,1,111,Dormant,219.52,219.52,Bronze,0,0,1,0,0.0,0.0,1.0,0.051481396446672344,311,324.0
13601,45,2,693.32,3,2,3,323,Dormant,346.66,346.66,Bronze,0,0,1,166,0.18072289156626506,1.0,0.5,0.26776428562709803,210,274.0
13602,65,1,428.89,3,1,2,312,Dormant,428.89,428.89,Bronze,0,0,1,0,0.0,0.0,0.7222222222222222,0.24990861878096238,64,267.0
13603,26,1,164.34,4,1,1,411,Potential,164.34,164.34,Bronze,0,0,0,0,0.0,0.0,0.28888888888888886,0.2808143905394179,25,164.0
13606,29,3,280.54,4,3,2,432,Potential,93.51333333333334,93.51333333333334,Bronze,0,0,0,282,0.2127659574468085,1.0,0.32222222222222224,0.28144466477362223,311,93.0
13607,40,1,678.01,3,1,3,313,Dormant,678.01,678.01,Bronze,0,0,1,0,0.0,0.0,0.4444444444444444,0.2703177187679804,39,290.0
13610,12,7,1131.88,5,5,4,554,Champions,161.69714285714286,161.69714285714286,Silver,1,0,0,273,0.6593406593406593,1.0,0.13333333333333333,0.3020379609996015,284,73.71428571428571
13611,89,3,1171.8,2,3,4,234,Needs Attention,390.6,390.6,Bronze,0,0,0,270,0.2222222222222222,1.0,0.9888888888888889,0.23458861496446207,359,255.33333333333334
13614,24,4,1610.46,4,4,4,444,Champions,402.615,402.615,Silver,1,0,0,306,0.29411764705882354,1.0,0.26666666666666666,0.288789255492676,330,142.5
13615,319,1,417.69,1,1,2,112,Dormant,417.69,417.69,Bronze,0,0,1,0,0.0,0.0,1.0,0.04614931503685672,318,189.0
13617,40,3,544.18,3,3,3,333,Loyal,181.3933333333333,181.3933333333333,Bronze,0,0,0,140,0.42857142857142855,1.0,0.4444444444444444,0.2729974870191131,179,100.0
13618,174,1,177.34,2,1,1,211,Dormant,177.34,177.34,Bronze,0,0,1,0,0.0,0.0,1.0,0.1621163707733374,173,246.0
13621,117,1,213.85,2,1,1,211,Dormant,213.85,213.85,Bronze,0,0,1,0,0.0,0.0,1.0,0.20789041470161992,116,343.0
13623,31,5,747.78,4,4,3,443,Loyal,149.55599999999998,149.55599999999998,Silver,0,0,0,266,0.449438202247191,1.0,0.34444444444444444,0.2833781950448159,296,58.8
13626,253,1,257.23,1,1,2,112,Dormant,257.23,257.23,Bronze,0,0,1,0,0.0,0.0,1.0,0.09886143147511586,252,209.0
13627,59,5,1638.47,3,4,4,344,Loyal,327.694,327.694,Silver,0,0,0,298,0.40268456375838924,1.0,0.6555555555555556,0.2621897807465017,357,253.8
13629,23,11,7792.36,4,5,5,455,Champions,708.3963636363636,708.3963636363636,Platinum,1,0,0,315,0.9523809523809523,1.0,0.25555555555555554,0.30846403397805133,338,397.45454545454544
13630,5,7,2031.78,5,5,4,554,Champions,290.2542857142857,290.2542857142857,Gold,1,0,0,280,0.6428571428571429,1.0,0.05555555555555555,0.3089375604805849,285,198.71428571428572
13631,100,11,3070.42,2,5,5,255,At Risk,279.1290909090909,279.1290909090909,Bronze,0,1,0,167,1.0714285714285714,1.0,1.0,0.23995865921213907,266,42.45454545454545
13632,25,5,2121.27,4,4,5,445,Champions,424.254,424.254,Silver,1,0,0,218,0.547945205479452,1.0,0.2777777777777778,0.29015171519614824,242,207.4
13634,33,5,1575.16,3,4,4,344,Loyal,315.03200000000004,315.03200000000004,Silver,0,0,0,293,0.40816326530612246,1.0,0.36666666666666664,0.2829550193602551,326,140.8
13635,68,1,1071.03,3,1,4,314,Dormant,1071.03,1071.03,Bronze,0,0,1,0,0.0,0.0,0.7555555555555555,0.24841887005430285,67,677.0
13636,37,5,949.12,3,4,4,344,Loyal,189.824,189.824,Silver,0,0,0,248,0.4819277108433735,1.0,0.4111111111111111,0.27885277791425367,284,118.4
13637,52,3,810.5,3,3,3,333,Loyal,270.1666666666667,270.1666666666667,Bronze,0,0,0,174,0.3448275862068966,1.0,0.5777777777777777,0.2637519959836625,225,136.33333333333334
13638,16,1,122.64,4,1,1,411,Potential,122.64,122.64,Bronze,0,0,0,0,0.0,0.0,0.17777777777777778,0.2887762532847571,15,93.0
13639,74,1,1033.34,2,1,4,214,Dormant,1033.34,1033.34,Bronze,0,0,1,0,0.0,0.0,0.8222222222222222,0.24355223256023814,73,800.0
13642,216,1,354.8,1,1,2,112,Dormant,354.8,354.8,Bronze,0,0,1,0,0.0,0.0,1.0,0.12867985909181623,215,173.0
13643,31,3,519.44,4,3,3,433,Loyal,173.14666666666668,173.14666666666668,Bronze,0,0,0,154,0.38961038961038963,1.0,0.34444444444444444,0.2801814214845182,185,91.0
13644,16,4,2624.26,4,4,5,445,Champions,656.065,656.065,Silver,1,0,0,89,1.0112359550561798,1.0,0.17777777777777778,0.29665358866198555,105,516.75
13645,120,1,252.1,2,1,2,212,Dormant,252.1,252.1,Bronze,0,0,1,0,0.0,0.0,1.0,0.20553860027059048,119,158.0
13647,10,4,1678.12,5,4,4,544,Champions,419.53,419.53,Silver,1,0,0,225,0.4,1.0,0.1111111111111111,0.3001157880929423,234,223.75
13649,257,2,346.6,1,2,2,122,Needs Attention,173.3,173.3,Bronze,0,0,0,109,0.2727272727272727,1.0,1.0,0.09721585958277404,365,69.5
13650,17,6,1836.34,4,5,4,454,Champions,306.0566666666667,306.0566666666667,Silver,1,0,0,250,0.47808764940239046,1.0,0.18888888888888888,0.2975974906131516,267,153.66666666666666
13651,35,2,94.2,3,2,1,321,Dormant,47.1,47.1,Bronze,0,0,1,4,7.5,1.0,0.3888888888888889,0.2749304195726063,39,16.5
13652,46,3,1095.08,3,3,4,334,Loyal,365.0266666666666,365.0266666666666,Bronze,0,0,0,322,0.18575851393188855,1.0,0.5111111111111111,0.2689710741569103,368,192.66666666666666
13654,43,6,2707.33,3,5,5,355,Loyal,451.2216666666666,451.2216666666666,Gold,0,0,0,230,0.5217391304347826,1.0,0.4777777777777778,0.2779852322244483,272,363.6666666666667
13655,114,2,932.97,2,2,3,223,Needs Attention,466.485,466.485,Bronze,0,0,0,127,0.23622047244094488,1.0,1.0,0.21275879747078186,241,302.5
13656,165,2,379.65,2,2,2,222,Needs Attention,189.825,189.825,Bronze,0,0,0,172,0.17341040462427745,1.0,1.0,0.17105983059828375,336,245.0
13657,11,2,382.14,5,2,2,522,Potential,191.07,191.07,Bronze,0,0,0,190,0.15706806282722513,1.0,0.12222222222222222,0.2945927968904762,201,104.5
13658,10,5,2639.17,5,4,5,545,Champions,527.8340000000001,527.8340000000001,Silver,1,0,0,194,0.3076923076923077,1.0,0.1111111111111111,0.30292311392443627,203,203.8
13659,206,2,1573.2,1,2,4,124,Needs Attention,786.6,786.6,Bronze,0,0,0,115,0.2608695652173913,1.0,1.0,0.13987594784731078,320,447.0
13662,86,3,897.76,2,3,3,233,Needs Attention,299.25333333333333,299.25333333333333,Bronze,0,0,0,173,0.3448275862068966,1.0,0.9555555555555556,0.23660383420028477,258,181.0
13663,179,1,189.47,1,1,1,111,Dormant,189.47,189.47,Bronze,0,0,1,0,0.0,0.0,1.0,0.15812299141685937,178,91.0
13666,60,3,84.65,3,3,1,331,Dormant,28.21666666666667,28.21666666666667,Bronze,0,0,1,227,0.13215859030837004,1.0,0.6666666666666666,0.256298717509038,286,13.666666666666666
13667,149,1,305.02,2,1,2,212,Dormant,305.02,305.02,Bronze,0,0,1,0,0.0,0.0,1.0,0.18235211260052722,148,154.0
13668,3,21,6363.59,5,5,5,555,Champions,303.02809523809526,303.02809523809526,Platinum,1,0,0,359,1.6666666666666667,1.0,0.03333333333333333,0.33682128242038223,362,178.1904761904762
13669,51,2,218.55,3,2,1,321,Dormant,109.275,109.275,Bronze,0,0,1,98,0.30303030303030304,1.0,0.5666666666666667,0.26227370721984383,149,118.5
13670,75,1,349.7,2,1,2,212,Dormant,349.7,349.7,Bronze,0,0,1,0,0.0,0.0,0.8333333333333334,0.2417741830123884,74,282.0
13672,301,2,186.39,1,2,1,121,Dormant,93.195,93.195,Bronze,0,0,1,30,0.967741935483871,1.0,1.0,0.06169303878365587,331,28.5
13673,19,2,396.92,4,2,2,422,Potential,198.46,198.46,Bronze,0,0,0,13,2.142857142857143,1.0,0.2111111111111111,0.28819678335255794,31,59.5
13675,151,2,486.8200000000001,2,2,2,222,Needs Attention,243.41000000000005,243.41000000000005,Bronze,0,0,0,133,0.22556390977443608,1.0,1.0,0.18244276455637948,284,165.0
13678,152,1,232.6,2,1,1,211,Dormant,232.6,232.6,Bronze,0,0,1,0,0.0,0.0,1.0,0.17984231441168985,151,924.0
13680,1,4,3722.42,5,4,5,545,Champions,930.605,930.605,Silver,1,0,0,337,0.2662721893491124,1.0,0.011111111111111112,0.31025332077154777,338,484.0
13681,18,4,827.83,4,4,3,443,Loyal,206.9575,206.9575,Silver,0,0,0,137,0.6521739130434783,1.0,0.2,0.29248486889525266,154,90.0
13682,187,1,59.5,1,1,1,111,Dormant,59.5,59.5,Bronze,0,0,1,0,0.0,0.0,1.0,0.1515203442027624,186,10.0
13684,286,1,67.23,1,1,1,111,Dormant,67.23,67.23,Bronze,0,0,1,0,0.0,0.0,1.0,0.07211961423482038,285,39.0
13685,3,7,3119.44,5,5,5,555,Champions,445.63428571428574,445.63428571428574,Gold,1,0,0,57,2.586206896551724,1.0,0.03333333333333333,0.31209449613218704,59,722.2857142857143
13686,183,1,72.0,1,1,1,111,Dormant,72.0,72.0,Bronze,0,0,1,0,0.0,0.0,1.0,0.15474674436598196,182,70.0
13689,63,1,910.0,3,1,3,313,Dormant,910.0,910.0,Bronze,0,0,1,0,0.0,0.0,0.7,0.25219969152212457,62,512.0
13690,59,1,172.25,3,1,1,311,Dormant,172.25,172.25,Bronze,0,0,1,0,0.0,0.0,0.6555555555555556,0.2543550939958584,58,67.0
13692,25,3,1488.32,4,3,4,434,Loyal,496.1066666666666,496.1066666666666,Bronze,0,0,0,211,0.2830188679245283,1.0,0.2777777777777778,0.2863773523320947,235,408.6666666666667
13694,4,50,65039.62,5,5,5,555,Champions,1300.7924,1300.7924,Platinum,1,0,0,369,2.7567567567567566,1.0,0.044444444444444446,0.4614072072957002,373,1266.24
13695,31,15,2504.13,4,5,5,455,Champions,166.942,166.942,Gold,1,0,0,228,1.7105263157894735,1.0,0.34444444444444444,0.3002394886774839,259,106.86666666666666
13697,39,1,151.3,3,1,1,311,Dormant,151.3,151.3,Bronze,0,0,1,0,0.0,0.0,0.43333333333333335,0.27036796817791736,38,177.0
13699,155,1,308.58000000000004,2,1,2,212,Dormant,308.58000000000004,308.58000000000004,Bronze,0,0,1,0,0.0,0.0,1.0,0.17754436035096938,154,66.0
13700,26,10,2265.12,4,5,5,455,Champions,226.512,226.512,Gold,1,0,0,300,0.6976744186046512,1.0,0.28888888888888886,0.29673195855874573,326,230.4
13703,318,1,99.5,1,1,1,111,Dormant,99.5,99.5,Bronze,0,0,1,0,0.0,0.0,1.0,0.046497231142177284,317,10.0
13704,5,9,2308.06,5,5,5,555,Champions,256.4511111111111,256.4511111111111,Gold,1,0,0,83,2.891566265060241,1.0,0.05555555555555555,0.3122027694014077,87,170.11111111111111
13705,8,3,711.86,5,3,3,533,Loyal,237.28666666666663,237.28666666666663,Bronze,0,0,0,366,0.16393442622950818,1.0,0.08888888888888889,0.2989053029514932,373,121.0
13706,303,1,330.79,1,1,2,112,Dormant,330.79,330.79,Bronze,0,0,1,0,0.0,0.0,1.0,0.05885948805402602,302,189.0
13707,267,2,806.41,1,2,3,123,Needs Attention,403.205,403.205,Bronze,0,0,0,48,0.625,1.0,1.0,0.08985085767575664,314,175.5
13708,271,1,296.88,1,1,2,112,Dormant,296.88,296.88,Bronze,0,0,1,0,0.0,0.0,1.0,0.08447953001209962,270,306.0
13709,4,13,6328.05,5,5,5,555,Champions,486.7730769230769,486.7730769230769,Platinum,1,0,0,311,0.6730769230769231,1.0,0.044444444444444446,0.3244851556952863,314,270.46153846153845
13710,32,1,180.48,4,1,1,411,Potential,180.48,180.48,Bronze,0,0,0,0,0.0,0.0,0.35555555555555557,0.2760245965050333,31,176.0
13711,219,2,252.06,1,2,2,122,Needs Attention,126.03,126.03,Bronze,0,0,0,0,0.0,1.0,1.0,0.12756218516242954,218,70.0
13712,247,1,228.84,1,1,1,111,Dormant,228.84,228.84,Bronze,0,0,1,0,0.0,0.0,1.0,0.1036337383762833,246,352.0
13715,281,5,1079.34,1,4,4,144,At Risk,215.868,215.868,Bronze,0,1,0,91,0.989010989010989,1.0,1.0,0.08331674457546534,372,112.6
13716,269,1,138.28,1,1,1,111,Dormant,138.28,138.28,Bronze,0,0,1,0,0.0,0.0,1.0,0.08585740324384374,268,138.0
13717,32,6,1445.01,4,5,4,454,Champions,240.835,240.835,Silver,1,0,0,266,0.5639097744360902,1.0,0.35555555555555557,0.2850067732278269,297,326.5
13718,246,2,306.55,1,2,2,122,Needs Attention,153.275,153.275,Bronze,0,0,0,49,0.6122448979591837,1.0,1.0,0.1059822167753266,295,86.5
13719,15,5,1041.68,4,4,4,444,Champions,208.336,208.336,Silver,1,0,0,219,0.547945205479452,1.0,0.16666666666666666,0.2966319680888511,233,121.8
13720,117,4,799.9,2,4,3,243,Needs Attention,199.975,199.975,Bronze,0,0,0,138,0.6521739130434783,1.0,1.0,0.2130332335256351,254,125.25
13721,36,1,524.14,3,1,3,313,Dormant,524.14,524.14,Bronze,0,0,1,0,0.0,0.0,0.4,0.2733066222492943,35,316.0
13722,132,3,2375.41,2,3,5,235,Needs Attention,791.8033333333333,791.8033333333333,Bronze,0,0,0,151,0.1986754966887417,1.0,1.0,0.20181481500067705,282,467.0
13723,217,1,199.85,1,1,1,111,Dormant,199.85,199.85,Bronze,0,0,1,0,0.0,0.0,1.0,0.12765652566319904,216,43.0
13725,50,8,1980.56,3,5,4,354,Loyal,247.57,247.57,Silver,0,0,0,258,0.8108108108108109,1.0,0.5555555555555556,0.2742035928649935,308,100.75
13726,39,2,1079.66,3,2,4,324,Dormant,539.83,539.83,Bronze,0,0,1,61,0.4838709677419355,1.0,0.43333333333333335,0.2731286283453404,100,527.0
13727,29,2,333.48,4,2,2,422,Potential,166.74,166.74,Bronze,0,0,0,4,6.0,1.0,0.32222222222222224,0.2800848310409775,33,81.0
13728,37,6,1016.14,3,5,4,354,Loyal,169.35666666666663,169.35666666666663,Silver,0,0,0,273,0.5474452554744526,1.0,0.4111111111111111,0.2803838570755299,310,76.33333333333333
13730,136,2,752.6,2,2,3,223,Needs Attention,376.3,376.3,Bronze,0,0,0,25,1.1538461538461537,1.0,1.0,0.1948542566702414,161,244.0
13731,219,2,610.59,1,2,3,123,Needs Attention,305.295,305.295,Bronze,0,0,0,27,1.1111111111111112,1.0,1.0,0.12807399429486718,246,139.0
13732,28,1,491.86,4,1,3,413,Potential,491.86,491.86,Bronze,0,0,0,0,0.0,0.0,0.3111111111111111,0.27967765416833085,27,498.0
13735,25,4,2885.24,4,4,5,445,Champions,721.3100000000001,721.3100000000001,Silver,1,0,0,209,0.42857142857142855,1.0,0.2777777777777778,0.2898068917762727,233,282.5
13736,5,2,731.9,5,2,3,523,Potential,365.95,365.95,Bronze,0,0,0,255,0.11764705882352941,1.0,0.05555555555555555,0.2999049208876503,259,248.5
13737,200,1,339.6,1,1,2,112,Dormant,339.6,339.6,Bronze,0,0,1,0,0.0,0.0,1.0,0.14149238537034659,199,125.0
13739,18,1,216.9,4,1,1,411,Potential,216.9,216.9,Bronze,0,0,0,0,0.0,0.0,0.2,0.28730653334679307,17,54.0
13740,241,1,350.75,1,1,2,112,Dormant,350.75,350.75,Bronze,0,0,1,0,0.0,0.0,1.0,0.10862060169561757,240,425.0
13741,72,3,668.4300000000001,2,3,3,233,Needs Attention,222.81000000000003,222.81000000000003,Bronze,0,0,0,145,0.410958904109589,1.0,0.8,0.24750640731531232,216,72.66666666666667
13742,17,12,3131.02,4,5,5,455,Champions,260.9183333333333,260.9183333333333,Gold,1,0,0,303,0.986842105263158,1.0,0.18888888888888888,0.3080581137950402,319,93.66666666666667
13743,3,7,1341.6,5,5,4,554,Champions,191.65714285714284,191.65714285714284,Silver,1,0,0,256,0.7003891050583657,1.0,0.03333333333333333,0.3095565920571782,258,253.71428571428572
13744,95,2,1156.36,2,2,4,224,Needs Attention,578.18,578.18,Bronze,0,0,0,197,0.15228426395939088,1.0,1.0,0.2283183331158395,291,624.5
13745,162,1,300.04,2,1,2,212,Dormant,300.04,300.04,Bronze,0,0,1,0,0.0,0.0,1.0,0.17191719605892306,161,496.0
13747,374,1,79.6,1,1,1,111,Dormant,79.6,79.6,Bronze,0,0,1,0,0.0,0.0,1.0,0.0015490373764493867,373,8.0
13748,96,5,948.25,2,4,4,244,At Risk,189.65,189.65,Bronze,0,1,0,278,0.3237410071942446,1.0,1.0,0.23152533276235887,373,87.8
13750,54,5,1647.26,3,4,4,344,Loyal,329.452,329.452,Silver,0,0,0,283,0.42402826855123676,1.0,0.6,0.26621302384395146,336,103.2
13751,288,1,296.25,1,1,2,112,Dormant,296.25,296.25,Bronze,0,0,1,0,0.0,0.0,1.0,0.07084226703745626,287,152.0
13752,124,6,1186.28,2,5,4,254,At Risk,197.7133333333333,197.7133333333333,Bronze,0,1,0,122,1.2295081967213115,1.0,1.0,0.2108406392552187,246,146.0
13753,288,1,741.26,1,1,3,113,Dormant,741.26,741.26,Bronze,0,0,1,0,0.0,0.0,1.0,0.07147752819280188,287,512.0
13754,152,2,282.6,2,2,2,222,Needs Attention,141.3,141.3,Bronze,0,0,0,165,0.18072289156626506,1.0,1.0,0.1813490971642022,316,107.0
13755,4,9,2161.35,5,5,5,555,Champions,240.15,240.15,Gold,1,0,0,59,3.5,1.0,0.044444444444444446,0.3127954768213474,62,140.44444444444446
13756,2,14,5189.52,5,5,5,555,Champions,370.68,370.68,Platinum,1,0,0,365,0.904109589041096,1.0,0.022222222222222223,0.32589956489469496,367,227.71428571428572
13758,12,7,3190.55,5,5,5,555,Champions,455.79285714285714,455.79285714285714,Gold,1,0,0,361,0.4972375690607735,1.0,0.13333333333333333,0.30497675581921313,373,263.42857142857144
13759,33,2,659.4100000000001,3,2,3,323,Dormant,329.70500000000004,329.70500000000004,Bronze,0,0,1,37,0.7894736842105263,1.0,0.36666666666666664,0.2773415468365086,70,143.5
13760,54,2,286.79,3,2,2,322,Dormant,143.395,143.395,Bronze,0,0,1,202,0.1485148514851485,1.0,0.6,0.2599647041459722,255,98.5
13761,50,2,1070.65,3,2,4,324,Dormant,535.325,535.325,Bronze,0,0,1,129,0.23255813953488372,1.0,0.5555555555555556,0.2642922369686543,179,321.0
13762,219,1,306.72,1,1,2,112,Dormant,306.72,306.72,Bronze,0,0,1,0,0.0,0.0,1.0,0.12620480676604062,218,272.0
13763,63,1,1714.96,3,1,4,314,Dormant,1714.96,1714.96,Bronze,0,0,1,0,0.0,0.0,0.7,0.2533487888898399,62,728.0
13764,71,3,1521.76,3,3,4,334,Loyal,507.2533333333333,507.2533333333333,Bronze,0,0,0,266,0.2247191011235955,1.0,0.7888888888888889,0.24952669291504986,336,310.6666666666667
13767,2,37,17220.36,5,5,5,555,Champions,465.41513513513513,465.41513513513513,Platinum,1,0,0,371,2.4258760107816713,1.0,0.022222222222222223,0.37608819665921184,373,197.8918918918919
13769,2,10,2796.51,5,5,5,555,Champions,279.651,279.651,Gold,1,0,0,365,0.6575342465753424,1.0,0.022222222222222223,0.31674186588328723,366,116.3
13771,64,4,2634.45,3,4,5,345,Loyal,658.6125,658.6125,Silver,0,0,0,182,0.32786885245901637,1.0,0.7111111111111111,0.25816546130498863,246,369.25
13772,34,3,1132.13,3,3,4,334,Loyal,377.3766666666667,377.3766666666667,Bronze,0,0,0,205,0.2912621359223301,1.0,0.37777777777777777,0.27864963226208345,239,182.0
13774,82,1,345.0,2,1,2,212,Dormant,345.0,345.0,Bronze,0,0,1,0,0.0,0.0,0.9111111111111111,0.23615250040128524,81,192.0
13777,1,33,25977.16,5,5,5,555,Champions,787.1866666666666,787.1866666666666,Platinum,1,0,0,372,1.8498659517426275,1.0,0.011111111111111112,0.3836492254865771,372,390.8181818181818
13778,103,1,178.7,2,1,1,211,Dormant,178.7,178.7,Bronze,0,0,1,0,0.0,0.0,1.0,0.21907018385975882,102,70.0
13780,7,2,360.01,5,2,2,522,Potential,180.005,180.005,Bronze,0,0,0,163,0.18404907975460122,1.0,0.07777777777777778,0.29776976199873156,170,159.0
13781,251,1,127.84,1,1,1,111,Dormant,127.84,127.84,Bronze,0,0,1,0,0.0,0.0,1.0,0.10028100259757622,250,30.0
13782,13,6,912.0,5,5,3,553,Loyal,152.0,152.0,Silver,0,0,0,315,0.47619047619047616,1.0,0.14444444444444443,0.29948653192876323,327,61.833333333333336
13784,10,11,2462.79,5,5,5,555,Champions,223.89,223.89,Gold,1,0,0,322,0.9287925696594428,1.0,0.1111111111111111,0.3112837679479178,331,226.63636363636363
13786,367,1,230.4,1,1,1,111,Dormant,230.4,230.4,Bronze,0,0,1,0,0.0,0.0,1.0,0.007379280817187829,366,136.0
13787,76,2,309.04,2,2,2,222,Needs Attention,154.52,154.52,Bronze,0,0,0,288,0.10380622837370242,1.0,0.8444444444444444,0.24234940766644955,363,168.5
13790,4,1,348.79999999999995,5,1,2,512,Potential,348.79999999999995,348.79999999999995,Bronze,0,0,0,0,0.0,0.0,0.044444444444444446,0.2987247699011713,3,748.0
13791,128,2,1516.0,2,2,4,224,Needs Attention,758.0,758.0,Bronze,0,0,0,40,0.7317073170731707,1.0,1.0,0.20236113856138063,167,600.0
13792,66,2,195.55,3,2,1,321,Dormant,97.775,97.775,Bronze,0,0,1,221,0.13574660633484162,1.0,0.7333333333333333,0.2502087886735305,286,46.0
13798,1,57,37153.85,5,5,5,555,Champions,651.8219298245614,651.8219298245614,Platinum,1,0,0,370,4.204851752021563,1.0,0.011111111111111112,0.4340539468200694,371,420.140350877193
13799,117,2,688.86,2,2,3,223,Needs Attention,344.43,344.43,Bronze,0,0,0,177,0.16853932584269662,1.0,1.0,0.2100039081878988,293,201.0
13800,310,1,558.32,1,1,3,113,Dormant,558.32,558.32,Bronze,0,0,1,0,0.0,0.0,1.0,0.053569318663088505,309,331.0
13801,67,1,324.8,3,1,2,312,Dormant,324.8,324.8,Bronze,0,0,1,0,0.0,0.0,0.7444444444444445,0.24815575003698764,66,168.0
13802,139,3,4599.42,2,3,5,235,Needs Attention,1533.14,1533.14,Bronze,0,0,0,172,0.3468208092485549,1.0,1.0,0.19937466289345102,311,857.3333333333334
13803,255,1,277.07,1,1,2,112,Dormant,277.07,277.07,Bronze,0,0,1,0,0.0,0.0,1.0,0.09728547541845604,254,121.0
13804,31,7,2635.79,4,5,5,455,Champions,376.5414285714286,376.5414285714286,Gold,1,0,0,259,0.5791505791505792,1.0,0.34444444444444444,0.2889441825142223,289,214.0
13805,52,2,924.6,3,2,3,323,Dormant,462.3,462.3,Bronze,0,0,1,76,0.38961038961038963,1.0,0.5777777777777777,0.26247946944020667,128,950.0
13806,64,1,256.38,3,1,2,312,Dormant,256.38,256.38,Bronze,0,0,1,0,0.0,0.0,0.7111111111111111,0.25046449615706506,63,56.0
13807,367,1,112.6,1,1,1,111,Dormant,112.6,112.6,Bronze,0,0,1,0,0.0,0.0,1.0,0.007211118834086966,366,36.0
13808,6,5,1747.66,5,4,4,544,Champions,349.53200000000004,349.53200000000004,Silver,1,0,0,91,1.3186813186813187,1.0,0.06666666666666667,0.30485902075706994,96,156.4
13809,305,1,155.05,1,1,1,111,Dormant,155.05,155.05,Bronze,0,0,1,0,0.0,0.0,1.0,0.05700433742474421,304,29.0
13810,29,3,1499.01,4,3,4,434,Loyal,499.67,499.67,Bronze,0,0,0,27,1.0714285714285714,1.0,0.32222222222222224,0.2831840563826961,55,104.0
13811,184,3,814.5,1,3,3,133,Needs Attention,271.5,271.5,Bronze,0,0,0,55,1.0714285714285714,1.0,1.0,0.15787535312680184,238,22.666666666666668
13812,42,3,539.0,3,3,3,333,Loyal,179.66666666666666,179.66666666666666,Bronze,0,0,0,63,0.9523809523809523,1.0,0.4666666666666667,0.2713858143850578,104,111.0
13813,40,4,1366.86,3,4,4,344,Loyal,341.71500000000003,341.71500000000003,Silver,0,0,0,95,0.9473684210526315,1.0,0.4444444444444444,0.27560728675891216,134,138.0
13814,92,2,1579.12,2,2,4,224,Needs Attention,789.56,789.56,Bronze,0,0,0,44,0.6666666666666666,1.0,1.0,0.23132824903947785,136,432.0
13815,22,4,4027.36,4,4,5,445,Champions,1006.84,1006.84,Silver,1,0,0,296,0.30405405405405406,1.0,0.24444444444444444,0.2938437092632679,318,640.0
13816,24,2,571.6700000000001,4,2,3,423,Potential,285.83500000000004,285.83500000000004,Bronze,0,0,0,40,0.7317073170731707,1.0,0.26666666666666666,0.28443554747393945,63,134.5
13817,29,2,382.98,4,2,2,422,Potential,191.49,191.49,Bronze,0,0,0,322,0.09316770186335403,1.0,0.32222222222222224,0.2801554933343858,351,105.5
13819,302,3,1140.35,1,3,4,134,Needs Attention,380.1166666666666,380.1166666666666,Bronze,0,0,0,18,3.3333333333333335,1.0,1.0,0.06368810445326692,319,369.6666666666667
13821,145,2,385.64,2,2,2,222,Needs Attention,192.82,192.82,Bronze,0,0,0,116,0.2564102564102564,1.0,1.0,0.18711116219820978,261,76.5
13822,6,2,632.0,5,2,3,523,Potential,316.0,316.0,Bronze,0,0,0,34,0.8571428571428571,1.0,0.06666666666666667,0.29896017249442963,39,305.5
13823,19,2,957.66,4,2,4,424,Potential,478.83,478.83,Bronze,0,0,0,72,0.410958904109589,1.0,0.2111111111111111,0.288997251522371,91,219.5
13824,33,5,1698.94,3,4,4,344,Loyal,339.788,339.788,Silver,0,0,0,277,0.4316546762589928,1.0,0.36666666666666664,0.2831317179194081,309,153.6
13826,176,1,189.5,2,1,1,211,Dormant,189.5,189.5,Bronze,0,0,1,0,0.0,0.0,1.0,0.1605294513547912,175,82.0
13827,58,3,412.05,3,3,2,332,Dormant,137.35,137.35,Bronze,0,0,1,85,0.6976744186046512,1.0,0.6444444444444445,0.25837036598515406,142,47.0
13828,22,1,209.49,4,1,1,411,Potential,209.49,209.49,Bronze,0,0,0,0,0.0,0.0,0.24444444444444444,0.28408739926586535,21,311.0
13831,16,6,2202.99,4,5,5,455,Champions,367.165,367.165,Gold,1,0,0,353,0.42492917847025496,1.0,0.17777777777777778,0.2989230302541835,369,124.16666666666667
13832,19,1,52.2,4,1,1,411,Potential,52.2,52.2,Bronze,0,0,0,0,0.0,0.0,0.2111111111111111,0.286269281587656,18,28.0
13833,159,1,384.8,2,1,2,212,Dormant,384.8,384.8,Bronze,0,0,1,0,0.0,0.0,1.0,0.17444460985787472,158,118.0
13835,25,4,834.57,4,4,3,443,Loyal,208.6425,208.6425,Silver,0,0,0,190,0.47368421052631576,1.0,0.2777777777777778,0.2868795171252927,214,110.5
13837,212,2,271.24,1,2,2,122,Needs Attention,135.62,135.62,Bronze,0,0,0,105,0.2830188679245283,1.0,1.0,0.13320453827875595,317,91.5
13838,6,4,691.73,5,4,3,543,Loyal,172.9325,172.9325,Silver,0,0,0,364,0.16483516483516483,1.0,0.06666666666666667,0.30191625172560477,369,65.75
13841,253,1,85.0,1,1,1,111,Dormant,85.0,85.0,Bronze,0,0,1,0,0.0,0.0,1.0,0.0986155695196875,252,100.0
13842,59,9,3385.62,3,5,5,355,Loyal,376.18,376.18,Gold,0,0,0,308,0.7792207792207793,1.0,0.6555555555555556,0.27042550099385576,366,196.44444444444446
13844,11,1,361.62,5,1,2,512,Potential,361.62,361.62,Bronze,0,0,0,0,0.0,0.0,0.12222222222222222,0.2931280974593714,10,196.0
13845,65,1,312.98,3,1,2,312,Dormant,312.98,312.98,Bronze,0,0,1,0,0.0,0.0,0.7222222222222222,0.24974315481270074,64,182.0
13846,25,3,865.0600000000001,4,3,3,433,Loyal,288.3533333333333,288.3533333333333,Bronze,0,0,0,335,0.17857142857142858,1.0,0.2777777777777778,0.2854876355444254,359,129.33333333333334
13848,92,3,1255.0,2,3,4,234,Needs Attention,418.3333333333333,418.3333333333333,Bronze,0,0,0,273,0.21897810218978103,1.0,1.0,0.23230096760593166,365,1233.3333333333333
13849,52,2,1537.95,3,2,4,324,Dormant,768.975,768.975,Bronze,0,0,1,119,0.25210084033613445,1.0,0.5777777777777777,0.2633550394939835,170,508.0
13850,129,1,1595.48,2,1,4,214,Dormant,1595.48,1595.48,Bronze,0,0,1,0,0.0,0.0,1.0,0.2002370522007382,128,944.0
13851,96,3,2651.46,2,3,5,235,Needs Attention,883.82,883.82,Bronze,0,0,0,192,0.31088082901554404,1.0,1.0,0.2310858875421161,287,568.3333333333334
13853,57,1,1090.14,3,1,4,314,Dormant,1090.14,1090.14,Bronze,0,0,1,0,0.0,0.0,0.6333333333333333,0.2572696793938864,56,312.0
13854,9,25,8109.519999999999,5,5,5,555,Champions,324.3808,324.3808,Platinum,1,0,0,356,2.0168067226890756,1.0,0.1,0.3402424268674211,365,91.84
13856,169,3,388.5,2,3,2,232,Needs Attention,129.5,129.5,Bronze,0,0,0,34,1.7142857142857142,1.0,1.0,0.16929931470866447,202,164.66666666666666
13858,57,1,216.17,3,1,1,311,Dormant,216.17,216.17,Bronze,0,0,1,0,0.0,0.0,0.6333333333333333,0.25602206879651235,56,75.0
13859,326,1,201.16,1,1,1,111,Dormant,201.16,201.16,Bronze,0,0,1,0,0.0,0.0,1.0,0.040225240635598555,325,129.0
13860,1,5,1245.9,5,4,4,544,Champions,249.18,249.18,Silver,1,0,0,85,1.0588235294117647,1.0,0.011111111111111112,0.30815344296765945,86,118.2
13862,18,8,2209.36,4,5,5,455,Champions,276.17,276.17,Gold,1,0,0,314,0.6687898089171975,1.0,0.2,0.30019865888571934,331,211.0
13863,248,1,305.78,1,1,2,112,Dormant,305.78,305.78,Bronze,0,0,1,0,0.0,0.0,1.0,0.10294143281066491,247,224.0
13865,58,4,501.56,3,4,3,343,Loyal,125.39,125.39,Silver,0,0,0,231,0.38961038961038963,1.0,0.6444444444444445,0.2599335500954959,289,51.0
13866,74,1,145.67,2,1,1,211,Dormant,145.67,145.67,Bronze,0,0,1,0,0.0,0.0,0.8222222222222222,0.24228506492408244,73,57.0
13867,31,3,1015.29,4,3,4,434,Loyal,338.43,338.43,Bronze,0,0,0,186,0.32085561497326204,1.0,0.34444444444444444,0.28088925781151786,217,171.0
13868,7,2,3192.54,5,2,5,525,Potential,1596.27,1596.27,Bronze,0,0,0,31,0.967741935483871,1.0,0.07777777777777778,0.3018132582805031,38,982.0
13869,123,4,3104.9500000000003,2,4,5,245,At Risk,776.2375000000001,776.2375000000001,Bronze,0,1,0,233,0.38461538461538464,1.0,1.0,0.21151090676408066,356,430.25
13870,2,8,2770.94,5,5,5,555,Champions,346.3675,346.3675,Gold,1,0,0,285,0.5263157894736842,1.0,0.022222222222222223,0.31383455077216915,287,165.625
13871,23,13,6403.25,4,5,5,455,Champions,492.5576923076923,492.5576923076923,Platinum,1,0,0,286,1.1538461538461537,1.0,0.25555555555555554,0.30935186356919375,308,215.84615384615384
13873,120,3,389.6,2,3,2,232,Needs Attention,129.86666666666667,129.86666666666667,Bronze,0,0,0,190,0.3157894736842105,1.0,1.0,0.20860569781607594,309,46.666666666666664
13874,358,1,540.45,1,1,3,113,Dormant,540.45,540.45,Bronze,0,0,1,0,0.0,0.0,1.0,0.015041135064616122,357,180.0
13875,54,5,1786.79,3,4,4,344,Loyal,357.358,357.358,Silver,0,0,0,247,0.4838709677419355,1.0,0.6,0.266412205860098,300,263.2
13876,64,1,122.7,3,1,1,311,Dormant,122.7,122.7,Bronze,0,0,1,0,0.0,0.0,0.7111111111111111,0.2502736651392304,63,36.0
13877,86,1,117.24,2,1,1,211,Dormant,117.24,117.24,Bronze,0,0,1,0,0.0,0.0,0.9555555555555556,0.23261881205060989,85,108.0
13878,55,1,1281.53,3,1,4,314,Dormant,1281.53,1281.53,Bronze,0,0,1,0,0.0,0.0,0.6111111111111112,0.2591471707280538,54,475.0
13880,21,13,3219.77,4,5,5,455,Champions,247.67461538461535,247.67461538461535,Gold,1,0,0,345,0.7803468208092486,1.0,0.23333333333333334,0.3064116568396294,366,141.69230769230768
13881,4,20,17159.52,5,5,5,555,Champions,857.976,857.976,Platinum,1,0,0,308,1.461038961038961,1.0,0.044444444444444446,0.3499951543263038,311,505.9
13882,3,5,1191.13,5,4,4,544,Champions,238.22600000000003,238.22600000000003,Silver,1,0,0,61,1.935483870967742,1.0,0.03333333333333333,0.3064709795632987,63,190.6
13883,11,5,2674.48,5,4,5,545,Champions,534.896,534.896,Silver,1,0,0,242,0.24691358024691357,1.0,0.12222222222222222,0.30217138065630095,252,287.2
13884,7,5,787.6,5,4,3,543,Loyal,157.52,157.52,Silver,0,0,0,276,0.32608695652173914,1.0,0.07777777777777778,0.30268637583257557,282,60.0
13885,189,2,506.8,1,2,3,123,Needs Attention,253.4,253.4,Bronze,0,0,0,11,2.727272727272727,1.0,1.0,0.1519900030050771,200,91.0
13886,71,1,243.56,3,1,1,311,Dormant,243.56,243.56,Bronze,0,0,1,0,0.0,0.0,0.7888888888888889,0.2448312220748008,70,126.0
13887,204,1,349.55,1,1,2,112,Dormant,349.55,349.55,Bronze,0,0,1,0,0.0,0.0,1.0,0.1382980330553496,203,147.0
13888,120,2,605.63,2,2,3,223,Needs Attention,302.815,302.815,Bronze,0,0,0,98,0.30303030303030304,1.0,1.0,0.20747867849619794,217,129.0
13889,93,1,416.9,2,1,2,212,Dormant,416.9,416.9,Bronze,0,0,1,0,0.0,0.0,1.0,0.22743160975509738,92,146.0
13890,1,10,1883.81,5,5,4,554,Champions,188.381,188.381,Silver,1,0,0,357,0.6722689075630253,1.0,0.011111111111111112,0.3162411064319584,358,83.1
13892,27,4,632.97,4,4,3,443,Loyal,158.2425,158.2425,Silver,0,0,0,219,0.4090909090909091,1.0,0.3,0.28498745080090915,246,245.75
13893,298,1,821.1,1,1,3,113,Dormant,821.1,821.1,Bronze,0,0,1,0,0.0,0.0,1.0,0.06357011110141408,297,190.0
13894,24,3,564.62,4,3,3,433,Loyal,188.20666666666668,188.20666666666668,Bronze,0,0,0,286,0.10452961672473868,1.0,0.26666666666666666,0.2858608901488974,309,118.0
13895,28,4,2593.07,4,4,5,445,Champions,648.2675,648.2675,Silver,1,0,0,136,0.6617647058823529,1.0,0.3111111111111111,0.28698339583033505,164,341.25
13897,50,1,311.16,3,1,2,312,Dormant,311.16,311.16,Bronze,0,0,1,0,0.0,0.0,0.5555555555555556,0.26177264228583436,49,200.0
13898,326,1,155.93,1,1,1,111,Dormant,155.93,155.93,Bronze,0,0,1,0,0.0,0.0,1.0,0.04016067385719743,325,133.0
13899,16,2,388.52,4,2,2,422,Potential,194.26,194.26,Bronze,0,0,0,258,0.11627906976744186,1.0,0.17777777777777778,0.2905912092877942,274,78.0
13900,183,3,740.95,1,3,3,133,Needs Attention,246.98333333333332,246.98333333333332,Bronze,0,0,0,79,0.759493670886076,1.0,1.0,0.1585724979888779,262,143.33333333333334
13901,72,5,2867.2000000000003,2,4,5,245,At Risk,573.44,573.44,Silver,0,1,0,246,0.4878048780487805,1.0,0.8,0.2535160112352147,318,347.8
13904,37,2,332.64,3,2,2,322,Dormant,166.32,166.32,Bronze,0,0,1,257,0.11673151750972763,1.0,0.4111111111111111,0.27366651962380595,294,166.0
13908,80,4,2369.55,2,4,5,245,At Risk,592.3875,592.3875,Silver,0,1,0,196,0.45685279187817257,1.0,0.8888888888888888,0.24495308637224308,276,369.5
13911,57,9,2580.91,3,5,5,355,Loyal,286.7677777777778,286.7677777777778,Gold,0,0,0,251,0.9561752988047809,1.0,0.6333333333333333,0.27088103858127643,307,303.44444444444446
13914,12,2,626.45,5,2,3,523,Potential,313.225,313.225,Bronze,0,0,0,24,1.2,1.0,0.13333333333333333,0.29413941552784245,35,190.0
13917,50,2,272.04,3,2,2,322,Dormant,136.02,136.02,Bronze,0,0,1,141,0.2112676056338028,1.0,0.5555555555555556,0.26315220435979025,191,114.0
13918,50,2,1212.84,3,2,4,324,Dormant,606.4200000000001,606.4200000000001,Bronze,0,0,1,203,0.14705882352941177,1.0,0.5555555555555556,0.26449521619087085,252,570.0
13919,59,2,384.81,3,2,2,322,Dormant,192.405,192.405,Bronze,0,0,1,62,0.4838709677419355,1.0,0.6555555555555556,0.2560939345749656,121,237.0
13922,352,1,172.25,1,1,1,111,Dormant,172.25,172.25,Bronze,0,0,1,0,0.0,0.0,1.0,0.019328356027943954,351,93.0
13923,54,1,351.13,3,1,2,312,Dormant,351.13,351.13,Bronze,0,0,1,0,0.0,0.0,0.6,0.2586211441536275,53,185.0
13924,2,6,1838.85,5,5,4,554,Champions,306.475,306.475,Silver,1,0,0,70,2.1126760563380285,1.0,0.022222222222222223,0.3096331592525571,71,262.5
13925,93,4,678.25,2,4,3,243,Needs Attention,169.5625,169.5625,Bronze,0,0,0,42,1.4285714285714286,1.0,1.0,0.23211091248477597,134,82.75
13926,23,1,223.85,4,1,1,411,Potential,223.85,223.85,Bronze,0,0,0,0,0.0,0.0,0.25555555555555554,0.283305759431126,22,104.0
13927,75,1,348.99,2,1,2,212,Dormant,348.99,348.99,Bronze,0,0,1,0,0.0,0.0,0.8333333333333334,0.24177316947242233,74,214.0
13928,11,4,464.57,5,4,2,542,Potential,116.1425,116.1425,Bronze,0,0,0,122,0.7317073170731707,1.0,0.12222222222222222,0.2975812808501436,132,32.25
13929,169,2,842.65,2,2,3,223,Needs Attention,421.325,421.325,Bronze,0,0,0,157,0.1910828025477707,1.0,1.0,0.16851221670810715,325,71.5
13930,58,2,337.34,3,2,2,322,Dormant,168.67,168.67,Bronze,0,0,1,78,0.379746835443038,1.0,0.6444444444444445,0.2568283091867808,136,137.0
13931,96,2,1237.53,2,2,4,224,Needs Attention,618.765,618.765,Bronze,0,0,0,185,0.16216216216216217,1.0,1.0,0.2276320659643851,280,362.5
13932,295,1,307.4,1,1,2,112,Dormant,307.4,307.4,Bronze,0,0,1,0,0.0,0.0,1.0,0.0652432106354545,294,72.0
13933,109,2,608.79,2,2,3,223,Needs Attention,304.395,304.395,Bronze,0,0,0,39,0.7692307692307693,1.0,1.0,0.2163067188745721,147,102.5
13934,264,1,922.1,1,1,3,113,Dormant,922.1,922.1,Bronze,0,0,1,0,0.0,0.0,1.0,0.09098701800311576,263,390.0
13936,180,1,376.58,1,1,2,112,Dormant,376.58,376.58,Bronze,0,0,1,0,0.0,0.0,1.0,0.15758795584850946,179,330.0
13937,169,1,158.85,2,1,1,211,Dormant,158.85,158.85,Bronze,0,0,1,0,0.0,0.0,1.0,0.16610067109575333,168,123.0
13938,35,1,71.66,3,1,1,311,Dormant,71.66,71.66,Bronze,0,0,1,0,0.0,0.0,0.3888888888888889,0.273462836548922,34,70.0
13939,23,3,568.55,4,3,3,433,Loyal,189.51666666666665,189.51666666666665,Bronze,0,0,0,288,0.20833333333333334,1.0,0.25555555555555554,0.28666863934417086,311,282.3333333333333
13940,17,4,839.14,4,4,3,443,Loyal,209.785,209.785,Silver,0,0,0,126,0.7086614173228346,1.0,0.18888888888888888,0.2933031531960888,143,129.0
13941,22,5,5112.96,4,4,5,445,Champions,1022.592,1022.592,Silver,1,0,0,350,0.3418803418803419,1.0,0.24444444444444444,0.2968288328451457,372,472.8
13946,79,3,561.57,2,3,3,233,Needs Attention,187.19000000000003,187.19000000000003,Bronze,0,0,0,188,0.3191489361702128,1.0,0.8777777777777778,0.24173888915078312,267,147.66666666666666
13947,65,1,90.6,3,1,1,311,Dormant,90.6,90.6,Bronze,0,0,1,0,0.0,0.0,0.7222222222222222,0.24942570267516279,64,44.0
13948,361,1,102.0,1,1,1,111,Dormant,102.0,102.0,Bronze,0,0,1,0,0.0,0.0,1.0,0.012008821335248996,360,40.0
13949,3,6,2427.32,5,5,5,555,Champions,404.5533333333333,404.5533333333333,Gold,1,0,0,91,1.6304347826086958,1.0,0.03333333333333333,0.3096710735444564,94,412.3333333333333
13950,11,4,745.0600000000001,5,4,3,543,Loyal,186.265,186.265,Silver,0,0,0,235,0.3829787234042553,1.0,0.12222222222222222,0.29798168623757965,246,80.75
13951,176,3,674.45,2,3,3,233,Needs Attention,224.8166666666667,224.8166666666667,Bronze,0,0,0,118,0.5084745762711864,1.0,1.0,0.16409254109915947,293,153.0
13952,218,2,3251.071,1,2,5,125,Needs Attention,1625.5355,1625.5355,Bronze,0,0,0,20,1.4285714285714286,1.0,1.0,0.1326454756183797,238,715.5
13953,7,7,3515.68,5,5,5,555,Champions,502.24,502.24,Gold,1,0,0,345,0.5217391304347826,1.0,0.07777777777777778,0.3094515809347795,352,389.14285714285717
13954,2,2,439.92,5,3,2,532,Potential,219.96,219.96,Bronze,0,0,0,69,0.43478260869565216,1.0,0.022222222222222223,0.3018945303953166,70,75.0
13955,154,2,322.96,2,3,2,232,Needs Attention,161.48,161.48,Bronze,0,0,0,151,0.1986754966887417,1.0,1.0,0.17980243384008252,305,77.0
13956,5,5,1026.42,5,4,4,544,Champions,205.284,205.284,Silver,1,0,0,266,0.45112781954887216,1.0,0.05555555555555555,0.30463157449151784,270,98.2
13959,79,3,598.2,2,3,3,233,Needs Attention,199.4,199.4,Bronze,0,0,0,283,0.21201413427561838,1.0,0.8777777777777778,0.24179117924790525,361,119.0
13960,21,2,230.22,4,3,1,431,Potential,115.11,115.11,Bronze,0,0,0,50,0.6,1.0,0.23333333333333334,0.2863545375138299,71,71.0
13962,22,2,169.54999999999998,4,3,1,431,Potential,84.77499999999999,84.77499999999999,Bronze,0,0,0,223,0.13392857142857142,1.0,0.24444444444444444,0.28546579077253653,245,43.5
13963,308,4,664.54,1,4,3,143,Needs Attention,166.135,166.135,Bronze,0,0,0,59,1.5254237288135593,1.0,1.0,0.059631448122655174,367,115.0
13967,146,1,80.7,2,1,1,211,Dormant,80.7,80.7,Bronze,0,0,1,0,0.0,0.0,1.0,0.1844383081843956,145,42.0
13969,7,18,9053.94,5,5,5,555,Champions,502.9966666666666,502.9966666666666,Platinum,1,0,0,357,1.3407821229050279,1.0,0.07777777777777778,0.33314703750972163,364,252.33333333333334
13971,19,8,2758.26,4,5,5,455,Champions,344.7825,344.7825,Gold,1,0,0,266,0.7865168539325842,1.0,0.2111111111111111,0.3001800861685244,285,230.5
13972,71,2,190.25,3,3,1,331,Dormant,95.125,95.125,Bronze,0,0,1,131,0.22900763358778625,1.0,0.7888888888888889,0.2461905276246463,201,93.5
13973,287,1,264.7,1,1,2,112,Dormant,264.7,264.7,Bronze,0,0,1,0,0.0,0.0,1.0,0.0715993677848484,286,109.0
13974,49,1,413.59,3,1,2,312,Dormant,413.59,413.59,Bronze,0,0,1,0,0.0,0.0,0.5444444444444444,0.2627210023073848,48,249.0
13975,31,6,2526.28,4,5,5,455,Champions,421.0466666666667,421.0466666666667,Gold,1,0,0,245,0.4897959183673469,1.0,0.34444444444444444,0.2873524479823014,276,288.6666666666667
13976,207,1,357.98,1,1,2,112,Dormant,357.98,357.98,Bronze,0,0,1,0,0.0,0.0,1.0,0.1359036499457457,206,154.0
13978,15,2,196.79,4,3,1,431,Potential,98.395,98.395,Bronze,0,0,0,30,0.967741935483871,1.0,0.16666666666666666,0.29111964970875936,44,157.5
13979,73,1,869.87,2,1,3,213,Dormant,869.87,869.87,Bronze,0,0,1,0,0.0,0.0,0.8111111111111111,0.24412101472689457,72,639.0
13980,60,1,200.14,3,1,1,311,Dormant,200.14,200.14,Bronze,0,0,1,0,0.0,0.0,0.6666666666666666,0.2535927685213173,59,172.0
13982,39,4,1871.81,3,4,4,344,Loyal,467.9525,467.9525,Silver,0,0,0,326,0.2760736196319018,1.0,0.43333333333333335,0.27713025256516355,364,284.0
13983,30,12,2603.43,4,5,5,455,Champions,216.9525,216.9525,Gold,1,0,0,337,0.8011869436201781,1.0,0.3333333333333333,0.2968771604623635,366,98.58333333333333
13984,27,5,920.51,4,4,3,443,Loyal,184.102,184.102,Silver,0,0,0,339,0.35294117647058826,1.0,0.3,0.28683332691051633,365,135.8
13985,4,15,7060.13,5,5,5,555,Champions,470.67533333333336,470.67533333333336,Platinum,1,0,0,260,1.6153846153846152,1.0,0.044444444444444446,0.32840102872389665,263,229.66666666666666
13986,17,1,320.46,4,1,2,412,Potential,320.46,320.46,Bronze,0,0,0,0,0.0,0.0,0.18888888888888888,0.2882565064671628,16,430.0
13988,20,6,4147.96,4,5,5,455,Champions,691.3266666666667,691.3266666666667,Gold,1,0,0,234,0.6382978723404256,1.0,0.2222222222222222,0.2984909597773854,254,507.3333333333333
13989,66,2,1266.08,3,3,4,334,Loyal,633.04,633.04,Bronze,0,0,0,173,0.1724137931034483,1.0,0.7333333333333333,0.2517369928141839,238,656.5
13990,213,1,311.3,1,1,2,112,Dormant,311.3,311.3,Bronze,0,0,1,0,0.0,0.0,1.0,0.13102417903718117,212,190.0
13991,12,6,855.97,5,5,3,553,Loyal,142.66166666666666,142.66166666666666,Silver,0,0,0,131,0.916030534351145,1.0,0.13333333333333333,0.3002086869601425,142,166.33333333333334
13992,30,1,76.8,4,1,1,411,Potential,76.8,76.8,Bronze,0,0,0,0,0.0,0.0,0.3333333333333333,0.27748086919443365,29,64.0
13993,43,9,3466.36,3,5,5,355,Loyal,385.1511111111111,385.1511111111111,Gold,0,0,0,287,0.8333333333333334,1.0,0.4777777777777778,0.28337498364470104,330,100.0
13994,4,6,2313.14,5,5,5,555,Champions,385.5233333333333,385.5233333333333,Gold,1,0,0,144,1.0344827586206897,1.0,0.044444444444444446,0.3087059401502282,147,156.66666666666666
13995,15,5,1393.69,4,4,4,444,Champions,278.738,278.738,Silver,1,0,0,230,0.5217391304347826,1.0,0.16666666666666666,0.297134469783854,245,175.8
13999,10,12,3901.81,5,5,5,555,Champions,325.1508333333333,325.1508333333333,Gold,1,0,0,351,0.9401709401709402,1.0,0.1111111111111111,0.3147734060295198,361,186.91666666666666
14000,211,1,635.66,1,1,3,113,Dormant,635.66,635.66,Bronze,0,0,1,0,0.0,0.0,1.0,0.1330914878492172,210,710.0
14001,46,3,2043.08,3,3,4,334,Loyal,681.0266666666668,681.0266666666668,Bronze,0,0,0,327,0.18292682926829268,1.0,0.5111111111111111,0.27032436413975935,372,320.6666666666667
14002,134,2,529.73,2,3,3,233,Needs Attention,264.865,264.865,Bronze,0,0,0,22,1.3636363636363635,1.0,1.0,0.19614038312224108,155,438.5
14004,43,7,4582.64,3,5,5,355,Loyal,654.6628571428572,654.6628571428572,Gold,0,0,0,245,0.7346938775510203,1.0,0.4777777777777778,0.2820976834775874,288,381.14285714285717
14005,10,5,2874.72,5,4,5,545,Champions,574.944,574.944,Silver,1,0,0,206,0.5825242718446602,1.0,0.1111111111111111,0.303259366514584,215,495.6
14006,116,3,962.19,2,3,4,234,Needs Attention,320.73,320.73,Bronze,0,0,0,196,0.30456852791878175,1.0,1.0,0.2126316382604072,311,213.66666666666666
14009,198,2,695.61,1,3,3,133,Needs Attention,347.805,347.805,Bronze,0,0,0,7,4.285714285714286,1.0,1.0,0.14504028192309615,204,182.5
14012,278,1,328.8,1,1,2,112,Dormant,328.8,328.8,Bronze,0,0,1,0,0.0,0.0,1.0,0.07891012322290779,277,160.0
14013,110,3,473.02,2,3,2,232,Needs Attention,157.67333333333332,157.67333333333332,Bronze,0,0,0,165,0.36363636363636365,1.0,1.0,0.21674617199881385,275,154.0
14014,77,1,505.18,2,1,3,213,Dormant,505.18,505.18,Bronze,0,0,1,0,0.0,0.0,0.8555555555555555,0.240391855914878,76,1076.0
14015,53,1,917.34,3,1,3,313,Dormant,917.34,917.34,Bronze,0,0,1,0,0.0,0.0,0.5888888888888889,0.26023155990117564,52,378.0
14016,162,4,4341.21,2,4,5,245,At Risk,1085.3025,1085.3025,Bronze,0,1,0,195,0.45918367346938777,1.0,1.0,0.18199227151325617,356,531.25
14019,47,3,1421.61,3,3,4,334,Loyal,473.87000000000006,473.87000000000006,Bronze,0,0,0,91,0.6521739130434783,1.0,0.5222222222222223,0.2686350635773882,137,345.6666666666667
14020,17,2,642.8,4,3,3,433,Loyal,321.4,321.4,Bronze,0,0,0,71,0.4166666666666667,1.0,0.18888888888888888,0.29015206031031765,87,220.5
14021,155,3,631.9,2,3,3,233,Needs Attention,210.63333333333333,210.63333333333333,Bronze,0,0,0,101,0.594059405940594,1.0,1.0,0.18087671986334622,255,64.0
14022,225,1,440.0,1,1,2,112,Dormant,440.0,440.0,Bronze,0,0,1,0,0.0,0.0,1.0,0.12158223255084477,224,487.0
14023,7,2,584.07,5,3,3,533,Loyal,292.035,292.035,Bronze,0,0,0,242,0.12345679012345678,1.0,0.07777777777777778,0.29808961237168213,249,172.5
14024,122,2,327.7,2,3,2,232,Needs Attention,163.85,163.85,Bronze,0,0,0,2,10.0,1.0,1.0,0.20547764948785774,123,75.0
14027,61,1,104.82,3,1,1,311,Dormant,104.82,104.82,Bronze,0,0,1,0,0.0,0.0,0.6777777777777778,0.2526545581746381,60,62.0
14029,63,2,467.66,3,3,2,332,Dormant,233.83,233.83,Bronze,0,0,1,80,0.37037037037037035,1.0,0.7,0.2530036485466244,143,99.0
14030,18,8,2360.09,4,5,5,455,Champions,295.01125,295.01125,Gold,1,0,0,348,0.5172413793103449,1.0,0.2,0.3004138291379502,365,184.875
14031,7,19,17286.86,5,5,5,555,Champions,909.8347368421051,909.8347368421051,Platinum,1,0,0,365,1.3150684931506849,1.0,0.07777777777777778,0.3463351110496339,371,304.63157894736844
14032,2,11,2975.59,5,5,5,555,Champions,270.5081818181818,270.5081818181818,Gold,1,0,0,364,0.8241758241758242,1.0,0.022222222222222223,0.318432913056671,366,184.72727272727272
14034,22,3,651.8199999999999,4,3,3,433,Loyal,217.2733333333333,217.2733333333333,Bronze,0,0,0,135,0.2222222222222222,1.0,0.24444444444444444,0.2875896480618486,156,141.0
14035,29,5,1428.02,4,4,4,444,Champions,285.604,285.604,Silver,1,0,0,268,0.44609665427509293,1.0,0.32222222222222224,0.2859535300584303,297,147.8
14036,285,1,626.65,1,1,3,113,Dormant,626.65,626.65,Bronze,0,0,1,0,0.0,0.0,1.0,0.07372033711424233,284,268.0
14037,176,2,147.20000000000002,2,3,1,231,Dormant,73.60000000000001,73.60000000000001,Bronze,0,0,1,188,0.1595744680851064,1.0,1.0,0.16190447391171603,364,23.0
14038,78,3,1560.38,2,3,4,234,Needs Attention,520.1266666666667,520.1266666666667,Bronze,0,0,0,128,0.46511627906976744,1.0,0.8666666666666667,0.243966850517087,206,321.6666666666667
14039,33,1,152.2,3,1,1,311,Dormant,152.2,152.2,Bronze,0,0,1,0,0.0,0.0,0.36666666666666664,0.27518208717148734,32,92.0
14040,41,12,3614.92,3,5,5,355,Loyal,301.24333333333334,301.24333333333334,Gold,0,0,0,290,1.0309278350515463,1.0,0.45555555555555555,0.2894975543467507,330,129.5
14041,266,1,141.41,1,1,1,111,Dormant,141.41,141.41,Bronze,0,0,1,0,0.0,0.0,1.0,0.08826828849712033,265,94.0
14044,27,4,652.82,4,4,3,443,Loyal,163.205,163.205,Silver,0,0,0,283,0.3180212014134276,1.0,0.3,0.2850157870943264,309,77.0
14045,109,4,1659.75,2,4,4,244,At Risk,414.9375,414.9375,Bronze,0,1,0,264,0.22727272727272727,1.0,1.0,0.2206777998248395,373,133.75
14046,284,1,154.99,1,1,1,111,Dormant,154.99,154.99,Bronze,0,0,1,0,0.0,0.0,1.0,0.07384917155957572,283,460.0
14047,9,5,1308.61,5,4,4,544,Champions,261.72200000000004,261.72200000000004,Silver,1,0,0,364,0.32967032967032966,1.0,0.1,0.30182585051505545,372,76.2
14048,305,1,409.93,1,1,2,112,Dormant,409.93,409.93,Bronze,0,0,1,0,0.0,0.0,1.0,0.05736818399734818,304,288.0
14049,17,4,5681.72,4,4,5,445,Champions,1420.43,1420.43,Silver,1,0,0,301,0.29900332225913623,1.0,0.18888888888888888,0.3002160382226132,317,967.5
14050,32,2,746.36,4,3,3,433,Loyal,373.18,373.18,Bronze,0,0,0,74,0.4,1.0,0.35555555555555557,0.27826780883175684,105,344.5
14051,1,23,15610.39,5,5,5,555,Champions,678.7126086956522,678.7126086956522,Platinum,1,0,0,365,1.7213114754098362,1.0,0.011111111111111112,0.35449637580525606,366,163.30434782608697
14052,20,1,225.36,4,1,1,411,Potential,225.36,225.36,Bronze,0,0,0,0,0.0,0.0,0.2222222222222222,0.28571433210025465,19,89.0
14053,124,2,260.25,2,3,2,232,Needs Attention,130.125,130.125,Bronze,0,0,0,35,0.8571428571428571,1.0,1.0,0.20377708511621592,159,107.5
14054,65,1,92.46,3,1,1,311,Dormant,92.46,92.46,Bronze,0,0,1,0,0.0,0.0,0.7222222222222222,0.24942835786436965,64,62.0
14055,106,1,725.6400000000001,2,1,3,213,Dormant,725.6400000000001,725.6400000000001,Bronze,0,0,1,0,0.0,0.0,1.0,0.21744453512638284,105,216.0
14056,1,23,8214.65,5,5,5,555,Champions,357.1586956521739,357.1586956521739,Platinum,1,0,0,282,2.3321554770318023,1.0,0.011111111111111112,0.34393880106078767,283,185.7826086956522
14057,24,17,6217.96,4,5,5,455,Champions,365.76235294117646,365.76235294117646,Platinum,1,0,0,336,1.1572700296735905,1.0,0.26666666666666666,0.31402684594529945,360,286.8235294117647
14059,267,1,183.6,1,1,1,111,Dormant,183.6,183.6,Bronze,0,0,1,0,0.0,0.0,1.0,0.08752637657400827,266,128.0
14060,5,19,6140.42,5,5,5,555,Champions,323.18,323.18,Platinum,1,0,0,368,1.4673913043478262,1.0,0.05555555555555555,0.3320276110691964,372,283.4736842105263
14062,10,12,10464.85,5,5,5,555,Champions,872.0708333333333,872.0708333333333,Platinum,1,0,0,354,0.8450704225352113,1.0,0.1111111111111111,0.3241422839715426,363,466.0833333333333
14064,29,5,1353.74,4,4,4,444,Champions,270.748,270.748,Silver,1,0,0,245,0.4897959183673469,1.0,0.32222222222222224,0.2858474937926856,273,357.6
14066,267,1,152.55,1,1,1,111,Dormant,152.55,152.55,Bronze,0,0,1,0,0.0,0.0,1.0,0.08748205204450672,266,45.0
14067,64,2,374.7,3,3,2,332,Dormant,187.35,187.35,Bronze,0,0,1,32,0.9090909090909091,1.0,0.7111111111111111,0.2520688071496916,96,180.5
14068,320,1,265.85,1,1,2,112,Dormant,265.85,265.85,Bronze,0,0,1,0,0.0,0.0,1.0,0.04513042119879508,319,73.0
14071,4,8,1438.82,5,5,4,554,Champions,179.8525,179.8525,Silver,1,0,0,261,0.6896551724137931,1.0,0.044444444444444446,0.3103286433176057,264,124.375
14073,32,1,151.04,4,1,1,411,Potential,151.04,151.04,Bronze,0,0,0,0,0.0,0.0,0.35555555555555557,0.2759825702844689,31,130.0
14075,5,3,942.26,5,3,3,533,Loyal,314.08666666666664,314.08666666666664,Bronze,0,0,0,256,0.23346303501945526,1.0,0.05555555555555555,0.3016406209203838,260,251.33333333333334
14076,129,1,122.47,2,1,1,211,Dormant,122.47,122.47,Bronze,0,0,1,0,0.0,0.0,1.0,0.19813429937622715,128,81.0
14077,41,5,499.42,3,4,3,343,Loyal,99.884,99.884,Bronze,0,0,0,233,0.5128205128205128,1.0,0.45555555555555555,0.27500226553531515,273,53.6
14078,102,6,1049.37,2,5,4,254,At Risk,174.89499999999998,174.89499999999998,Bronze,0,1,0,271,0.5514705882352942,1.0,1.0,0.22829225616782842,372,51.666666666666664
14079,125,1,375.1,2,1,2,212,Dormant,375.1,375.1,Bronze,0,0,1,0,0.0,0.0,1.0,0.20170349017613612,124,301.0
14080,33,1,45.6,3,1,1,311,Dormant,45.6,45.6,Bronze,0,0,1,0,0.0,0.0,0.36666666666666664,0.27502991342447075,32,48.0
14081,302,2,934.52,1,3,3,133,Needs Attention,467.26,467.26,Bronze,0,0,0,67,0.44776119402985076,1.0,1.0,0.06195887109102108,368,298.0
14082,365,1,182.25,1,1,1,111,Dormant,182.25,182.25,Bronze,0,0,1,0,0.0,0.0,1.0,0.008914823752102476,364,110.0
14083,4,9,1018.43,5,5,4,554,Champions,113.15888888888888,113.15888888888888,Silver,1,0,0,367,0.5722070844686649,1.0,0.044444444444444446,0.3111639344297885,371,81.33333333333333
14085,2,18,4448.54,5,5,5,555,Champions,247.14111111111112,247.14111111111112,Gold,1,0,0,366,1.2295081967213115,1.0,0.022222222222222223,0.33058342711986943,368,176.88888888888889
14087,3,1,194.42,5,1,1,511,Potential,194.42,194.42,Bronze,0,0,0,0,0.0,0.0,0.03333333333333333,0.29930652823443543,2,251.0
14088,10,13,50491.81,5,5,5,555,Champions,3883.9853846153846,3883.9853846153846,Platinum,1,0,0,312,1.0576923076923077,1.0,0.1111111111111111,0.38271701979658346,321,974.2307692307693
14089,57,1,161.0,3,1,1,311,Dormant,161.0,161.0,Bronze,0,0,1,0,0.0,0.0,0.6333333333333333,0.2559433124585864,56,134.0
14090,325,1,76.32000000000001,1,1,1,111,Dormant,76.32000000000001,76.32000000000001,Bronze,0,0,1,0,0.0,0.0,1.0,0.040849167941535,324,72.0
14092,8,14,4076.91,5,5,5,555,Champions,291.2078571428572,291.2078571428572,Gold,1,0,0,350,0.9401709401709402,1.0,0.08888888888888889,0.3194984564424402,357,147.57142857142858
14093,12,1,442.85,5,1,2,512,Potential,442.85,442.85,Bronze,0,0,0,0,0.0,0.0,0.13333333333333333,0.2924419159591818,11,406.0
14096,4,17,65164.79,5,5,5,555,Champions,3833.222941176471,3833.222941176471,Platinum,1,0,0,97,4.948453608247423,1.0,0.044444444444444446,0.41421746905652135,101,961.8823529411765
14098,37,1,147.35,3,1,1,311,Dormant,147.35,147.35,Bronze,0,0,1,0,0.0,0.0,0.4111111111111111,0.2719666075445218,36,104.0
14099,16,11,3104.17,4,5,5,455,Champions,282.1972727272727,282.1972727272727,Gold,1,0,0,338,0.8875739644970415,1.0,0.17777777777777778,0.3073865171929388,354,198.0909090909091
14100,138,1,194.9,2,1,1,211,Dormant,194.9,194.9,Bronze,0,0,1,0,0.0,0.0,1.0,0.19101844339107749,137,64.0
14101,74,6,5976.79,2,5,5,255,At Risk,996.1316666666668,996.1316666666668,Silver,0,1,0,252,0.5928853754940712,1.0,0.8222222222222222,0.2577861451308197,325,1157.0
14102,5,5,1360.28,5,4,4,544,Champions,272.056,272.056,Silver,1,0,0,39,3.076923076923077,1.0,0.05555555555555555,0.30510816667893764,44,192.2
14104,155,2,216.21,2,3,1,231,Dormant,108.105,108.105,Bronze,0,0,1,11,2.727272727272727,1.0,1.0,0.17884790692747093,165,36.0
14105,239,1,1266.23,1,1,4,114,Dormant,1266.23,1266.23,Bronze,0,0,1,0,0.0,0.0,1.0,0.11153174676784533,238,800.0
14107,52,7,2703.23,3,5,5,355,Loyal,386.1757142857143,386.1757142857143,Gold,0,0,0,312,0.5750798722044729,1.0,0.5777777777777777,0.27219553474969077,363,256.14285714285717
14108,31,2,597.91,4,3,3,433,Loyal,298.955,298.955,Bronze,0,0,0,70,0.4225352112676056,1.0,0.34444444444444444,0.2788580323650192,101,190.5
14109,73,1,144.2,2,1,1,211,Dormant,144.2,144.2,Bronze,0,0,1,0,0.0,0.0,0.8111111111111111,0.24308510550552953,72,88.0
14110,4,12,5683.15,5,5,5,555,Champions,473.5958333333333,473.5958333333333,Platinum,1,0,0,263,1.2547528517110265,1.0,0.044444444444444446,0.3221291406529038,266,203.75
14111,14,4,692.85,4,4,3,443,Loyal,173.2125,173.2125,Silver,0,0,0,227,0.3964757709251101,1.0,0.15555555555555556,0.29550073824974793,241,114.5
14112,23,7,2915.15,4,5,5,455,Champions,416.45,416.45,Gold,1,0,0,253,0.4743083003952569,1.0,0.25555555555555554,0.29576008710230434,275,235.85714285714286
14113,4,4,1840.42,5,4,4,544,Champions,460.105,460.105,Silver,1,0,0,351,0.2564102564102564,1.0,0.044444444444444446,0.30516030898865554,354,186.25
14114,274,2,386.53,1,3,2,132,Needs Attention,193.265,193.265,Bronze,0,0,0,56,0.5263157894736842,1.0,1.0,0.08363649686309305,330,50.5
14116,20,5,1382.74,4,4,4,444,Champions,276.548,276.548,Silver,1,0,0,101,1.1764705882352942,1.0,0.2222222222222222,0.29310814324087364,121,141.4
14117,144,1,90.0,2,1,1,211,Dormant,90.0,90.0,Bronze,0,0,1,0,0.0,0.0,1.0,0.18605586220529619,143,72.0
14121,4,4,2780.15,5,4,5,545,Champions,695.0375,695.0375,Silver,1,0,0,56,1.607142857142857,1.0,0.044444444444444446,0.3065017933721816,59,520.5
14124,84,1,419.58,2,1,2,212,Dormant,419.58,419.58,Bronze,0,0,1,0,0.0,0.0,0.9333333333333333,0.23465468684848736,83,1618.0
14125,11,3,2740.43,5,3,5,535,Loyal,913.4766666666666,913.4766666666666,Bronze,0,0,0,67,0.8823529411764706,1.0,0.12222222222222222,0.29939471227432884,77,546.6666666666666
14126,8,3,706.1300000000001,5,3,3,533,Loyal,235.3766666666667,235.3766666666667,Bronze,0,0,0,2,10.0,1.0,0.08888888888888889,0.2988971232557108,10,169.33333333333334
14127,123,3,709.71,2,3,3,233,Needs Attention,236.57,236.57,Bronze,0,0,0,187,0.3191489361702128,1.0,1.0,0.20665624447636063,310,107.0
14128,61,2,637.5,3,3,3,333,Loyal,318.75,318.75,Bronze,0,0,0,195,0.15384615384615385,1.0,0.6777777777777778,0.2548503768015403,255,282.0
14129,2,5,1123.86,5,4,4,544,Champions,224.772,224.772,Silver,1,0,0,259,0.3474903474903475,1.0,0.022222222222222223,0.30717708925775067,260,118.4
14130,319,1,483.86,1,1,2,112,Dormant,483.86,483.86,Bronze,0,0,1,0,0.0,0.0,1.0,0.046243774106651155,318,258.0
14132,2,11,3586.03,5,5,5,555,Champions,326.00272727272727,326.00272727272727,Gold,1,0,0,181,1.6574585635359114,1.0,0.022222222222222223,0.3193043290241081,183,306.1818181818182
14133,130,3,605.64,2,3,3,233,Needs Attention,201.88,201.88,Bronze,0,0,0,186,0.16129032258064516,1.0,1.0,0.20089270909564172,315,116.0
14135,2,15,4690.31,5,5,5,555,Champions,312.68733333333336,312.68733333333336,Gold,1,0,0,371,1.0512129380053907,1.0,0.022222222222222223,0.32662233879543456,372,256.6666666666667
14138,2,2,982.38,5,3,4,534,Loyal,491.19,491.19,Bronze,0,0,0,62,0.4838709677419355,1.0,0.022222222222222223,0.3026689034798064,63,305.0
14139,46,1,415.82,3,1,2,312,Dormant,415.82,415.82,Bronze,0,0,1,0,0.0,0.0,0.5111111111111111,0.2651306027916903,45,510.0
14140,4,2,935.05,5,3,3,533,Loyal,467.525,467.525,Bronze,0,0,0,27,1.0714285714285714,1.0,0.044444444444444446,0.3009970608322731,31,405.5
14141,3,4,915.13,5,4,3,543,Loyal,228.7825,228.7825,Silver,0,0,0,102,0.8737864077669902,1.0,0.03333333333333333,0.30464157704694267,104,88.75
14142,373,1,311.81,1,1,2,112,Dormant,311.81,311.81,Bronze,0,0,1,0,0.0,0.0,1.0,0.002682661083626614,372,313.0
14143,134,1,115.8,2,1,1,211,Dormant,115.8,115.8,Bronze,0,0,1,0,0.0,0.0,1.0,0.19411408262346477,133,30.0
14145,47,4,3742.2,3,4,5,345,Loyal,935.55,935.55,Silver,0,0,0,170,0.5263157894736842,1.0,0.5222222222222223,0.2733831614165643,216,189.0
14146,9,5,4191.0,5,4,5,545,Champions,838.2,838.2,Silver,1,0,0,348,0.25787965616045844,1.0,0.1,0.30594052299782365,356,487.4
14147,78,2,483.4,2,3,2,232,Needs Attention,241.7,241.7,Bronze,0,0,0,207,0.14492753623188406,1.0,0.8666666666666667,0.2409940321669098,285,54.0
14148,234,1,157.2,1,1,1,111,Dormant,157.2,157.2,Bronze,0,0,1,0,0.0,0.0,1.0,0.113959278252818,233,16.0
14149,221,1,446.62,1,1,2,112,Dormant,446.62,446.62,Bronze,0,0,1,0,0.0,0.0,1.0,0.12480023889012005,220,218.0
14150,36,2,658.64,3,3,3,333,Loyal,329.32,329.32,Bronze,0,0,0,324,0.09259259259259259,1.0,0.4,0.2749340305329783,359,248.0
14152,75,2,621.29,2,3,3,233,Needs Attention,310.645,310.645,Bronze,0,0,0,158,0.18867924528301888,1.0,0.8333333333333334,0.2435972901607863,233,355.5
14154,239,2,1345.62,1,3,4,134,Needs Attention,672.81,672.81,Bronze,0,0,0,0,0.0,1.0,1.0,0.11308048436486814,238,232.5
14155,266,1,118.75,1,1,1,111,Dormant,118.75,118.75,Bronze,0,0,1,0,0.0,0.0,1.0,0.08823594086947122,265,25.0
14156,10,55,117379.63,5,5,5,555,Champions,2134.175090909091,2134.175090909091,Platinum,1,0,0,361,3.4806629834254146,1.0,0.1111111111111111,0.5384878741116237,371,1052.4545454545455
14157,20,2,432.88,4,3,2,432,Potential,216.44,216.44,Bronze,0,0,0,265,0.11278195488721804,1.0,0.2222222222222222,0.287445977973124,284,142.0
14158,40,1,507.66,3,1,3,313,Dormant,507.66,507.66,Bronze,0,0,1,0,0.0,0.0,0.4444444444444444,0.2700745405521805,39,781.0
14159,20,11,4693.01,4,5,5,455,Champions,426.6372727272728,426.6372727272728,Gold,1,0,0,343,0.8746355685131196,1.0,0.2222222222222222,0.30644606363429255,362,400.72727272727275
14161,216,3,1110.52,1,3,4,134,Needs Attention,370.17333333333335,370.17333333333335,Bronze,0,0,0,153,0.38961038961038963,1.0,1.0,0.13262947871873304,368,151.66666666666666
14162,174,2,289.36,2,3,2,232,Needs Attention,144.68,144.68,Bronze,0,0,0,118,0.25210084033613445,1.0,1.0,0.16371168838316652,292,71.0
14163,87,4,2445.91,2,4,5,245,At Risk,611.4775,611.4775,Silver,0,1,0,151,0.5921052631578948,1.0,0.9666666666666667,0.23944711861979995,238,223.25
14164,71,2,1631.77,3,3,4,334,Loyal,815.885,815.885,Bronze,0,0,0,10,3.0,1.0,0.7888888888888889,0.24824832781038106,80,516.5
14165,276,1,122.54,1,1,1,111,Dormant,122.54,122.54,Bronze,0,0,1,0,0.0,0.0,1.0,0.08021996080002892,275,54.0
14167,39,4,574.84,3,4,3,343,Loyal,143.71,143.71,Silver,0,0,0,291,0.3082191780821918,1.0,0.43333333333333335,0.27527880055139164,330,37.5
14171,98,1,363.79,2,1,2,212,Dormant,363.79,363.79,Bronze,0,0,1,0,0.0,0.0,1.0,0.22334509892342833,97,167.0
14173,11,4,450.84,5,4,2,542,Potential,112.71,112.71,Bronze,0,0,0,208,0.28708133971291866,1.0,0.12222222222222222,0.29756168098572955,218,37.5
14174,33,1,134.46,3,1,1,311,Dormant,134.46,134.46,Bronze,0,0,1,0,0.0,0.0,0.36666666666666664,0.27515676294754665,32,94.0
14175,60,3,3222.3,3,3,5,335,Loyal,1074.1,1074.1,Bronze,0,0,0,269,0.2222222222222222,1.0,0.6666666666666666,0.26077777902242016,329,505.0
14176,297,4,576.9000000000001,1,4,3,143,Needs Attention,144.22500000000002,144.22500000000002,Bronze,0,0,0,70,0.8571428571428571,1.0,1.0,0.06832986958706029,367,52.25
14177,86,4,559.41,2,4,3,243,Needs Attention,139.8525,139.8525,Silver,0,0,0,93,0.6451612903225806,1.0,0.9555555555555556,0.23755623914178506,179,51.25
14178,9,7,1620.93,5,5,4,554,Champions,231.5614285714286,231.5614285714286,Silver,1,0,0,173,1.0344827586206897,1.0,0.1,0.3051425072955638,181,215.0
14179,41,2,719.78,3,3,3,333,Loyal,359.89,359.89,Bronze,0,0,0,11,2.5,1.0,0.45555555555555555,0.2710106139845798,51,165.0
14180,11,25,4748.52,5,5,5,555,Champions,189.9408,189.9408,Gold,1,0,0,361,1.9060773480662982,1.0,0.12222222222222222,0.33384025044618804,371,28.76
14184,67,1,452.89,3,1,2,312,Dormant,452.89,452.89,Bronze,0,0,1,0,0.0,0.0,0.7444444444444445,0.24833860121199094,66,127.0
14185,331,1,197.65,1,1,1,111,Dormant,197.65,197.65,Bronze,0,0,1,0,0.0,0.0,1.0,0.03620953484944566,330,6.0
14188,31,6,2054.36,4,5,4,454,Champions,342.3933333333334,342.3933333333334,Gold,1,0,0,279,0.5357142857142857,1.0,0.34444444444444444,0.28667877223472116,309,193.66666666666666
14189,2,15,4654.08,5,5,5,555,Champions,310.272,310.272,Gold,1,0,0,366,1.0655737704918034,1.0,0.022222222222222223,0.32657061970674406,368,262.46666666666664
14191,2,13,4684.76,5,5,5,555,Champions,360.36615384615385,360.36615384615385,Gold,1,0,0,218,1.643835616438356,1.0,0.022222222222222223,0.3237436026563172,220,281.6923076923077
14193,68,2,853.39,3,3,3,333,Loyal,426.695,426.695,Bronze,0,0,0,201,0.1485148514851485,1.0,0.7555555555555555,0.24954359106524376,269,222.5
14194,5,21,11349.52,5,5,5,555,Champions,540.4533333333334,540.4533333333334,Platinum,1,0,0,303,1.381578947368421,1.0,0.05555555555555555,0.34233452451870855,307,278.0952380952381
14195,202,2,1012.0,1,3,4,134,Needs Attention,506.0,506.0,Bronze,0,0,0,50,0.5882352941176471,1.0,1.0,0.14228337916753397,251,380.0
14196,107,1,335.52,2,1,2,212,Dormant,335.52,335.52,Bronze,0,0,1,0,0.0,0.0,1.0,0.21608549156562784,106,142.0
14198,18,4,701.4,4,4,3,443,Loyal,175.35,175.35,Silver,0,0,0,221,0.4072398190045249,1.0,0.2,0.29230438740524045,238,72.5
14199,218,1,185.4,1,1,1,111,Dormant,185.4,185.4,Bronze,0,0,1,0,0.0,0.0,1.0,0.126833758946175,217,28.0
14201,60,7,747.44,3,5,3,353,Loyal,106.77714285714286,106.77714285714286,Silver,0,0,0,299,0.6020066889632106,1.0,0.6666666666666666,0.2629864909992167,358,84.28571428571429
14204,2,1,161.03,5,1,1,511,Potential,161.03,161.03,Bronze,0,0,0,0,0.0,0.0,0.022222222222222223,0.30006100234304234,1,82.0
14205,17,2,466.7,4,3,2,432,Potential,233.35,233.35,Bronze,0,0,0,247,0.12096774193548387,1.0,0.18888888888888888,0.2899006738483137,263,102.0
14206,239,1,328.16,1,1,2,112,Dormant,328.16,328.16,Bronze,0,0,1,0,0.0,0.0,1.0,0.1101926320693103,238,276.0
14208,95,1,151.74,2,1,1,211,Dormant,151.74,151.74,Bronze,0,0,1,0,0.0,0.0,1.0,0.22544881019093543,94,114.0
14209,11,6,2073.43,5,5,5,555,Champions,345.57166666666666,345.57166666666666,Gold,1,0,0,321,0.4658385093167701,1.0,0.12222222222222222,0.30274877581035986,331,115.16666666666667
14210,106,6,1905.84,2,5,4,254,At Risk,317.64000000000004,317.64000000000004,Bronze,0,1,0,265,0.5639097744360902,1.0,1.0,0.22630632899658815,371,126.66666666666667
14211,53,9,2241.1,3,5,5,355,Loyal,249.0111111111111,249.0111111111111,Gold,0,0,0,241,0.9917355371900827,1.0,0.5888888888888889,0.27360450879316944,294,138.0
14212,90,1,1070.48,2,1,4,214,Dormant,1070.48,1070.48,Bronze,0,0,1,0,0.0,0.0,1.0,0.23077102609418007,89,1152.0
14214,31,5,1004.38,4,4,4,444,Champions,200.876,200.876,Silver,1,0,0,246,0.48582995951417,1.0,0.34444444444444444,0.28374449695367565,277,150.2
14215,12,6,1789.72,5,5,4,554,Champions,298.2866666666667,298.2866666666667,Silver,1,0,0,356,0.4201680672268907,1.0,0.13333333333333333,0.3015416347676165,367,226.33333333333334
14216,3,4,1839.3,5,4,4,544,Champions,459.825,459.825,Silver,1,0,0,34,2.6470588235294117,1.0,0.03333333333333333,0.30596084920248023,37,148.5
14217,2,17,2004.98,5,5,4,554,Champions,117.94,117.94,Gold,1,0,0,364,1.2328767123287672,1.0,0.022222222222222223,0.32565978701361437,365,40.529411764705884
14218,43,1,169.48000000000002,3,1,1,311,Dormant,169.48000000000002,169.48000000000002,Bronze,0,0,1,0,0.0,0.0,0.4777777777777778,0.2671853643614001,42,160.0
14219,4,1,89.94,5,1,1,511,Potential,89.94,89.94,Bronze,0,0,0,0,0.0,0.0,0.044444444444444446,0.2983552417946731,3,78.0
14220,247,2,632.4000000000001,1,3,3,133,Needs Attention,316.20000000000005,316.20000000000005,Bronze,0,0,0,110,0.2702702702702703,1.0,1.0,0.10564523548147084,357,136.0
14221,42,9,3432.8,3,5,5,355,Loyal,381.4222222222222,381.4222222222222,Gold,0,0,0,296,0.6060606060606061,1.0,0.4666666666666667,0.2841292150747245,338,243.44444444444446
14222,177,1,683.17,2,1,3,213,Dormant,683.17,683.17,Bronze,0,0,1,0,0.0,0.0,1.0,0.16043203664840563,176,607.0
14223,92,3,991.13,2,3,4,234,Needs Attention,330.37666666666667,330.37666666666667,Bronze,0,0,0,171,0.3488372093023256,1.0,1.0,0.23192428761882788,263,195.0
14224,110,4,1050.12,2,4,4,244,At Risk,262.53000000000003,262.53000000000003,Bronze,0,1,0,209,0.42857142857142855,1.0,1.0,0.2190054011120432,319,128.5
14226,29,5,2232.19,4,4,5,445,Champions,446.438,446.438,Silver,1,0,0,240,0.4979253112033195,1.0,0.32222222222222224,0.28710149968449333,268,261.6
14227,26,10,3350.96,4,5,5,455,Champions,335.096,335.096,Gold,1,0,0,258,0.5813953488372093,1.0,0.28888888888888886,0.2982820180471179,284,182.0
14229,52,3,1547.2,3,3,4,334,Loyal,515.7333333333333,515.7333333333333,Bronze,0,0,0,281,0.2127659574468085,1.0,0.5777777777777777,0.26480365076252843,333,203.33333333333334
14231,184,3,925.71,1,3,3,133,Needs Attention,308.57,308.57,Bronze,0,0,0,104,0.5714285714285714,1.0,1.0,0.15803410774599239,288,136.33333333333334
14232,43,5,2048.07,3,4,4,344,Loyal,409.614,409.614,Silver,0,0,0,221,0.5405405405405406,1.0,0.4777777777777778,0.27560871797937203,264,388.2
14233,49,4,1462.72,3,4,4,344,Loyal,365.68,365.68,Silver,0,0,0,268,0.3358208955223881,1.0,0.5444444444444444,0.2685248775926424,317,170.0
14234,22,4,775.46,4,4,3,443,Loyal,193.865,193.865,Silver,0,0,0,35,2.5714285714285716,1.0,0.24444444444444444,0.2892015534666152,56,240.75
14235,75,5,3144.86,2,4,5,245,At Risk,628.972,628.972,Silver,0,1,0,185,0.4864864864864865,1.0,0.8333333333333334,0.2515059596256978,259,391.8
14236,81,2,490.86,2,3,3,233,Needs Attention,245.43,245.43,Bronze,0,0,0,291,0.10273972602739725,1.0,0.9,0.23859826436185932,371,155.0
14237,373,1,161.0,1,1,1,111,Dormant,161.0,161.0,Bronze,0,0,1,0,0.0,0.0,1.0,0.0024673766297094567,372,38.0
14238,326,1,146.85,1,1,1,111,Dormant,146.85,146.85,Bronze,0,0,1,0,0.0,0.0,1.0,0.040147711965800525,325,111.0
14239,43,11,2380.85,3,5,5,355,Loyal,216.4409090909091,216.4409090909091,Gold,0,0,0,272,1.0989010989010988,1.0,0.4777777777777778,0.2846962086354141,315,90.27272727272727
14240,30,2,890.34,4,3,3,433,Loyal,445.17,445.17,Bronze,0,0,0,195,0.15384615384615385,1.0,0.3333333333333333,0.28007762139157105,225,209.0
14241,184,1,213.7,1,1,1,111,Dormant,213.7,213.7,Bronze,0,0,1,0,0.0,0.0,1.0,0.15414688506543667,183,146.0
14242,235,2,280.55,1,3,2,132,Needs Attention,140.275,140.275,Bronze,0,0,0,91,0.32967032967032966,1.0,1.0,0.1147686306390385,325,61.5
14243,9,10,2588.77,5,5,5,555,Champions,258.877,258.877,Gold,1,0,0,357,0.7563025210084034,1.0,0.1,0.3108303393923131,365,122.1
14245,220,2,1693.45,1,3,4,134,Needs Attention,846.725,846.725,Bronze,0,0,0,43,0.6818181818181818,1.0,1.0,0.12881766073299086,263,488.0
14246,111,3,1474.06,2,3,4,234,Needs Attention,491.3533333333333,491.3533333333333,Bronze,0,0,0,135,0.4444444444444444,1.0,1.0,0.2173730386622575,245,268.0
14247,278,1,136.77,1,1,1,111,Dormant,136.77,136.77,Bronze,0,0,1,0,0.0,0.0,1.0,0.07863599635011612,277,47.0
14248,318,1,302.58,1,1,2,112,Dormant,302.58,302.58,Bronze,0,0,1,0,0.0,0.0,1.0,0.0467871321228914,317,102.0
14250,7,3,1904.05,5,3,4,534,Loyal,634.6833333333333,634.6833333333333,Bronze,0,0,0,82,0.36585365853658536,1.0,0.07777777777777778,0.30140931834404533,88,400.0
14251,2,5,2879.7000000000003,5,4,5,545,Champions,575.94,575.94,Silver,1,0,0,55,2.142857142857143,1.0,0.022222222222222223,0.30968358786902245,57,334.8
14256,260,2,969.06,1,3,4,134,Needs Attention,484.53,484.53,Bronze,0,0,0,104,0.28846153846153844,1.0,1.0,0.0956980172412807,364,207.0
14257,64,5,3099.7200000000003,3,4,5,345,Loyal,619.9440000000001,619.9440000000001,Silver,0,0,0,254,0.47244094488188976,1.0,0.7111111111111111,0.26026505073595846,318,336.4
14258,9,9,12669.98,5,5,5,555,Champions,1407.7755555555557,1407.7755555555557,Gold,1,0,0,328,0.6402439024390244,1.0,0.1,0.3237860724701173,337,788.8888888888889
14259,142,1,120.0,2,1,1,211,Dormant,120.0,120.0,Bronze,0,0,1,0,0.0,0.0,1.0,0.18770296591253113,141,68.0
14261,51,2,1163.45,3,3,4,334,Loyal,581.725,581.725,Bronze,0,0,0,27,1.0714285714285714,1.0,0.5666666666666667,0.2636225718873481,78,203.0
14262,8,8,2618.23,5,5,5,555,Champions,327.27875,327.27875,Gold,1,0,0,232,0.9051724137931033,1.0,0.08888888888888889,0.30880371980360305,240,205.625
14264,155,2,333.97,2,3,2,232,Needs Attention,166.985,166.985,Bronze,0,0,0,90,0.32967032967032966,1.0,1.0,0.17901601180972865,245,35.0
14265,109,2,530.18,2,3,3,233,Needs Attention,265.09,265.09,Bronze,0,0,0,39,0.7692307692307693,1.0,1.0,0.21619450144255548,148,165.0
14267,163,3,1516.24,2,3,4,234,Needs Attention,505.41333333333336,505.41333333333336,Bronze,0,0,0,97,0.30612244897959184,1.0,1.0,0.17572202155484376,260,176.66666666666666
14270,332,1,492.65,1,1,3,113,Dormant,492.65,492.65,Bronze,0,0,1,0,0.0,0.0,1.0,0.03582851453030414,331,197.0
14271,226,1,112.32,1,1,1,111,Dormant,112.32,112.32,Bronze,0,0,1,0,0.0,0.0,1.0,0.12031232340625973,225,88.0
14272,74,2,437.96,2,3,2,232,Needs Attention,218.98,218.98,Bronze,0,0,0,180,0.16574585635359115,1.0,0.8222222222222222,0.2441377217588147,253,299.5
14273,51,4,559.97,3,4,3,343,Loyal,139.9925,139.9925,Silver,0,0,0,190,0.4712041884816754,1.0,0.5666666666666667,0.2656319048637497,241,66.0
14276,99,3,1119.74,2,3,4,234,Needs Attention,373.2466666666666,373.2466666666666,Bronze,0,0,0,191,0.31413612565445026,1.0,1.0,0.2264929078427602,289,248.0
14277,15,3,4216.2,4,3,5,435,Loyal,1405.4,1405.4,Bronze,0,0,0,197,0.30456852791878175,1.0,0.16666666666666666,0.2982928489072852,211,661.3333333333334
14280,197,1,134.04,1,1,1,111,Dormant,134.04,134.04,Bronze,0,0,1,0,0.0,0.0,1.0,0.14360536124965612,196,52.0
14282,3,15,3729.34,5,5,5,555,Champions,248.62266666666667,248.62266666666667,Gold,1,0,0,364,1.1538461538461537,1.0,0.03333333333333333,0.3244483948267583,367,177.86666666666667
14284,31,2,595.25,4,3,3,433,Loyal,297.625,297.625,Bronze,0,0,0,55,0.5357142857142857,1.0,0.34444444444444444,0.2788542351589492,85,80.5
14285,21,4,1910.01,4,4,4,444,Champions,477.5025,477.5025,Silver,1,0,0,155,0.5806451612903226,1.0,0.23333333333333334,0.29162328654417635,176,135.25
14286,24,3,4628.75,4,3,5,435,Loyal,1542.9166666666667,1542.9166666666667,Bronze,0,0,0,219,0.273972602739726,1.0,0.26666666666666666,0.2916625213915095,242,1446.0
14287,8,3,176.63,5,3,1,531,Potential,58.876666666666665,58.876666666666665,Bronze,0,0,0,190,0.15789473684210525,1.0,0.08888888888888889,0.2981412508444043,198,87.0
14288,213,1,426.6,1,1,2,112,Dormant,426.6,426.6,Bronze,0,0,1,0,0.0,0.0,1.0,0.13118877221758465,212,188.0
14289,9,6,911.26,5,5,3,553,Loyal,151.8766666666667,151.8766666666667,Silver,0,0,0,280,0.5338078291814946,1.0,0.1,0.30269403171289744,289,48.666666666666664
14290,11,5,2314.65,5,4,5,545,Champions,462.93,462.93,Silver,1,0,0,350,0.34285714285714286,1.0,0.12222222222222222,0.30165771574646066,361,183.0
14291,2,11,3883.25,5,5,5,555,Champions,353.02272727272725,353.02272727272725,Gold,1,0,0,273,0.6569343065693432,1.0,0.022222222222222223,0.319728616839195,274,249.9090909090909
14292,8,9,4871.93,5,5,5,555,Champions,541.3255555555556,541.3255555555556,Gold,1,0,0,275,0.5454545454545454,1.0,0.08888888888888889,0.3134563307578078,282,184.77777777777777
14293,3,4,1046.56,5,4,4,544,Champions,261.64,261.64,Silver,1,0,0,365,0.2465753424657534,1.0,0.03333333333333333,0.3048291961423497,368,177.25
14295,40,1,166.20000000000002,3,1,1,311,Dormant,166.20000000000002,166.20000000000002,Bronze,0,0,1,0,0.0,0.0,0.4444444444444444,0.2695870992045606,39,84.0
14297,18,4,1305.33,4,4,4,444,Champions,326.3325,326.3325,Silver,1,0,0,257,0.35019455252918286,1.0,0.2,0.29316651021045353,274,216.25
14298,8,44,51527.3,5,5,5,555,Champions,1171.075,1171.075,Platinum,1,0,0,352,2.0454545454545454,1.0,0.08888888888888889,0.43029708932899896,359,1325.9772727272727
14299,8,9,3965.62,5,5,5,555,Champions,440.6244444444444,440.6244444444444,Gold,1,0,0,357,0.6722689075630253,1.0,0.08888888888888889,0.3121625541287404,365,238.77777777777777
14300,19,1,43.2,4,1,1,411,Potential,43.2,43.2,Bronze,0,0,0,0,0.0,0.0,0.2111111111111111,0.2862564338979454,18,32.0
14301,117,1,640.14,2,1,3,213,Dormant,640.14,640.14,Bronze,0,0,1,0,0.0,0.0,1.0,0.20849895266236754,116,606.0
14304,223,1,383.45,1,1,2,112,Dormant,383.45,383.45,Bronze,0,0,1,0,0.0,0.0,1.0,0.12310578430869616,222,139.0
14305,71,3,1858.96,3,3,4,334,Loyal,619.6533333333333,619.6533333333333,Bronze,0,0,0,64,0.9375,1.0,0.7888888888888889,0.2500080530228734,134,363.0
14306,51,2,2093.32,3,3,5,335,Loyal,1046.66,1046.66,Bronze,0,0,0,34,0.8823529411764706,1.0,0.5666666666666667,0.26494998091303573,85,537.5
14307,89,6,2995.7200000000003,2,5,5,255,At Risk,499.2866666666667,499.2866666666667,Silver,0,1,0,284,0.42105263157894735,1.0,0.9888888888888889,0.2414985193064829,373,343.0
14309,8,9,2352.53,5,5,5,555,Champions,261.39222222222224,261.39222222222224,Gold,1,0,0,350,0.6857142857142857,1.0,0.08888888888888889,0.3098598341514894,357,181.44444444444446
14311,243,1,310.26,1,1,2,112,Dormant,310.26,310.26,Bronze,0,0,1,0,0.0,0.0,1.0,0.10695852329226437,242,146.0
14312,47,6,1611.59,3,5,4,354,Loyal,268.59833333333336,268.59833333333336,Silver,0,0,0,290,0.5154639175257731,1.0,0.5222222222222223,0.27321248412766186,336,168.66666666666666
14314,107,1,120.0,2,1,1,211,Dormant,120.0,120.0,Bronze,0,0,1,0,0.0,0.0,1.0,0.21577783222269153,106,296.0
14315,45,6,2481.13,3,5,5,355,Loyal,413.5216666666667,413.5216666666667,Gold,0,0,0,221,0.6756756756756757,1.0,0.5,0.2760580488815224,265,170.16666666666666
14317,65,1,508.58,3,1,3,313,Dormant,508.58,508.58,Bronze,0,0,1,0,0.0,0.0,0.7222222222222222,0.2500223779357443,64,255.0
14320,207,2,477.79,1,3,2,132,Needs Attention,238.895,238.895,Bronze,0,0,0,126,0.23809523809523808,1.0,1.0,0.13751008794477984,332,162.5
14321,11,5,1530.75,5,4,4,544,Champions,306.15,306.15,Silver,1,0,0,322,0.3715170278637771,1.0,0.12222222222222222,0.3005386819726681,333,481.2
14323,115,2,605.0600000000001,2,3,3,233,Needs Attention,302.53000000000003,302.53000000000003,Bronze,0,0,0,123,0.24193548387096775,1.0,1.0,0.21148855999634866,238,175.0
14326,242,1,183.85,1,1,1,111,Dormant,183.85,183.85,Bronze,0,0,1,0,0.0,0.0,1.0,0.10758020939010687,241,103.0
14327,163,1,311.65000000000003,2,1,2,212,Dormant,311.65000000000003,311.65000000000003,Bronze,0,0,1,0,0.0,0.0,1.0,0.17113163054121655,162,139.0
14329,17,7,5014.84,4,5,5,455,Champions,716.4057142857143,716.4057142857143,Gold,1,0,0,312,0.4807692307692308,1.0,0.18888888888888888,0.3035702730611737,328,442.14285714285717
14331,124,2,462.66,2,3,2,232,Needs Attention,231.33,231.33,Bronze,0,0,0,10,2.727272727272727,1.0,1.0,0.20406602965780712,134,126.0
14332,23,3,866.3100000000001,4,3,3,433,Loyal,288.77000000000004,288.77000000000004,Bronze,0,0,0,125,0.48,1.0,0.25555555555555554,0.28709369802064044,147,160.33333333333334
14333,68,1,415.2,3,1,2,312,Dormant,415.2,415.2,Bronze,0,0,1,0,0.0,0.0,0.7555555555555555,0.247482658905092,67,58.0
14334,17,8,2552.21,4,5,5,455,Champions,319.02625,319.02625,Gold,1,0,0,341,0.6140350877192983,1.0,0.18888888888888888,0.3014902235250721,357,216.375
14335,16,2,468.26,4,3,2,432,Potential,234.13,234.13,Bronze,0,0,0,80,0.375,1.0,0.17777777777777778,0.29070503981863005,95,189.5
14336,17,4,1614.91,4,4,4,444,Champions,403.7275,403.7275,Silver,1,0,0,259,0.34615384615384615,1.0,0.18888888888888888,0.2944105812235095,275,439.75
14338,161,2,588.22,2,3,3,233,Needs Attention,294.11,294.11,Bronze,0,0,0,35,0.8571428571428571,1.0,1.0,0.17456612481945397,195,167.5
14339,243,1,309.52000000000004,1,1,2,112,Dormant,309.52000000000004,309.52000000000004,Bronze,0,0,1,0,0.0,0.0,1.0,0.10695746692666594,242,168.0
14340,219,1,134.7,1,1,1,111,Dormant,134.7,134.7,Bronze,0,0,1,0,0.0,0.0,1.0,0.12595924459003882,218,58.0
14341,45,8,2182.28,3,5,5,355,Loyal,272.785,272.785,Gold,0,0,0,273,0.43956043956043955,1.0,0.5,0.278502247604206,317,175.375
14342,21,4,668.5600000000001,4,4,3,443,Loyal,167.14,167.14,Silver,0,0,0,188,0.47619047619047616,1.0,0.23333333333333334,0.28985109050070806,209,86.75
14344,127,8,889.9300000000001,2,5,3,253,Needs Attention,111.24125,111.24125,Bronze,0,0,0,241,0.871369294605809,1.0,1.0,0.21088198966830018,368,59.625
14345,39,1,108.98,3,1,1,311,Dormant,108.98,108.98,Bronze,0,0,1,0,0.0,0.0,0.43333333333333335,0.270307555485856,38,50.0
14346,121,2,1021.58,2,3,4,234,Needs Attention,510.79,510.79,Bronze,0,0,0,176,0.1694915254237288,1.0,1.0,0.20727031685155595,296,302.5
14348,260,1,409.57,1,1,2,112,Dormant,409.57,409.57,Bronze,0,0,1,0,0.0,0.0,1.0,0.09346392677425175,259,183.0
14349,10,1,133.5,5,1,1,511,Potential,133.5,133.5,Bronze,0,0,0,0,0.0,0.0,0.1111111111111111,0.29360459038827347,9,86.0
14350,274,1,282.93,1,1,2,112,Dormant,282.93,282.93,Bronze,0,0,1,0,0.0,0.0,1.0,0.08205319898074874,273,183.0
14351,165,1,51.0,2,1,1,211,Dormant,51.0,51.0,Bronze,0,0,1,0,0.0,0.0,1.0,0.1691552690971207,164,12.0
14352,157,4,1078.96,2,4,4,244,At Risk,269.74,269.74,Bronze,0,1,0,116,0.5172413793103449,1.0,1.0,0.18134603606060196,272,134.5
14353,215,1,90.6,1,1,1,111,Dormant,90.6,90.6,Bronze,0,0,1,0,0.0,0.0,1.0,0.12910484706018954,214,64.0
14354,6,2,163.62,5,3,1,531,Potential,81.81,81.81,Bronze,0,0,0,24,1.2,1.0,0.06666666666666667,0.2982915501714688,29,105.0
14355,366,1,174.4,1,1,1,111,Dormant,174.4,174.4,Bronze,0,0,1,0,0.0,0.0,1.0,0.008101478674199525,365,92.0
14356,80,2,701.23,2,3,3,233,Needs Attention,350.615,350.615,Bronze,0,0,0,1,15.0,1.0,0.8888888888888888,0.23970071100867218,80,138.5
14357,43,1,225.77,3,1,1,311,Dormant,225.77,225.77,Bronze,0,0,1,0,0.0,0.0,0.4777777777777778,0.2672657195229345,42,148.0
14359,19,3,912.18,4,3,3,433,Loyal,304.06,304.06,Bronze,0,0,0,68,0.8823529411764706,1.0,0.2111111111111111,0.29036773456226467,87,123.66666666666667
14360,32,4,2128.23,4,4,5,445,Champions,532.0575,532.0575,Silver,1,0,0,62,0.9523809523809523,1.0,0.35555555555555557,0.2831112707822611,94,287.75
14362,22,1,161.2,4,1,1,411,Potential,161.2,161.2,Bronze,0,0,0,0,0.0,0.0,0.24444444444444444,0.2840184642729626,21,100.0
14364,109,8,3717.35,2,5,5,255,At Risk,464.66875,464.66875,Bronze,0,1,0,102,1.7475728155339805,1.0,1.0,0.22935669399115505,210,245.875
14367,8,16,9261.52,5,5,5,555,Champions,578.845,578.845,Platinum,1,0,0,267,1.3432835820895523,1.0,0.08888888888888889,0.3297704099007287,275,277.375
14368,320,1,155.0,1,1,1,111,Dormant,155.0,155.0,Bronze,0,0,1,0,0.0,0.0,1.0,0.04497218048719295,319,36.0
14371,295,1,100.5,1,1,1,111,Dormant,100.5,100.5,Bronze,0,0,1,0,0.0,0.0,1.0,0.06494785652421878,294,34.0
14373,358,1,76.55,1,1,1,111,Dormant,76.55,76.55,Bronze,0,0,1,0,0.0,0.0,1.0,0.01437890803608904,357,17.0
14375,185,1,257.68,1,1,2,112,Dormant,257.68,257.68,Bronze,0,0,1,0,0.0,0.0,1.0,0.15340752840505595,184,194.0
14377,191,2,617.05,1,3,3,133,Needs Attention,308.525,308.525,Bronze,0,0,0,70,0.4225352112676056,1.0,1.0,0.15054310912916552,261,109.5
14379,44,2,348.1,3,3,2,332,Dormant,174.05,174.05,Bronze,0,0,1,251,0.11952191235059761,1.0,0.4888888888888889,0.2680736158376545,294,146.0
14381,52,1,202.68,3,1,1,311,Dormant,202.68,202.68,Bronze,0,0,1,0,0.0,0.0,0.5777777777777777,0.26001350672432305,51,146.0
14382,26,1,626.07,4,1,3,413,Potential,626.07,626.07,Bronze,0,0,0,0,0.0,0.0,0.28888888888888886,0.28147351984720365,25,1237.0
14383,38,3,1247.69,3,3,4,334,Loyal,415.8966666666667,415.8966666666667,Bronze,0,0,0,125,0.48,1.0,0.4222222222222222,0.27560604044823483,163,272.3333333333333
14385,9,3,202.11,5,3,1,531,Potential,67.36999999999999,67.36999999999999,Bronze,0,0,0,14,4.285714285714286,1.0,0.1,0.2973754850440629,23,53.0
14386,297,1,142.4,1,1,1,111,Dormant,142.4,142.4,Bronze,0,0,1,0,0.0,0.0,1.0,0.06340339158256068,296,54.0
14387,33,3,1770.56,3,3,4,334,Loyal,590.1866666666666,590.1866666666666,Bronze,0,0,0,76,0.7792207792207793,1.0,0.36666666666666664,0.28036314358195363,108,273.0
14388,10,8,3212.84,5,5,5,555,Champions,401.605,401.605,Gold,1,0,0,362,0.580110497237569,1.0,0.1111111111111111,0.308048260037494,372,242.625
14389,65,2,1043.46,3,3,4,334,Loyal,521.73,521.73,Bronze,0,0,0,125,0.24,1.0,0.7222222222222222,0.2522213371090201,190,364.5
14390,10,9,4652.82,5,5,5,555,Champions,516.98,516.98,Gold,1,0,0,362,0.580110497237569,1.0,0.1111111111111111,0.3115392685393318,372,237.33333333333334
14393,218,1,67.95,1,1,1,111,Dormant,67.95,67.95,Bronze,0,0,1,0,0.0,0.0,1.0,0.12666609659545175,217,13.0
14395,2,9,3507.71,5,5,5,555,Champions,389.74555555555554,389.74555555555554,Gold,1,0,0,369,0.6486486486486487,1.0,0.022222222222222223,0.3163217121760752,371,188.11111111111111
14396,65,2,487.99,3,3,2,332,Dormant,243.995,243.995,Bronze,0,0,1,306,0.09803921568627451,1.0,0.7222222222222222,0.25142839197529315,370,112.5
14397,3,19,2612.96,5,5,5,555,Champions,137.52421052631578,137.52421052631578,Gold,1,0,0,210,2.5592417061611377,1.0,0.03333333333333333,0.3285963656388932,213,99.47368421052632
14400,149,1,574.7,2,1,3,213,Dormant,574.7,574.7,Bronze,0,0,1,0,0.0,0.0,1.0,0.18273708648509973,148,454.0
14401,4,13,4051.48,5,5,5,555,Champions,311.6523076923077,311.6523076923077,Gold,1,0,0,355,1.0140845070422535,1.0,0.044444444444444446,0.3212353040325704,359,346.6923076923077
14403,130,4,1475.81,2,4,4,244,At Risk,368.9525,368.9525,Bronze,0,1,0,116,0.7692307692307693,1.0,1.0,0.20357030181148034,246,129.75
14404,34,6,1474.32,3,5,4,354,Loyal,245.72,245.72,Silver,0,0,0,335,0.4464285714285714,1.0,0.37777777777777777,0.28344433579578476,368,139.83333333333334
14406,119,1,156.75,2,1,1,211,Dormant,156.75,156.75,Bronze,0,0,1,0,0.0,0.0,1.0,0.2062046251731453,118,77.0
14407,107,6,2157.73,2,5,5,255,At Risk,359.62166666666667,359.62166666666667,Bronze,0,1,0,169,0.8875739644970415,1.0,1.0,0.22586376824373286,276,235.83333333333334
14408,11,7,2606.53,5,5,5,555,Champions,372.3614285714286,372.3614285714286,Gold,1,0,0,253,0.7086614173228346,1.0,0.12222222222222222,0.3049451939961152,263,230.85714285714286
14409,71,6,2059.4500000000003,3,5,5,355,Loyal,343.2416666666668,343.2416666666668,Silver,0,0,0,297,0.40404040404040403,1.0,0.7888888888888889,0.2546004768196868,367,205.0
14410,92,9,1105.07,2,5,4,254,At Risk,122.78555555555556,122.78555555555556,Bronze,0,1,0,213,0.8450704225352113,1.0,1.0,0.2406993795619515,305,63.44444444444444
14411,311,1,1063.0,1,1,4,114,Dormant,1063.0,1063.0,Bronze,0,0,1,0,0.0,0.0,1.0,0.053487620963782206,310,196.0
14412,43,2,770.03,3,3,3,333,Loyal,385.015,385.015,Bronze,0,0,0,30,1.0,1.0,0.4777777777777778,0.269478068843931,72,393.0
14413,362,1,122.7,1,1,1,111,Dormant,122.7,122.7,Bronze,0,0,1,0,0.0,0.0,1.0,0.0112362319841502,361,68.0
14414,92,7,1496.98,2,5,4,254,At Risk,213.8542857142857,213.8542857142857,Bronze,0,1,0,267,0.6741573033707865,1.0,1.0,0.23838802595087547,358,358.85714285714283
14415,1,13,5900.28,5,5,5,555,Champions,453.86769230769227,453.86769230769227,Platinum,1,0,0,359,1.0027855153203342,1.0,0.011111111111111112,0.32628092211564136,359,231.6153846153846
14416,22,2,490.22,4,3,3,433,Loyal,245.11,245.11,Bronze,0,0,0,20,1.5,1.0,0.24444444444444444,0.2859235539569249,41,163.0
14418,4,3,1937.25,5,3,4,534,Loyal,645.75,645.75,Bronze,0,0,0,104,0.5714285714285714,1.0,0.044444444444444446,0.3038631291561661,107,570.3333333333334
14419,11,6,1058.06,5,5,4,554,Champions,176.34333333333333,176.34333333333333,Silver,1,0,0,354,0.42372881355932207,1.0,0.12222222222222222,0.30129931373242164,364,81.16666666666667
14420,99,1,387.52,2,1,2,212,Dormant,387.52,387.52,Bronze,0,0,1,0,0.0,0.0,1.0,0.2225768349611988,98,334.0
14421,57,2,813.11,3,3,3,333,Loyal,406.555,406.555,Bronze,0,0,0,154,0.19480519480519481,1.0,0.6333333333333333,0.2583096199279482,211,182.5
14422,1,6,4263.64,5,5,5,555,Champions,710.6066666666667,710.6066666666667,Gold,1,0,0,266,0.5617977528089888,1.0,0.011111111111111112,0.3138967371270288,266,484.3333333333333
14423,218,1,265.2,1,1,2,112,Dormant,265.2,265.2,Bronze,0,0,1,0,0.0,0.0,1.0,0.12694767512827557,217,120.0
14424,18,1,322.08,4,1,2,412,Potential,322.08,322.08,Bronze,0,0,0,0,0.0,0.0,0.2,0.28745668001387753,17,48.0
14426,24,10,4481.67,4,5,5,455,Champions,448.167,448.167,Gold,1,0,0,289,0.6228373702422145,1.0,0.26666666666666666,0.30150040848116905,312,269.9
14427,50,2,363.34,3,3,2,332,Dormant,181.67,181.67,Bronze,0,0,1,13,2.3076923076923075,1.0,0.5555555555555556,0.2632825370342988,63,114.0
14428,7,5,1244.83,5,4,4,544,Champions,248.966,248.966,Silver,1,0,0,317,0.37735849056603776,1.0,0.07777777777777778,0.303339081295506,324,87.2
14431,303,1,470.36,1,1,2,112,Dormant,470.36,470.36,Bronze,0,0,1,0,0.0,0.0,1.0,0.05905872717101573,302,130.0
14432,10,6,2255.51,5,5,5,555,Champions,375.91833333333335,375.91833333333335,Gold,1,0,0,79,1.875,1.0,0.1111111111111111,0.3038108378858491,88,345.0
14434,22,6,1372.8,4,5,4,454,Champions,228.8,228.8,Silver,1,0,0,50,2.9411764705882355,1.0,0.24444444444444444,0.29292508230504716,71,61.333333333333336
14436,99,1,89.06,2,1,1,211,Dormant,89.06,89.06,Bronze,0,0,1,0,0.0,0.0,1.0,0.22215077701997396,98,129.0
14437,366,1,63.0,1,1,1,111,Dormant,63.0,63.0,Bronze,0,0,1,0,0.0,0.0,1.0,0.007942452826003973,365,60.0
14438,306,1,131.9,1,1,1,111,Dormant,131.9,131.9,Bronze,0,0,1,0,0.0,0.0,1.0,0.05616915127433325,305,82.0
14439,320,1,2661.24,1,1,5,115,Dormant,2661.24,2661.24,Bronze,0,0,1,0,0.0,0.0,1.0,0.04854989091611236,319,526.0
14440,8,5,2357.68,5,4,5,545,Champions,471.536,471.536,Silver,1,0,0,357,0.33613445378151263,1.0,0.08888888888888889,0.3041255590907876,365,117.6
14441,1,4,1712.89,5,4,4,544,Champions,428.2225,428.2225,Silver,1,0,0,254,0.35294117647058826,1.0,0.011111111111111112,0.3073846743377559,255,111.5
14442,205,2,1589.82,1,3,4,134,Needs Attention,794.91,794.91,Bronze,0,0,0,112,0.26785714285714285,1.0,1.0,0.14070181228507614,316,241.0
14443,54,4,1420.2,3,4,4,344,Loyal,355.05,355.05,Silver,0,0,0,314,0.2857142857142857,1.0,0.6,0.26445348420919945,368,234.5
14446,1,4,1039.58,5,4,4,544,Champions,259.895,259.895,Silver,1,0,0,245,0.36585365853658536,1.0,0.011111111111111112,0.30642351012008495,246,233.25
14447,19,5,1163.23,4,4,4,444,Champions,232.646,232.646,Silver,1,0,0,261,0.3435114503816794,1.0,0.2111111111111111,0.29359692712626545,280,114.2
14448,9,2,375.35,5,3,2,532,Potential,187.675,187.675,Bronze,0,0,0,354,0.08450704225352113,1.0,0.1,0.29618738209721646,363,52.0
14449,19,4,907.1,4,4,3,443,Loyal,226.775,226.775,Silver,0,0,0,353,0.2542372881355932,1.0,0.2111111111111111,0.2917958894537482,371,189.25
14450,181,3,483.25,1,3,2,132,Needs Attention,161.08333333333334,161.08333333333334,Bronze,0,0,0,139,0.42857142857142855,1.0,1.0,0.15980890388169758,320,80.33333333333333
14451,60,2,662.59,3,3,3,333,Loyal,331.295,331.295,Bronze,0,0,0,134,0.22388059701492538,1.0,0.6666666666666666,0.2556883323428445,194,194.5
14452,11,2,264.44,5,3,2,532,Potential,132.22,132.22,Bronze,0,0,0,83,0.3614457831325301,1.0,0.12222222222222222,0.2944247776594832,93,59.5
14453,190,1,119.93,1,1,1,111,Dormant,119.93,119.93,Bronze,0,0,1,0,0.0,0.0,1.0,0.14920019218926417,189,49.0
14456,5,9,3062.4,5,5,5,555,Champions,340.26666666666665,340.26666666666665,Gold,1,0,0,137,1.532846715328467,1.0,0.05555555555555555,0.3132796056521064,141,323.1111111111111
14457,311,1,113.64,1,1,1,111,Dormant,113.64,113.64,Bronze,0,0,1,0,0.0,0.0,1.0,0.052132389552265776,310,88.0
14459,155,1,1837.92,2,1,4,214,Dormant,1837.92,1837.92,Bronze,0,0,1,0,0.0,0.0,1.0,0.17972752543785794,154,760.0
14460,110,3,434.34,2,3,2,232,Needs Attention,144.78,144.78,Bronze,0,0,0,200,0.3,1.0,1.0,0.21669095548347989,310,293.6666666666667
14461,148,3,2103.06,2,3,5,235,Needs Attention,701.02,701.02,Bronze,0,0,0,113,0.5309734513274337,1.0,1.0,0.1885918050358933,261,255.33333333333334
14462,66,11,2004.02,3,5,4,354,Loyal,182.1836363636364,182.1836363636364,Silver,0,0,0,273,0.8791208791208791,1.0,0.7333333333333333,0.2657090780062691,339,87.63636363636364
14463,98,3,529.62,2,3,3,233,Needs Attention,176.54,176.54,Bronze,0,0,0,107,0.5607476635514018,1.0,1.0,0.22645263814108058,204,59.666666666666664
14465,247,3,1058.62,1,3,4,134,Needs Attention,352.8733333333334,352.8733333333334,Bronze,0,0,0,56,0.5357142857142857,1.0,1.0,0.10768908021430751,302,135.0
14466,29,7,2272.4,4,5,5,455,Champions,324.62857142857143,324.62857142857143,Gold,1,0,0,343,0.5247813411078718,1.0,0.32222222222222224,0.29002971370420727,371,143.71428571428572
14467,18,4,598.76,4,4,3,443,Loyal,149.69,149.69,Silver,0,0,0,295,0.3050847457627119,1.0,0.2,0.2921578666416965,312,69.5
14470,12,2,461.19,5,3,2,532,Potential,230.595,230.595,Bronze,0,0,0,275,0.10869565217391304,1.0,0.13333333333333333,0.2939035033943344,287,96.5
14472,104,8,1936.84,2,5,4,254,At Risk,242.105,242.105,Bronze,0,1,0,251,0.8333333333333334,1.0,1.0,0.2308256736220312,354,145.0
14473,74,2,234.34,2,3,1,231,Dormant,117.17,117.17,Bronze,0,0,1,208,0.14423076923076922,1.0,0.8222222222222222,0.24384704991671793,281,44.0
14474,46,1,547.66,3,1,3,313,Dormant,547.66,547.66,Bronze,0,0,1,0,0.0,0.0,0.5111111111111111,0.26531880717073975,45,140.0
14475,72,3,925.85,2,3,3,233,Needs Attention,308.6166666666667,308.6166666666667,Bronze,0,0,0,233,0.2575107296137339,1.0,0.8,0.24787387979145684,304,149.0
14476,257,1,215.7,1,1,1,111,Dormant,215.7,215.7,Bronze,0,0,1,0,0.0,0.0,1.0,0.09559359037497427,256,132.0
14477,20,4,1309.6,4,4,4,444,Champions,327.4,327.4,Silver,1,0,0,277,0.3237410071942446,1.0,0.2222222222222222,0.2915683276505943,296,180.0
14479,254,2,316.25,1,3,2,132,Needs Attention,158.125,158.125,Bronze,0,0,0,111,0.26785714285714285,1.0,1.0,0.0995789514303272,364,58.5
14480,11,1,279.05,5,1,2,512,Potential,279.05,279.05,Bronze,0,0,0,0,0.0,0.0,0.12222222222222222,0.29301022704388213,10,143.0
14481,165,2,636.51,2,3,3,233,Needs Attention,318.255,318.255,Bronze,0,0,0,122,0.24390243902439024,1.0,1.0,0.17142650366262405,286,244.5
14482,18,6,2068.15,4,5,5,455,Champions,344.69166666666666,344.69166666666666,Gold,1,0,0,220,0.6787330316742081,1.0,0.2,0.29712626523703095,238,274.3333333333333
14483,282,1,137.1,1,1,1,111,Dormant,137.1,137.1,Bronze,0,0,1,0,0.0,0.0,1.0,0.07542791128233954,281,97.0
14484,50,1,321.92,3,1,2,312,Dormant,321.92,321.92,Bronze,0,0,1,0,0.0,0.0,0.5555555555555556,0.2617880024126439,49,210.0
14485,39,1,165.75,3,1,1,311,Dormant,165.75,165.75,Bronze,0,0,1,0,0.0,0.0,0.43333333333333335,0.2703885958575083,38,71.0
14487,27,6,1196.33,4,5,4,454,Champions,199.3883333333333,199.3883333333333,Silver,1,0,0,341,0.3508771929824561,1.0,0.3,0.28866247247307825,367,122.5
14488,68,1,1064.28,3,1,4,314,Dormant,1064.28,1064.28,Bronze,0,0,1,0,0.0,0.0,0.7555555555555555,0.24840923428701991,67,799.0
14489,207,1,463.38,1,1,2,112,Dormant,463.38,463.38,Bronze,0,0,1,0,0.0,0.0,1.0,0.1360541106674675,206,299.0
14491,175,2,340.93,2,3,2,232,Needs Attention,170.465,170.465,Bronze,0,0,0,197,0.15228426395939088,1.0,1.0,0.1629831666077751,372,69.5
14493,7,5,2383.24,5,4,5,545,Champions,476.648,476.648,Silver,1,0,0,147,0.8108108108108109,1.0,0.07777777777777778,0.30496418556699884,154,257.0
14494,26,1,139.56,4,1,1,411,Potential,139.56,139.56,Bronze,0,0,0,0,0.0,0.0,0.28888888888888886,0.28077901656708143,25,92.0
14495,51,2,123.8,3,3,1,331,Dormant,61.900000000000006,61.900000000000006,Bronze,0,0,1,70,0.4225352112676056,1.0,0.5666666666666667,0.2621384495976129,120,31.0
14496,312,2,538.8100000000001,1,3,3,133,Needs Attention,269.40500000000003,269.40500000000003,Bronze,0,0,0,61,0.4838709677419355,1.0,1.0,0.05337259635053637,372,79.5
14497,309,1,475.37,1,1,2,112,Dormant,475.37,475.37,Bronze,0,0,1,0,0.0,0.0,1.0,0.054253044827022374,308,235.0
14498,43,5,1957.32,3,4,4,344,Loyal,391.464,391.464,Silver,0,0,0,319,0.3761755485893417,1.0,0.4777777777777778,0.27547917044145687,361,219.6
14499,26,3,815.32,4,3,3,433,Loyal,271.77333333333337,271.77333333333337,Bronze,0,0,0,252,0.23809523809523808,1.0,0.28888888888888886,0.28461449160852503,278,167.0
14500,88,3,356.85,2,3,2,232,Needs Attention,118.95,118.95,Bronze,0,0,0,101,0.594059405940594,1.0,0.9777777777777777,0.23422739569860107,189,39.0
14501,184,2,251.21,1,3,2,132,Needs Attention,125.605,125.605,Bronze,0,0,0,136,0.22058823529411764,1.0,1.0,0.15563583807967285,319,80.5
14502,20,11,2470.67,4,5,5,455,Champions,224.60636363636365,224.60636363636365,Gold,1,0,0,293,0.8163265306122449,1.0,0.2222222222222222,0.30327362643968836,312,136.1818181818182
14503,3,6,3543.26,5,5,5,555,Champions,590.5433333333334,590.5433333333334,Gold,1,0,0,175,0.8571428571428571,1.0,0.03333333333333333,0.31126410141730504,178,334.0
14504,47,4,673.26,3,4,3,343,Loyal,168.315,168.315,Silver,0,0,0,231,0.38961038961038963,1.0,0.5222222222222223,0.2690021848765171,277,77.0
14505,17,8,5905.64,4,5,5,455,Champions,738.205,738.205,Gold,1,0,0,344,0.6086956521739131,1.0,0.18888888888888888,0.3062773155368711,361,344.875
14506,17,5,2012.17,4,4,4,444,Champions,402.434,402.434,Silver,1,0,0,351,0.3409090909090909,1.0,0.18888888888888888,0.2964130849458996,368,146.0
14507,24,6,1383.18,4,5,4,454,Champions,230.53,230.53,Silver,1,0,0,252,0.4743083003952569,1.0,0.26666666666666666,0.2913356218989804,275,100.0
14508,22,2,276.42,4,3,2,432,Potential,138.21,138.21,Bronze,0,0,0,67,0.44776119402985076,1.0,0.24444444444444444,0.28561834995024443,89,65.5
14511,11,5,1314.81,5,4,4,544,Champions,262.962,262.962,Silver,1,0,0,122,0.9836065573770492,1.0,0.12222222222222222,0.3002304230708786,133,156.8
14512,188,2,275.28,1,3,2,132,Needs Attention,137.64,137.64,Bronze,0,0,0,44,0.6666666666666666,1.0,1.0,0.1524616423623107,231,61.0
14513,101,3,455.59,2,3,2,232,Needs Attention,151.86333333333334,151.86333333333334,Bronze,0,0,0,188,0.3191489361702128,1.0,1.0,0.2239405416433061,288,120.33333333333333
14514,61,3,1055.35,3,3,4,334,Loyal,351.7833333333333,351.7833333333333,Bronze,0,0,0,270,0.2222222222222222,1.0,0.6777777777777778,0.2568822731829461,330,196.33333333333334
14515,18,6,2102.09,4,5,5,455,Champions,350.34833333333336,350.34833333333336,Gold,1,0,0,200,0.5970149253731343,1.0,0.2,0.29717471530245065,218,189.0
14517,33,2,330.45,3,3,2,332,Dormant,165.225,165.225,Bronze,0,0,1,108,0.2777777777777778,1.0,0.36666666666666664,0.27687194950237565,141,45.5
14518,64,1,174.37,3,1,1,311,Dormant,174.37,174.37,Bronze,0,0,1,0,0.0,0.0,0.7111111111111111,0.25034742515338,63,278.0
14520,2,2,270.6,5,3,2,532,Potential,135.3,135.3,Bronze,0,0,0,289,0.10380622837370242,1.0,0.022222222222222223,0.30165282252622805,290,73.0
14522,24,4,974.54,4,4,4,444,Champions,243.635,243.635,Silver,1,0,0,173,0.5172413793103449,1.0,0.26666666666666666,0.28788146628814715,197,131.25
14523,108,1,241.09,2,1,1,211,Dormant,241.09,241.09,Bronze,0,0,1,0,0.0,0.0,1.0,0.21514855171270902,107,251.0
14524,32,9,1867.68,4,5,4,454,Champions,207.52,207.52,Silver,1,0,0,329,0.45592705167173253,1.0,0.35555555555555557,0.2899163636579624,360,75.11111111111111
14525,20,9,4332.2,4,5,5,455,Champions,481.3555555555556,481.3555555555556,Gold,1,0,0,341,0.7017543859649122,1.0,0.2222222222222222,0.3030601863566657,360,299.55555555555554
14527,3,55,8508.82,5,5,5,555,Champions,154.7058181818182,154.7058181818182,Platinum,1,0,0,366,4.332425068119891,1.0,0.03333333333333333,0.38868747121578434,368,37.981818181818184
14528,37,1,364.22,3,1,2,312,Dormant,364.22,364.22,Bronze,0,0,1,0,0.0,0.0,0.4111111111111111,0.2722761940409147,36,278.0
14529,60,3,620.04,3,3,3,333,Loyal,206.68,206.68,Bronze,0,0,0,50,1.2,1.0,0.6666666666666666,0.25706299801949956,109,116.0
14530,26,6,2925.91,4,5,5,455,Champions,487.6516666666666,487.6516666666666,Gold,1,0,0,270,0.5535055350553505,1.0,0.28888888888888886,0.29193362341824985,296,235.0
14532,236,4,932.85,1,4,3,143,Needs Attention,233.2125,233.2125,Bronze,0,0,0,115,0.7758620689655172,1.0,1.0,0.11776847699853665,351,71.0
14533,25,7,1949.72,4,5,4,454,Champions,278.5314285714286,278.5314285714286,Silver,1,0,0,328,0.5487804878048781,1.0,0.2777777777777778,0.29277763735218276,352,574.1428571428571
14534,3,18,4447.05,5,5,5,555,Champions,247.0583333333333,247.0583333333333,Gold,1,0,0,315,1.6139240506329113,1.0,0.03333333333333333,0.3297791610760286,318,113.72222222222223
14535,60,3,2864.19,3,3,5,335,Loyal,954.73,954.73,Bronze,0,0,0,188,0.3191489361702128,1.0,0.6666666666666666,0.2602665694488357,248,610.3333333333334
14536,260,1,171.8,1,1,1,111,Dormant,171.8,171.8,Bronze,0,0,1,0,0.0,0.0,1.0,0.0931245050873087,259,40.0
14537,58,1,355.56,3,1,2,312,Dormant,355.56,355.56,Bronze,0,0,1,0,0.0,0.0,0.6444444444444445,0.2554189119222747,57,120.0
14538,65,2,388.25,3,3,2,332,Dormant,194.125,194.125,Bronze,0,0,1,191,0.15625,1.0,0.7222222222222222,0.25128601102287823,255,77.5
14539,16,2,537.48,4,3,3,433,Loyal,268.74,268.74,Bronze,0,0,0,28,1.0344827586206897,1.0,0.17777777777777778,0.29080385282771526,44,214.0
14540,10,3,996.26,5,3,4,534,Loyal,332.08666666666664,332.08666666666664,Bronze,0,0,0,299,0.2,1.0,0.1111111111111111,0.29770701187148163,308,140.33333333333334
14541,59,8,1461.65,3,5,4,354,Loyal,182.70625,182.70625,Silver,0,0,0,260,0.6896551724137931,1.0,0.6555555555555556,0.26624358656501473,318,80.875
14542,186,1,103.25,1,1,1,111,Dormant,103.25,103.25,Bronze,0,0,1,0,0.0,0.0,1.0,0.1523849372873998,185,19.0
14543,29,16,3630.33,4,5,5,455,Champions,226.895625,226.895625,Gold,1,0,0,336,1.25,1.0,0.32222222222222224,0.30488684769003355,364,42.4375
14544,24,2,2024.45,4,3,4,434,Loyal,1012.225,1012.225,Bronze,0,0,0,337,0.08902077151335312,1.0,0.26666666666666666,0.28650942154702325,361,771.5
14546,5,5,2578.09,5,4,5,545,Champions,515.618,515.618,Silver,1,0,0,243,0.49382716049382713,1.0,0.05555555555555555,0.30684661612409947,248,263.4
14547,4,8,4007.54,5,5,5,555,Champions,500.9425,500.9425,Gold,1,0,0,50,4.11764705882353,1.0,0.044444444444444446,0.3139955452635382,53,333.5
14548,151,2,652.8,2,3,3,233,Needs Attention,326.4,326.4,Bronze,0,0,0,167,0.17964071856287425,1.0,1.0,0.18267970450506438,317,128.0
14549,311,1,289.24,1,1,2,112,Dormant,289.24,289.24,Bronze,0,0,1,0,0.0,0.0,1.0,0.052383062253730225,310,136.0
14550,11,2,765.62,5,3,3,533,Loyal,382.81,382.81,Bronze,0,0,0,33,0.8823529411764706,1.0,0.12222222222222222,0.2951402226738337,44,197.0
14551,18,2,186.23,4,3,1,431,Potential,93.115,93.115,Bronze,0,0,0,185,0.16129032258064516,1.0,0.2,0.28869815797386617,203,53.0
14552,152,1,165.07,2,1,1,211,Dormant,165.07,165.07,Bronze,0,0,1,0,0.0,0.0,1.0,0.17974591391322803,151,91.0
14553,19,5,859.27,4,4,3,443,Loyal,171.85399999999998,171.85399999999998,Silver,0,0,0,319,0.28125,1.0,0.2111111111111111,0.29316301781910636,338,98.6
14554,10,4,2381.04,5,4,5,545,Champions,595.26,595.26,Silver,1,0,0,42,2.142857142857143,1.0,0.1111111111111111,0.30111922120976115,51,369.5
14555,57,2,324.14,3,3,2,332,Dormant,162.07,162.07,Bronze,0,0,1,244,0.12244897959183673,1.0,0.6333333333333333,0.25761160494597174,301,65.0
14557,85,1,788.38,2,1,3,213,Dormant,788.38,788.38,Bronze,0,0,1,0,0.0,0.0,0.9444444444444444,0.2343790175849727,84,510.0
14560,7,22,2237.77,5,5,5,555,Champions,101.71681818181818,101.71681818181818,Gold,1,0,0,350,1.6285714285714286,1.0,0.07777777777777778,0.3291584379512414,357,57.27272727272727
14561,76,3,1080.76,2,3,4,234,Needs Attention,360.25333333333333,360.25333333333333,Bronze,0,0,0,108,0.5504587155963303,1.0,0.8444444444444444,0.24488646093206506,183,338.0
14562,4,18,5074.77,5,5,5,555,Champions,281.9316666666667,281.9316666666667,Platinum,1,0,0,300,1.5946843853820598,1.0,0.044444444444444446,0.3298731055702769,303,101.88888888888889
14565,96,4,3099.12,2,4,5,245,At Risk,774.78,774.78,Bronze,0,1,0,265,0.3383458646616541,1.0,1.0,0.23316033832688554,360,385.0
14566,111,1,1432.0,2,1,4,214,Dormant,1432.0,1432.0,Bronze,0,0,1,0,0.0,0.0,1.0,0.21444218372854748,110,800.0
14567,57,2,1530.36,3,3,4,334,Loyal,765.1800000000001,765.1800000000001,Bronze,0,0,0,73,0.40540540540540543,1.0,0.6333333333333333,0.2593335094218284,129,206.0
14569,1,1,227.39,5,1,1,511,Potential,227.39,227.39,Bronze,0,0,0,0,0.0,0.0,0.011111111111111112,0.3009578716792749,0,79.0
14570,281,2,218.06,1,3,1,131,Dormant,109.03,109.03,Bronze,0,0,1,0,0.0,1.0,1.0,0.07778102912488948,280,47.5
14572,3,7,2832.84,5,5,5,555,Champions,404.6914285714286,404.6914285714286,Gold,1,0,0,320,0.5607476635514018,1.0,0.03333333333333333,0.31168536859095863,323,204.0
14573,180,9,1653.42,1,5,4,154,At Risk,183.7133333333333,183.7133333333333,Bronze,0,1,0,192,1.088082901554404,1.0,1.0,0.17089392545147872,371,60.44444444444444
14576,372,1,35.400000000000006,1,1,1,111,Dormant,35.400000000000006,35.400000000000006,Bronze,0,0,1,0,0.0,0.0,1.0,0.0030902190196259055,371,12.0
14577,13,4,859.71,5,4,3,543,Loyal,214.9275,214.9275,Silver,0,0,0,350,0.2571428571428571,1.0,0.14444444444444443,0.2965410734544155,362,88.25
14578,3,1,168.63,5,1,1,511,Potential,168.63,168.63,Bronze,0,0,0,0,0.0,0.0,0.03333333333333333,0.2992697124658092,2,240.0
14581,17,1,138.6,4,1,1,411,Potential,138.6,138.6,Bronze,0,0,0,0,0.0,0.0,0.18888888888888888,0.2879968974837441,16,217.0
14582,41,1,114.11,3,1,1,311,Dormant,114.11,114.11,Bronze,0,0,1,0,0.0,0.0,0.45555555555555555,0.2687106005941247,40,73.0
14583,6,5,1052.55,5,4,4,544,Champions,210.51,210.51,Silver,1,0,0,200,0.6,1.0,0.06666666666666667,0.3038667365798778,205,158.4
14584,169,4,1042.26,2,4,4,244,At Risk,260.565,260.565,Bronze,0,1,0,29,3.103448275862069,1.0,1.0,0.17166797758780647,197,95.75
14585,50,1,157.05,3,1,1,311,Dormant,157.05,157.05,Bronze,0,0,1,0,0.0,0.0,0.5555555555555556,0.26155264701235664,49,91.0
14586,277,1,237.36,1,1,1,111,Dormant,237.36,237.36,Bronze,0,0,1,0,0.0,0.0,1.0,0.07958172973288133,276,444.0
14587,19,9,1601.14,4,5,4,454,Champions,177.9044444444445,177.9044444444445,Silver,1,0,0,312,0.7667731629392971,1.0,0.2111111111111111,0.29996367967620885,330,84.55555555555556
14589,372,1,39.75,1,1,1,111,Dormant,39.75,39.75,Bronze,0,0,1,0,0.0,0.0,1.0,0.0030964287363193584,371,5.0
14591,15,4,1447.14,4,4,4,444,Champions,361.785,361.785,Silver,1,0,0,197,0.15151515151515152,1.0,0.16666666666666666,0.29577536408695954,212,324.25
14592,35,3,570.46,3,3,3,333,Loyal,190.1533333333333,190.1533333333333,Bronze,0,0,0,28,2.0689655172413794,1.0,0.3888888888888889,0.27704569746023383,63,138.33333333333334
14593,22,3,617.99,4,3,3,433,Loyal,205.99666666666667,205.99666666666667,Bronze,0,0,0,177,0.1694915254237288,1.0,0.24444444444444444,0.28754135502374756,198,110.66666666666667
14594,7,2,379.83,5,3,2,532,Potential,189.915,189.915,Bronze,0,0,0,365,0.08196721311475409,1.0,0.07777777777777778,0.29779805546651644,372,92.5
14595,20,6,1740.6,4,5,4,454,Champions,290.1,290.1,Silver,1,0,0,293,0.5102040816326531,1.0,0.2222222222222222,0.295054402632753,312,163.0
14597,11,2,883.15,5,3,3,533,Loyal,441.575,441.575,Bronze,0,0,0,180,0.16666666666666666,1.0,0.12222222222222222,0.2953079992262433,191,288.5
14598,44,1,221.97,3,1,1,311,Dormant,221.97,221.97,Bronze,0,0,1,0,0.0,0.0,0.4888888888888889,0.26645815590540134,43,189.0
14600,306,1,393.33,1,1,2,112,Dormant,393.33,393.33,Bronze,0,0,1,0,0.0,0.0,1.0,0.05654234811000437,305,125.0
14601,11,1,213.96,5,1,1,511,Potential,213.96,213.96,Bronze,0,0,0,0,0.0,0.0,0.12222222222222222,0.292917309696853,10,168.0
14603,275,1,660.0,1,1,3,113,Dormant,660.0,660.0,Bronze,0,0,1,0,0.0,0.0,1.0,0.08178933531655702,274,400.0
14606,1,93,12156.65,5,5,5,555,Champions,130.71666666666667,130.71666666666667,Platinum,1,0,0,372,7.096774193548387,1.0,0.011111111111111112,0.45004455805354854,372,66.9247311827957
14607,16,14,16569.5,4,5,5,455,Champions,1183.5357142857142,1183.5357142857142,Platinum,1,0,0,245,0.7317073170731707,1.0,0.17777777777777778,0.33091477969871363,260,840.4285714285714
14608,4,4,1785.15,5,4,4,544,Champions,446.2875,446.2875,Silver,1,0,0,358,0.25139664804469275,1.0,0.044444444444444446,0.3050814098986217,361,109.25
14609,72,4,601.56,2,4,3,243,Needs Attention,150.39,150.39,Silver,0,0,0,224,0.40178571428571425,1.0,0.8,0.2488463556793272,296,1756.5
14616,243,3,406.08,1,3,2,132,Needs Attention,135.36,135.36,Bronze,0,0,0,74,0.8,1.0,1.0,0.109966121759179,317,34.666666666666664
14618,9,3,553.44,5,3,3,533,Loyal,184.48,184.48,Bronze,0,0,0,328,0.18292682926829268,1.0,0.1,0.29787701602473204,337,88.0
14619,246,1,394.44,1,1,2,112,Dormant,394.44,394.44,Bronze,0,0,1,0,0.0,0.0,1.0,0.10467227490439134,245,152.0
14620,206,2,412.78,1,3,2,132,Needs Attention,206.39,206.39,Bronze,0,0,0,78,0.38461538461538464,1.0,1.0,0.13821942383687016,283,107.0
14621,1,5,1788.36,5,4,4,544,Champions,357.672,357.672,Silver,1,0,0,357,0.33613445378151263,1.0,0.011111111111111112,0.3089278160521492,357,198.6
14622,185,1,320.58000000000004,1,1,2,112,Dormant,320.58000000000004,320.58000000000004,Bronze,0,0,1,0,0.0,0.0,1.0,0.1534973194809222,184,146.0
14623,32,5,889.25,4,4,3,443,Loyal,177.85,177.85,Silver,0,0,0,203,0.5911330049261084,1.0,0.35555555555555557,0.2827780074144224,234,83.8
14624,57,2,225.85,3,3,1,331,Dormant,112.925,112.925,Bronze,0,0,1,1,15.0,1.0,0.6333333333333333,0.25747129389912127,58,81.0
14625,196,2,899.63,1,3,3,133,Needs Attention,449.815,449.815,Bronze,0,0,0,164,0.18181818181818182,1.0,1.0,0.1469358028484908,360,167.5
14626,24,4,2791.27,4,4,5,445,Champions,697.8175,697.8175,Silver,1,0,0,209,0.42857142857142855,1.0,0.26666666666666666,0.2904748866579165,232,350.75
14628,91,2,671.96,2,3,3,233,Needs Attention,335.98,335.98,Bronze,0,0,0,151,0.1986754966887417,1.0,1.0,0.23083539805492645,241,136.0
14629,4,2,959.01,5,3,4,534,Loyal,479.505,479.505,Bronze,0,0,0,43,0.6976744186046512,1.0,0.044444444444444446,0.30103126423732485,46,190.0
14631,51,3,1006.98,3,3,4,334,Loyal,335.66,335.66,Bronze,0,0,0,248,0.24193548387096775,1.0,0.5666666666666667,0.2648346143626886,298,207.33333333333334
14632,263,1,114.56,1,1,1,111,Dormant,114.56,114.56,Bronze,0,0,1,0,0.0,0.0,1.0,0.09063637666844984,262,96.0
14633,266,1,344.90000000000003,1,1,2,112,Dormant,344.90000000000003,344.90000000000003,Bronze,0,0,1,0,0.0,0.0,1.0,0.08855877476147682,265,96.0
14636,36,2,609.85,3,3,3,333,Loyal,304.925,304.925,Bronze,0,0,0,232,0.12931034482758622,1.0,0.4,0.27486438177953615,268,120.5
14638,51,1,443.6,3,1,2,312,Dormant,443.6,443.6,Bronze,0,0,1,0,0.0,0.0,0.5666666666666667,0.26115956414009794,50,166.0
14639,52,6,2984.49,3,5,5,355,Loyal,497.415,497.415,Gold,0,0,0,309,0.2912621359223301,1.0,0.5777777777777777,0.271161632629793,360,238.5
14640,24,6,2125.08,4,5,5,455,Champions,354.18,354.18,Gold,1,0,0,203,0.7389162561576355,1.0,0.26666666666666666,0.29239469978745686,227,147.66666666666666
14641,22,1,110.46,4,1,1,411,Potential,110.46,110.46,Bronze,0,0,0,0,0.0,0.0,0.24444444444444444,0.2839460318534165,21,90.0
14642,59,1,96.12,3,1,1,311,Dormant,96.12,96.12,Bronze,0,0,1,0,0.0,0.0,0.6555555555555556,0.25424641681611754,58,76.0
14643,170,2,693.8100000000001,2,3,3,233,Needs Attention,346.90500000000003,346.90500000000003,Bronze,0,0,0,187,0.1595744680851064,1.0,1.0,0.16749760543328235,357,407.5
14644,68,2,830.76,3,3,3,333,Loyal,415.38,415.38,Bronze,0,0,0,230,0.12987012987012986,1.0,0.7555555555555555,0.24951128626322702,297,129.0
14645,157,2,597.09,2,3,3,233,Needs Attention,298.545,298.545,Bronze,0,0,0,118,0.25210084033613445,1.0,1.0,0.17778734308115687,275,190.5
14646,2,73,280206.02,5,5,5,555,Champions,3838.4386301369855,3838.4386301369855,Platinum,1,0,0,353,3.7393767705382435,1.0,0.022222222222222223,0.8031804109203491,354,2697.4657534246576
14647,201,1,243.22,1,1,1,111,Dormant,243.22,243.22,Bronze,0,0,1,0,0.0,0.0,1.0,0.14055266185132378,200,95.0
14649,5,4,1417.29,5,4,4,544,Champions,354.3225,354.3225,Silver,1,0,0,207,0.28846153846153844,1.0,0.05555555555555555,0.30375414295708425,211,254.5
14651,67,2,654.6,3,3,3,333,Loyal,327.3,327.3,Bronze,0,0,0,143,0.20833333333333334,1.0,0.7444444444444445,0.2500619531873915,210,172.0
14652,77,1,114.18,2,1,1,211,Dormant,114.18,114.18,Bronze,0,0,1,0,0.0,0.0,0.8555555555555555,0.2398336951730067,76,53.0
14653,1,7,1947.55,5,5,4,554,Champions,278.2214285714286,278.2214285714286,Silver,1,0,0,337,0.4451038575667655,1.0,0.011111111111111112,0.3120258765298372,337,135.71428571428572
14655,8,4,1932.23,5,4,4,544,Champions,483.0575,483.0575,Silver,1,0,0,214,0.42056074766355145,1.0,0.08888888888888889,0.30208281354918176,221,272.25
14656,169,2,291.05,2,3,2,232,Needs Attention,145.525,145.525,Bronze,0,0,0,114,0.2631578947368421,1.0,1.0,0.16772479608095572,282,60.0
14657,18,4,848.22,4,4,3,443,Loyal,212.055,212.055,Silver,0,0,0,308,0.2912621359223301,1.0,0.2,0.2925139760500526,325,116.5
14658,5,2,247.15,5,3,1,531,Potential,123.575,123.575,Bronze,0,0,0,111,0.26785714285714285,1.0,0.05555555555555555,0.299212930044627,116,23.5
14659,9,9,2529.93,5,5,5,555,Champions,281.1033333333333,281.1033333333333,Gold,1,0,0,306,0.7817589576547231,1.0,0.1,0.30931093735346277,315,132.77777777777777
14660,87,2,285.74,2,3,2,232,Needs Attention,142.87,142.87,Bronze,0,0,0,14,2.142857142857143,1.0,0.9666666666666667,0.2334926170135452,100,114.0
14661,27,1,107.95,4,1,1,411,Potential,107.95,107.95,Bronze,0,0,0,0,0.0,0.0,0.3,0.27993175358834255,26,35.0
14662,29,4,771.17,4,4,3,443,Loyal,192.7925,192.7925,Silver,0,0,0,287,0.3125,1.0,0.32222222222222224,0.2835804561391544,315,150.5
14664,20,2,637.89,4,3,3,433,Loyal,318.945,318.945,Bronze,0,0,0,13,2.142857142857143,1.0,0.2222222222222222,0.2877386340695205,32,233.0
14665,61,5,1835.7,3,4,4,344,Loyal,367.14,367.14,Silver,0,0,0,250,0.36000000000000004,1.0,0.6777777777777778,0.2608670526540376,310,148.0
14666,24,1,195.25,4,1,1,411,Potential,195.25,195.25,Bronze,0,0,0,0,0.0,0.0,0.26666666666666666,0.2824627932908347,23,161.0
14667,11,25,9241.2,5,5,5,555,Champions,369.648,369.648,Platinum,1,0,0,357,1.8435754189944134,1.0,0.12222222222222222,0.3402536458471862,367,215.4
14669,242,3,1269.99,1,3,4,134,Needs Attention,423.33,423.33,Bronze,0,0,0,90,0.32967032967032966,1.0,1.0,0.11200151053193191,332,258.3333333333333
14670,280,2,411.53,1,3,2,132,Needs Attention,205.765,205.765,Bronze,0,0,0,0,0.0,1.0,1.0,0.07885935066546798,279,168.5
14672,235,2,765.5500000000001,1,3,3,133,Needs Attention,382.775,382.775,Bronze,0,0,0,101,0.29411764705882354,1.0,1.0,0.11546097836233152,335,227.0
14673,3,5,1736.4,5,4,4,544,Champions,347.28000000000003,347.28000000000003,Silver,1,0,0,364,0.32967032967032966,1.0,0.03333333333333333,0.30724936398202035,367,200.8
14675,16,1,604.75,4,1,3,413,Potential,604.75,604.75,Bronze,0,0,0,0,0.0,0.0,0.17777777777777778,0.28946447547213194,15,341.0
14676,31,6,2548.24,4,5,5,455,Champions,424.7066666666667,424.7066666666667,Gold,1,0,0,251,0.5952380952380952,1.0,0.34444444444444444,0.2873837963451953,282,416.6666666666667
14680,25,16,28754.11,4,5,5,455,Champions,1797.131875,1797.131875,Platinum,1,0,0,346,1.300578034682081,1.0,0.2777777777777778,0.34396012937278647,371,842.25
14681,71,3,498.95,3,3,3,333,Loyal,166.31666666666666,166.31666666666666,Bronze,0,0,0,140,0.21428571428571427,1.0,0.7888888888888889,0.24806661008028422,211,25.333333333333332
14682,188,2,52.0,1,3,1,131,Dormant,26.0,26.0,Bronze,0,0,1,13,2.142857142857143,1.0,1.0,0.15214290545580167,200,40.0
14684,26,5,1236.28,4,4,4,444,Champions,247.256,247.256,Silver,1,0,0,336,0.3560830860534125,1.0,0.28888888888888886,0.288086234279051,362,170.6
14687,107,1,628.38,2,1,3,213,Dormant,628.38,628.38,Bronze,0,0,1,0,0.0,0.0,1.0,0.21650355538881053,106,470.0
14688,8,21,5630.87,5,5,5,555,Champions,268.13666666666666,268.13666666666666,Platinum,1,0,0,366,1.5573770491803278,1.0,0.08888888888888889,0.33176461398824486,373,172.42857142857142
14689,209,1,112.8,1,1,1,111,Dormant,112.8,112.8,Bronze,0,0,1,0,0.0,0.0,1.0,0.13394937225274128,208,76.0
14690,44,2,371.7,3,3,2,332,Dormant,185.85,185.85,Bronze,0,0,1,107,0.2803738317757009,1.0,0.4888888888888889,0.26810730533511784,151,85.0
14691,31,5,2114.33,4,4,5,445,Champions,422.866,422.866,Silver,1,0,0,182,0.4945054945054945,1.0,0.34444444444444444,0.2853289739752614,212,141.4
14692,137,4,591.55,2,4,3,243,Needs Attention,147.8875,147.8875,Bronze,0,0,0,185,0.4864864864864865,1.0,1.0,0.19669302876017178,321,66.25
14693,265,1,172.9,1,1,1,111,Dormant,172.9,172.9,Bronze,0,0,1,0,0.0,0.0,1.0,0.08911538017332978,264,34.0
14696,4,7,2078.95,5,5,5,555,Champions,296.99285714285713,296.99285714285713,Gold,1,0,0,368,0.4878048780487805,1.0,0.044444444444444446,0.3098070356873123,372,232.85714285714286
14697,218,2,188.61,1,3,1,131,Dormant,94.305,94.305,Bronze,0,0,1,0,0.0,1.0,1.0,0.12827374798740301,217,90.5
14698,2,5,1250.76,5,4,4,544,Champions,250.152,250.152,Silver,1,0,0,49,2.4,1.0,0.022222222222222223,0.30735824168267,50,123.0
14699,214,1,109.13,1,1,1,111,Dormant,109.13,109.13,Bronze,0,0,1,0,0.0,0.0,1.0,0.12993343806321575,213,77.0
14700,32,3,2235.3,4,3,5,435,Loyal,745.1,745.1,Bronze,0,0,0,206,0.2912621359223301,1.0,0.35555555555555557,0.28182870876562016,237,447.3333333333333
14701,11,9,2549.37,5,5,5,555,Champions,283.2633333333333,283.2633333333333,Gold,1,0,0,305,0.5882352941176471,1.0,0.12222222222222222,0.3077344102883713,316,103.55555555555556
14702,1,17,3292.14,5,5,5,555,Champions,193.65529411764703,193.65529411764703,Gold,1,0,0,364,1.3186813186813187,1.0,0.011111111111111112,0.32829937408303483,364,85.52941176470588
14703,15,1,318.17,4,1,2,412,Potential,318.17,318.17,Bronze,0,0,0,0,0.0,0.0,0.16666666666666666,0.28985751551875827,14,183.0
14704,11,9,1546.91,5,5,4,554,Champions,171.8788888888889,171.8788888888889,Silver,1,0,0,168,1.4201183431952662,1.0,0.12222222222222222,0.30630337750756237,179,120.22222222222223
14705,199,1,179.0,1,1,1,111,Dormant,179.0,179.0,Bronze,0,0,1,0,0.0,0.0,1.0,0.1420652645224996,198,100.0
14708,3,3,1126.37,5,3,4,534,Loyal,375.4566666666667,375.4566666666667,Bronze,0,0,0,365,0.16393442622950818,1.0,0.03333333333333333,0.30350771990109643,368,207.0
14709,15,13,4921.04,4,5,5,455,Champions,378.5415384615384,378.5415384615384,Gold,1,0,0,343,0.9620991253644314,1.0,0.16666666666666666,0.31365308985022156,357,191.07692307692307
14710,14,4,606.13,4,4,3,443,Loyal,151.5325,151.5325,Silver,0,0,0,45,2.0,1.0,0.15555555555555556,0.295376943621781,58,94.5
14711,10,11,2868.8,5,5,5,555,Champions,260.8,260.8,Gold,1,0,0,252,1.1904761904761905,1.0,0.1111111111111111,0.3118633557811842,261,88.9090909090909
14712,29,3,917.07,4,3,3,433,Loyal,305.69,305.69,Bronze,0,0,0,82,0.7228915662650602,1.0,0.32222222222222224,0.2823533247660092,111,105.0
14713,9,11,2666.36,5,5,5,555,Champions,242.39636363636365,242.39636363636365,Gold,1,0,0,355,0.8426966292134831,1.0,0.1,0.3123765074513938,364,146.8181818181818
14714,24,1,160.19,4,1,1,411,Potential,160.19,160.19,Bronze,0,0,0,0,0.0,0.0,0.26666666666666666,0.2824127444018066,23,229.0
14715,25,4,867.38,4,4,3,443,Loyal,216.845,216.845,Silver,0,0,0,306,0.2931596091205212,1.0,0.2777777777777778,0.2869263540918932,330,130.25
14716,43,2,329.68,3,3,2,332,Dormant,164.84,164.84,Bronze,0,0,1,105,0.2857142857142857,1.0,0.4777777777777778,0.2688494599368133,148,302.0
14719,2,5,1602.13,5,4,4,544,Champions,320.42600000000004,320.42600000000004,Silver,1,0,0,247,0.4838709677419355,1.0,0.022222222222222223,0.3078598297641823,248,206.4
14720,6,3,663.81,5,3,3,533,Loyal,221.27,221.27,Bronze,0,0,0,120,0.49586776859504134,1.0,0.06666666666666667,0.3004409886385157,126,73.0
14722,147,1,187.92,2,1,1,211,Dormant,187.92,187.92,Bronze,0,0,1,0,0.0,0.0,1.0,0.18378922795704794,146,120.0
14723,10,6,1158.3,5,5,4,554,Champions,193.05,193.05,Silver,1,0,0,361,0.33240997229916897,1.0,0.1111111111111111,0.30224454748280927,370,115.83333333333333
14725,25,1,718.08,4,1,3,413,Potential,718.08,718.08,Bronze,0,0,0,0,0.0,0.0,0.2777777777777778,0.28240700509911143,24,593.0
14727,274,1,268.58,1,1,2,112,Dormant,268.58,268.58,Bronze,0,0,1,0,0.0,0.0,1.0,0.08203271405326575,273,62.0
14729,374,1,313.49,1,1,2,112,Dormant,313.49,313.49,Bronze,0,0,1,0,0.0,0.0,1.0,0.0018829202816060997,373,197.0
14730,1,8,2005.06,5,5,4,554,Champions,250.6325,250.6325,Gold,1,0,0,275,0.6545454545454545,1.0,0.011111111111111112,0.3135433799656525,276,141.5
14731,47,3,380.02,3,3,2,332,Dormant,126.67333333333332,126.67333333333332,Bronze,0,0,1,165,0.36363636363636365,1.0,0.5222222222222223,0.2671481718967598,211,85.33333333333333
14732,8,8,2702.49,5,5,5,555,Champions,337.81125000000003,337.81125000000003,Gold,1,0,0,330,0.6344410876132931,1.0,0.08888888888888889,0.30892400272971576,338,175.625
14733,16,12,9585.91,4,5,5,455,Champions,798.8258333333333,798.8258333333333,Platinum,1,0,0,351,0.9401709401709402,1.0,0.17777777777777778,0.31807474436980726,367,313.6666666666667
14735,4,32,6065.6900000000005,5,5,5,555,Champions,189.5528125,189.5528125,Platinum,1,0,0,354,1.6056338028169013,1.0,0.044444444444444446,0.351383358537739,357,70.75
14737,4,3,1164.55,5,3,4,534,Loyal,388.1833333333333,388.1833333333333,Bronze,0,0,0,349,0.17142857142857143,1.0,0.044444444444444446,0.3027600836184578,352,115.0
14738,43,7,1314.45,3,5,4,354,Loyal,187.77857142857144,187.77857142857144,Silver,0,0,0,273,0.6569343065693432,1.0,0.4777777777777778,0.27743227336255843,315,85.85714285714286
14739,4,7,3902.28,5,5,5,555,Champions,557.4685714285714,557.4685714285714,Gold,1,0,0,363,0.49586776859504134,1.0,0.044444444444444446,0.3124098776962028,366,545.7142857142857
14740,197,3,1448.21,1,3,4,134,Needs Attention,482.7366666666667,482.7366666666667,Bronze,0,0,0,86,0.6976744186046512,1.0,1.0,0.1483521800231152,283,245.0
14741,12,6,1400.34,5,5,4,554,Champions,233.39,233.39,Silver,1,0,0,361,0.4155124653739612,1.0,0.13333333333333333,0.3009857866098931,372,140.16666666666666
14744,16,7,1099.98,4,5,4,454,Champions,157.14,157.14,Silver,1,0,0,350,0.42857142857142855,1.0,0.17777777777777778,0.29878386692745024,366,89.57142857142857
14745,113,5,1220.26,2,4,4,244,At Risk,244.052,244.052,Bronze,0,1,0,172,0.5202312138728324,1.0,1.0,0.2182772691346817,284,207.6
14747,249,1,328.2,1,1,2,112,Dormant,328.2,328.2,Bronze,0,0,1,0,0.0,0.0,1.0,0.1021712987958219,248,84.0
14748,29,5,1415.75,4,4,4,444,Champions,283.15,283.15,Silver,1,0,0,339,0.26548672566371684,1.0,0.32222222222222224,0.28593601437479155,368,244.6
14752,44,1,389.64,3,1,2,312,Dormant,389.64,389.64,Bronze,0,0,1,0,0.0,0.0,0.4888888888888889,0.2666975083647097,43,260.0
14753,87,1,563.15,2,1,3,213,Dormant,563.15,563.15,Bronze,0,0,1,0,0.0,0.0,0.9666666666666667,0.23245321893749343,86,211.0
14754,45,2,638.05,3,3,3,333,Loyal,319.025,319.025,Bronze,0,0,0,250,0.11952191235059761,1.0,0.5,0.2676853865370642,295,243.0
14755,10,11,5010.28,5,5,5,555,Champions,455.48,455.48,Platinum,1,0,0,324,0.9230769230769231,1.0,0.1111111111111111,0.31492036362134407,333,201.72727272727272
14756,15,1,738.96,4,1,3,413,Potential,738.96,738.96,Bronze,0,0,0,0,0.0,0.0,0.16666666666666666,0.2904582021135716,14,416.0
14757,75,1,420.5,2,1,2,212,Dormant,420.5,420.5,Bronze,0,0,1,0,0.0,0.0,0.8333333333333334,0.24187525150477837,74,160.0
14758,145,4,1484.06,2,4,4,244,At Risk,371.015,371.015,Bronze,0,1,0,114,0.7826086956521738,1.0,1.0,0.1915499932988844,259,104.75
14759,5,3,1625.97,5,3,4,534,Loyal,541.99,541.99,Bronze,0,0,0,228,0.2631578947368421,1.0,0.05555555555555555,0.3026166313572759,232,189.66666666666666
14760,297,1,89.2,1,1,1,111,Dormant,89.2,89.2,Bronze,0,0,1,0,0.0,0.0,1.0,0.0633274474611603,296,40.0
14761,59,2,255.9,3,3,2,332,Dormant,127.95,127.95,Bronze,0,0,1,276,0.10869565217391304,1.0,0.6555555555555556,0.25590991283267756,334,59.0
14762,264,1,300.52,1,1,2,112,Dormant,300.52,300.52,Bronze,0,0,1,0,0.0,0.0,1.0,0.09009969945085909,263,341.0
14764,47,1,278.3,3,1,2,312,Dormant,278.3,278.3,Bronze,0,0,1,0,0.0,0.0,0.5222222222222223,0.2641321510554793,46,190.0
14765,29,3,254.11,4,3,2,432,Potential,84.70333333333333,84.70333333333333,Bronze,0,0,0,147,0.40816326530612246,1.0,0.32222222222222224,0.2814069353915054,175,45.0
14766,8,6,2473.37,5,5,5,555,Champions,412.2283333333333,412.2283333333333,Gold,1,0,0,358,0.4189944134078213,1.0,0.08888888888888889,0.3057261157029765,365,224.83333333333334
14768,17,2,192.6,4,3,1,431,Potential,96.3,96.3,Bronze,0,0,0,109,0.2727272727272727,1.0,0.18888888888888888,0.2895093903205722,126,26.0
14769,3,8,10674.75,5,5,5,555,Champions,1334.34375,1334.34375,Gold,1,0,0,354,0.5915492957746479,1.0,0.03333333333333333,0.32431526711378883,357,929.5
14770,232,2,876.4200000000001,1,3,3,133,Needs Attention,438.21,438.21,Bronze,0,0,0,90,0.32967032967032966,1.0,1.0,0.11802566473665467,322,245.0
14772,112,1,139.26,2,1,1,211,Dormant,139.26,139.26,Bronze,0,0,1,0,0.0,0.0,1.0,0.21179463109150648,111,82.0
14775,58,3,1011.9,3,3,4,334,Loyal,337.3,337.3,Bronze,0,0,0,313,0.1910828025477707,1.0,0.6444444444444445,0.25922666450436505,371,391.3333333333333
14776,51,11,2538.3,3,5,5,355,Loyal,230.75454545454545,230.75454545454545,Gold,0,0,0,261,0.9195402298850575,1.0,0.5666666666666667,0.2785038595298303,311,284.90909090909093
14778,127,2,730.86,2,3,3,233,Needs Attention,365.43,365.43,Bronze,0,0,0,181,0.16574585635359115,1.0,1.0,0.2020424736988833,308,153.0
14779,281,3,386.15,1,3,2,132,Needs Attention,128.71666666666667,128.71666666666667,Bronze,0,0,0,43,1.3953488372093024,1.0,1.0,0.07945638784161556,323,28.0
14780,55,2,447.68,3,3,2,332,Dormant,223.84,223.84,Bronze,0,0,1,24,1.2,1.0,0.6111111111111112,0.2593922389749321,78,155.0
14782,320,1,200.1,1,1,1,111,Dormant,200.1,200.1,Bronze,0,0,1,0,0.0,0.0,1.0,0.045036561687853804,319,114.0
14784,26,2,289.99,4,3,2,432,Potential,144.995,144.995,Bronze,0,0,0,297,0.10101010101010101,1.0,0.28888888888888886,0.2824291652615532,323,118.5
14785,10,2,77.4,5,3,1,531,Potential,38.7,38.7,Bronze,0,0,0,4,6.0,1.0,0.1111111111111111,0.29495991315430875,14,42.0
14788,7,2,679.44,5,3,3,533,Loyal,339.72,339.72,Bronze,0,0,0,19,1.5789473684210527,1.0,0.07777777777777778,0.29822575505698207,25,210.5
14789,29,1,197.64,4,1,1,411,Potential,197.64,197.64,Bronze,0,0,0,0,0.0,0.0,0.32222222222222224,0.27845550987904766,28,116.0
14790,17,4,745.06,4,4,3,443,Loyal,186.265,186.265,Silver,0,0,0,236,0.379746835443038,1.0,0.18888888888888888,0.29316885201298076,253,174.75
14792,64,1,6.2,3,1,1,311,Dormant,6.2,6.2,Bronze,0,0,1,0,0.0,0.0,0.7111111111111111,0.25010735893353214,63,2.0
14793,21,1,228.99,4,1,1,411,Potential,228.99,228.99,Bronze,0,0,0,0,0.0,0.0,0.23333333333333334,0.2849173749643381,20,91.0
14794,3,7,1319.91,5,5,4,554,Champions,188.55857142857144,188.55857142857144,Silver,1,0,0,331,0.5421686746987951,1.0,0.03333333333333333,0.3095256291249757,333,96.14285714285714
14795,166,1,131.45000000000002,2,1,1,211,Dormant,131.45000000000002,131.45000000000002,Bronze,0,0,1,0,0.0,0.0,1.0,0.16846797413048945,165,17.0
14796,1,17,8022.49,5,5,5,555,Champions,471.9111764705882,471.9111764705882,Platinum,1,0,0,365,1.3150684931506849,1.0,0.011111111111111112,0.33505204841886815,366,354.4117647058824
14798,53,3,173.74,3,3,1,331,Dormant,57.91333333333333,57.91333333333333,Bronze,0,0,1,257,0.23255813953488372,1.0,0.5888888888888889,0.2620408686239941,309,50.0
14799,51,1,157.7,3,1,1,311,Dormant,157.7,157.7,Bronze,0,0,1,0,0.0,0.0,0.5666666666666667,0.2607514358636248,50,146.0
14800,48,12,4339.74,3,5,5,355,Loyal,361.645,361.645,Gold,0,0,0,322,1.0248447204968945,1.0,0.5333333333333333,0.28491727691316654,369,304.5833333333333
14801,61,1,193.14,3,1,1,311,Dormant,193.14,193.14,Bronze,0,0,1,0,0.0,0.0,0.6777777777777778,0.2527806368363314,60,175.0
14803,162,3,845.5500000000001,2,3,3,233,Needs Attention,281.85,281.85,Bronze,0,0,0,130,0.46153846153846156,1.0,1.0,0.1755667364798328,291,123.33333333333333
14804,9,1,353.27,5,1,2,512,Potential,353.27,353.27,Bronze,0,0,0,0,0.0,0.0,0.1,0.2947204557332285,8,121.0
14805,15,4,554.65,4,4,3,443,Loyal,138.6625,138.6625,Silver,0,0,0,298,0.30201342281879195,1.0,0.16666666666666666,0.29450131579920324,313,28.75
14806,75,1,193.39,2,1,1,211,Dormant,193.39,193.39,Bronze,0,0,1,0,0.0,0.0,0.8333333333333334,0.24155104719253698,74,330.0
14808,40,8,2741.17,3,5,5,355,Loyal,342.64625,342.64625,Gold,0,0,0,132,1.1278195488721805,1.0,0.4444444444444444,0.28331077004718874,171,268.375
14810,41,11,2087.88,3,5,5,355,Loyal,189.80727272727276,189.80727272727276,Gold,0,0,0,328,0.9118541033434651,1.0,0.45555555555555555,0.28588226585977905,369,92.36363636363636
14813,370,2,155.43,1,3,1,131,Dormant,77.715,77.715,Bronze,0,0,1,0,0.0,1.0,1.0,0.006301249148163747,369,33.5
14815,37,2,778.5,3,3,3,333,Loyal,389.25,389.25,Bronze,0,0,0,31,0.967741935483871,1.0,0.4111111111111111,0.27430299417206866,67,372.0
14816,197,1,271.85,1,1,2,112,Dormant,271.85,271.85,Bronze,0,0,1,0,0.0,0.0,1.0,0.14380208792954688,196,5.0
14817,200,2,1110.34,1,3,4,134,Needs Attention,555.17,555.17,Bronze,0,0,0,76,0.38961038961038963,1.0,1.0,0.14402803966530472,276,327.5
14818,74,3,657.8,2,3,3,233,Needs Attention,219.26666666666665,219.26666666666665,Bronze,0,0,0,179,0.3333333333333333,1.0,0.8222222222222222,0.2458869546913767,253,108.0
14819,64,2,272.07,3,3,2,332,Dormant,136.035,136.035,Bronze,0,0,1,127,0.234375,1.0,0.7111111111111111,0.25192230066135846,191,54.5
14820,21,4,507.29,4,4,3,443,Loyal,126.8225,126.8225,Silver,0,0,0,152,0.5921052631578948,1.0,0.23333333333333334,0.28962087417630505,172,63.25
14821,367,1,48.8,1,1,1,111,Dormant,48.8,48.8,Bronze,0,0,1,0,0.0,0.0,1.0,0.007120042989249657,366,20.0
14823,180,3,321.43,1,3,2,132,Needs Attention,107.14333333333332,107.14333333333332,Bronze,0,0,0,14,2.142857142857143,1.0,1.0,0.1603800414581343,194,29.333333333333332
14824,10,4,1127.71,5,4,4,544,Champions,281.9275,281.9275,Silver,1,0,0,81,1.1111111111111112,1.0,0.1111111111111111,0.2993300662158748,90,131.25
14825,4,12,2226.9100000000003,5,5,5,555,Champions,185.57583333333332,185.57583333333332,Gold,1,0,0,364,0.904109589041096,1.0,0.044444444444444446,0.3171952851989775,368,82.58333333333333
14828,197,3,2139.76,1,3,5,135,Needs Attention,713.2533333333334,713.2533333333334,Bronze,0,0,0,140,0.42857142857142855,1.0,1.0,0.14933938222526633,336,724.0
14829,29,4,697.55,4,4,3,443,Loyal,174.3875,174.3875,Silver,0,0,0,343,0.2623906705539359,1.0,0.32222222222222224,0.2834753620373217,371,113.0
14830,53,1,197.13,3,1,1,311,Dormant,197.13,197.13,Bronze,0,0,1,0,0.0,0.0,0.5888888888888889,0.25920344494490166,52,169.0
14834,18,6,1720.3,4,5,4,454,Champions,286.71666666666664,286.71666666666664,Silver,1,0,0,222,0.6726457399103138,1.0,0.2,0.29662970202971656,239,122.33333333333333
14836,10,3,102.45,5,3,1,531,Potential,34.15,34.15,Bronze,0,0,0,20,3.0,1.0,0.1111111111111111,0.2964310792559011,29,15.0
14837,90,4,1649.5,2,4,4,244,At Risk,412.375,412.375,Bronze,0,1,0,111,0.8035714285714285,1.0,1.0,0.2359038094450102,201,359.0
14840,268,1,62.85,1,1,1,111,Dormant,62.85,62.85,Bronze,0,0,1,0,0.0,0.0,1.0,0.08655186436629135,267,31.0
14841,53,6,3295.76,3,5,5,355,Loyal,549.2933333333334,549.2933333333334,Gold,0,0,0,305,0.4918032786885246,1.0,0.5888888888888889,0.27080383807860603,358,296.3333333333333
14842,44,4,2824.69,3,4,5,345,Loyal,706.1725,706.1725,Silver,0,0,0,264,0.339622641509434,1.0,0.4888888888888889,0.2744798136637121,307,291.5
14844,64,4,3189.81,3,4,5,345,Loyal,797.4525,797.4525,Silver,0,0,0,177,0.5056179775280899,1.0,0.7111111111111111,0.2589582494113969,240,458.25
14847,149,1,309.40000000000003,2,1,2,212,Dormant,309.40000000000003,309.40000000000003,Bronze,0,0,1,0,0.0,0.0,1.0,0.18235836514285303,148,120.0
14849,22,25,7930.54,4,5,5,455,Champions,317.2216,317.2216,Platinum,1,0,0,351,1.0227272727272727,1.0,0.24444444444444444,0.32955912165807877,373,227.76
14850,312,1,325.75,1,1,2,112,Dormant,325.75,325.75,Bronze,0,0,1,0,0.0,0.0,1.0,0.051633042010889696,311,293.0
14851,23,2,511.35,4,3,3,433,Loyal,255.675,255.675,Bronze,0,0,0,232,0.12875536480686695,1.0,0.25555555555555554,0.2851515784398901,255,162.5
14852,58,6,2836.69,3,5,5,355,Loyal,472.7816666666667,472.7816666666667,Gold,0,0,0,193,0.6185567010309279,1.0,0.6444444444444445,0.26613781078972454,251,291.1666666666667
14853,24,2,475.8,4,3,2,432,Potential,237.9,237.9,Bronze,0,0,0,187,0.16042780748663102,1.0,0.26666666666666666,0.28429869102810007,210,41.0
14854,78,7,2759.83,2,5,5,255,At Risk,394.26142857142855,394.26142857142855,Silver,0,1,0,196,0.9183673469387755,1.0,0.8666666666666667,0.25142071746949757,274,261.7142857142857
14855,119,2,645.65,2,3,3,233,Needs Attention,322.825,322.825,Bronze,0,0,0,15,2.0,1.0,1.0,0.20833794692721083,134,133.5
14856,36,3,1311.38,3,3,4,334,Loyal,437.1266666666667,437.1266666666667,Bronze,0,0,0,20,1.5,1.0,0.4,0.2773012373406198,56,238.0
14857,60,2,1173.12,3,3,4,334,Loyal,586.5600000000001,586.5600000000001,Bronze,0,0,0,88,0.33707865168539325,1.0,0.6666666666666666,0.25641712467928324,147,232.0
14859,13,4,1353.74,5,4,4,544,Champions,338.435,338.435,Silver,1,0,0,191,0.3125,1.0,0.14444444444444443,0.2972463116930515,203,167.75
14860,19,1,170.32,4,1,1,411,Potential,170.32,170.32,Bronze,0,0,0,0,0.0,0.0,0.2111111111111111,0.28643790037750216,18,232.0
14861,52,1,125.79,3,1,1,311,Dormant,125.79,125.79,Bronze,0,0,1,0,0.0,0.0,0.5777777777777777,0.25990374462856225,51,117.0
14862,26,2,841.2,4,3,3,433,Loyal,420.6,420.6,Bronze,0,0,0,122,0.24390243902439024,1.0,0.28888888888888886,0.28321602915548383,148,386.0
14863,29,1,266.76,4,1,2,412,Potential,266.76,266.76,Bronze,0,0,0,0,0.0,0.0,0.32222222222222224,0.278554180136025,28,132.0
14865,7,2,52.2,5,3,1,531,Potential,26.1,26.1,Bronze,0,0,0,364,0.0821917808219178,1.0,0.07777777777777778,0.2973303567354185,371,54.0
14866,11,12,14389.9,5,5,5,555,Champions,1199.1583333333333,1199.1583333333333,Platinum,1,0,0,355,0.8426966292134831,1.0,0.12222222222222222,0.3289432365450605,365,562.6666666666666
14867,186,3,710.28,1,3,3,133,Needs Attention,236.76,236.76,Bronze,0,0,0,150,0.3973509933774834,1.0,1.0,0.15612229880508688,335,109.33333333333333
14868,3,8,2953.59,5,5,5,555,Champions,369.19875,369.19875,Gold,1,0,0,230,0.7826086956521738,1.0,0.03333333333333333,0.31329314845980705,232,175.625
14869,9,2,725.7,5,3,3,533,Loyal,362.85,362.85,Bronze,0,0,0,94,0.3157894736842105,1.0,0.1,0.2966875141072282,102,275.0
14870,262,1,327.25,1,1,2,112,Dormant,327.25,327.25,Bronze,0,0,1,0,0.0,0.0,1.0,0.09174213516416588,261,119.0
14871,3,4,522.38,5,4,3,543,Loyal,130.595,130.595,Silver,0,0,0,357,0.25210084033613445,1.0,0.03333333333333333,0.3040809181431832,360,46.25
14873,210,1,519.68,1,1,3,113,Dormant,519.68,519.68,Bronze,0,0,1,0,0.0,0.0,1.0,0.13372806299191317,209,168.0
14875,108,2,1465.32,2,3,4,234,Needs Attention,732.66,732.66,Bronze,0,0,0,155,0.1935483870967742,1.0,1.0,0.2183315725417623,262,279.0
14878,13,9,1485.54,5,5,4,554,Champions,165.06,165.06,Silver,1,0,0,345,0.6936416184971098,1.0,0.14444444444444443,0.30461149246408065,358,89.11111111111111
14880,77,3,706.19,2,3,3,233,Needs Attention,235.39666666666668,235.39666666666668,Bronze,0,0,0,211,0.2843601895734597,1.0,0.8555555555555555,0.24354961532408786,288,124.33333333333333
14881,20,1,255.4,4,1,2,412,Potential,255.4,255.4,Bronze,0,0,0,0,0.0,0.0,0.2222222222222222,0.2857572148334665,19,316.0
14882,27,2,589.7,4,3,3,433,Loyal,294.85,294.85,Bronze,0,0,0,7,4.285714285714286,1.0,0.3,0.28205486856669354,33,79.0
14883,19,6,761.59,4,5,3,453,Loyal,126.93166666666669,126.93166666666669,Silver,0,0,0,193,0.6217616580310881,1.0,0.2111111111111111,0.2944589842586787,211,131.66666666666666
14885,132,1,765.3199999999999,2,1,3,213,Dormant,765.3199999999999,765.3199999999999,Bronze,0,0,1,0,0.0,0.0,1.0,0.19664556418953372,131,724.0
14886,253,1,364.8,1,1,2,112,Dormant,364.8,364.8,Bronze,0,0,1,0,0.0,0.0,1.0,0.09901498991757902,252,160.0
14887,79,1,1862.0,2,1,4,214,Dormant,1862.0,1862.0,Bronze,0,0,1,0,0.0,0.0,0.8777777777777778,0.240724466990359,78,1100.0
14888,207,1,369.2,1,1,2,112,Dormant,369.2,369.2,Bronze,0,0,1,0,0.0,0.0,1.0,0.13591966673225156,206,184.0
14889,336,1,135.9,1,1,1,111,Dormant,135.9,135.9,Bronze,0,0,1,0,0.0,0.0,1.0,0.03211069023565442,335,90.0
14890,254,1,125.65,1,1,1,111,Dormant,125.65,125.65,Bronze,0,0,1,0,0.0,0.0,1.0,0.09787145921411385,253,51.0
14891,148,2,554.38,2,3,3,233,Needs Attention,277.19,277.19,Bronze,0,0,0,39,0.7692307692307693,1.0,1.0,0.18494562499277314,187,252.5
14893,10,2,1237.85,5,3,4,534,Loyal,618.9250000000001,618.9250000000001,Bronze,0,0,0,2,15.0,1.0,0.1111111111111111,0.2966164799903817,11,399.5
14894,85,1,655.75,2,1,3,213,Dormant,655.75,655.75,Bronze,0,0,1,0,0.0,0.0,0.9444444444444444,0.23418968546427094,84,265.0
14895,8,20,11138.71,5,5,5,555,Champions,556.9355,556.9355,Platinum,1,0,0,282,1.0600706713780919,1.0,0.08888888888888889,0.33819176498919,289,242.55
14896,205,2,468.77,1,3,2,132,Needs Attention,234.385,234.385,Bronze,0,0,0,160,0.18633540372670807,1.0,1.0,0.13910148977951398,365,139.5
14897,8,4,1366.38,5,4,4,544,Champions,341.595,341.595,Silver,1,0,0,289,0.31141868512110726,1.0,0.08888888888888889,0.3012750507466552,296,117.0
14898,23,6,1303.52,4,5,4,454,Champions,217.25333333333333,217.25333333333333,Silver,1,0,0,347,0.4310344827586207,1.0,0.25555555555555554,0.29202404460726405,370,170.0
14901,11,9,1421.29,5,5,4,554,Champions,157.92111111111112,157.92111111111112,Silver,1,0,0,361,0.6648199445983379,1.0,0.12222222222222222,0.3061240523096241,372,73.44444444444444
14902,26,1,332.66,4,1,2,412,Potential,332.66,332.66,Bronze,0,0,0,0,0.0,0.0,0.28888888888888886,0.2810546708874276,25,218.0
14903,21,5,2810.63,4,4,5,445,Champions,562.126,562.126,Silver,1,0,0,257,0.4669260700389105,1.0,0.23333333333333334,0.2943443472768691,278,307.2
14904,2,2,1025.44,5,3,4,534,Loyal,512.72,512.72,Bronze,0,0,0,23,1.3043478260869565,1.0,0.022222222222222223,0.3027303725374662,25,992.5
14905,158,2,616.15,2,3,3,233,Needs Attention,308.075,308.075,Bronze,0,0,0,76,0.39473684210526316,1.0,1.0,0.1770124125954886,233,143.5
14907,3,7,3501.1,5,5,5,555,Champions,500.1571428571429,500.1571428571429,Gold,1,0,0,364,0.4120879120879121,1.0,0.03333333333333333,0.3126393238271809,367,241.57142857142858
14908,74,1,277.8,2,1,2,212,Dormant,277.8,277.8,Bronze,0,0,1,0,0.0,0.0,0.8222222222222222,0.24247368328424473,73,132.0
14910,3,4,434.35,5,4,2,542,Potential,108.5875,108.5875,Bronze,0,0,0,51,1.7307692307692308,1.0,0.03333333333333333,0.3039552534626028,54,59.5
14911,1,201,143825.06,5,5,5,555,Champions,715.5475621890547,715.5475621890547,Platinum,1,0,0,372,10.564516129032258,1.0,0.011111111111111112,0.7930279122059734,372,399.32835820895525
14912,17,2,867.85,4,3,3,433,Loyal,433.925,433.925,Bronze,0,0,0,229,0.13043478260869565,1.0,0.18888888888888888,0.2904733239291364,246,485.5
14913,36,4,1227.43,3,4,4,344,Loyal,306.8575,306.8575,Silver,0,0,0,323,0.2777777777777778,1.0,0.4,0.27861680364460617,358,435.75
14915,91,2,307.48,2,3,2,232,Needs Attention,153.74,153.74,Bronze,0,0,0,186,0.16129032258064516,1.0,1.0,0.23031509517206905,277,56.0
14916,71,4,1268.98,3,4,4,344,Loyal,317.245,317.245,Silver,0,0,0,253,0.3543307086614173,1.0,0.7888888888888889,0.2506012508352763,323,284.0
14918,116,2,1610.15,2,3,4,234,Needs Attention,805.075,805.075,Bronze,0,0,0,38,0.7692307692307693,1.0,1.0,0.21212120812016208,154,337.5
14920,213,2,977.77,1,3,4,134,Needs Attention,488.885,488.885,Bronze,0,0,0,0,0.0,1.0,1.0,0.1334109857092367,212,254.5
14921,30,2,1316.07,4,3,4,434,Loyal,658.035,658.035,Bronze,0,0,0,171,0.17543859649122806,1.0,0.3333333333333333,0.28068535994051447,200,476.5
14923,51,1,749.1,3,1,3,313,Dormant,749.1,749.1,Bronze,0,0,1,0,0.0,0.0,0.5666666666666667,0.2615956718297186,50,418.0
14924,246,1,310.05,1,1,2,112,Dormant,310.05,310.05,Bronze,0,0,1,0,0.0,0.0,1.0,0.10455180640053835,245,64.0
14929,32,1,223.88,4,1,1,411,Potential,223.88,223.88,Bronze,0,0,0,0,0.0,0.0,0.35555555555555557,0.27608655091985995,31,136.0
14930,109,3,2372.86,2,3,5,235,Needs Attention,790.9533333333334,790.9533333333334,Bronze,0,0,0,165,0.18072289156626506,1.0,1.0,0.2202603726828883,273,388.6666666666667
14931,5,5,1257.68,5,4,4,544,Champions,251.536,251.536,Silver,1,0,0,236,0.5084745762711864,1.0,0.05555555555555555,0.3049617030162369,240,83.4
14932,366,1,363.53,1,1,2,112,Dormant,363.53,363.53,Bronze,0,0,1,0,0.0,0.0,1.0,0.008371465735862225,365,80.0
14934,82,2,1890.94,2,3,4,234,Needs Attention,945.47,945.47,Bronze,0,0,0,200,0.14925373134328357,1.0,0.9111111111111111,0.23979476903664906,282,521.0
14935,297,1,1784.71,1,1,4,114,Dormant,1784.71,1784.71,Bronze,0,0,1,0,0.0,0.0,1.0,0.06574782372573877,296,935.0
14936,34,8,8137.02,3,5,5,355,Loyal,1017.1275,1017.1275,Gold,0,0,0,241,0.49586776859504134,1.0,0.37777777777777777,0.2958262938856654,275,510.625
14937,57,3,1621.88,3,3,4,334,Loyal,540.6266666666667,540.6266666666667,Bronze,0,0,0,73,0.40540540540540543,1.0,0.6333333333333333,0.26089956284953897,129,161.33333333333334
14944,30,12,5900.25,4,5,5,455,Champions,491.6875,491.6875,Gold,1,0,0,266,0.6741573033707865,1.0,0.3333333333333333,0.3015834405058829,296,234.58333333333334
14946,14,1,100.9,4,1,1,411,Potential,100.9,100.9,Bronze,0,0,0,0,0.0,0.0,0.15555555555555556,0.2903494970513669,13,22.0
14947,72,2,290.82,2,3,2,232,Needs Attention,145.41,145.41,Bronze,0,0,0,58,0.5172413793103449,1.0,0.8,0.24553195438212363,130,89.5
14948,23,6,1101.97,4,5,4,454,Champions,183.66166666666663,183.66166666666663,Silver,1,0,0,196,0.7653061224489796,1.0,0.25555555555555554,0.2917363277338007,218,112.16666666666667
14950,19,1,371.2,4,1,2,412,Potential,371.2,371.2,Bronze,0,0,0,0,0.0,0.0,0.2111111111111111,0.28672466081184256,18,136.0
14951,79,1,311.69,2,1,2,212,Dormant,311.69,311.69,Bronze,0,0,1,0,0.0,0.0,0.8777777777777778,0.23851136678644475,78,311.0
14952,60,11,8099.49,3,5,5,355,Loyal,736.3172727272727,736.3172727272727,Silver,0,0,0,304,0.6885245901639344,1.0,0.6666666666666666,0.27922332414200396,364,305.0
14953,25,1,289.82,4,1,2,412,Potential,289.82,289.82,Bronze,0,0,0,0,0.0,0.0,0.2777777777777778,0.2817956549218383,24,225.0
14954,12,1,336.17,5,1,2,512,Potential,336.17,336.17,Bronze,0,0,0,0,0.0,0.0,0.13333333333333333,0.29228962801047886,11,127.0
14957,253,1,58.49,1,1,1,111,Dormant,58.49,58.49,Bronze,0,0,1,0,0.0,0.0,1.0,0.0985777259358844,252,34.0
14958,147,3,499.68,2,3,3,233,Needs Attention,166.56,166.56,Bronze,0,0,0,98,0.6122448979591837,1.0,1.0,0.18710508532575204,245,43.0
14959,64,4,695.42,3,4,3,343,Loyal,173.855,173.855,Silver,0,0,0,232,0.3879310344827586,1.0,0.7111111111111111,0.25539745510726314,295,123.5
14960,8,2,221.27,5,3,1,531,Potential,110.635,110.635,Bronze,0,0,0,162,0.18404907975460122,1.0,0.08888888888888889,0.29676956868680426,170,110.5
14961,11,9,7044.68,5,5,5,555,Champions,782.7422222222223,782.7422222222223,Gold,1,0,0,349,0.6,1.0,0.12222222222222222,0.31415156006980716,360,412.0
14962,271,1,126.7,1,1,1,111,Dormant,126.7,126.7,Bronze,0,0,1,0,0.0,0.0,1.0,0.08423659447488312,270,44.0
14963,10,5,1487.8,5,4,4,544,Champions,297.56,297.56,Silver,1,0,0,173,0.6896551724137931,1.0,0.1111111111111111,0.3012795089797602,183,235.2
14964,247,1,206.21,1,1,1,111,Dormant,206.21,206.21,Bronze,0,0,1,0,0.0,0.0,1.0,0.10360143357426654,246,143.0
14965,96,2,599.0,2,3,3,233,Needs Attention,299.5,299.5,Bronze,0,0,0,0,0.0,1.0,1.0,0.22672055092984017,95,182.5
14966,15,1,191.32,4,1,1,411,Potential,191.32,191.32,Bronze,0,0,0,0,0.0,0.0,0.16666666666666666,0.28967643446989283,14,187.0
14967,50,1,463.8,3,1,2,312,Dormant,463.8,463.8,Bronze,0,0,1,0,0.0,0.0,0.5555555555555556,0.261990539103326,49,140.0
14968,30,1,147.59,4,1,1,411,Potential,147.59,147.59,Bronze,0,0,0,0,0.0,0.0,0.3333333333333333,0.27758192341161286,29,127.0
14970,68,4,1592.06,3,4,4,344,Loyal,398.015,398.015,Silver,0,0,0,248,0.36290322580645157,1.0,0.7555555555555555,0.2534688714577644,316,62.5
14971,35,3,1116.57,3,3,4,334,Loyal,372.19,372.19,Bronze,0,0,0,8,3.75,1.0,0.3888888888888889,0.27782528099666176,42,214.66666666666666
14972,128,1,114.77,2,1,1,211,Dormant,114.77,114.77,Bronze,0,0,1,0,0.0,0.0,1.0,0.19892544650135235,127,28.0
14973,107,3,1314.45,2,3,4,234,Needs Attention,438.15,438.15,Bronze,0,0,0,118,0.5084745762711864,1.0,1.0,0.22035374817257816,225,123.0
14974,37,1,114.39,3,1,1,311,Dormant,114.39,114.39,Bronze,0,0,1,0,0.0,0.0,0.4111111111111111,0.27191955644975946,36,44.0
14975,57,1,279.94,3,1,2,312,Dormant,279.94,279.94,Bronze,0,0,1,0,0.0,0.0,0.6333333333333333,0.2561131018157173,56,380.0
14976,57,7,790.86,3,5,3,353,Loyal,112.98,112.98,Silver,0,0,0,269,0.44609665427509293,1.0,0.6333333333333333,0.2654548910767644,326,33.42857142857143
14978,72,5,1931.42,2,4,4,244,At Risk,386.284,386.284,Silver,0,1,0,258,0.46511627906976744,1.0,0.8,0.2521801655599505,330,105.0
14981,246,1,102.12,1,1,1,111,Dormant,102.12,102.12,Bronze,0,0,1,0,0.0,0.0,1.0,0.10425498194259131,245,97.0
14984,19,2,213.27,4,3,1,431,Potential,106.635,106.635,Bronze,0,0,0,161,0.18633540372670807,1.0,0.2111111111111111,0.2879346191064079,180,30.0
14985,198,2,296.75,1,3,2,132,Needs Attention,148.375,148.375,Bronze,0,0,0,159,0.1875,1.0,1.0,0.1444709008655443,357,130.0
14987,16,2,326.4,4,3,2,432,Potential,163.2,163.2,Bronze,0,0,0,349,0.08571428571428572,1.0,0.17777777777777778,0.29050253167836954,365,64.0
14988,212,1,334.54,1,1,2,112,Dormant,334.54,334.54,Bronze,0,0,1,0,0.0,0.0,1.0,0.13185949366448918,211,141.0
14995,39,2,233.23,3,3,1,331,Dormant,116.615,116.615,Bronze,0,0,1,241,0.12396694214876033,1.0,0.43333333333333335,0.2719203316784808,279,51.5
14997,46,3,546.1999999999999,3,3,3,333,Loyal,182.06666666666663,182.06666666666663,Bronze,0,0,0,131,0.45454545454545453,1.0,0.5111111111111111,0.26818753638709364,177,373.3333333333333
14998,170,2,429.87,2,3,2,232,Needs Attention,214.935,214.935,Bronze,0,0,0,71,0.4225352112676056,1.0,1.0,0.16712082551970306,240,135.0
15000,48,1,490.52,3,1,3,313,Dormant,490.52,490.52,Bronze,0,0,1,0,0.0,0.0,0.5333333333333333,0.26363296054142193,47,218.0
15002,116,4,1641.76,2,4,4,244,At Risk,410.44,410.44,Bronze,0,1,0,251,0.35714285714285715,1.0,1.0,0.21503714545859703,366,215.5
15004,147,1,1246.32,2,1,4,214,Dormant,1246.32,1246.32,Bronze,0,0,1,0,0.0,0.0,1.0,0.1853001162670136,146,630.0
15005,16,28,6316.57,4,5,5,455,Champions,225.5917857142857,225.5917857142857,Platinum,1,0,0,350,2.3076923076923075,1.0,0.17777777777777778,0.336374199782571,365,151.67857142857142
15006,51,1,502.09,3,1,3,313,Dormant,502.09,502.09,Bronze,0,0,1,0,0.0,0.0,0.5666666666666667,0.261243059848006,50,302.0
15007,159,1,156.91,2,1,1,211,Dormant,156.91,156.91,Bronze,0,0,1,0,0.0,0.0,1.0,0.17411929207919175,158,69.0
15009,12,3,1261.78,5,3,4,534,Loyal,420.5933333333333,420.5933333333333,Bronze,0,0,0,12,4.615384615384615,1.0,0.13333333333333333,0.29648176919349933,24,214.0
15010,36,1,308.94,3,1,2,312,Dormant,308.94,308.94,Bronze,0,0,1,0,0.0,0.0,0.4,0.27299941971310326,35,184.0
15012,54,2,423.04,3,3,2,332,Dormant,211.52,211.52,Bronze,0,0,1,319,0.09375,1.0,0.6,0.2601592038929798,373,115.5
15014,43,2,260.17,3,3,2,332,Dormant,130.085,130.085,Bronze,0,0,1,133,0.22556390977443608,1.0,0.4777777777777778,0.26875023294661515,175,75.5
15016,173,1,170.04,2,1,1,211,Dormant,170.04,170.04,Bronze,0,0,1,0,0.0,0.0,1.0,0.16290808890689418,172,76.0
15017,34,1,125.58,3,1,1,311,Dormant,125.58,125.58,Bronze,0,0,1,0,0.0,0.0,0.37777777777777777,0.2743419475229324,33,63.0
15018,39,3,496.21,3,3,3,333,Loyal,165.40333333333334,165.40333333333334,Bronze,0,0,0,329,0.182370820668693,1.0,0.43333333333333335,0.2737311478703888,367,63.0
15019,267,1,266.0,1,1,2,112,Dormant,266.0,266.0,Bronze,0,0,1,0,0.0,0.0,1.0,0.08764400431091414,266,159.0
15021,9,9,1914.82,5,5,4,554,Champions,212.75777777777776,212.75777777777776,Silver,1,0,0,357,0.5865921787709497,1.0,0.1,0.308432854862587,366,94.11111111111111
15022,12,4,905.04,5,4,3,543,Loyal,226.26,226.26,Silver,0,0,0,35,1.6666666666666667,1.0,0.13333333333333333,0.29740792202235766,46,135.75
15023,3,11,6802.76,5,5,5,555,Champions,618.4327272727273,618.4327272727273,Platinum,1,0,0,366,0.819672131147541,1.0,0.03333333333333333,0.3230941398669808,368,261.0
15024,10,10,1661.33,5,5,4,554,Champions,166.13299999999998,166.13299999999998,Silver,1,0,0,357,0.5027932960893855,1.0,0.1111111111111111,0.3087042602054142,366,92.0
15025,33,1,377.01,3,1,2,312,Dormant,377.01,377.01,Bronze,0,0,1,0,0.0,0.0,0.36666666666666664,0.27550300818524714,32,189.0
15026,80,3,469.0,2,3,2,232,Needs Attention,156.33333333333334,156.33333333333334,Bronze,0,0,0,197,0.30456852791878175,1.0,0.8888888888888888,0.24080460448707114,276,95.0
15027,31,4,1066.15,4,4,4,444,Champions,266.5375,266.5375,Silver,1,0,0,207,0.4326923076923077,1.0,0.34444444444444444,0.2823972682321581,237,141.25
15028,8,4,627.13,5,4,3,543,Loyal,156.7825,156.7825,Silver,0,0,0,360,0.16666666666666666,1.0,0.08888888888888889,0.300219755789038,368,114.75
15030,72,2,518.28,2,3,3,233,Needs Attention,259.14,259.14,Bronze,0,0,0,196,0.15228426395939088,1.0,0.8,0.24585665832674267,267,186.0
15031,4,4,668.14,5,4,3,543,Loyal,167.035,167.035,Silver,0,0,0,277,0.3237410071942446,1.0,0.044444444444444446,0.3034868545782185,281,100.25
15032,256,3,4959.1,1,3,5,135,Needs Attention,1653.0333333333335,1653.0333333333335,Bronze,0,0,0,110,0.2727272727272727,1.0,1.0,0.10603784629545031,365,989.3333333333334
15033,5,10,2586.67,5,5,5,555,Champions,258.66700000000003,258.66700000000003,Gold,1,0,0,324,0.8307692307692307,1.0,0.05555555555555555,0.3140358977477799,328,169.5
15034,16,8,4308.61,4,5,5,455,Champions,538.57625,538.57625,Gold,1,0,0,338,0.5325443786982248,1.0,0.17777777777777778,0.3047996605855813,353,302.75
15035,90,1,252.73,2,1,2,212,Dormant,252.73,252.73,Bronze,0,0,1,0,0.0,0.0,1.0,0.22960367073186486,89,245.0
15036,72,3,465.55,2,3,2,232,Needs Attention,155.18333333333334,155.18333333333334,Bronze,0,0,0,107,0.5607476635514018,1.0,0.8,0.24721679183881398,179,109.0
15038,59,6,705.49,3,5,3,353,Loyal,117.58166666666666,117.58166666666666,Silver,0,0,0,311,0.4823151125401929,1.0,0.6555555555555556,0.26229333882882316,369,36.166666666666664
15039,10,47,19914.44,5,5,5,555,Champions,423.7114893617021,423.7114893617021,Platinum,1,0,0,359,3.4261838440111423,1.0,0.1111111111111111,0.3878710073337828,368,195.93617021276594
15041,170,1,180.35,2,1,1,211,Dormant,180.35,180.35,Bronze,0,0,1,0,0.0,0.0,1.0,0.16532922376151768,169,104.0
15042,199,1,135.93,1,1,1,111,Dormant,135.93,135.93,Bronze,0,0,1,0,0.0,0.0,1.0,0.14200378118962903,198,30.0
15043,31,1,537.0,4,1,3,413,Potential,537.0,537.0,Bronze,0,0,0,0,0.0,0.0,0.34444444444444444,0.27733567535753545,30,300.0
15044,19,17,7700.23,4,5,5,455,Champions,452.954705882353,452.954705882353,Platinum,1,0,0,342,1.2244897959183674,1.0,0.2111111111111111,0.3201535128021674,361,164.41176470588235
15045,152,2,735.66,2,3,3,233,Needs Attention,367.83,367.83,Bronze,0,0,0,105,0.2830188679245283,1.0,1.0,0.1819958498642334,257,57.0
15046,9,15,5213.77,5,5,5,555,Champions,347.58466666666664,347.58466666666664,Platinum,1,0,0,329,1.2765957446808511,1.0,0.1,0.3217546157173921,337,230.06666666666666
15047,270,1,343.62,1,1,2,112,Dormant,343.62,343.62,Bronze,0,0,1,0,0.0,0.0,1.0,0.08534839138476313,269,222.0
15048,65,4,384.05,3,4,2,342,Dormant,96.0125,96.0125,Bronze,0,0,1,303,0.297029702970297,1.0,0.7222222222222222,0.2541508288314758,368,48.75
15049,274,1,121.17000000000002,1,1,1,111,Dormant,121.17000000000002,121.17000000000002,Bronze,0,0,1,0,0.0,0.0,1.0,0.08182228317101703,273,63.0
15050,25,3,1782.09,4,3,4,434,Loyal,594.03,594.03,Bronze,0,0,0,46,0.6521739130434783,1.0,0.2777777777777778,0.2867967151994592,70,408.0
15051,23,3,1391.61,4,3,4,434,Loyal,463.87,463.87,Bronze,0,0,0,127,0.47244094488188976,1.0,0.25555555555555554,0.28784357484341533,149,337.0
15052,319,1,215.78,1,1,1,111,Dormant,215.78,215.78,Bronze,0,0,1,0,0.0,0.0,1.0,0.04586108425580498,318,82.0
15053,5,3,697.79,5,3,3,533,Loyal,232.59666666666664,232.59666666666664,Bronze,0,0,0,277,0.21660649819494585,1.0,0.05555555555555555,0.3012916348422118,281,328.6666666666667
15054,12,2,302.1,5,3,2,532,Potential,151.05,151.05,Bronze,0,0,0,28,1.0714285714285714,1.0,0.13333333333333333,0.2936763990658835,39,99.0
15057,275,2,1489.5,1,3,4,134,Needs Attention,744.75,744.75,Bronze,0,0,0,40,0.75,1.0,1.0,0.08440887075011454,315,334.0
15058,25,11,2124.99,4,5,5,455,Champions,193.18090909090907,193.18090909090907,Gold,1,0,0,286,0.7317073170731707,1.0,0.2777777777777778,0.29876946576594954,311,97.18181818181819
15059,41,9,1337.72,3,5,4,354,Loyal,148.63555555555556,148.63555555555556,Silver,0,0,0,293,0.6122448979591837,1.0,0.45555555555555555,0.2819405832500612,334,67.11111111111111
15060,8,4,303.09000000000003,5,4,2,542,Potential,75.77250000000001,75.77250000000001,Bronze,0,0,0,0,30.0,1.0,0.08888888888888889,0.2997571818586135,8,65.75
15061,4,48,54534.14,5,5,5,555,Champions,1136.1279166666666,1136.1279166666666,Platinum,1,0,0,368,2.2764227642276422,1.0,0.044444444444444446,0.443539599754034,371,602.5
15062,71,4,987.86,3,4,4,344,Loyal,246.965,246.965,Silver,0,0,0,288,0.3125,1.0,0.7888888888888889,0.25019994610956053,358,190.75
15063,213,1,370.8,1,1,2,112,Dormant,370.8,370.8,Bronze,0,0,1,0,0.0,0.0,1.0,0.13110911654137897,212,56.0
15065,38,4,3158.13,3,4,5,345,Loyal,789.5325,789.5325,Silver,0,0,0,253,0.3543307086614173,1.0,0.4222222222222222,0.27976864051687766,290,345.75
15066,53,1,893.59,3,1,3,313,Dormant,893.59,893.59,Bronze,0,0,1,0,0.0,0.0,0.5888888888888889,0.2601976562755504,52,317.0
15067,78,3,1744.76,2,3,4,234,Needs Attention,581.5866666666667,581.5866666666667,Bronze,0,0,0,204,0.14705882352941177,1.0,0.8666666666666667,0.24423005685362467,282,318.0
15068,46,2,553.36,3,3,3,333,Loyal,276.68,276.68,Bronze,0,0,0,210,0.14285714285714285,1.0,0.5111111111111111,0.26676235073945437,255,182.0
15069,179,1,1109.53,2,1,4,214,Dormant,1109.53,1109.53,Bronze,0,0,1,0,0.0,0.0,1.0,0.1594363964607624,178,520.0
15070,373,1,106.2,1,1,1,111,Dormant,106.2,106.2,Bronze,0,0,1,0,0.0,0.0,1.0,0.0023891484745827397,372,36.0
15071,94,2,982.07,2,3,4,234,Needs Attention,491.035,491.035,Bronze,0,0,0,182,0.16483516483516483,1.0,1.0,0.22887166950442162,275,134.5
15073,10,3,1043.41,5,3,4,534,Loyal,347.80333333333334,347.80333333333334,Bronze,0,0,0,177,0.3389830508474576,1.0,0.1111111111111111,0.2977743194903543,186,163.66666666666666
15074,105,1,748.87,2,1,3,213,Dormant,748.87,748.87,Bronze,0,0,1,0,0.0,0.0,1.0,0.2182798354784801,104,455.0
15075,78,1,773.03,2,1,3,213,Dormant,773.03,773.03,Bronze,0,0,1,0,0.0,0.0,0.8666666666666667,0.23997207839844284,77,447.0
15076,173,1,880.85,2,1,3,213,Dormant,880.85,880.85,Bronze,0,0,1,0,0.0,0.0,1.0,0.16392278516502598,172,571.0
15078,7,32,9743.11,5,5,5,555,Champions,304.4721875,304.4721875,Platinum,1,0,0,361,1.5789473684210527,1.0,0.07777777777777778,0.35422653599160914,368,159.53125
15079,213,4,895.61,1,4,3,143,Needs Attention,223.9025,223.9025,Bronze,0,0,0,153,0.39215686274509803,1.0,1.0,0.13616451397451895,365,97.25
15081,22,5,504.8,4,4,3,443,Loyal,100.96,100.96,Silver,0,0,0,345,0.34782608695652173,1.0,0.24444444444444444,0.29025058730994985,366,38.0
15083,257,1,88.2,1,1,1,111,Dormant,88.2,88.2,Bronze,0,0,1,0,0.0,0.0,1.0,0.09541158143740755,256,38.0
15087,282,1,306.94,1,1,2,112,Dormant,306.94,306.94,Bronze,0,0,1,0,0.0,0.0,1.0,0.07567036146238922,281,470.0
15088,21,2,1160.07,4,3,4,434,Loyal,580.035,580.035,Bronze,0,0,0,45,0.6521739130434783,1.0,0.23333333333333334,0.28768191798909587,66,230.0
15089,10,6,2420.84,5,5,5,555,Champions,403.47333333333336,403.47333333333336,Gold,1,0,0,118,1.271186440677966,1.0,0.1111111111111111,0.3040468499458327,127,226.5
15090,308,1,381.32,1,1,2,112,Dormant,381.32,381.32,Bronze,0,0,1,0,0.0,0.0,1.0,0.05492092550697985,307,208.0
15091,68,1,480.71,3,1,2,312,Dormant,480.71,480.71,Bronze,0,0,1,0,0.0,0.0,0.7555555555555555,0.24757617581097432,67,346.0
15092,215,2,457.81,1,3,2,132,Needs Attention,228.905,228.905,Bronze,0,0,0,68,0.4411764705882353,1.0,1.0,0.1310644537741571,283,67.5
15093,18,6,4597.02,4,5,5,455,Champions,766.1700000000001,766.1700000000001,Gold,1,0,0,353,0.42372881355932207,1.0,0.2,0.3007362804679671,371,626.6666666666666
15095,104,4,1370.6,2,4,4,244,At Risk,342.65000000000003,342.65000000000003,Bronze,0,1,0,99,0.6,1.0,1.0,0.22427572729202555,202,269.75
15096,43,1,219.39,3,1,1,311,Dormant,219.39,219.39,Bronze,0,0,1,0,0.0,0.0,0.4777777777777778,0.26725661193845074,42,120.0
15097,4,1,248.08,5,1,1,511,Potential,248.08,248.08,Bronze,0,0,0,0,0.0,0.0,0.044444444444444446,0.298580989978099,3,170.0
15098,182,3,39916.5,1,3,5,135,Needs Attention,13305.5,13305.5,Bronze,0,0,0,0,0.0,1.0,1.0,0.21529856043095452,181,40.333333333333336
15099,84,1,410.48,2,1,2,212,Dormant,410.48,410.48,Bronze,0,0,1,0,0.0,0.0,0.9333333333333333,0.23464169640666888,83,343.0
15100,334,3,876.0,1,3,3,133,Needs Attention,292.0,292.0,Bronze,0,0,0,40,1.5,1.0,1.0,0.037642290058184286,373,26.666666666666668
15101,9,2,317.53000000000003,5,3,2,532,Potential,158.765,158.765,Bronze,0,0,0,350,0.08547008547008547,1.0,0.1,0.2961048428284313,358,120.5
15103,31,2,703.36,4,3,3,433,Loyal,351.68,351.68,Bronze,0,0,0,55,0.5454545454545454,1.0,0.34444444444444444,0.279008564462795,85,164.5
15104,197,2,1027.44,1,3,4,134,Needs Attention,513.72,513.72,Bronze,0,0,0,85,0.3488372093023256,1.0,1.0,0.14631611528015884,281,318.5
15105,18,7,2298.93,4,5,5,455,Champions,328.4185714285714,328.4185714285714,Gold,1,0,0,116,1.0344827586206897,1.0,0.2,0.2988911152501967,134,173.0
15106,18,5,1422.52,4,4,4,444,Champions,284.504,284.504,Silver,1,0,0,251,0.47619047619047616,1.0,0.2,0.2947692081042608,268,236.2
15107,311,6,319.5,1,5,2,152,Needs Attention,53.25,53.25,Bronze,0,0,0,61,2.459016393442623,1.0,1.0,0.05960329253440235,371,28.166666666666668
15108,142,4,1300.25,2,4,4,244,At Risk,325.0625,325.0625,Bronze,0,1,0,85,1.0465116279069766,1.0,1.0,0.1936940177616612,227,124.75
15109,246,1,484.95,1,1,2,112,Dormant,484.95,484.95,Bronze,0,0,1,0,0.0,0.0,1.0,0.10480147983724752,245,131.0
15110,24,4,996.1,4,4,4,444,Champions,249.025,249.025,Silver,1,0,0,294,0.3050847457627119,1.0,0.26666666666666666,0.28791224364260937,318,61.5
15111,29,3,1567.48,4,3,4,434,Loyal,522.4933333333333,522.4933333333333,Bronze,0,0,0,343,0.1749271137026239,1.0,0.32222222222222224,0.28328179875097215,372,236.66666666666666
15113,10,3,3609.33,5,3,5,535,Loyal,1203.11,1203.11,Bronze,0,0,0,44,1.3333333333333333,1.0,0.1111111111111111,0.3014372243772658,53,795.3333333333334
15114,30,10,2760.56,4,5,5,455,Champions,276.056,276.056,Gold,1,0,0,271,0.996309963099631,1.0,0.3333333333333333,0.2942306534523705,301,309.6
15115,18,1,340.11,4,1,2,412,Potential,340.11,340.11,Bronze,0,0,0,0,0.0,0.0,0.2,0.28748241821893106,17,157.0
15116,18,4,1352.75,4,4,4,444,Champions,338.1875,338.1875,Silver,1,0,0,187,0.48128342245989303,1.0,0.2,0.2932342032600176,204,162.0
15117,15,5,1551.78,4,4,4,444,Champions,310.356,310.356,Silver,1,0,0,200,0.5970149253731343,1.0,0.16666666666666666,0.29736014659122595,215,389.6
15118,134,1,244.8,2,1,1,211,Dormant,244.8,244.8,Bronze,0,0,1,0,0.0,0.0,1.0,0.1942982328426499,133,1440.0
15119,246,1,266.4,1,1,2,112,Dormant,266.4,266.4,Bronze,0,0,1,0,0.0,0.0,1.0,0.10448949510544198,245,88.0
15120,134,1,358.82,2,1,2,212,Dormant,358.82,358.82,Bronze,0,0,1,0,0.0,0.0,1.0,0.19446099879607234,133,296.0
15121,50,2,457.72,3,3,2,332,Dormant,228.86,228.86,Bronze,0,0,1,238,0.12605042016806722,1.0,0.5555555555555556,0.2634172664737306,288,99.5
15122,114,3,1633.78,2,3,4,234,Needs Attention,544.5933333333334,544.5933333333334,Bronze,0,0,0,183,0.32786885245901637,1.0,1.0,0.2151946252166887,297,266.6666666666667
15123,7,2,2199.31,5,3,5,535,Loyal,1099.655,1099.655,Bronze,0,0,0,198,0.1507537688442211,1.0,0.07777777777777778,0.3003954015192529,205,597.5
15124,23,2,184.19,4,3,1,431,Potential,92.095,92.095,Bronze,0,0,0,169,0.17751479289940827,1.0,0.25555555555555554,0.2846845506436993,191,116.5
15125,25,15,11528.48,4,5,5,455,Champions,768.5653333333333,768.5653333333333,Platinum,1,0,0,245,1.1020408163265307,1.0,0.2777777777777778,0.31793477275094756,270,412.8666666666667
15127,66,1,406.53,3,1,2,312,Dormant,406.53,406.53,Bronze,0,0,1,0,0.0,0.0,0.7333333333333333,0.2490745603722038,65,251.0
15128,60,4,1471.0,3,4,4,344,Loyal,367.75,367.75,Silver,0,0,0,159,0.5660377358490566,1.0,0.6666666666666666,0.25971316805541145,219,335.75
15129,50,11,3447.4,3,5,5,355,Loyal,313.40000000000003,313.40000000000003,Gold,0,0,0,241,1.120331950207469,1.0,0.5555555555555556,0.28060375798014114,291,163.0909090909091
15130,170,1,330.11,2,1,2,212,Dormant,330.11,330.11,Bronze,0,0,1,0,0.0,0.0,1.0,0.16554300931830193,169,197.0
15132,18,5,977.93,4,4,4,444,Champions,195.586,195.586,Silver,1,0,0,244,0.4918032786885246,1.0,0.2,0.2941345465077683,262,135.8
15133,128,3,982.42,2,3,4,234,Needs Attention,327.4733333333333,327.4733333333333,Bronze,0,0,0,174,0.3448275862068966,1.0,1.0,0.20303484856263657,301,226.66666666666666
15134,15,8,1387.99,4,5,4,454,Champions,173.49875,173.49875,Silver,1,0,0,225,0.9292035398230089,1.0,0.16666666666666666,0.30143255300939775,240,110.875
15135,239,1,139.05,1,1,1,111,Dormant,139.05,139.05,Bronze,0,0,1,0,0.0,0.0,1.0,0.10992267355806919,238,43.0
15136,3,4,1286.7,5,4,4,544,Champions,321.675,321.675,Silver,1,0,0,93,0.6382978723404256,1.0,0.03333333333333333,0.30517200105424985,95,194.0
15139,240,2,178.96,1,3,1,131,Dormant,89.48,89.48,Bronze,0,0,1,96,0.30927835051546393,1.0,1.0,0.1106129135854617,336,104.0
15140,52,7,2354.25,3,5,5,355,Loyal,336.32142857142856,336.32142857142856,Gold,0,0,0,211,0.7075471698113208,1.0,0.5777777777777777,0.2716973584435572,263,224.57142857142858
15142,46,1,498.74,3,1,3,313,Dormant,498.74,498.74,Bronze,0,0,1,0,0.0,0.0,0.5111111111111111,0.2652489728395573,45,365.0
15143,226,1,259.45,1,1,2,112,Dormant,259.45,259.45,Bronze,0,0,1,0,0.0,0.0,1.0,0.12052235458260634,225,150.0
15144,8,17,6580.4400000000005,5,5,5,555,Champions,387.084705882353,387.084705882353,Platinum,1,0,0,304,1.2828947368421053,1.0,0.08888888888888889,0.3273785183849295,311,179.41176470588235
15145,4,4,1194.73,5,4,4,544,Champions,298.6825,298.6825,Silver,1,0,0,244,0.36885245901639346,1.0,0.044444444444444446,0.3042385729031853,247,189.0
15146,165,2,1327.16,2,3,4,234,Needs Attention,663.58,663.58,Bronze,0,0,0,126,0.23622047244094488,1.0,1.0,0.1724124210958041,290,736.5
15147,240,1,623.5,1,1,3,113,Dormant,623.5,623.5,Bronze,0,0,1,0,0.0,0.0,1.0,0.10981209710733562,239,366.0
15148,11,1,301.29,5,1,2,512,Potential,301.29,301.29,Bronze,0,0,0,0,0.0,0.0,0.12222222222222222,0.2930419751126781,10,187.0
15149,134,1,520.8000000000001,2,1,3,213,Dormant,520.8000000000001,520.8000000000001,Bronze,0,0,1,0,0.0,0.0,1.0,0.19469222866044142,133,128.0
15150,17,10,5314.47,4,5,5,455,Champions,531.447,531.447,Gold,1,0,0,251,1.0714285714285714,1.0,0.18888888888888888,0.30830422129775464,268,365.8
15152,10,13,4745.69,5,5,5,555,Champions,365.0530769230769,365.0530769230769,Gold,1,0,0,177,2.0224719101123596,1.0,0.1111111111111111,0.3174134692161927,186,208.0
15153,31,1,329.25,4,1,2,412,Potential,329.25,329.25,Bronze,0,0,0,0,0.0,0.0,0.34444444444444444,0.2770391078533826,30,198.0
15154,75,1,296.42,2,1,2,212,Dormant,296.42,296.42,Bronze,0,0,1,0,0.0,0.0,0.8333333333333334,0.24169812468930169,74,104.0
15156,1,3,961.49,5,3,4,534,Loyal,320.49666666666667,320.49666666666667,Bronze,0,0,0,32,1.875,1.0,0.011111111111111112,0.30487662830046475,33,199.0
15157,4,3,1936.07,5,3,4,534,Loyal,645.3566666666667,645.3566666666667,Bronze,0,0,0,354,0.16901408450704225,1.0,0.044444444444444446,0.3038614446812929,357,797.3333333333334
15158,45,1,401.4,3,1,2,312,Dormant,401.4,401.4,Bronze,0,0,1,0,0.0,0.0,0.5,0.26591215697516496,44,198.0
15159,2,30,18641.01,5,5,5,555,Champions,621.3670000000001,621.3670000000001,Platinum,1,0,0,359,1.5,1.0,0.022222222222222223,0.3680683575900767,360,381.3666666666667
15160,357,1,158.16,1,1,1,111,Dormant,158.16,158.16,Bronze,0,0,1,0,0.0,0.0,1.0,0.015297547068775692,356,84.0
15163,18,2,304.47,4,3,2,432,Potential,152.235,152.235,Bronze,0,0,0,173,0.1724137931034483,1.0,0.2,0.28886694806624175,191,93.0
15164,69,3,843.05,3,3,3,333,Loyal,281.01666666666665,281.01666666666665,Bronze,0,0,0,270,0.22140221402214022,1.0,0.7666666666666667,0.25016209815841883,338,120.0
15165,373,1,487.75,1,1,2,112,Dormant,487.75,487.75,Bronze,0,0,1,0,0.0,0.0,1.0,0.0029338191422579023,372,160.0
15167,321,1,163.0,1,1,1,111,Dormant,163.0,163.0,Bronze,0,0,1,0,0.0,0.0,1.0,0.044181461618391434,320,67.0
15168,26,1,106.56,4,1,1,411,Potential,106.56,106.56,Bronze,0,0,0,0,0.0,0.0,0.28888888888888886,0.28073190837147594,25,52.0
15171,331,1,1289.5,1,1,4,114,Dormant,1289.5,1289.5,Bronze,0,0,1,0,0.0,0.0,1.0,0.037768173739502336,330,290.0
15172,9,5,1624.05,5,4,4,544,Champions,324.81,324.81,Silver,1,0,0,227,0.5263157894736842,1.0,0.1,0.3022761477642009,236,322.2
15174,323,1,135.75,1,1,1,111,Dormant,135.75,135.75,Bronze,0,0,1,0,0.0,0.0,1.0,0.042538283594123594,322,145.0
15175,72,1,224.14,2,1,1,211,Dormant,224.14,224.14,Bronze,0,0,1,0,0.0,0.0,0.8,0.24400136057801433,71,454.0
15178,260,1,40.5,1,1,1,111,Dormant,40.5,40.5,Bronze,0,0,1,0,0.0,0.0,1.0,0.09293707156964194,259,30.0
15179,18,5,2206.9500000000003,4,4,5,445,Champions,441.39,441.39,Silver,1,0,0,300,0.39867109634551495,1.0,0.2,0.29588899846422523,318,387.6
15180,367,1,87.5,1,1,1,111,Dormant,87.5,87.5,Bronze,0,0,1,0,0.0,0.0,1.0,0.007175288055005204,366,36.0
15181,66,3,689.48,3,3,3,333,Loyal,229.82666666666668,229.82666666666668,Bronze,0,0,0,203,0.2955665024630542,1.0,0.7333333333333333,0.25234929085862323,269,181.33333333333334
15182,154,2,622.85,2,3,3,233,Needs Attention,311.425,311.425,Bronze,0,0,0,114,0.2631578947368421,1.0,1.0,0.18023053313645024,268,126.5
15184,29,2,406.76,4,3,2,432,Potential,203.38,203.38,Bronze,0,0,0,161,0.18633540372670807,1.0,0.32222222222222224,0.2801894397856433,190,111.5
15185,70,1,310.62,3,1,2,312,Dormant,310.62,310.62,Bronze,0,0,1,0,0.0,0.0,0.7777777777777778,0.24572909067578863,69,666.0
15186,14,2,411.41,4,3,2,432,Potential,205.705,205.705,Bronze,0,0,0,154,0.19480519480519481,1.0,0.15555555555555556,0.2922281633201578,167,107.5
15187,2,16,4777.18,5,5,5,555,Champions,298.57375,298.57375,Gold,1,0,0,210,1.8483412322274881,1.0,0.022222222222222223,0.32818175425012797,211,117.9375
15189,1,41,16225.39,5,5,5,555,Champions,395.74121951219513,395.74121951219513,Platinum,1,0,0,331,3.353474320241692,1.0,0.011111111111111112,0.38121162184297586,332,149.97560975609755
15192,120,3,1044.32,2,3,4,234,Needs Attention,348.1066666666666,348.1066666666666,Bronze,0,0,0,245,0.24390243902439024,1.0,1.0,0.20954032441688916,364,306.0
15193,61,1,499.32,3,1,3,313,Dormant,499.32,499.32,Bronze,0,0,1,0,0.0,0.0,0.6777777777777778,0.25321771524028575,60,144.0
15194,3,15,7616.53,5,5,5,555,Champions,507.76866666666666,507.76866666666666,Platinum,1,0,0,365,1.1506849315068493,1.0,0.03333333333333333,0.3299974404896602,367,380.2
15195,3,1,3861.0,5,1,5,515,Potential,3861.0,3861.0,Bronze,0,0,0,0,0.0,0.0,0.03333333333333333,0.3045406484721091,2,1404.0
15197,11,3,1079.61,5,3,4,534,Loyal,359.86999999999995,359.86999999999995,Bronze,0,0,0,347,0.1724137931034483,1.0,0.12222222222222222,0.2970238567159793,357,156.33333333333334
15198,92,2,193.64,2,3,1,231,Dormant,96.82,96.82,Bronze,0,0,1,31,0.9375,1.0,1.0,0.2293504471350077,123,60.0
15199,59,4,1268.7,3,4,4,344,Loyal,317.175,317.175,Silver,0,0,0,249,0.3614457831325301,1.0,0.6555555555555556,0.26022651957857207,307,99.0
15201,87,5,1236.54,2,4,4,244,At Risk,247.308,247.308,Silver,0,1,0,160,0.5625,1.0,0.9666666666666667,0.2391561241511091,246,242.0
15203,26,6,1827.8,4,5,4,454,Champions,304.6333333333333,304.6333333333333,Silver,1,0,0,285,0.5244755244755245,1.0,0.28888888888888886,0.2903660482462389,311,292.1666666666667
15204,357,1,316.58,1,1,2,112,Dormant,316.58,316.58,Bronze,0,0,1,0,0.0,0.0,1.0,0.015523694958103693,356,258.0
15205,85,2,653.24,2,3,3,233,Needs Attention,326.62,326.62,Bronze,0,0,0,42,0.7142857142857143,1.0,0.9444444444444444,0.23562150908492738,126,189.0
15206,10,4,420.3,5,4,2,542,Potential,105.075,105.075,Bronze,0,0,0,265,0.339622641509434,1.0,0.1111111111111111,0.2983202235294115,275,40.5
15208,1,5,870.12,5,4,3,543,Loyal,174.024,174.024,Silver,0,0,0,352,0.3409090909090909,1.0,0.011111111111111112,0.30761700909660983,352,63.2
15210,225,1,331.18,1,1,2,112,Dormant,331.18,331.18,Bronze,0,0,1,0,0.0,0.0,1.0,0.12142688970703291,224,228.0
15211,60,2,894.4100000000001,3,3,3,333,Loyal,447.205,447.205,Bronze,0,0,0,304,0.09836065573770492,1.0,0.6666666666666666,0.2560192602793678,364,120.0
15212,241,1,101.8,1,1,1,111,Dormant,101.8,101.8,Bronze,0,0,1,0,0.0,0.0,1.0,0.1082652203230118,240,36.0
15213,319,2,328.35,1,3,2,132,Needs Attention,164.175,164.175,Bronze,0,0,0,11,2.727272727272727,1.0,1.0,0.047457187002227494,329,136.0
15214,2,8,1661.44,5,5,4,554,Champions,207.68,207.68,Silver,1,0,0,241,0.871369294605809,1.0,0.022222222222222223,0.31225071613506894,242,156.75
15215,47,3,734.94,3,3,3,333,Loyal,244.98,244.98,Bronze,0,0,0,49,0.6,1.0,0.5222222222222223,0.2676548276781024,96,75.0
15216,88,1,96.6,2,1,1,211,Dormant,96.6,96.6,Bronze,0,0,1,0,0.0,0.0,0.9777777777777777,0.23098506994067394,87,28.0
15218,11,11,5756.89,5,5,5,555,Champions,523.3536363636364,523.3536363636364,Platinum,1,0,0,308,0.7792207792207793,1.0,0.12222222222222222,0.31518402609666923,318,302.6363636363636
15219,176,1,305.75,2,1,2,212,Dormant,305.75,305.75,Bronze,0,0,1,0,0.0,0.0,1.0,0.1606954006802197,175,45.0
15220,52,6,1778.96,3,5,4,354,Loyal,296.49333333333334,296.49333333333334,Silver,0,0,0,229,0.6550218340611355,1.0,0.5777777777777777,0.2694407131434808,280,232.16666666666666
15221,366,1,403.25,1,1,2,112,Dormant,403.25,403.25,Bronze,0,0,1,0,0.0,0.0,1.0,0.008428166873118306,365,43.0
15222,319,1,585.0,1,1,3,113,Dormant,585.0,585.0,Bronze,0,0,1,0,0.0,0.0,1.0,0.046388153588576626,318,440.0
15223,226,2,755.75,1,3,3,133,Needs Attention,377.875,377.875,Bronze,0,0,0,23,1.25,1.0,1.0,0.12266623999265615,249,106.5
15224,358,2,322.08,1,3,2,132,Needs Attention,161.04,161.04,Bronze,0,0,0,4,7.5,1.0,1.0,0.01616481398516938,362,76.0
15225,234,1,409.4,1,1,2,112,Dormant,409.4,409.4,Bronze,0,0,1,0,0.0,0.0,1.0,0.11431929906893037,233,226.0
15226,311,1,154.41,1,1,1,111,Dormant,154.41,154.41,Bronze,0,0,1,0,0.0,0.0,1.0,0.05219058958665476,310,71.0
15227,37,5,1219.4,3,4,4,344,Loyal,243.88,243.88,Silver,0,0,0,280,0.32028469750889677,1.0,0.4111111111111111,0.27923860831147357,316,150.0
15228,66,4,3386.71,3,4,5,345,Loyal,846.6775,846.6775,Silver,0,0,0,228,0.39473684210526316,1.0,0.7333333333333333,0.25763505023697675,294,563.75
15230,239,2,429.6,1,3,2,132,Needs Attention,214.8,214.8,Bronze,0,0,0,1,30.0,1.0,1.0,0.11177284650612407,240,175.5
15232,113,2,612.06,2,3,3,233,Needs Attention,306.03,306.03,Bronze,0,0,0,27,1.1111111111111112,1.0,1.0,0.21310283071876768,140,343.0
15234,277,1,197.0,1,1,1,111,Dormant,197.0,197.0,Bronze,0,0,1,0,0.0,0.0,1.0,0.07952411498213473,276,196.0
15235,218,12,2247.51,1,5,5,155,At Risk,187.2925,187.2925,Bronze,0,1,0,155,1.7307692307692308,1.0,1.0,0.14556693812250876,372,110.33333333333333
15236,299,1,321.05,1,1,2,112,Dormant,321.05,321.05,Bronze,0,0,1,0,0.0,0.0,1.0,0.062054140148449635,298,269.0
15237,2,4,1412.32,5,4,4,544,Champions,353.08,353.08,Silver,1,0,0,225,0.39823008849557523,1.0,0.022222222222222223,0.30615346528962134,226,267.75
15238,29,3,1071.99,4,3,4,434,Loyal,357.33,357.33,Bronze,0,0,0,154,0.3870967741935484,1.0,0.32222222222222224,0.2825744763315609,183,230.66666666666666
15239,10,2,780.59,5,3,3,533,Loyal,390.295,390.295,Bronze,0,0,0,68,0.4411764705882353,1.0,0.1111111111111111,0.2959637317018189,78,297.0
15240,45,5,1706.57,3,4,4,344,Loyal,341.314,341.314,Silver,0,0,0,267,0.449438202247191,1.0,0.5,0.27351694145604266,311,273.8
15241,67,8,1756.44,3,5,4,354,Loyal,219.555,219.555,Silver,0,0,0,216,0.967741935483871,1.0,0.7444444444444445,0.26024729320441453,283,227.25
15243,74,1,316.68,2,1,2,212,Dormant,316.68,316.68,Bronze,0,0,1,0,0.0,0.0,0.8222222222222222,0.24252918530379447,73,185.0
15244,65,2,631.57,3,3,3,333,Loyal,315.785,315.785,Bronze,0,0,0,182,0.16393442622950818,1.0,0.7222222222222222,0.2516333554518095,247,202.5
15245,134,3,2515.84,2,3,5,235,Needs Attention,838.6133333333333,838.6133333333333,Bronze,0,0,0,127,0.47244094488188976,1.0,1.0,0.20041100371092838,260,594.6666666666666
15246,238,2,514.15,1,3,3,133,Needs Attention,257.075,257.075,Bronze,0,0,0,120,0.25,1.0,1.0,0.11269568245078283,358,123.5
15247,122,1,356.0,2,1,2,212,Dormant,356.0,356.0,Bronze,0,0,1,0,0.0,0.0,1.0,0.20408264163582757,121,160.0
15249,32,13,6688.46,4,5,5,455,Champions,514.496923076923,514.496923076923,Gold,1,0,0,224,1.4666666666666668,1.0,0.35555555555555557,0.302539755519224,256,275.15384615384613
15251,9,11,10484.99,5,5,5,555,Champions,953.180909090909,953.180909090909,Platinum,1,0,0,232,1.1637931034482758,1.0,0.1,0.32353776658494127,241,561.0
15252,36,2,740.78,3,3,3,333,Loyal,370.39,370.39,Bronze,0,0,0,146,0.20408163265306123,1.0,0.4,0.2750512871144037,182,261.0
15253,16,5,918.2,4,4,3,443,Loyal,183.64,183.64,Silver,0,0,0,153,0.39215686274509803,1.0,0.17777777777777778,0.2956535587485887,169,173.2
15254,127,1,300.36,2,1,2,212,Dormant,300.36,300.36,Bronze,0,0,1,0,0.0,0.0,1.0,0.19999251917582872,126,275.0
15255,67,1,890.85,3,1,3,313,Dormant,890.85,890.85,Bronze,0,0,1,0,0.0,0.0,0.7444444444444445,0.24896379834372995,66,489.0
15256,149,1,98.45,2,1,1,211,Dormant,98.45,98.45,Bronze,0,0,1,0,0.0,0.0,1.0,0.18205722957124754,148,55.0
15257,283,1,317.15,1,1,2,112,Dormant,317.15,317.15,Bronze,0,0,1,0,0.0,0.0,1.0,0.07488279741517218,282,46.0
15258,169,2,623.16,2,3,3,233,Needs Attention,311.58,311.58,Bronze,0,0,0,48,0.6122448979591837,1.0,1.0,0.1681988901064874,216,71.0
15260,100,7,1810.77,2,5,4,254,At Risk,258.68142857142857,258.68142857142857,Bronze,0,1,0,272,0.5514705882352942,1.0,1.0,0.23241885549077543,372,126.42857142857143
15261,135,1,254.82,2,1,2,212,Dormant,254.82,254.82,Bronze,0,0,1,0,0.0,0.0,1.0,0.1935103975664279,134,270.0
15262,324,1,178.95000000000002,1,1,1,111,Dormant,178.95000000000002,178.95000000000002,Bronze,0,0,1,0,0.0,0.0,1.0,0.041797813467301284,323,73.0
15263,107,1,156.51,2,1,1,211,Dormant,156.51,156.51,Bronze,0,0,1,0,0.0,0.0,1.0,0.21582995101728417,106,89.0
15264,64,1,393.74,3,1,2,312,Dormant,393.74,393.74,Bronze,0,0,1,0,0.0,0.0,0.7111111111111111,0.25066058045247025,63,265.0
15265,151,2,1506.12,2,3,4,234,Needs Attention,753.0600000000001,753.0600000000001,Bronze,0,0,0,84,0.35714285714285715,1.0,1.0,0.18389783679215801,235,306.0
15266,338,1,119.3,1,1,1,111,Dormant,119.3,119.3,Bronze,0,0,1,0,0.0,0.0,1.0,0.030482715310877484,337,18.0
15267,22,5,1717.36,4,4,4,444,Champions,343.472,343.472,Silver,1,0,0,160,0.75,1.0,0.24444444444444444,0.29198154226944717,182,188.8
15269,24,1,408.8,4,1,2,412,Potential,408.8,408.8,Bronze,0,0,0,0,0.0,0.0,0.26666666666666666,0.2827676404172455,23,26.0
15270,16,7,2379.49,4,5,5,455,Champions,339.9271428571428,339.9271428571428,Gold,1,0,0,294,0.4067796610169492,1.0,0.17777777777777778,0.30061039442318355,309,217.28571428571428
15271,7,15,2507.07,5,5,5,555,Champions,167.138,167.138,Gold,1,0,0,358,1.1731843575418994,1.0,0.07777777777777778,0.3194950224878517,364,84.13333333333334
15272,57,2,721.94,3,3,3,333,Loyal,360.97,360.97,Bronze,0,0,0,28,1.0344827586206897,1.0,0.6333333333333333,0.2581794728311799,85,155.0
15274,4,2,716.57,5,3,3,533,Loyal,358.285,358.285,Bronze,0,0,0,14,2.142857142857143,1.0,0.044444444444444446,0.3006851760269431,17,309.5
15275,38,1,615.14,3,1,3,313,Dormant,615.14,615.14,Bronze,0,0,1,0,0.0,0.0,0.4222222222222222,0.2718322485926129,37,498.0
15276,66,1,135.31,3,1,1,311,Dormant,135.31,135.31,Bronze,0,0,1,0,0.0,0.0,0.7333333333333333,0.24868738810516972,65,64.0
15277,47,1,255.9,3,1,2,312,Dormant,255.9,255.9,Bronze,0,0,1,0,0.0,0.0,0.5222222222222223,0.26410017458331075,46,205.0
15279,355,1,290.51,1,1,2,112,Dormant,290.51,290.51,Bronze,0,0,1,0,0.0,0.0,1.0,0.017090757558441663,354,189.0
15280,172,1,113.12,2,1,1,211,Dormant,113.12,113.12,Bronze,0,0,1,0,0.0,0.0,1.0,0.16362897344451327,171,154.0
15281,59,9,2332.15,3,5,5,355,Loyal,259.1277777777778,259.1277777777778,Gold,0,0,0,274,0.8727272727272727,1.0,0.6555555555555556,0.26892165036280935,332,134.55555555555554
15286,50,1,240.55,3,1,1,311,Dormant,240.55,240.55,Bronze,0,0,1,0,0.0,0.0,0.5555555555555556,0.26167184502244933,49,55.0
15287,22,2,486.69,4,3,2,432,Potential,243.345,243.345,Bronze,0,0,0,48,0.625,1.0,0.24444444444444444,0.28591851480751623,70,216.5
15288,43,5,2306.52,3,4,5,345,Loyal,461.304,461.304,Silver,0,0,0,322,0.37267080745341613,1.0,0.4777777777777778,0.27597766080222785,364,155.0
15289,29,3,939.78,4,3,3,433,Loyal,313.26,313.26,Bronze,0,0,0,220,0.2727272727272727,1.0,0.32222222222222224,0.2823857437697123,249,336.0
15290,5,18,7943.22,5,5,5,555,Champions,441.29,441.29,Platinum,1,0,0,354,1.352112676056338,1.0,0.05555555555555555,0.33316573937177135,358,250.05555555555554
15291,26,15,4668.3,4,5,5,455,Champions,311.22,311.22,Gold,1,0,0,348,1.206896551724138,1.0,0.28888888888888886,0.30733958215809104,373,140.2
15292,201,1,180.94,1,1,1,111,Dormant,180.94,180.94,Bronze,0,0,1,0,0.0,0.0,1.0,0.1404637558385265,200,56.0
15296,51,6,3672.86,3,5,5,355,Loyal,612.1433333333333,612.1433333333333,Gold,0,0,0,275,0.5434782608695652,1.0,0.5666666666666667,0.2729464343523462,326,294.3333333333333
15297,10,3,641.94,5,3,3,533,Loyal,213.98,213.98,Bronze,0,0,0,53,1.1320754716981132,1.0,0.1111111111111111,0.29720121260278637,63,97.33333333333333
15298,2,12,4799.9,5,5,5,555,Champions,399.9916666666666,399.9916666666666,Gold,1,0,0,364,0.8241758241758242,1.0,0.022222222222222223,0.3224725607347835,365,259.6666666666667
15299,67,7,4507.01,3,5,5,355,Loyal,643.8585714285715,643.8585714285715,Silver,0,0,0,304,0.29508196721311475,1.0,0.7444444444444445,0.2627383831599903,371,421.14285714285717
15300,64,1,496.44,3,1,3,313,Dormant,496.44,496.44,Bronze,0,0,1,0,0.0,0.0,0.7111111111111111,0.25080718686727893,63,292.0
15301,51,12,5070.35,3,5,5,355,Loyal,422.5291666666667,422.5291666666667,Gold,0,0,0,317,0.8490566037735848,1.0,0.5666666666666667,0.28355382097636217,368,231.25
15303,290,1,574.02,1,1,3,113,Dormant,574.02,574.02,Bronze,0,0,1,0,0.0,0.0,1.0,0.0696345114926912,289,248.0
15304,61,8,694.4,3,5,3,353,Loyal,86.8,86.8,Silver,0,0,0,307,0.6818181818181818,1.0,0.6777777777777778,0.2635440429423204,368,13.0
15306,64,3,1174.35,3,3,4,334,Loyal,391.4500000000001,391.4500000000001,Bronze,0,0,0,83,0.7142857142857143,1.0,0.7111111111111111,0.25464573107904226,147,270.0
15307,96,1,205.3,2,1,1,211,Dormant,205.3,205.3,Bronze,0,0,1,0,0.0,0.0,1.0,0.2247231291824911,95,37.0
15308,274,1,310.47,1,1,2,112,Dormant,310.47,310.47,Bronze,0,0,1,0,0.0,0.0,1.0,0.08209251291126315,273,175.0
15311,1,91,60767.9,5,5,5,555,Champions,667.7791208791209,667.7791208791209,Platinum,1,0,0,373,7.158176943699733,1.0,0.011111111111111112,0.5165673287057556,373,419.7142857142857
15312,75,4,924.85,2,4,3,243,Needs Attention,231.2125,231.2125,Silver,0,0,0,279,0.3225806451612903,1.0,0.8333333333333334,0.24690144185664298,353,129.0
15313,110,1,52.0,2,1,1,211,Dormant,52.0,52.0,Bronze,0,0,1,0,0.0,0.0,1.0,0.21327434367702314,109,25.0
15314,199,1,327.97,1,1,2,112,Dormant,327.97,327.97,Bronze,0,0,1,0,0.0,0.0,1.0,0.14227792233763148,198,313.0
15315,64,2,570.5,3,3,3,333,Loyal,285.25,285.25,Bronze,0,0,0,51,0.5769230769230769,1.0,0.7111111111111111,0.25234831577695094,115,431.0
15316,327,1,165.0,1,1,1,111,Dormant,165.0,165.0,Bronze,0,0,1,0,0.0,0.0,1.0,0.03937148243595039,326,100.0
15318,4,1,312.62,5,1,2,512,Potential,312.62,312.62,Bronze,0,0,0,0,0.0,0.0,0.044444444444444446,0.2986731221885347,3,642.0
15319,284,1,204.5,1,1,1,111,Dormant,204.5,204.5,Bronze,0,0,1,0,0.0,0.0,1.0,0.07391984812819477,283,175.0
15320,44,1,267.13,3,1,2,312,Dormant,267.13,267.13,Bronze,0,0,1,0,0.0,0.0,0.4888888888888889,0.2665226227573269,43,326.0
15321,71,3,2748.31,3,3,5,335,Loyal,916.1033333333334,916.1033333333334,Bronze,0,0,0,220,0.13574660633484162,1.0,0.7888888888888889,0.2512776188944417,291,393.6666666666667
15322,86,1,679.68,2,1,3,213,Dormant,679.68,679.68,Bronze,0,0,1,0,0.0,0.0,0.9555555555555556,0.23342170700625717,85,416.0
15325,104,1,162.29,2,1,1,211,Dormant,162.29,162.29,Bronze,0,0,1,0,0.0,0.0,1.0,0.21824461920142002,103,232.0
15326,334,1,311.71,1,1,2,112,Dormant,311.71,311.71,Bronze,0,0,1,0,0.0,0.0,1.0,0.03396594079141176,333,386.0
15327,53,1,208.75,3,1,1,311,Dormant,208.75,208.75,Bronze,0,0,1,0,0.0,0.0,0.5888888888888889,0.2592200327398391,52,116.0
15329,39,3,1049.7,3,3,4,334,Loyal,349.90000000000003,349.90000000000003,Bronze,0,0,0,132,0.45454545454545453,1.0,0.43333333333333335,0.27452126651237946,171,162.0
15330,32,2,714.9599999999999,4,3,3,433,Loyal,357.48,357.48,Bronze,0,0,0,28,1.0714285714285714,1.0,0.35555555555555557,0.27822298466987766,60,656.0
15332,366,4,1661.06,1,4,4,144,At Risk,415.265,415.265,Bronze,0,1,0,3,10.0,1.0,1.0,0.014529937257132088,369,163.0
15333,208,1,1028.56,1,1,4,114,Dormant,1028.56,1028.56,Bronze,0,0,1,0,0.0,0.0,1.0,0.13605877799343796,207,344.0
15334,157,3,351.67,2,3,2,232,Needs Attention,117.22333333333334,117.22333333333334,Bronze,0,0,0,16,3.5294117647058822,1.0,1.0,0.17887240755652442,172,91.33333333333333
15335,54,1,173.97,3,1,1,311,Dormant,173.97,173.97,Bronze,0,0,1,0,0.0,0.0,0.6,0.2583682445192799,53,80.0
15339,66,2,574.07,3,3,3,333,Loyal,287.035,287.035,Bronze,0,0,0,251,0.11904761904761904,1.0,0.7333333333333333,0.25074913395233644,317,208.0
15341,81,1,2020.52,2,1,4,214,Dormant,2020.52,2020.52,Bronze,0,0,1,0,0.0,0.0,0.9,0.23934647955692856,80,812.0
15342,130,1,406.09,2,1,2,212,Dormant,406.09,406.09,Bronze,0,0,1,0,0.0,0.0,1.0,0.19773703386720715,129,283.0
15343,87,1,364.5,2,1,2,212,Dormant,364.5,364.5,Bronze,0,0,1,0,0.0,0.0,0.9666666666666667,0.23216964187515907,86,84.0
15344,1,3,563.94,5,3,3,533,Loyal,187.98,187.98,Bronze,0,0,0,73,0.8108108108108109,1.0,0.011111111111111112,0.3043091172955263,73,38.666666666666664
15345,46,1,393.54,3,1,2,312,Dormant,393.54,393.54,Bronze,0,0,1,0,0.0,0.0,0.5111111111111111,0.26509879762205124,45,81.0
15346,333,1,252.42,1,1,2,112,Dormant,252.42,252.42,Bronze,0,0,1,0,0.0,0.0,1.0,0.03468344210407369,332,144.0
15347,366,1,201.6,1,1,1,111,Dormant,201.6,201.6,Bronze,0,0,1,0,0.0,0.0,1.0,0.008140307247547092,365,130.0
15348,72,1,158.04,2,1,1,211,Dormant,158.04,158.04,Bronze,0,0,1,0,0.0,0.0,0.8,0.24390700143469543,71,84.0
15349,158,2,473.81,2,3,2,232,Needs Attention,236.905,236.905,Bronze,0,0,0,29,1.0344827586206897,1.0,1.0,0.1768092192451102,186,163.5
15350,373,1,115.65,1,1,1,111,Dormant,115.65,115.65,Bronze,0,0,1,0,0.0,0.0,1.0,0.0024026385487788617,372,51.0
15351,12,7,1960.11,5,5,4,554,Champions,280.0157142857143,280.0157142857143,Silver,1,0,0,357,0.5042016806722689,1.0,0.13333333333333333,0.30322027678282415,369,107.57142857142857
15353,255,2,777.02,1,3,3,133,Needs Attention,388.51,388.51,Bronze,0,0,0,113,0.26548672566371684,1.0,1.0,0.09943457128044404,367,171.5
15355,29,2,277.05,4,3,2,432,Potential,138.525,138.525,Bronze,0,0,0,23,1.25,1.0,0.32222222222222224,0.2800042760264921,52,22.5
15356,31,10,2766.5,4,5,5,455,Champions,276.65,276.65,Gold,1,0,0,336,0.8011869436201781,1.0,0.34444444444444444,0.2934369938901463,367,167.3
15358,5,22,8347.2,5,5,5,555,Champions,379.4181818181818,379.4181818181818,Platinum,1,0,0,360,1.1634349030470914,1.0,0.05555555555555555,0.33948405613150584,365,320.45454545454544
15360,40,1,427.93,3,1,2,312,Dormant,427.93,427.93,Bronze,0,0,1,0,0.0,0.0,0.4444444444444444,0.26996072429655543,39,223.0
15361,362,1,418.92,1,1,2,112,Dormant,418.92,418.92,Bronze,0,0,1,0,0.0,0.0,1.0,0.011659092278158159,361,336.0
15363,373,1,326.0,1,1,2,112,Dormant,326.0,326.0,Bronze,0,0,1,0,0.0,0.0,1.0,0.002702917607736981,372,144.0
15364,96,2,913.19,2,3,3,233,Needs Attention,456.595,456.595,Bronze,0,0,0,158,0.18867924528301888,1.0,1.0,0.22716906377763693,253,246.5
15365,26,7,2314.32,4,5,5,455,Champions,330.6171428571429,330.6171428571429,Gold,1,0,0,289,0.3103448275862069,1.0,0.28888888888888886,0.2924959725001365,314,154.85714285714286
15366,75,2,602.51,2,3,3,233,Needs Attention,301.255,301.255,Bronze,0,0,0,282,0.10600706713780919,1.0,0.8333333333333334,0.2435704813149235,357,310.5
15367,57,4,1877.59,3,4,4,344,Loyal,469.3975,469.3975,Silver,0,0,0,218,0.27522935779816515,1.0,0.6333333333333333,0.26270000096320306,274,264.25
15368,21,1,446.94000000000005,4,1,2,412,Potential,446.94000000000005,446.94000000000005,Bronze,0,0,0,0,0.0,0.0,0.23333333333333334,0.2852285031834963,20,230.0
15370,41,7,2386.05,3,5,5,355,Loyal,340.86428571428576,340.86428571428576,Gold,0,0,0,291,0.6164383561643836,1.0,0.45555555555555555,0.2805662830256326,332,118.57142857142857
15372,137,1,2007.4,2,1,4,214,Dormant,2007.4,2007.4,Bronze,0,0,1,0,0.0,0.0,1.0,0.19440796438411598,136,2924.0
15373,8,12,2415.91,5,5,5,555,Champions,201.3258333333333,201.3258333333333,Gold,1,0,0,363,0.8264462809917356,1.0,0.08888888888888889,0.3142565305331673,370,41.666666666666664
15374,129,1,168.0,2,1,1,211,Dormant,168.0,168.0,Bronze,0,0,1,0,0.0,0.0,1.0,0.19819929441095196,128,126.0
15376,40,3,1233.36,3,3,4,334,Loyal,411.12000000000006,411.12000000000006,Bronze,0,0,0,182,0.32967032967032966,1.0,0.4444444444444444,0.2739813059963071,221,206.33333333333334
15379,169,7,3703.29,2,5,5,255,At Risk,529.0414285714286,529.0414285714286,Bronze,0,1,0,189,0.9523809523809523,1.0,1.0,0.17977287410023104,357,329.2857142857143
15380,9,5,1690.26,5,4,4,544,Champions,338.052,338.052,Silver,1,0,0,356,0.33613445378151263,1.0,0.1,0.3023706639348385,364,75.2
15381,214,2,596.85,1,3,3,133,Needs Attention,298.425,298.425,Bronze,0,0,0,54,0.5454545454545454,1.0,1.0,0.13206507534240813,267,85.5
15382,15,6,5955.71,4,5,5,455,Champions,992.6183333333332,992.6183333333332,Gold,1,0,0,280,0.42704626334519574,1.0,0.16666666666666666,0.3050822561950315,295,668.6666666666666
15384,170,2,642.41,2,3,3,233,Needs Attention,321.205,321.205,Bronze,0,0,0,189,0.15789473684210525,1.0,1.0,0.16742423084982408,359,298.0
15385,40,1,316.88,3,1,2,312,Dormant,316.88,316.88,Bronze,0,0,1,0,0.0,0.0,0.4444444444444444,0.2698021980807375,39,161.0
15386,186,1,394.14,1,1,2,112,Dormant,394.14,394.14,Bronze,0,0,1,0,0.0,0.0,1.0,0.15280018889405694,185,446.0
15388,270,1,140.54,1,1,1,111,Dormant,140.54,140.54,Bronze,0,0,1,0,0.0,0.0,1.0,0.08505849040404902,269,88.0
15389,172,1,500.0,2,1,3,213,Dormant,500.0,500.0,Bronze,0,0,1,0,0.0,0.0,1.0,0.16418125279953927,171,400.0
15392,5,4,1535.53,5,4,4,544,Champions,383.8825,383.8825,Silver,1,0,0,355,0.25280898876404495,1.0,0.05555555555555555,0.3039229330494599,359,319.25
15393,16,2,231.86,4,3,1,431,Potential,115.93,115.93,Bronze,0,0,0,264,0.11320754716981132,1.0,0.17777777777777778,0.29036757383556516,280,75.0
15394,10,4,2183.54,5,4,5,545,Champions,545.885,545.885,Silver,1,0,0,348,0.25787965616045844,1.0,0.1111111111111111,0.3008372857966676,358,227.5
15395,326,1,107.45,1,1,1,111,Dormant,107.45,107.45,Bronze,0,0,1,0,0.0,0.0,1.0,0.04009146763528971,325,17.0
15396,113,1,288.18,2,1,2,212,Dormant,288.18,288.18,Bronze,0,0,1,0,0.0,0.0,1.0,0.21120507849315123,112,122.0
15397,290,1,94.0,1,1,1,111,Dormant,94.0,94.0,Bronze,0,0,1,0,0.0,0.0,1.0,0.06894927282437137,289,20.0
15398,16,2,1345.53,4,3,4,434,Loyal,672.765,672.765,Bronze,0,0,0,62,0.4838709677419355,1.0,0.17777777777777778,0.2919573612355646,77,384.5
15399,1,3,815.77,5,3,3,533,Loyal,271.92333333333335,271.92333333333335,Bronze,0,0,0,77,0.7692307692307693,1.0,0.011111111111111112,0.3046686099288395,78,203.66666666666666
15400,92,5,716.2,2,4,3,243,Needs Attention,143.24,143.24,Bronze,0,0,0,186,0.6451612903225806,1.0,1.0,0.23440263264572006,278,78.0
15402,149,2,626.77,2,3,3,233,Needs Attention,313.385,313.385,Bronze,0,0,0,47,0.625,1.0,1.0,0.1842468242062455,195,347.0
15405,189,1,349.1,1,1,2,112,Dormant,349.1,349.1,Bronze,0,0,1,0,0.0,0.0,1.0,0.15032947623236134,188,193.0
15406,31,2,510.71,4,3,3,433,Loyal,255.355,255.355,Bronze,0,0,0,269,0.1111111111111111,1.0,0.34444444444444444,0.2787335525269343,300,127.0
15407,34,4,1056.44,3,4,4,344,Loyal,264.11,264.11,Silver,0,0,0,271,0.33088235294117646,1.0,0.37777777777777777,0.279976989890182,304,139.5
15408,264,1,267.18,1,1,2,112,Dormant,267.18,267.18,Bronze,0,0,1,0,0.0,0.0,1.0,0.09005210589808675,263,106.0
15410,84,8,3450.84,2,5,5,255,At Risk,431.355,431.355,Silver,0,1,0,177,1.1864406779661016,1.0,0.9333333333333333,0.2490297212842317,261,150.0
15411,26,4,1358.88,4,4,4,444,Champions,339.72,339.72,Silver,1,0,0,156,0.5769230769230769,1.0,0.28888888888888886,0.28682584166476627,182,132.5
15412,171,1,190.53,2,1,1,211,Dormant,190.53,190.53,Bronze,0,0,1,0,0.0,0.0,1.0,0.16454161688866828,170,108.0
15414,10,3,774.9000000000001,5,3,3,533,Loyal,258.3,258.3,Bronze,0,0,0,232,0.2575107296137339,1.0,0.1111111111111111,0.2973910158054442,241,147.66666666666666
15415,313,1,572.8100000000001,1,1,3,113,Dormant,572.8100000000001,572.8100000000001,Bronze,0,0,1,0,0.0,0.0,1.0,0.05118358633122309,312,575.0
15416,65,4,3984.32,3,4,5,345,Loyal,996.08,996.08,Silver,0,0,0,218,0.4128440366972477,1.0,0.7222222222222222,0.25929029014640403,282,522.5
15417,85,1,508.8,2,1,3,213,Dormant,508.8,508.8,Bronze,0,0,1,0,0.0,0.0,0.9444444444444444,0.23397991124171855,84,284.0
15419,25,1,135.86,4,1,1,411,Potential,135.86,135.86,Bronze,0,0,0,0,0.0,0.0,0.2777777777777778,0.28157587377652243,24,230.0
15421,59,4,950.36,3,4,4,344,Loyal,237.59,237.59,Silver,0,0,0,251,0.23809523809523808,1.0,0.6555555555555556,0.25977208251829764,309,125.0
15422,323,2,97.7,1,3,1,131,Dormant,48.85,48.85,Bronze,0,0,1,0,0.0,1.0,1.0,0.04391937311563396,322,19.0
15423,38,1,43.5,3,1,1,311,Dormant,43.5,43.5,Bronze,0,0,1,0,0.0,0.0,0.4222222222222222,0.2710162204430392,37,101.0
15424,254,2,383.34,1,3,2,132,Needs Attention,191.67,191.67,Bronze,0,0,0,0,0.0,1.0,1.0,0.09967472381951427,253,277.0
15426,19,5,1447.39,4,4,4,444,Champions,289.478,289.478,Silver,1,0,0,350,0.2571428571428571,1.0,0.2111111111111111,0.2940025715160612,368,134.8
15427,33,3,1483.14,3,3,4,334,Loyal,494.38000000000005,494.38000000000005,Bronze,0,0,0,13,2.142857142857143,1.0,0.36666666666666664,0.27995284547344046,46,337.6666666666667
15428,15,1,93.78,4,1,1,411,Potential,93.78,93.78,Bronze,0,0,0,0,0.0,0.0,0.16666666666666666,0.2895371940638516,14,102.0
15429,27,2,397.35,4,3,2,432,Potential,198.675,198.675,Bronze,0,0,0,48,0.6122448979591837,1.0,0.3,0.2817802848871566,74,190.0
15432,23,1,171.19000000000003,4,1,1,411,Potential,171.19000000000003,171.19000000000003,Bronze,0,0,0,0,0.0,0.0,0.25555555555555554,0.28323058617110825,22,65.0
15433,214,2,533.3,1,3,3,133,Needs Attention,266.65,266.65,Bronze,0,0,0,53,0.5555555555555556,1.0,1.0,0.13197435637784055,266,267.0
15434,8,5,1041.48,5,4,4,544,Champions,208.296,208.296,Silver,1,0,0,191,0.46875,1.0,0.08888888888888889,0.30224665584666743,199,129.4
15435,22,1,149.29,4,1,1,411,Potential,149.29,149.29,Bronze,0,0,0,0,0.0,0.0,0.24444444444444444,0.28400146249691227,21,54.0
15436,12,3,1122.53,5,3,4,534,Loyal,374.1766666666667,374.1766666666667,Bronze,0,0,0,221,0.2702702702702703,1.0,0.13333333333333333,0.2962829868832549,233,204.33333333333334
15437,262,1,200.16,1,1,1,111,Dormant,200.16,200.16,Bronze,0,0,1,0,0.0,0.0,1.0,0.09156071151024152,261,79.0
15438,131,1,156.57999999999998,2,1,1,211,Dormant,156.57999999999998,156.57999999999998,Bronze,0,0,1,0,0.0,0.0,1.0,0.19657871404536398,130,59.0
15440,55,3,383.68,3,3,2,332,Dormant,127.89333333333332,127.89333333333332,Bronze,0,0,1,154,0.38961038961038963,1.0,0.6111111111111112,0.26073628432444357,208,65.66666666666667
15442,249,1,594.0,1,1,3,113,Dormant,594.0,594.0,Bronze,0,0,1,0,0.0,0.0,1.0,0.10255073389860807,248,120.0
15443,2,7,3236.91,5,5,5,555,Champions,462.4157142857143,462.4157142857143,Gold,1,0,0,318,0.5642633228840126,1.0,0.022222222222222223,0.31306432607076506,319,237.57142857142858
15444,9,2,1418.26,5,3,4,534,Loyal,709.13,709.13,Bronze,0,0,0,31,0.967741935483871,1.0,0.1,0.29767615810566905,39,382.0
15445,264,1,113.5,1,1,1,111,Dormant,113.5,113.5,Bronze,0,0,1,0,0.0,0.0,1.0,0.08983272445867299,263,58.0
15447,331,1,155.17000000000002,1,1,1,111,Dormant,155.17000000000002,155.17000000000002,Bronze,0,0,1,0,0.0,0.0,1.0,0.03614889375401167,330,85.0
15448,313,1,494.64,1,1,3,113,Dormant,494.64,494.64,Bronze,0,0,1,0,0.0,0.0,1.0,0.0510719970084812,312,232.0
15449,26,3,974.52,4,3,4,434,Loyal,324.84,324.84,Bronze,0,0,0,235,0.2553191489361702,1.0,0.28888888888888886,0.28484175296429465,261,270.6666666666667
15450,30,1,429.84,4,1,2,412,Potential,429.84,429.84,Bronze,0,0,0,0,0.0,0.0,0.3333333333333333,0.2779848412361478,29,376.0
15452,30,3,538.73,4,3,3,433,Loyal,179.57666666666668,179.57666666666668,Bronze,0,0,0,234,0.2553191489361702,1.0,0.3333333333333333,0.2810110974035644,263,94.33333333333333
15453,2,7,1388.37,5,5,4,554,Champions,198.3385714285714,198.3385714285714,Silver,1,0,0,185,0.967741935483871,1.0,0.022222222222222223,0.31042549625547416,187,120.71428571428571
15454,362,1,179.1,1,1,1,111,Dormant,179.1,179.1,Bronze,0,0,1,0,0.0,0.0,1.0,0.011316744173003244,361,86.0
15456,283,3,447.22,1,3,2,132,Needs Attention,149.07333333333335,149.07333333333335,Bronze,0,0,0,75,0.39473684210526316,1.0,1.0,0.07793928847904101,358,220.0
15457,262,1,237.07,1,1,1,111,Dormant,237.07,237.07,Bronze,0,0,1,0,0.0,0.0,1.0,0.09161340131326574,261,132.0
15458,25,1,161.64,4,1,1,411,Potential,161.64,161.64,Bronze,0,0,0,0,0.0,0.0,0.2777777777777778,0.2816126752699379,24,156.0
15460,354,1,216.76,1,1,1,111,Dormant,216.76,216.76,Bronze,0,0,1,0,0.0,0.0,1.0,0.017787616916301912,353,109.0
15462,94,3,234.6,2,3,1,231,Dormant,78.2,78.2,Bronze,0,0,1,92,0.6451612903225806,1.0,1.0,0.22924004702209996,186,57.333333333333336
15463,29,1,126.14,4,1,1,411,Potential,126.14,126.14,Bronze,0,0,0,0,0.0,0.0,0.32222222222222224,0.2783534421219024,28,106.0
15464,338,1,1048.85,1,1,4,114,Dormant,1048.85,1048.85,Bronze,0,0,1,0,0.0,0.0,1.0,0.03180966752981982,337,350.0
15465,20,18,7354.62,4,5,5,455,Champions,408.59,408.59,Platinum,1,0,0,349,1.457142857142857,1.0,0.2222222222222222,0.3202934149032013,369,69.83333333333333
15466,85,1,334.53,2,1,2,212,Dormant,334.53,334.53,Bronze,0,0,1,0,0.0,0.0,0.9444444444444444,0.2337311371432891,84,246.0
15467,9,3,524.88,5,3,3,533,Loyal,174.96,174.96,Bronze,0,0,0,142,0.4195804195804196,1.0,0.1,0.29783624602271713,151,103.33333333333333
15468,51,2,467.51,3,3,2,332,Dormant,233.755,233.755,Bronze,0,0,1,0,0.0,1.0,0.5666666666666667,0.2626291028676604,50,77.5
15469,50,2,538.55,3,3,3,333,Loyal,269.275,269.275,Bronze,0,0,0,69,0.42857142857142855,1.0,0.5555555555555556,0.26353265300254247,119,76.5
15471,2,1,469.48,5,1,2,512,Potential,469.48,469.48,Bronze,0,0,0,0,0.0,0.0,0.022222222222222223,0.3005013212198459,1,266.0
15472,113,1,371.56,2,1,2,212,Dormant,371.56,371.56,Bronze,0,0,1,0,0.0,0.0,1.0,0.21132410520071446,112,251.0
15473,14,7,1771.2,4,5,4,454,Champions,253.02857142857144,253.02857142857144,Silver,1,0,0,46,1.9565217391304348,1.0,0.15555555555555556,0.3013463257009325,60,96.0
15475,77,1,454.11,2,1,2,212,Dormant,454.11,454.11,Bronze,0,0,1,0,0.0,0.0,0.8555555555555555,0.24031895241337578,76,319.0
15478,40,2,1441.42,3,3,4,334,Loyal,720.71,720.71,Bronze,0,0,0,16,1.875,1.0,0.4444444444444444,0.2728429093334298,56,292.5
15480,116,1,905.5,2,1,3,213,Dormant,905.5,905.5,Bronze,0,0,1,0,0.0,0.0,1.0,0.20967989869331208,115,303.0
15482,16,12,11054.96,4,5,5,455,Champions,921.2466666666666,921.2466666666666,Platinum,1,0,0,343,0.6997084548104956,1.0,0.17777777777777778,0.3201718442108456,358,418.3333333333333
15483,161,4,233.81,2,4,1,241,Dormant,58.4525,58.4525,Bronze,0,0,1,105,0.2857142857142857,1.0,1.0,0.17693101047099083,266,73.75
15484,1,4,3594.31,5,4,5,545,Champions,898.5775,898.5775,Silver,1,0,0,77,1.1688311688311688,1.0,0.011111111111111112,0.31007044104612286,77,788.0
15485,30,3,2575.0,4,3,5,435,Loyal,858.3333333333334,858.3333333333334,Bronze,0,0,0,343,0.1749271137026239,1.0,0.3333333333333333,0.28391791575100744,372,435.3333333333333
15488,93,1,91.32,2,1,1,211,Dormant,91.32,91.32,Bronze,0,0,1,0,0.0,0.0,1.0,0.22696683744221133,92,73.0
15489,23,3,1134.28,4,3,4,434,Loyal,378.0933333333333,378.0933333333333,Bronze,0,0,0,188,0.31746031746031744,1.0,0.25555555555555554,0.2874762308441679,210,202.66666666666666
15491,95,6,3100.09,2,5,5,255,At Risk,516.6816666666667,516.6816666666667,Bronze,0,1,0,140,0.8571428571428571,1.0,1.0,0.2368346754568945,235,274.3333333333333
15492,28,2,659.46,4,3,3,433,Loyal,329.73,329.73,Bronze,0,0,0,46,0.6521739130434783,1.0,0.3111111111111111,0.28135231339972827,73,241.5
15493,33,5,2001.8,3,4,4,344,Loyal,400.36,400.36,Silver,0,0,0,238,0.3781512605042017,1.0,0.36666666666666664,0.28356405695338033,270,112.0
15494,21,2,1299.23,4,3,4,434,Loyal,649.615,649.615,Bronze,0,0,0,99,0.3,1.0,0.23333333333333334,0.2878805718224432,120,574.0
15497,18,2,1262.2,4,3,4,434,Loyal,631.1,631.1,Bronze,0,0,0,302,0.09933774834437085,1.0,0.2,0.290234127829189,319,312.0
15498,3,27,13316.4,5,5,5,555,Champions,493.2,493.2,Platinum,1,0,0,364,1.3186813186813187,1.0,0.03333333333333333,0.3553590054447368,366,226.11111111111111
15500,8,4,1131.56,5,4,4,544,Champions,282.89,282.89,Silver,1,0,0,73,1.2328767123287672,1.0,0.08888888888888889,0.30093984024689513,80,143.0
15502,16,12,10384.93,4,5,5,455,Champions,865.4108333333334,865.4108333333334,Platinum,1,0,0,353,0.5932203389830508,1.0,0.17777777777777778,0.3192153622623136,368,353.0
15503,363,1,147.09,1,1,1,111,Dormant,147.09,147.09,Bronze,0,0,1,0,0.0,0.0,1.0,0.010468910185832746,362,74.0
15504,81,1,52.83,2,1,1,211,Dormant,52.83,52.83,Bronze,0,0,1,0,0.0,0.0,0.9,0.2365375606050802,80,33.0
15505,53,5,3610.96,3,4,5,345,Loyal,722.192,722.192,Silver,0,0,0,102,1.1650485436893203,1.0,0.5888888888888889,0.26981838602412794,154,478.0
15506,23,3,979.26,4,3,4,434,Loyal,326.42,326.42,Bronze,0,0,0,116,0.5172413793103449,1.0,0.25555555555555554,0.28725493652650835,138,282.6666666666667
15507,172,1,492.36,2,1,3,213,Dormant,492.36,492.36,Bronze,0,0,1,0,0.0,0.0,1.0,0.16417034653849605,171,162.0
15508,189,6,1000.27,1,5,4,154,At Risk,166.71166666666667,166.71166666666667,Bronze,0,1,0,46,1.9565217391304348,1.0,1.0,0.15843606862616724,234,73.33333333333333
15510,331,1,250.0,1,1,1,111,Dormant,250.0,250.0,Bronze,0,0,1,0,0.0,0.0,1.0,0.03628426557792894,330,2.0
15511,12,5,909.23,5,4,3,543,Loyal,181.846,181.846,Silver,0,0,0,73,1.6216216216216217,1.0,0.13333333333333333,0.29884931003424303,84,54.2
15512,156,2,121.0,2,3,1,231,Dormant,60.5,60.5,Bronze,0,0,1,203,0.14705882352941177,1.0,1.0,0.1779098536081105,359,34.0
15513,33,19,14758.22,3,5,5,355,Loyal,776.7484210526316,776.7484210526316,Gold,0,0,0,340,1.2352941176470589,1.0,0.36666666666666664,0.32186980917528385,373,300.4736842105263
15514,12,11,4139.46,5,5,5,555,Champions,376.3145454545455,376.3145454545455,Gold,1,0,0,352,0.5965909090909091,1.0,0.13333333333333333,0.3120729716405024,363,196.36363636363637
15516,45,3,62.43,3,3,1,331,Dormant,20.81,20.81,Bronze,0,0,1,1,15.0,1.0,0.5,0.26829908355216087,46,9.0
15517,233,1,267.03,1,1,2,112,Dormant,267.03,267.03,Bronze,0,0,1,0,0.0,0.0,1.0,0.11491820193035271,232,293.0
15518,64,8,1942.45,3,5,4,354,Loyal,242.80625,242.80625,Silver,0,0,0,268,0.6716417910447762,1.0,0.7111111111111111,0.26291924351261037,331,159.125
15520,2,1,343.5,5,1,2,512,Potential,343.5,343.5,Bronze,0,0,0,0,0.0,0.0,0.022222222222222223,0.3003214821143192,1,314.0
15521,40,8,3000.2,3,5,5,355,Loyal,375.025,375.025,Gold,0,0,0,214,0.7009345794392524,1.0,0.4444444444444444,0.2836805408322704,254,229.5
15522,33,2,398.84,3,3,2,332,Dormant,199.42,199.42,Bronze,0,0,1,54,0.5454545454545454,1.0,0.36666666666666664,0.27696957766896535,87,286.5
15523,84,1,412.0100000000001,2,1,2,212,Dormant,412.0100000000001,412.0100000000001,Bronze,0,0,1,0,0.0,0.0,0.9333333333333333,0.23464388051391968,83,132.0
15524,25,1,440.0,4,1,2,412,Potential,440.0,440.0,Bronze,0,0,0,0,0.0,0.0,0.2777777777777778,0.2820100400374757,24,4.0
15525,2,3,825.92,5,3,3,533,Loyal,275.3066666666667,275.3066666666667,Bronze,0,0,0,371,0.16172506738544473,1.0,0.022222222222222223,0.3038809602303577,372,138.66666666666666
15526,33,2,148.44,3,3,1,331,Dormant,74.22,74.22,Bronze,0,0,1,0,0.0,1.0,0.36666666666666664,0.2766121263907951,32,12.0
15527,19,8,2429.78,4,5,5,455,Champions,303.7225,303.7225,Gold,1,0,0,335,0.625,1.0,0.2111111111111111,0.2997111740445093,353,124.0
15528,254,1,229.33,1,1,1,111,Dormant,229.33,229.33,Bronze,0,0,1,0,0.0,0.0,1.0,0.09801946459957987,253,123.0
15529,23,11,3995.23,4,5,5,455,Champions,363.20272727272726,363.20272727272726,Gold,1,0,0,343,0.872093023255814,1.0,0.25555555555555554,0.3030435508635201,366,317.8181818181818
15530,22,4,1502.35,4,4,4,444,Champions,375.5875,375.5875,Silver,1,0,0,225,0.4,1.0,0.24444444444444444,0.29023920426369654,246,237.5
15531,8,2,2007.44,5,3,4,534,Loyal,1003.72,1003.72,Bronze,0,0,0,22,1.3636363636363635,1.0,0.08888888888888889,0.2993193640124008,29,552.5
15532,25,4,1580.93,4,4,4,444,Champions,395.2325,395.2325,Silver,1,0,0,332,0.2702702702702703,1.0,0.2777777777777778,0.2879449617577813,357,130.25
15533,19,3,807.57,4,3,3,433,Loyal,269.19,269.19,Bronze,0,0,0,69,0.8571428571428571,1.0,0.2111111111111111,0.29021840158219525,88,96.33333333333333
15535,173,4,536.4,2,4,3,243,Needs Attention,134.1,134.1,Bronze,0,0,0,154,0.38961038961038963,1.0,1.0,0.1677372956250738,327,35.75
15537,163,1,110.92,2,1,1,211,Dormant,110.92,110.92,Bronze,0,0,1,0,0.0,0.0,1.0,0.17084508423503797,162,29.0
15539,7,1,538.46,5,1,3,513,Potential,538.46,538.46,Bronze,0,0,0,0,0.0,0.0,0.07777777777777778,0.2965890964367064,6,410.0
15540,11,1,213.3,5,1,1,511,Potential,213.3,213.3,Bronze,0,0,0,0,0.0,0.0,0.12222222222222222,0.29291636753294087,10,200.0
15541,114,1,85.13000000000001,2,1,1,211,Dormant,85.13000000000001,85.13000000000001,Bronze,0,0,1,0,0.0,0.0,1.0,0.21011308130063633,113,49.0
15543,288,1,127.86,1,1,1,111,Dormant,127.86,127.86,Bronze,0,0,1,0,0.0,0.0,1.0,0.07060188676297108,287,86.0
15544,9,9,3546.71,5,5,5,555,Champions,394.0788888888889,394.0788888888889,Gold,1,0,0,363,0.6611570247933884,1.0,0.1,0.31076241223612233,372,345.44444444444446
15545,54,2,292.72,3,3,2,332,Dormant,146.36,146.36,Bronze,0,0,1,316,0.0946372239747634,1.0,0.6,0.2599731693459704,370,81.5
15547,7,14,4954.84,5,5,5,555,Champions,353.9171428571429,353.9171428571429,Gold,1,0,0,354,0.9295774647887324,1.0,0.07777777777777778,0.3215538590607201,361,288.0
15549,77,3,1693.26,2,3,4,234,Needs Attention,564.42,564.42,Bronze,0,0,0,239,0.2510460251046025,1.0,0.8555555555555555,0.2449586785554917,315,232.66666666666666
15550,4,4,575.63,5,4,3,543,Loyal,143.9075,143.9075,Silver,0,0,0,297,0.30303030303030304,1.0,0.044444444444444446,0.3033547946032044,301,73.75
15551,37,1,436.06,3,1,2,312,Dormant,436.06,436.06,Bronze,0,0,1,0,0.0,0.0,0.4111111111111111,0.2723787471552268,36,218.0
15552,217,1,90.12,1,1,1,111,Dormant,90.12,90.12,Bronze,0,0,1,0,0.0,0.0,1.0,0.12749988377520535,216,60.0
15553,60,1,437.23,3,1,2,312,Dormant,437.23,437.23,Bronze,0,0,1,0,0.0,0.0,0.6666666666666666,0.25393121949392666,59,451.0
15554,278,1,217.2,1,1,1,111,Dormant,217.2,217.2,Bronze,0,0,1,0,0.0,0.0,1.0,0.07875081187049644,277,74.0
15555,12,16,4805.17,5,5,5,555,Champions,300.323125,300.323125,Gold,1,0,0,357,1.2605042016806722,1.0,0.13333333333333333,0.3202003201907963,368,277.4375
15556,24,1,279.77,4,1,2,412,Potential,279.77,279.77,Bronze,0,0,0,0,0.0,0.0,0.26666666666666666,0.28258344737242796,23,236.0
15557,29,1,473.65,4,1,2,412,Potential,473.65,473.65,Bronze,0,0,0,0,0.0,0.0,0.32222222222222224,0.27884951997204993,28,219.0
15561,12,4,800.5899999999999,5,4,3,543,Loyal,200.1475,200.1475,Silver,0,0,0,203,0.29411764705882354,1.0,0.13333333333333333,0.29725881744566085,215,66.75
15562,352,1,134.55,1,1,1,111,Dormant,134.55,134.55,Bronze,0,0,1,0,0.0,0.0,1.0,0.01927453848326736,351,39.0
15563,22,4,1400.44,4,4,4,444,Champions,350.11,350.11,Silver,1,0,0,336,0.17857142857142858,1.0,0.24444444444444444,0.29009372559054025,358,375.25
15565,50,2,173.16000000000005,3,3,1,331,Dormant,86.58000000000001,86.58000000000001,Bronze,0,0,1,20,1.5,1.0,0.5555555555555556,0.2630110510755032,70,30.0
15567,19,1,186.01,4,1,1,411,Potential,186.01,186.01,Bronze,0,0,0,0,0.0,0.0,0.2111111111111111,0.28646029818323093,18,223.0
15568,3,3,758.29,5,3,3,533,Loyal,252.7633333333333,252.7633333333333,Bronze,0,0,0,70,0.8450704225352113,1.0,0.03333333333333333,0.3029822779423548,72,153.66666666666666
15569,104,5,1375.71,2,4,4,244,At Risk,275.142,275.142,Bronze,0,1,0,228,0.39301310043668125,1.0,1.0,0.2257184286233036,331,133.2
15570,7,12,4165.52,5,5,5,555,Champions,347.1266666666667,347.1266666666667,Gold,1,0,0,362,0.9116022099447515,1.0,0.07777777777777778,0.31755627472555037,368,172.25
15571,12,4,650.4300000000001,5,4,3,543,Loyal,162.60750000000002,162.60750000000002,Silver,0,0,0,66,1.3432835820895523,1.0,0.13333333333333333,0.297044460880445,77,66.0
15572,5,7,2552.86,5,5,5,555,Champions,364.69428571428574,364.69428571428574,Gold,1,0,0,273,0.43795620437956206,1.0,0.05555555555555555,0.3096814131644066,277,175.57142857142858
15573,32,2,607.45,4,3,3,433,Loyal,303.725,303.725,Bronze,0,0,0,53,0.5555555555555556,1.0,0.35555555555555557,0.27806951187867923,85,181.5
15574,178,4,702.25,2,4,3,243,Needs Attention,175.5625,175.5625,Bronze,0,0,0,194,0.3076923076923077,1.0,1.0,0.16396335480885268,371,87.25
15576,38,1,940.67,3,1,3,313,Dormant,940.67,940.67,Bronze,0,0,1,0,0.0,0.0,0.4222222222222222,0.272296949529445,37,404.0
15577,151,3,258.88,2,3,2,232,Needs Attention,86.29333333333334,86.29333333333334,Bronze,0,0,0,154,0.19480519480519481,1.0,1.0,0.18355278210020715,304,29.666666666666668
15578,162,1,127.1,2,1,1,211,Dormant,127.1,127.1,Bronze,0,0,1,0,0.0,0.0,1.0,0.17167032056352863,161,52.0
15579,69,2,348.6,3,3,2,332,Dormant,174.3,174.3,Bronze,0,0,1,245,0.12244897959183673,1.0,0.7666666666666667,0.2480208536623651,313,60.0
15581,121,13,3679.97,2,5,5,255,At Risk,283.0746153846154,283.0746153846154,Bronze,0,1,0,245,1.3414634146341464,1.0,1.0,0.22685469829684884,365,22.0
15582,25,3,682.9100000000001,4,3,3,433,Loyal,227.63666666666668,227.63666666666668,Bronze,0,0,0,195,0.30612244897959184,1.0,0.2777777777777778,0.2852276125798938,219,151.0
15584,24,4,725.11,4,4,3,443,Loyal,181.2775,181.2775,Silver,0,0,0,138,0.6474820143884892,1.0,0.26666666666666666,0.28752539970542346,161,78.5
15585,177,1,455.3,2,1,2,212,Dormant,455.3,455.3,Bronze,0,0,1,0,0.0,0.0,1.0,0.16010674742014422,176,320.0
15587,50,4,913.68,3,4,3,343,Loyal,228.42,228.42,Silver,0,0,0,301,0.29900332225913623,1.0,0.5555555555555556,0.26693897238201997,351,78.0
15589,256,3,478.53,1,3,2,132,Needs Attention,159.51,159.51,Bronze,0,0,0,54,0.5454545454545454,1.0,1.0,0.09964173817471829,310,81.0
15592,47,1,388.58,3,1,2,312,Dormant,388.58,388.58,Bronze,0,0,1,0,0.0,0.0,0.5222222222222223,0.2642895780800665,46,354.0
15593,71,1,199.8,3,1,1,311,Dormant,199.8,199.8,Bronze,0,0,1,0,0.0,0.0,0.7888888888888889,0.24476875375238571,70,60.0
15594,16,5,1771.78,4,4,4,444,Champions,354.356,354.356,Silver,1,0,0,218,0.547945205479452,1.0,0.17777777777777778,0.2968720621911628,234,196.6
15596,101,5,1406.59,2,4,4,244,At Risk,281.318,281.318,Bronze,0,1,0,264,0.4528301886792453,1.0,1.0,0.22816892758652121,364,112.2
15597,35,1,324.57,3,1,2,312,Dormant,324.57,324.57,Bronze,0,0,1,0,0.0,0.0,0.3888888888888889,0.27382387090500043,34,279.0
15598,53,1,240.68,3,1,1,311,Dormant,240.68,240.68,Bronze,0,0,1,0,0.0,0.0,0.5888888888888889,0.2592656134878901,52,160.0
15599,27,2,761.74,4,3,3,433,Loyal,380.87,380.87,Bronze,0,0,0,177,0.16853932584269662,1.0,0.3,0.2823004592931169,203,359.0
15601,11,14,6776.56,5,5,5,555,Champions,484.04,484.04,Platinum,1,0,0,361,1.080332409972299,1.0,0.12222222222222222,0.3209458466109407,372,355.92857142857144
15602,8,9,1297.87,5,5,4,554,Champions,144.20777777777778,144.20777777777778,Silver,1,0,0,359,0.6666666666666666,1.0,0.08888888888888889,0.30835428477035903,367,126.33333333333333
15603,79,1,48.48,2,1,1,211,Dormant,48.48,48.48,Bronze,0,0,1,0,0.0,0.0,0.8777777777777778,0.23813562896325308,78,96.0
15604,52,1,216.39,3,1,1,311,Dormant,216.39,216.39,Bronze,0,0,1,0,0.0,0.0,0.5777777777777777,0.26003307803831555,51,159.0
15605,36,5,1198.23,3,4,4,344,Loyal,239.646,239.646,Silver,0,0,0,337,0.3560830860534125,1.0,0.4,0.28001052672766524,372,88.2
15606,61,9,2920.16,3,5,5,355,Loyal,324.4622222222222,324.4622222222222,Silver,0,0,0,263,0.9125475285171103,1.0,0.6777777777777778,0.2681567689575792,324,99.11111111111111
15607,337,1,104.76,1,1,1,111,Dormant,104.76,104.76,Bronze,0,0,1,0,0.0,0.0,1.0,0.03126409819182261,336,202.0
15608,28,4,1093.68,4,4,4,444,Champions,273.42,273.42,Silver,1,0,0,92,0.6521739130434783,1.0,0.3111111111111111,0.2848429849997612,120,178.5
15609,184,1,298.48,1,1,2,112,Dormant,298.48,298.48,Bronze,0,0,1,0,0.0,0.0,1.0,0.15426791030251047,183,148.0
15610,52,1,112.46,3,1,1,311,Dormant,112.46,112.46,Bronze,0,0,1,0,0.0,0.0,0.5777777777777777,0.25988471577257977,51,66.0
15611,10,13,1591.45,5,5,4,554,Champions,122.41923076923078,122.41923076923078,Silver,1,0,0,325,1.0153846153846153,1.0,0.1111111111111111,0.31291072512811063,334,38.76923076923077
15612,36,2,195.15,3,3,1,331,Dormant,97.575,97.575,Bronze,0,0,1,25,1.2,1.0,0.4,0.2742723887880936,61,26.0
15615,10,23,10399.74,5,5,5,555,Champions,452.1626086956522,452.1626086956522,Platinum,1,0,0,348,1.3753581661891117,1.0,0.1111111111111111,0.3398388117583024,358,239.47826086956522
15618,33,4,776.851,3,4,3,343,Loyal,194.21275,194.21275,Silver,0,0,0,103,0.5769230769230769,1.0,0.36666666666666664,0.28038000973667127,136,113.5
15619,11,1,336.4,5,1,2,512,Potential,336.4,336.4,Bronze,0,0,0,0,0.0,0.0,0.12222222222222222,0.2930920953777602,10,136.0
15620,57,3,1553.18,3,3,4,334,Loyal,517.7266666666667,517.7266666666667,Bronze,0,0,0,301,0.1986754966887417,1.0,0.6333333333333333,0.26080149215141474,357,305.0
15621,4,4,1293.03,5,4,4,544,Champions,323.2575,323.2575,Silver,1,0,0,17,3.5294117647058822,1.0,0.044444444444444446,0.3043788982252465,21,125.25
15622,43,9,3709.56,3,5,5,355,Loyal,412.17333333333335,412.17333333333335,Gold,0,0,0,239,0.502092050209205,1.0,0.4777777777777778,0.2837221567711028,281,186.0
15623,141,1,301.03000000000003,2,1,2,212,Dormant,301.03000000000003,301.03000000000003,Bronze,0,0,1,0,0.0,0.0,1.0,0.18876352909088748,140,125.0
15624,117,4,588.13,2,4,3,243,Needs Attention,147.0325,147.0325,Bronze,0,0,0,139,0.6428571428571429,1.0,1.0,0.21273092738674487,255,89.25
15625,104,4,1534.26,2,4,4,244,At Risk,383.565,383.565,Bronze,0,1,0,131,0.6818181818181818,1.0,1.0,0.22450935539180727,234,297.0
15626,75,2,675.8,2,3,3,233,Needs Attention,337.9,337.9,Bronze,0,0,0,254,0.11764705882352941,1.0,0.8333333333333334,0.2436751043348001,329,383.0
15628,5,9,2870.24,5,5,5,555,Champions,318.9155555555556,318.9155555555556,Gold,1,0,0,362,0.6629834254143646,1.0,0.05555555555555555,0.31300529320157444,366,210.44444444444446
15630,45,2,1186.35,3,3,4,334,Loyal,593.175,593.175,Bronze,0,0,0,159,0.18867924528301888,1.0,0.5,0.26846809634465507,204,400.0
15632,16,8,3285.31,4,5,5,455,Champions,410.66375,410.66375,Gold,1,0,0,259,0.8108108108108109,1.0,0.17777777777777778,0.30333887826548694,274,263.625
15634,17,1,243.55,4,1,1,411,Potential,243.55,243.55,Bronze,0,0,0,0,0.0,0.0,0.18888888888888888,0.28814671582098034,16,99.0
15636,90,2,724.76,2,3,3,233,Needs Attention,362.38,362.38,Bronze,0,0,0,192,0.15544041450777202,1.0,1.0,0.23171291020532844,281,142.0
15637,53,1,223.36,3,1,1,311,Dormant,223.36,223.36,Bronze,0,0,1,0,0.0,0.0,0.5888888888888889,0.2592408888228026,52,128.0
15639,134,1,425.32,2,1,2,212,Dormant,425.32,425.32,Bronze,0,0,1,0,0.0,0.0,1.0,0.1945559289478228,133,323.0
15640,4,15,12515.66,5,5,5,555,Champions,834.3773333333334,834.3773333333334,Platinum,1,0,0,367,1.141304347826087,1.0,0.044444444444444446,0.33618891279576635,371,440.46666666666664
15641,105,4,1887.2,2,4,4,244,At Risk,471.8,471.8,Bronze,0,1,0,253,0.3543307086614173,1.0,1.0,0.22421104564398037,358,390.5
15643,192,3,664.0,1,3,3,133,Needs Attention,221.33333333333331,221.33333333333331,Bronze,0,0,0,90,0.32967032967032966,1.0,1.0,0.1512433989049539,281,82.0
15644,166,4,813.0,2,4,3,243,Needs Attention,203.25,203.25,Bronze,0,0,0,94,0.631578947368421,1.0,1.0,0.1737471212175448,260,139.25
15645,19,1,612.01,4,1,3,413,Potential,612.01,612.01,Bronze,0,0,0,0,0.0,0.0,0.2111111111111111,0.28706842216286566,18,256.0
15646,158,3,447.64,2,3,2,232,Needs Attention,149.21333333333334,149.21333333333334,Bronze,0,0,0,214,0.27906976744186046,1.0,1.0,0.17820726771703854,371,131.33333333333334
15648,204,2,657.35,1,3,3,133,Needs Attention,328.675,328.675,Bronze,0,0,0,62,0.47619047619047616,1.0,1.0,0.14017283074201645,266,110.5
15649,336,2,816.0,1,3,3,133,Needs Attention,408.0,408.0,Bronze,0,0,0,31,0.967741935483871,1.0,1.0,0.034516954020016095,367,96.0
15651,37,3,646.3,3,3,3,333,Loyal,215.4333333333333,215.4333333333333,Bronze,0,0,0,223,0.13392857142857142,1.0,0.4111111111111111,0.2755496825839954,260,159.66666666666666
15652,91,1,337.74,2,1,2,212,Dormant,337.74,337.74,Bronze,0,0,1,0,0.0,0.0,1.0,0.22892288526135363,90,208.0
15653,93,2,877.44,2,3,3,233,Needs Attention,438.72,438.72,Bronze,0,0,0,23,1.3043478260869565,1.0,1.0,0.22952444701136376,115,600.0
15654,9,2,922.53,5,3,3,533,Loyal,461.265,461.265,Bronze,0,0,0,16,1.7647058823529411,1.0,0.1,0.2969684930811989,25,237.5
15655,243,1,560.6700000000001,1,1,3,113,Dormant,560.6700000000001,560.6700000000001,Bronze,0,0,1,0,0.0,0.0,1.0,0.10731598884564542,242,324.0
15656,45,4,748.5,3,4,3,343,Loyal,187.125,187.125,Silver,0,0,0,238,0.37656903765690375,1.0,0.5,0.27071386963736394,283,85.75
15657,23,1,30.0,4,1,1,411,Potential,30.0,30.0,Bronze,0,0,0,0,0.0,0.0,0.25555555555555554,0.28302903446997063,22,24.0
15658,190,5,1024.1,1,4,4,144,At Risk,204.82,204.82,Bronze,0,1,0,182,0.6593406593406593,1.0,1.0,0.156232540717481,372,48.4
15659,44,1,306.45,3,1,2,312,Dormant,306.45,306.45,Bronze,0,0,1,0,0.0,0.0,0.4888888888888889,0.2665787528861514,43,111.0
15660,25,9,1600.86,4,5,4,454,Champions,177.8733333333333,177.8733333333333,Silver,1,0,0,340,0.4411764705882353,1.0,0.2777777777777778,0.2951504457457078,365,116.66666666666667
15661,317,2,309.8,1,3,2,132,Needs Attention,154.9,154.9,Bronze,0,0,0,21,1.4285714285714286,1.0,1.0,0.0490349845610792,338,118.0
15663,106,1,138.14,2,1,1,211,Dormant,138.14,138.14,Bronze,0,0,1,0,0.0,0.0,1.0,0.21660586649249694,105,106.0
15664,51,1,386.43,3,1,2,312,Dormant,386.43,386.43,Bronze,0,0,1,0,0.0,0.0,0.5666666666666667,0.2610779527600141,50,157.0
15665,168,2,2242.01,2,3,5,235,Needs Attention,1121.005,1121.005,Bronze,0,0,0,74,0.4,1.0,1.0,0.17131197164258632,242,833.0
15667,40,1,301.32000000000005,3,1,2,312,Dormant,301.32000000000005,301.32000000000005,Bronze,0,0,1,0,0.0,0.0,0.4444444444444444,0.269779985852749,39,240.0
15668,218,1,76.32000000000001,1,1,1,111,Dormant,76.32000000000001,76.32000000000001,Bronze,0,0,1,0,0.0,0.0,1.0,0.1266780449468826,217,72.0
15669,40,4,684.34,3,4,3,343,Loyal,171.085,171.085,Silver,0,0,0,223,0.40358744394618834,1.0,0.4444444444444444,0.274632975072104,263,85.5
15670,297,1,173.05,1,1,1,111,Dormant,173.05,173.05,Bronze,0,0,1,0,0.0,0.0,1.0,0.06344714510363064,296,91.0
15671,19,7,2657.13,4,5,5,455,Champions,379.59,379.59,Gold,1,0,0,252,0.7142857142857143,1.0,0.2111111111111111,0.29860031426324507,270,242.71428571428572
15673,88,4,2881.02,2,4,5,245,At Risk,720.255,720.255,Silver,0,1,0,238,0.37656903765690375,1.0,0.9777777777777777,0.23926610827903075,326,378.5
15674,73,5,2446.6,2,4,5,245,At Risk,489.32,489.32,Silver,0,1,0,181,0.6629834254143646,1.0,0.8111111111111111,0.25211345683197317,254,255.0
15675,81,3,323.69,2,3,2,232,Needs Attention,107.89666666666666,107.89666666666666,Bronze,0,0,0,198,0.3015075376884422,1.0,0.9,0.23979503236165506,279,175.66666666666666
15676,19,3,3435.76,4,3,5,435,Loyal,1145.253333333333,1145.253333333333,Bronze,0,0,0,265,0.22641509433962265,1.0,0.2111111111111111,0.2939701982066932,283,750.6666666666666
15677,49,1,657.23,3,1,3,313,Dormant,657.23,657.23,Bronze,0,0,1,0,0.0,0.0,0.5444444444444444,0.26306880354306134,48,319.0
15678,53,1,352.7,3,1,2,312,Dormant,352.7,352.7,Bronze,0,0,1,0,0.0,0.0,0.5888888888888889,0.2594255243991546,52,184.0
15679,24,4,781.28,4,4,3,443,Loyal,195.32,195.32,Silver,0,0,0,158,0.569620253164557,1.0,0.26666666666666666,0.28760558356442834,182,292.5
15680,9,3,1333.68,5,3,4,534,Loyal,444.56,444.56,Bronze,0,0,0,356,0.16806722689075632,1.0,0.1,0.29899082507137564,365,317.3333333333333
15681,25,5,1426.16,4,4,4,444,Champions,285.232,285.232,Silver,1,0,0,255,0.35294117647058826,1.0,0.2777777777777778,0.2891594310189561,279,163.2
15683,117,1,193.75,2,1,1,211,Dormant,193.75,193.75,Bronze,0,0,1,0,0.0,0.0,1.0,0.20786172152793295,116,131.0
15687,9,9,2993.1,5,5,5,555,Champions,332.56666666666666,332.56666666666666,Gold,1,0,0,321,0.6521739130434783,1.0,0.1,0.3099721222916022,329,145.55555555555554
15689,120,2,254.1,2,3,2,232,Needs Attention,127.05,127.05,Bronze,0,0,0,241,0.12396694214876033,1.0,1.0,0.206976862011313,361,42.0
15690,4,2,239.76,5,3,1,531,Potential,119.88,119.88,Bronze,0,0,0,96,0.3125,1.0,0.044444444444444446,0.3000045197012867,100,204.0
15691,252,1,136.8,1,1,1,111,Dormant,136.8,136.8,Bronze,0,0,1,0,0.0,0.0,1.0,0.09949165414901051,251,72.0
15692,28,1,191.04,4,1,1,411,Potential,191.04,191.04,Bronze,0,0,0,0,0.0,0.0,0.3111111111111111,0.2792482272773597,27,138.0
15694,1,14,6479.4,5,5,5,555,Champions,462.8142857142857,462.8142857142857,Platinum,1,0,0,372,1.0483870967741935,1.0,0.011111111111111112,0.32854303482145014,372,119.78571428571429
15695,267,2,409.98,1,3,2,132,Needs Attention,204.99,204.99,Bronze,0,0,0,0,0.0,1.0,1.0,0.08928494549442663,266,106.0
15696,33,8,2736.46,3,5,5,355,Loyal,342.0575,342.0575,Gold,0,0,0,293,0.7167235494880546,1.0,0.36666666666666664,0.288919019684939,326,128.5
15699,18,1,309.65,4,1,2,412,Potential,309.65,309.65,Bronze,0,0,0,0,0.0,0.0,0.2,0.2874389359268661,17,113.0
15700,172,2,696.68,2,3,3,233,Needs Attention,348.34,348.34,Bronze,0,0,0,1,30.0,1.0,1.0,0.16589742434391266,172,178.5
15701,2,4,1542.14,5,4,4,544,Champions,385.535,385.535,Silver,1,0,0,108,0.8333333333333334,1.0,0.022222222222222223,0.3063387860760913,110,230.75
15703,265,1,211.5,1,1,1,111,Dormant,211.5,211.5,Bronze,0,0,1,0,0.0,0.0,1.0,0.08917048248697743,264,66.0
15704,140,4,2293.62,2,4,5,245,At Risk,573.405,573.405,Bronze,0,1,0,75,0.8,1.0,1.0,0.19671635245072874,215,257.0
15705,201,1,143.1,1,1,1,111,Dormant,143.1,143.1,Bronze,0,0,1,0,0.0,0.0,1.0,0.14040973844089882,200,62.0
15706,64,4,1060.56,3,4,4,344,Loyal,265.14,265.14,Silver,0,0,0,52,1.6981132075471697,1.0,0.7111111111111111,0.2559187001540326,115,80.25
15707,35,4,945.58,3,4,4,344,Loyal,236.395,236.395,Silver,0,0,0,51,1.7647058823529411,1.0,0.3888888888888889,0.2790165958659359,85,151.25
15708,41,7,3364.24,3,5,5,355,Loyal,480.6057142857143,480.6057142857143,Gold,0,0,0,328,0.547112462006079,1.0,0.45555555555555555,0.2819626698698553,369,181.0
15709,284,1,133.25,1,1,1,111,Dormant,133.25,133.25,Bronze,0,0,1,0,0.0,0.0,1.0,0.07381813725131925,283,121.0
15712,9,5,1072.36,5,4,4,544,Champions,214.47200000000004,214.47200000000004,Silver,1,0,0,278,0.4316546762589928,1.0,0.1,0.30148859866015243,287,97.2
15713,143,2,356.7,2,3,2,232,Needs Attention,178.35,178.35,Bronze,0,0,0,222,0.13452914798206278,1.0,1.0,0.18867412781305115,365,75.0
15714,12,2,330.88,5,3,2,532,Potential,165.44,165.44,Bronze,0,0,0,66,0.45454545454545453,1.0,0.13333333333333333,0.2937174831225358,77,93.5
15716,146,4,1118.81,2,4,4,244,At Risk,279.7025,279.7025,Bronze,0,1,0,223,0.40178571428571425,1.0,1.0,0.19022645218736303,369,186.0
15717,234,1,150.3,1,1,1,111,Dormant,150.3,150.3,Bronze,0,0,1,0,0.0,0.0,1.0,0.11394942835737322,233,70.0
15719,33,13,5045.61,3,5,5,355,Loyal,388.1238461538461,388.1238461538461,Gold,0,0,0,304,1.180327868852459,1.0,0.36666666666666664,0.29939241347723017,337,209.6153846153846
15720,24,1,598.73,4,1,3,413,Potential,598.73,598.73,Bronze,0,0,0,0,0.0,0.0,0.26666666666666666,0.28303876949577134,23,281.0
15721,12,1,507.08,5,1,3,513,Potential,507.08,507.08,Bronze,0,0,0,0,0.0,0.0,0.13333333333333333,0.292533605638083,11,409.0
15722,36,5,2222.56,3,4,5,345,Loyal,444.512,444.512,Silver,0,0,0,254,0.35294117647058826,1.0,0.4,0.2814727793944709,290,205.2
15723,365,1,203.1,1,1,1,111,Dormant,203.1,203.1,Bronze,0,0,1,0,0.0,0.0,1.0,0.008944587566598682,364,87.0
15724,201,2,218.25,1,3,1,131,Dormant,109.125,109.125,Bronze,0,0,1,83,0.3614457831325301,1.0,1.0,0.14195242334854688,284,36.5
15725,15,1,415.25,4,1,2,412,Potential,415.25,415.25,Bronze,0,0,0,0,0.0,0.0,0.16666666666666666,0.28999609926510317,14,221.0
15727,17,7,5178.96,4,5,5,455,Champions,739.8514285714285,739.8514285714285,Gold,1,0,0,342,0.5247813411078718,1.0,0.18888888888888888,0.3038045578206517,358,437.85714285714283
15729,213,1,85.0,1,1,1,111,Dormant,85.0,85.0,Bronze,0,0,1,0,0.0,0.0,1.0,0.13070113101701372,212,28.0
15730,66,3,1120.88,3,3,4,334,Loyal,373.6266666666667,373.6266666666667,Bronze,0,0,0,140,0.425531914893617,1.0,0.7333333333333333,0.2529651234520843,206,229.66666666666666
15732,212,2,294.12,1,3,2,132,Needs Attention,147.06,147.06,Bronze,0,0,0,159,0.1875,1.0,1.0,0.13323719996104244,371,107.5
15733,283,1,162.3,1,1,1,111,Dormant,162.3,162.3,Bronze,0,0,1,0,0.0,0.0,1.0,0.07466174577609605,282,62.0
15734,115,2,1339.45,2,3,4,234,Needs Attention,669.725,669.725,Bronze,0,0,0,85,0.3488372093023256,1.0,1.0,0.2125369172015222,199,173.0
15737,15,8,1205.12,4,5,4,454,Champions,150.64,150.64,Silver,1,0,0,228,0.7894736842105263,1.0,0.16666666666666666,0.3011715022296893,242,74.875
15738,19,16,4812.42,4,5,5,455,Champions,300.77625,300.77625,Gold,1,0,0,353,1.1864406779661016,1.0,0.2111111111111111,0.31459569645658664,372,186.375
15739,66,1,449.12,3,1,2,312,Dormant,449.12,449.12,Bronze,0,0,1,0,0.0,0.0,0.7333333333333333,0.24913535849495647,65,472.0
15740,49,1,154.88,3,1,1,311,Dormant,154.88,154.88,Bronze,0,0,1,0,0.0,0.0,0.5444444444444444,0.2623516883290485,48,152.0
15743,16,4,784.46,4,4,3,443,Loyal,196.115,196.115,Silver,0,0,0,168,0.5357142857142857,1.0,0.17777777777777778,0.2940272353809247,184,54.0
15744,78,1,34.8,2,1,1,211,Dormant,34.8,34.8,Bronze,0,0,1,0,0.0,0.0,0.8666666666666667,0.2389182395123261,77,120.0
15745,19,4,1094.59,4,4,4,444,Champions,273.64750000000004,273.64750000000004,Silver,1,0,0,217,0.4147465437788019,1.0,0.2111111111111111,0.2920635353808414,235,105.25
15746,134,1,196.88,2,1,1,211,Dormant,196.88,196.88,Bronze,0,0,1,0,0.0,0.0,1.0,0.1942298260325464,133,178.0
15747,13,3,974.04,5,3,4,534,Loyal,324.68,324.68,Bronze,0,0,0,160,0.375,1.0,0.14444444444444443,0.29526887524080775,172,160.0
15748,40,1,149.31,3,1,1,311,Dormant,149.31,149.31,Bronze,0,0,1,0,0.0,0.0,0.4444444444444444,0.26956298837353704,39,51.0
15749,235,3,44534.3,1,3,5,135,Needs Attention,14844.766666666668,14844.766666666668,Bronze,0,0,0,97,0.30927835051546393,1.0,1.0,0.17937719828539428,331,6009.333333333333
15750,3,8,2465.48,5,5,5,555,Champions,308.185,308.185,Gold,1,0,0,364,0.4945054945054945,1.0,0.03333333333333333,0.31259636114595846,366,223.25
15752,40,7,2637.38,3,5,5,355,Loyal,376.7685714285714,376.7685714285714,Gold,0,0,0,333,0.5405405405405406,1.0,0.4444444444444444,0.2817272009358394,372,282.57142857142856
15753,305,1,79.2,1,1,1,111,Dormant,79.2,79.2,Bronze,0,0,1,0,0.0,0.0,1.0,0.0568960599509055,304,144.0
15754,51,3,458.57,3,3,2,332,Dormant,152.85666666666663,152.85666666666663,Bronze,0,0,1,195,0.3076923076923077,1.0,0.5666666666666667,0.2640517475277791,246,66.33333333333333
15755,10,6,2364.25,5,5,5,555,Champions,394.0416666666667,394.0416666666667,Gold,1,0,0,284,0.5281690140845071,1.0,0.1111111111111111,0.30396606652797464,294,237.83333333333334
15756,61,4,532.96,3,4,3,343,Loyal,133.24,133.24,Silver,0,0,0,187,0.4787234042553192,1.0,0.6777777777777778,0.2575719571450756,248,60.5
15757,66,2,714.42,3,3,3,333,Loyal,357.21,357.21,Bronze,0,0,0,152,0.19736842105263158,1.0,0.7333333333333333,0.25094948653576776,217,245.5
15758,25,1,205.25,4,2,1,421,Potential,205.25,205.25,Bronze,0,0,0,0,0.0,0.0,0.2777777777777778,0.2816749294641911,24,47.0
15759,218,3,253.04,1,3,2,132,Needs Attention,84.34666666666668,84.34666666666668,Bronze,0,0,0,139,0.42857142857142855,1.0,1.0,0.12980112986908465,357,20.0
15762,65,2,583.75,3,3,3,333,Loyal,291.875,291.875,Bronze,0,0,0,12,2.5,1.0,0.7222222222222222,0.25156509139381383,76,125.5
15763,32,2,1086.92,4,3,4,434,Loyal,543.46,543.46,Bronze,0,0,0,45,0.6521739130434783,1.0,0.35555555555555557,0.27875396541040565,77,135.5
15764,88,6,3279.9700000000003,2,5,5,255,At Risk,546.6616666666667,546.6616666666667,Silver,0,1,0,188,0.4787234042553192,1.0,0.9777777777777777,0.24270643121060892,276,341.6666666666667
15766,64,1,315.06,3,2,2,322,Dormant,315.06,315.06,Bronze,0,0,1,0,0.0,0.0,0.7111111111111111,0.2505482630939781,63,170.0
15768,116,3,621.83,2,4,3,243,Needs Attention,207.27666666666667,207.27666666666667,Bronze,0,0,0,110,0.5454545454545454,1.0,1.0,0.2121457671859742,225,81.33333333333333
15769,7,26,56252.72,5,5,5,555,Champions,2163.566153846154,2163.566153846154,Platinum,1,0,0,363,1.7307692307692308,1.0,0.07777777777777778,0.4120075444491835,370,1141.2307692307693
15773,6,1,635.6800000000001,5,2,3,523,Potential,635.6800000000001,635.6800000000001,Bronze,0,0,0,0,0.0,0.0,0.06666666666666667,0.2975300190734355,5,311.0
15774,69,1,270.8,3,2,2,322,Dormant,270.8,270.8,Bronze,0,0,1,0,0.0,0.0,0.7666666666666667,0.24647438582385783,68,87.0
15775,245,1,104.9,1,2,1,121,Dormant,104.9,104.9,Bronze,0,0,1,0,0.0,0.0,1.0,0.10506108948862396,244,68.0
15776,133,1,241.62,2,2,1,221,Dormant,241.62,241.62,Bronze,0,0,1,0,0.0,0.0,1.0,0.195095832363052,132,138.0
15777,241,4,1047.11,1,4,4,144,At Risk,261.77750000000003,261.77750000000003,Bronze,0,1,0,120,0.5,1.0,1.0,0.11392089036985223,360,94.5
15780,184,3,475.28,1,4,2,142,Needs Attention,158.42666666666668,158.42666666666668,Bronze,0,0,0,174,0.3448275862068966,1.0,1.0,0.15739110942639883,357,73.33333333333333
15781,25,3,345.46000000000004,4,4,2,442,Potential,115.15333333333336,115.15333333333336,Bronze,0,0,0,280,0.21428571428571427,1.0,0.2777777777777778,0.2847458955918005,305,60.0
15782,10,3,2614.74,5,4,5,545,Champions,871.5799999999999,871.5799999999999,Bronze,1,0,0,79,0.75,1.0,0.1111111111111111,0.3000174261873482,88,288.0
15783,11,1,246.3,5,2,1,521,Potential,246.3,246.3,Bronze,0,0,0,0,0.0,0.0,0.12222222222222222,0.29296347572854636,10,212.0
15785,33,5,2328.9700000000003,3,4,5,345,Loyal,465.794,465.794,Silver,0,0,0,262,0.34220532319391633,1.0,0.36666666666666664,0.2840310990247819,294,322.4
15786,46,3,4932.2,3,4,5,345,Loyal,1644.0666666666666,1644.0666666666666,Bronze,0,0,0,68,0.4411764705882353,1.0,0.5111111111111111,0.27444864383938894,113,1121.3333333333333
15787,26,3,948.05,4,4,4,444,Champions,316.01666666666665,316.01666666666665,Bronze,1,0,0,35,0.8571428571428571,1.0,0.28888888888888886,0.2848039664813347,60,180.0
15789,358,1,351.3,1,2,2,122,Needs Attention,351.3,351.3,Bronze,0,0,0,0,0.0,0.0,1.0,0.014771119452531843,357,438.0
15790,10,1,220.85,5,2,1,521,Potential,220.85,220.85,Bronze,0,0,0,0,0.0,0.0,0.1111111111111111,0.29372928435452017,9,114.0
15791,44,2,1612.69,3,3,4,334,Loyal,806.345,806.345,Bronze,0,0,0,160,0.18633540372670807,1.0,0.4888888888888889,0.2698788447188898,203,365.5
15793,15,3,965.61,4,4,4,444,Champions,321.87,321.87,Bronze,1,0,0,253,0.23622047244094488,1.0,0.16666666666666666,0.2936525631632459,268,184.33333333333334
15795,150,1,610.01,2,2,3,223,Needs Attention,610.01,610.01,Bronze,0,0,0,0,0.0,0.0,1.0,0.18198535321696446,149,581.0
15796,1,8,2711.56,5,5,5,555,Champions,338.945,338.945,Gold,1,0,0,301,0.6976744186046512,1.0,0.011111111111111112,0.314551923607934,301,107.625
15797,113,4,2207.4,2,4,5,245,At Risk,551.85,551.85,Bronze,0,1,0,206,0.4368932038834951,1.0,1.0,0.21825102559399645,318,218.25
15799,76,3,884.14,2,4,3,243,Needs Attention,294.7133333333333,294.7133333333333,Bronze,0,0,0,258,0.23166023166023167,1.0,0.8444444444444444,0.24460578173752098,333,318.3333333333333
15800,107,2,699.08,2,3,3,233,Needs Attention,349.54,349.54,Bronze,0,0,0,139,0.2158273381294964,1.0,1.0,0.2180398878276572,246,167.5
15801,46,3,1063.95,3,4,4,344,Loyal,354.65000000000003,354.65000000000003,Bronze,0,0,0,63,0.9523809523809523,1.0,0.5111111111111111,0.2689266354257224,109,190.0
15802,143,1,451.42,2,2,2,222,Needs Attention,451.42,451.42,Bronze,0,0,0,0,0.0,0.0,1.0,0.18737393591108514,142,1.0
15803,51,1,415.8200000000001,3,2,2,322,Dormant,415.8200000000001,415.8200000000001,Bronze,0,0,1,0,0.0,0.0,0.5666666666666667,0.2611199076045246,50,290.0
15804,1,13,4206.39,5,5,5,555,Champions,323.5684615384616,323.5684615384616,Gold,1,0,0,198,1.8181818181818181,1.0,0.011111111111111112,0.3238628584352108,198,197.30769230769232
15805,23,17,5528.4800000000005,4,5,5,455,Champions,325.204705882353,325.204705882353,Platinum,1,0,0,341,1.0557184750733137,1.0,0.25555555555555554,0.31384473774921495,364,199.23529411764707
15806,46,3,784.58,3,4,3,343,Loyal,261.5266666666667,261.5266666666667,Bronze,0,0,0,230,0.2608695652173913,1.0,0.5111111111111111,0.26852782886189486,276,200.66666666666666
15807,50,3,903.9,3,4,3,343,Loyal,301.3,301.3,Bronze,0,0,0,26,1.1111111111111112,1.0,0.5555555555555556,0.26548960452730314,76,143.33333333333334
15808,306,4,3734.97,1,4,5,145,At Risk,933.7425,933.7425,Bronze,0,1,0,63,1.4285714285714286,1.0,1.0,0.06561882974397631,368,335.75
15809,36,5,515.77,3,4,3,343,Loyal,103.154,103.154,Silver,0,0,0,266,0.45112781954887216,1.0,0.4,0.2790363006921218,302,60.2
15810,79,4,1391.98,2,4,4,244,At Risk,347.995,347.995,Silver,0,1,0,218,0.4128440366972477,1.0,0.8777777777777778,0.24435972362852248,296,215.25
15811,22,6,2218.62,4,5,5,455,Champions,369.77,369.77,Gold,1,0,0,343,0.4373177842565598,1.0,0.24444444444444444,0.2941325081840486,364,178.5
15812,107,5,1801.14,2,4,4,244,At Risk,360.228,360.228,Bronze,0,1,0,210,0.5714285714285714,1.0,1.0,0.2239193218036238,317,184.4
15813,208,2,1303.91,1,3,4,134,Needs Attention,651.9549999999999,651.9549999999999,Bronze,0,0,0,31,0.9375,1.0,1.0,0.13788725262109275,239,301.5
15814,17,4,1945.33,4,4,4,444,Champions,486.3325,486.3325,Silver,1,0,0,33,1.7647058823529411,1.0,0.18888888888888888,0.29488226273841767,50,317.75
15815,64,5,2100.6,3,4,5,345,Loyal,420.12,420.12,Silver,0,0,0,196,0.6122448979591837,1.0,0.7111111111111111,0.25883878587555326,259,371.2
15819,49,4,1905.45,3,4,4,344,Loyal,476.3625,476.3625,Silver,0,0,0,227,0.3964757709251101,1.0,0.5444444444444444,0.269156883999928,276,339.25
15820,320,1,206.98,1,2,1,121,Dormant,206.98,206.98,Bronze,0,0,1,0,0.0,0.0,1.0,0.045046383032877016,319,128.0
15821,44,2,570.96,3,3,3,333,Loyal,285.48,285.48,Bronze,0,0,0,17,1.7647058823529411,1.0,0.4888888888888889,0.26839175318531033,60,101.0
15822,3,2,885.47,5,3,3,533,Loyal,442.735,442.735,Bronze,0,0,0,356,0.08426966292134831,1.0,0.03333333333333333,0.3017284233746117,358,187.5
15823,372,1,15.0,1,2,1,121,Dormant,15.0,15.0,Bronze,0,0,1,0,0.0,0.0,1.0,0.00306109758961523,371,1.0
15825,172,1,532.94,2,2,3,223,Needs Attention,532.94,532.94,Bronze,0,0,0,0,0.0,0.0,1.0,0.16422827534388001,171,220.0
15826,56,3,1654.31,3,4,4,344,Loyal,551.4366666666666,551.4366666666666,Bronze,0,0,0,154,0.19480519480519481,1.0,0.6222222222222222,0.2617479963955626,210,321.0
15827,73,14,1836.09,2,5,4,254,At Risk,131.1492857142857,131.1492857142857,Silver,0,1,0,299,1.0033444816053512,1.0,0.8111111111111111,0.2641606012251419,371,63.0
15829,99,2,636.14,2,3,3,233,Needs Attention,318.07,318.07,Bronze,0,0,0,41,0.7317073170731707,1.0,1.0,0.2243671519504131,140,498.0
15830,38,1,576.0,3,2,3,323,Dormant,576.0,576.0,Bronze,0,0,1,0,0.0,0.0,0.4222222222222222,0.2717763754175826,37,415.0
15831,58,3,801.76,3,4,3,343,Loyal,267.25333333333333,267.25333333333333,Bronze,0,0,0,265,0.22556390977443608,1.0,0.6444444444444445,0.2589266852248335,323,368.3333333333333
15832,254,1,836.79,1,2,3,123,Needs Attention,836.79,836.79,Bronze,0,0,0,0,0.0,0.0,1.0,0.09888662655420169,253,465.0
15834,70,4,2233.75,3,4,5,345,Loyal,558.4375,558.4375,Silver,0,0,0,206,0.2898550724637681,1.0,0.7777777777777778,0.25278061938405255,276,241.25
15835,44,4,954.09,3,4,4,344,Loyal,238.5225,238.5225,Silver,0,0,0,286,0.3146853146853147,1.0,0.4888888888888889,0.2718094927334194,330,109.75
15836,50,1,137.37,3,2,1,321,Dormant,137.37,137.37,Bronze,0,0,1,0,0.0,0.0,0.5555555555555556,0.26152455339752284,49,26.0
15837,65,1,391.98,3,2,2,322,Dormant,391.98,391.98,Bronze,0,0,1,0,0.0,0.0,0.7222222222222222,0.24985592897793815,64,189.0
15838,11,19,33643.08,5,5,5,555,Champions,1770.6884210526316,1770.6884210526316,Platinum,1,0,0,356,1.1797752808988764,1.0,0.12222222222222222,0.36647540372192156,367,966.7368421052631
15839,33,3,1048.49,3,4,4,344,Loyal,349.49666666666667,349.49666666666667,Bronze,0,0,0,114,0.5217391304347826,1.0,0.36666666666666664,0.2793323734364728,147,225.0
15840,59,2,355.56,3,3,2,332,Dormant,177.78,177.78,Bronze,0,0,1,113,0.2631578947368421,1.0,0.6555555555555556,0.2560521795834062,172,198.0
15841,73,4,1224.06,2,4,4,244,At Risk,306.015,306.015,Silver,0,1,0,266,0.3383458646616541,1.0,0.8111111111111111,0.24893284851354333,338,235.5
15843,304,1,118.95,1,2,1,121,Dormant,118.95,118.95,Bronze,0,0,1,0,0.0,0.0,1.0,0.0577549429512271,303,27.0
15844,46,1,130.73999999999998,3,2,1,321,Dormant,130.73999999999998,130.73999999999998,Bronze,0,0,1,0,0.0,0.0,0.5111111111111111,0.26472364508250196,45,134.0
15845,18,8,3711.77,4,5,5,455,Champions,463.97125,463.97125,Gold,1,0,0,319,0.65625,1.0,0.2,0.30234338082995166,336,240.75
15847,38,2,389.27,3,3,2,332,Dormant,194.635,194.635,Bronze,0,0,1,249,0.12,1.0,0.4222222222222222,0.272945221105074,287,224.5
15850,19,2,238.85,4,3,1,431,Potential,119.425,119.425,Bronze,0,0,0,148,0.20134228187919462,1.0,0.2111111111111111,0.28797113509560757,167,151.0
15852,187,2,160.71,1,3,1,131,Dormant,80.355,80.355,Bronze,0,0,1,10,2.727272727272727,1.0,1.0,0.153100230309728,196,24.0
15853,52,1,110.8,3,2,1,321,Dormant,110.8,110.8,Bronze,0,0,1,0,0.0,0.0,0.5777777777777777,0.2598823460875887,51,135.0
15854,4,12,2974.65,5,5,5,555,Champions,247.8875,247.8875,Gold,1,0,0,357,0.7563025210084034,1.0,0.044444444444444446,0.31826269981055505,361,78.25
15855,137,5,712.24,2,4,3,243,Needs Attention,142.448,142.448,Bronze,0,0,0,126,0.9448818897637795,1.0,1.0,0.19830072297775542,263,94.0
15856,4,27,16387.57,5,5,5,555,Champions,606.947037037037,606.947037037037,Platinum,1,0,0,361,1.6620498614958448,1.0,0.044444444444444446,0.3589410263193569,364,407.5925925925926
15857,19,1,297.0,4,2,2,422,Potential,297.0,297.0,Bronze,0,0,0,0,0.0,0.0,0.2111111111111111,0.28661873874778415,18,308.0
15858,16,5,1438.85,4,4,4,444,Champions,287.77,287.77,Silver,1,0,0,351,0.3409090909090909,1.0,0.17777777777777778,0.2963967975983464,366,233.4
15860,41,8,977.21,3,5,4,354,Loyal,122.15125,122.15125,Silver,0,0,0,327,0.6402439024390244,1.0,0.45555555555555555,0.2799905409273227,368,55.0
15861,12,8,3165.36,5,5,5,555,Champions,395.67,395.67,Gold,1,0,0,254,0.5882352941176471,1.0,0.13333333333333333,0.3063762032617989,266,318.0
15862,8,4,832.88,5,4,3,543,Loyal,208.22,208.22,Silver,0,0,0,365,0.2465753424657534,1.0,0.08888888888888889,0.3005134682510329,373,146.25
15863,26,2,68.84,4,3,1,431,Potential,34.42,34.42,Bronze,0,0,0,167,0.17964071856287425,1.0,0.28888888888888886,0.2821134689749424,192,9.5
15864,22,6,1936.32,4,5,4,454,Champions,322.72,322.72,Silver,1,0,0,293,0.5102040816326531,1.0,0.24444444444444444,0.2937295189834597,315,198.66666666666666
15865,41,3,895.13,3,4,3,343,Loyal,298.37666666666667,298.37666666666667,Bronze,0,0,0,173,0.3468208092485549,1.0,0.45555555555555555,0.2726963365043391,213,122.66666666666667
15866,101,1,230.53,2,2,1,221,Dormant,230.53,230.53,Bronze,0,0,1,0,0.0,0.0,1.0,0.22074845035214738,100,126.0
15867,5,15,3812.64,5,5,5,555,Champions,254.176,254.176,Gold,1,0,0,363,1.1538461538461537,1.0,0.05555555555555555,0.32296302925776893,368,136.93333333333334
15869,277,2,149.64,1,3,1,131,Dormant,74.82,74.82,Bronze,0,0,1,0,0.0,1.0,1.0,0.08089191428240003,276,87.5
15870,33,1,354.09000000000003,3,2,2,322,Dormant,354.09000000000003,354.09000000000003,Bronze,0,0,1,0,0.0,0.0,0.36666666666666664,0.2754702894021175,32,335.0
15872,15,2,360.93,4,3,2,432,Potential,180.465,180.465,Bronze,0,0,0,0,0.0,1.0,0.16666666666666666,0.29135396301865896,14,106.0
15874,64,7,4405.88,3,5,5,355,Loyal,629.4114285714286,629.4114285714286,Silver,0,0,0,220,0.6787330316742081,1.0,0.7111111111111111,0.2650004350655751,283,362.0
15877,2,2,493.28,5,3,3,533,Loyal,246.64,246.64,Bronze,0,0,0,16,1.875,1.0,0.022222222222222223,0.30197070292008965,17,185.5
15880,369,1,343.28,1,2,2,122,Needs Attention,343.28,343.28,Bronze,0,0,0,0,0.0,0.0,1.0,0.005936141321713951,368,211.0
15881,312,5,501.39,1,4,3,143,Needs Attention,100.278,100.278,Bronze,0,0,0,52,1.1538461538461537,1.0,1.0,0.05762539860745566,363,52.0
15882,199,4,516.36,1,4,3,143,Needs Attention,129.09,129.09,Bronze,0,0,0,169,0.17647058823529413,1.0,1.0,0.14685307312938956,367,69.0
15883,2,2,396.48,5,3,2,532,Potential,198.24,198.24,Bronze,0,0,0,31,0.967741935483871,1.0,0.022222222222222223,0.30183251887964685,32,111.5
15885,93,3,379.35,2,4,2,242,Needs Attention,126.45,126.45,Bronze,0,0,0,216,0.2764976958525346,1.0,1.0,0.23024881973571182,308,37.0
15886,60,1,181.09,3,2,1,321,Dormant,181.09,181.09,Bronze,0,0,1,0,0.0,0.0,0.6666666666666666,0.25356557424476317,59,147.0
15888,81,1,168.31,2,2,1,221,Dormant,168.31,168.31,Bronze,0,0,1,0,0.0,0.0,0.9,0.2367024107392779,80,76.0
15889,157,2,446.87,2,3,2,232,Needs Attention,223.435,223.435,Bronze,0,0,0,212,0.14084507042253522,1.0,1.0,0.1775729008646763,368,107.5
15891,227,1,524.52,1,2,3,123,Needs Attention,524.52,524.52,Bronze,0,0,0,0,0.0,0.0,1.0,0.1200986085575717,226,442.0
15894,253,2,263.55,1,3,2,132,Needs Attention,131.775,131.775,Bronze,0,0,0,115,0.25862068965517243,1.0,1.0,0.10030586010689946,368,84.0
15895,150,1,179.17,2,2,1,221,Dormant,179.17,179.17,Bronze,0,0,1,0,0.0,0.0,1.0,0.18137032003530762,149,94.0
15897,194,2,222.05,1,3,1,131,Dormant,111.025,111.025,Bronze,0,0,1,0,0.0,1.0,1.0,0.147572821190679,193,130.5
15898,1,5,1388.88,5,4,4,544,Champions,277.776,277.776,Silver,1,0,0,367,0.32697547683923706,1.0,0.011111111111111112,0.30835754993152836,368,114.0
15899,369,1,56.25,1,2,1,121,Dormant,56.25,56.25,Bronze,0,0,1,0,0.0,0.0,1.0,0.0055263999464215865,368,39.0
15900,24,1,351.11,4,2,2,422,Potential,351.11,351.11,Bronze,0,0,0,0,0.0,0.0,0.26666666666666666,0.2826852867262006,23,221.0
15901,17,3,363.88,4,4,2,442,Potential,121.29333333333334,121.29333333333334,Bronze,0,0,0,138,0.43478260869565216,1.0,0.18888888888888888,0.29118930282954014,154,128.0
15903,10,7,5126.76,5,5,5,555,Champions,732.3942857142857,732.3942857142857,Gold,1,0,0,285,0.6293706293706294,1.0,0.1111111111111111,0.30934501448236235,294,344.2857142857143
15904,8,1,164.68,5,2,1,521,Potential,164.68,164.68,Bronze,0,0,0,0,0.0,0.0,0.08888888888888889,0.2952533785703816,7,84.0
15906,20,7,1567.69,4,5,4,454,Champions,223.9557142857143,223.9557142857143,Silver,1,0,0,235,0.5084745762711864,1.0,0.2222222222222222,0.2962429766615555,254,77.71428571428571
15907,4,3,967.45,5,4,4,544,Champions,322.4833333333333,322.4833333333333,Bronze,1,0,0,206,0.2898550724637681,1.0,0.044444444444444446,0.3024787192137958,209,169.66666666666666
15909,174,1,191.94,2,2,1,221,Dormant,191.94,191.94,Bronze,0,0,1,0,0.0,0.0,1.0,0.16213721258109015,173,98.0
15910,1,8,1232.18,5,5,4,554,Champions,154.0225,154.0225,Silver,1,0,0,315,0.6645569620253164,1.0,0.011111111111111112,0.31244007747415,316,126.875
15912,178,2,264.62,2,3,2,232,Needs Attention,132.31,132.31,Bronze,0,0,0,54,0.5454545454545454,1.0,1.0,0.16046781536194055,232,92.5
15916,16,8,1528.09,4,5,4,454,Champions,191.01125,191.01125,Silver,1,0,0,350,0.5142857142857142,1.0,0.17777777777777778,0.30083040967512614,365,94.625
15917,248,1,123.1,1,2,1,121,Dormant,123.1,123.1,Bronze,0,0,1,0,0.0,0.0,1.0,0.10268065325996147,247,42.0
15918,191,2,334.23,1,3,2,132,Needs Attention,167.115,167.115,Bronze,0,0,0,80,0.37037037037037035,1.0,1.0,0.15013937761761556,270,76.5
15919,20,2,639.89,4,3,3,433,Loyal,319.945,319.945,Bronze,0,0,0,349,0.08595988538681948,1.0,0.2222222222222222,0.2877414891116784,368,272.5
15920,154,4,167.5,2,4,1,241,Dormant,41.875,41.875,Bronze,0,0,1,0,0.0,1.0,1.0,0.18245132481027743,153,24.75
15921,173,1,336.03000000000003,2,2,2,222,Needs Attention,336.03000000000003,336.03000000000003,Bronze,0,0,0,0,0.0,0.0,1.0,0.16314504313078987,172,166.0
15922,373,1,369.5,1,2,2,122,Needs Attention,369.5,369.5,Bronze,0,0,0,0,0.0,0.0,1.0,0.00276501477467151,372,138.0
15923,373,1,127.08,1,2,1,121,Dormant,127.08,127.08,Bronze,0,0,1,0,0.0,0.0,1.0,0.0024189551147113138,372,122.0
15925,194,1,207.15,1,2,1,121,Dormant,207.15,207.15,Bronze,0,0,1,0,0.0,0.0,1.0,0.14611614442803797,193,93.0
15930,67,1,426.63,3,2,2,322,Dormant,426.63,426.63,Bronze,0,0,1,0,0.0,0.0,0.7444444444444445,0.2483011145084576,66,139.0
15932,4,8,2495.87,5,5,5,555,Champions,311.98375,311.98375,Gold,1,0,0,285,0.7368421052631579,1.0,0.044444444444444446,0.31183760447411474,288,290.625
15933,21,3,1107.46,4,4,4,444,Champions,369.15333333333336,369.15333333333336,Bronze,1,0,0,65,0.9230769230769231,1.0,0.23333333333333334,0.2890422228036967,86,295.0
15935,239,2,416.86,1,3,2,132,Needs Attention,208.43,208.43,Bronze,0,0,0,2,15.0,1.0,1.0,0.11175465988757818,241,57.5
15937,64,1,145.35000000000002,3,2,1,321,Dormant,145.35000000000002,145.35000000000002,Bronze,0,0,1,0,0.0,0.0,0.7111111111111111,0.2503059984916687,63,73.0
15938,112,5,404.58,2,4,2,242,Needs Attention,80.91600000000001,80.91600000000001,Bronze,0,0,0,211,0.5687203791469194,1.0,1.0,0.21791500777843312,323,48.0
15939,90,15,6115.01,2,5,5,255,At Risk,407.6673333333334,407.6673333333334,Bronze,0,1,0,241,1.6115702479338843,1.0,1.0,0.2580678927825037,331,315.2
15940,311,1,35.8,1,2,1,121,Dormant,35.8,35.8,Bronze,0,0,1,0,0.0,0.0,1.0,0.05202127131147995,310,4.0
15942,134,1,337.44,2,2,2,222,Needs Attention,337.44,337.44,Bronze,0,0,0,0,0.0,0.0,1.0,0.19443047839540428,133,232.0
15944,277,1,325.1,1,2,2,122,Needs Attention,325.1,325.1,Bronze,0,0,0,0,0.0,0.0,1.0,0.07970698043234882,276,50.0
15945,365,1,181.0,1,2,1,121,Dormant,181.0,181.0,Bronze,0,0,1,0,0.0,0.0,1.0,0.008913039350753783,364,52.0
15947,83,1,1708.24,2,2,4,224,Needs Attention,1708.24,1708.24,Bronze,0,0,0,0,0.0,0.0,0.9222222222222223,0.23729641519952627,82,898.0
15948,8,2,955.24,5,3,4,534,Loyal,477.62,477.62,Bronze,0,0,0,35,0.8571428571428571,1.0,0.08888888888888889,0.29781732633312463,43,283.5
15949,17,2,364.72,4,3,2,432,Potential,182.36,182.36,Bronze,0,0,0,54,0.5454545454545454,1.0,0.18888888888888888,0.2897550952486819,70,142.0
15950,32,4,1765.51,4,4,4,444,Champions,441.3775,441.3775,Silver,1,0,0,327,0.27439024390243905,1.0,0.35555555555555557,0.28259348033650267,359,182.25
15951,9,2,708.22,5,3,3,533,Loyal,354.11,354.11,Bronze,0,0,0,276,0.10830324909747292,1.0,0.1,0.2966625610387681,285,156.5
15952,34,4,806.57,3,4,3,343,Loyal,201.6425,201.6425,Silver,0,0,0,191,0.46875,1.0,0.37777777777777777,0.2796202951981836,224,99.75
15953,15,8,1659.38,4,5,4,454,Champions,207.4225,207.4225,Silver,1,0,0,354,0.5932203389830508,1.0,0.16666666666666666,0.30181996795501526,368,111.5
15955,24,14,4416.26,4,5,5,455,Champions,315.44714285714286,315.44714285714286,Gold,1,0,0,348,0.7758620689655172,1.0,0.26666666666666666,0.307148661121653,372,152.5
15957,32,1,428.89,4,2,2,422,Potential,428.89,428.89,Bronze,0,0,0,0,0.0,0.0,0.35555555555555557,0.27637920701625646,31,211.0
15958,74,1,104.35,2,2,1,221,Dormant,104.35,104.35,Bronze,0,0,1,0,0.0,0.0,0.8222222222222222,0.24222607975310004,73,33.0
15963,20,2,470.76,4,3,2,432,Potential,235.38,235.38,Bronze,0,0,0,25,1.1538461538461537,1.0,0.2222222222222222,0.28750005247159477,44,149.0
15965,17,4,845.64,4,4,3,443,Loyal,211.41,211.41,Silver,0,0,0,350,0.17142857142857143,1.0,0.18888888888888888,0.293312432083102,366,113.25
15967,23,2,418.83,4,3,2,432,Potential,209.415,209.415,Bronze,0,0,0,295,0.1016949152542373,1.0,0.25555555555555554,0.2850195041896652,318,105.5
15969,3,3,666.1,5,4,3,543,Loyal,222.03333333333333,222.03333333333333,Bronze,0,0,0,182,0.32786885245901637,1.0,0.03333333333333333,0.30285067477408595,185,41.333333333333336
15970,304,1,314.1,1,2,2,122,Needs Attention,314.1,314.1,Bronze,0,0,0,0,0.0,0.0,1.0,0.05803352368978511,303,116.0
15971,18,12,4199.85,4,5,5,455,Champions,349.9875,349.9875,Gold,1,0,0,293,1.0204081632653061,1.0,0.2,0.30878175211242626,310,143.08333333333334
15973,367,1,307.82000000000005,1,2,2,122,Needs Attention,307.82000000000005,307.82000000000005,Bronze,0,0,0,0,0.0,0.0,1.0,0.007489799499120501,366,106.0
15974,39,7,3442.15,3,5,5,355,Loyal,491.7357142857143,491.7357142857143,Gold,0,0,0,249,0.7228915662650602,1.0,0.43333333333333335,0.283678166111983,288,323.14285714285717
15975,84,1,371.01,2,2,2,222,Needs Attention,371.01,371.01,Bronze,0,0,0,0,0.0,0.0,0.9333333333333333,0.23458535214968254,83,243.0
15976,165,2,430.94,2,3,2,232,Needs Attention,215.47,215.47,Bronze,0,0,0,54,0.5454545454545454,1.0,1.0,0.17113304815442332,219,138.5
15977,17,2,1054.73,4,3,4,434,Loyal,527.365,527.365,Bronze,0,0,0,21,1.3636363636363635,1.0,0.18888888888888888,0.29074009906837145,38,508.0
15978,77,1,1098.78,2,2,4,224,Needs Attention,1098.78,1098.78,Bronze,0,0,0,0,0.0,0.0,0.8555555555555555,0.24123923242734552,76,888.0
15980,89,3,2398.86,2,4,5,245,At Risk,799.62,799.62,Bronze,0,1,0,165,0.18072289156626506,1.0,0.9888888888888889,0.2363402689796042,253,520.0
15981,25,8,3408.48,4,5,5,455,Champions,426.06,426.06,Gold,1,0,0,286,0.7317073170731707,1.0,0.2777777777777778,0.29629545469988333,310,233.25
15983,22,4,1475.02,4,4,4,444,Champions,368.755,368.755,Silver,1,0,0,351,0.2564102564102564,1.0,0.24444444444444444,0.2902001901126087,373,223.0
15984,3,10,2837.67,5,5,5,555,Champions,283.767,283.767,Gold,1,0,0,365,0.7377049180327869,1.0,0.03333333333333333,0.31599848361346383,367,184.3
15985,123,2,1142.42,2,3,4,234,Needs Attention,571.21,571.21,Bronze,0,0,0,113,0.26548672566371684,1.0,1.0,0.20583854042387054,236,543.0
15986,30,1,168.12,4,2,1,421,Potential,168.12,168.12,Bronze,0,0,0,0,0.0,0.0,0.3333333333333333,0.2776112304193638,29,268.0
15987,12,7,1451.28,5,5,4,554,Champions,207.32571428571427,207.32571428571427,Silver,1,0,0,356,0.42134831460674155,1.0,0.13333333333333333,0.30249391123221964,368,222.28571428571428
15988,19,1,158.03,4,2,1,421,Potential,158.03,158.03,Bronze,0,0,0,0,0.0,0.0,0.2111111111111111,0.2864203561434418,18,181.0
15990,44,2,792.11,3,3,3,333,Loyal,396.055,396.055,Bronze,0,0,0,243,0.12345679012345678,1.0,0.4888888888888889,0.26870744947192116,286,221.5
15992,4,1,41.99,5,2,1,521,Potential,41.99,41.99,Bronze,0,0,0,0,0.0,0.0,0.044444444444444446,0.2982867921589372,3,17.0
15993,9,7,2797.57,5,5,5,555,Champions,399.6528571428572,399.6528571428572,Gold,1,0,0,35,3.3333333333333335,1.0,0.1,0.30682218569790504,43,293.0
15994,55,1,427.07,3,2,2,322,Dormant,427.07,427.07,Bronze,0,0,1,0,0.0,0.0,0.6111111111111112,0.2579274110669302,54,177.0
15996,88,6,1060.68,2,5,4,254,At Risk,176.78,176.78,Silver,0,1,0,277,0.539568345323741,1.0,0.9777777777777777,0.23953834795529555,365,64.0
15998,37,5,3089.97,3,4,5,345,Loyal,617.9939999999999,617.9939999999999,Silver,0,0,0,325,0.36809815950920244,1.0,0.4111111111111111,0.2819088864161338,361,408.2
16000,3,3,12393.7,5,4,5,545,Champions,4131.233333333334,4131.233333333334,Bronze,1,0,0,0,0.0,1.0,0.03333333333333333,0.319592070979635,2,1703.3333333333333
16003,30,5,2735.37,4,4,5,445,Champions,547.074,547.074,Silver,1,0,0,329,0.2727272727272727,1.0,0.3333333333333333,0.2870176607035686,359,237.0
16005,12,4,615.39,5,4,3,543,Loyal,153.8475,153.8475,Silver,0,0,0,258,0.23255813953488372,1.0,0.13333333333333333,0.29699444054183843,270,75.0
16006,211,1,101.4,1,2,1,121,Dormant,101.4,101.4,Bronze,0,0,1,0,0.0,0.0,1.0,0.13232882043757488,210,84.0
16007,48,4,1701.94,3,4,4,344,Loyal,425.485,425.485,Silver,0,0,0,167,0.5357142857142857,1.0,0.5333333333333333,0.2696685082225831,214,348.25
16008,24,3,478.78,4,4,2,442,Potential,159.59333333333333,159.59333333333333,Bronze,0,0,0,180,0.3314917127071823,1.0,0.26666666666666666,0.2857383517394799,204,107.66666666666667
16009,22,4,992.71,4,4,4,444,Champions,248.1775,248.1775,Silver,1,0,0,137,0.6569343065693432,1.0,0.24444444444444444,0.2895116824210181,159,94.5
16010,246,3,407.5,1,4,2,142,Needs Attention,135.83333333333334,135.83333333333334,Bronze,0,0,0,116,0.5128205128205128,1.0,1.0,0.10756173172681167,362,70.0
16011,8,16,3362.71,5,5,5,555,Champions,210.169375,210.169375,Gold,1,0,0,357,1.2569832402234637,1.0,0.08888888888888889,0.32134973428498,365,127.625
16012,35,3,1415.29,3,4,4,344,Loyal,471.7633333333333,471.7633333333333,Bronze,0,0,0,119,0.5,1.0,0.3888888888888889,0.2782517100933671,154,266.3333333333333
16013,4,47,37130.6,5,5,5,555,Champions,790.0127659574467,790.0127659574467,Platinum,1,0,0,367,2.2010869565217392,1.0,0.044444444444444446,0.4172602728570383,370,330.5531914893617
16014,38,3,662.38,3,4,3,343,Loyal,220.7933333333333,220.7933333333333,Bronze,0,0,0,253,0.23622047244094488,1.0,0.4222222222222222,0.2747704980855119,290,88.33333333333333
16015,4,3,705.39,5,4,3,543,Loyal,235.13,235.13,Bronze,0,0,0,45,1.3043478260869565,1.0,0.044444444444444446,0.302104623039845,48,303.0
16016,3,8,1508.76,5,5,4,554,Champions,188.595,188.595,Silver,1,0,0,363,0.49586776859504134,1.0,0.03333333333333333,0.31123062317930095,366,77.5
16017,47,1,211.88,3,2,1,321,Dormant,211.88,211.88,Bronze,0,0,1,0,0.0,0.0,0.5222222222222223,0.26403733510541516,46,102.0
16018,39,2,408.9,3,3,2,332,Dormant,204.45,204.45,Bronze,0,0,1,141,0.2127659574468085,1.0,0.43333333333333335,0.2721711043064207,179,95.0
16019,47,9,3786.24,3,5,5,355,Loyal,420.6933333333333,420.6933333333333,Gold,0,0,0,317,0.7547169811320755,1.0,0.5222222222222223,0.28062306293770445,364,192.55555555555554
16020,17,3,851.01,4,4,3,443,Loyal,283.67,283.67,Bronze,0,0,0,48,0.6122448979591837,1.0,0.18888888888888888,0.29188469117273136,64,162.33333333333334
16022,260,1,628.28,1,2,3,123,Needs Attention,628.28,628.28,Bronze,0,0,0,0,0.0,0.0,1.0,0.09377613990942993,259,261.0
16023,46,3,719.81,3,4,3,343,Loyal,239.93666666666664,239.93666666666664,Bronze,0,0,0,220,0.2727272727272727,1.0,0.5111111111111111,0.26843536832161097,265,119.33333333333333
16024,12,1,251.24,5,2,2,522,Potential,251.24,251.24,Bronze,0,0,0,0,0.0,0.0,0.13333333333333333,0.29216838864524325,11,398.0
16025,30,1,439.66,4,2,2,422,Potential,439.66,439.66,Bronze,0,0,0,0,0.0,0.0,0.3333333333333333,0.2779988594931431,29,338.0
16026,43,1,236.09,3,2,1,321,Dormant,236.09,236.09,Bronze,0,0,1,0,0.0,0.0,0.4777777777777778,0.2672804515404693,42,243.0
16027,92,6,934.62,2,5,3,253,Needs Attention,155.77,155.77,Bronze,0,0,0,210,0.7109004739336492,1.0,1.0,0.23614983849834995,302,191.16666666666666
16029,39,63,81024.84,3,5,5,355,Loyal,1286.1085714285714,1286.1085714285714,Gold,0,0,0,335,3.4029850746268657,1.0,0.43333333333333335,0.47481186656860763,373,638.2222222222222
16030,310,1,331.24,1,2,2,122,Needs Attention,331.24,331.24,Bronze,0,0,0,0,0.0,0.0,1.0,0.05324515717647947,309,283.0
16031,92,2,548.94,2,3,3,233,Needs Attention,274.47,274.47,Bronze,0,0,0,154,0.1935483870967742,1.0,1.0,0.2298576453743603,246,211.5
16033,6,20,8816.4,5,5,5,555,Champions,440.82,440.82,Platinum,1,0,0,364,1.4010989010989012,1.0,0.06666666666666667,0.33648089658718905,369,176.95
16034,196,3,437.7000000000001,1,4,2,142,Needs Attention,145.9,145.9,Bronze,0,0,0,136,0.4411764705882353,1.0,1.0,0.14771179473505386,332,80.66666666666667
16036,87,2,758.9200000000001,2,3,3,233,Needs Attention,379.46,379.46,Bronze,0,0,0,176,0.17045454545454544,1.0,0.9666666666666667,0.23416809143768497,262,358.0
16037,270,3,855.02,1,4,3,143,Needs Attention,285.00666666666666,285.00666666666666,Bronze,0,0,0,88,0.6741573033707865,1.0,1.0,0.08894923906166975,358,142.66666666666666
16038,8,3,471.78,5,4,2,542,Potential,157.26,157.26,Bronze,0,0,0,194,0.30927835051546393,1.0,0.08888888888888889,0.29856258369085775,201,81.33333333333333
16040,65,3,1313.55,3,4,4,344,Loyal,437.85,437.85,Bronze,0,0,0,203,0.2955665024630542,1.0,0.7222222222222222,0.2540423029757996,268,228.0
16041,31,3,3166.4,4,4,5,445,Champions,1055.4666666666667,1055.4666666666667,Bronze,1,0,0,110,0.2702702702702703,1.0,0.34444444444444444,0.2839600126796681,140,528.0
16042,22,5,1197.27,4,4,4,444,Champions,239.454,239.454,Silver,1,0,0,310,0.2903225806451613,1.0,0.24444444444444444,0.2912391028314936,331,151.0
16043,38,4,773.99,3,4,3,343,Loyal,193.4975,193.4975,Silver,0,0,0,280,0.32142857142857145,1.0,0.4222222222222222,0.27636523041169864,317,125.75
16045,120,4,1340.7,2,4,4,244,At Risk,335.175,335.175,Bronze,0,1,0,170,0.5263157894736842,1.0,1.0,0.21139881981283434,289,224.25
16048,373,2,256.44,1,3,2,132,Needs Attention,128.22,128.22,Bronze,0,0,0,0,0.0,1.0,1.0,0.004039025940049486,372,72.0
16049,40,3,1111.79,3,4,4,344,Loyal,370.5966666666666,370.5966666666666,Bronze,0,0,0,34,1.7142857142857142,1.0,0.4444444444444444,0.27380776225873854,74,264.3333333333333
16050,174,1,137.9,2,2,1,221,Dormant,137.9,137.9,Bronze,0,0,1,0,0.0,0.0,1.0,0.16206006934198344,173,278.0
16052,54,1,362.06,3,2,2,322,Dormant,362.06,362.06,Bronze,0,0,1,0,0.0,0.0,0.6,0.2586367469590205,53,282.0
16053,33,2,1511.95,3,3,4,334,Loyal,755.975,755.975,Bronze,0,0,0,89,0.3333333333333333,1.0,0.36666666666666664,0.2785585656571606,121,896.5
16054,145,1,783.9,2,2,3,223,Needs Attention,783.9,783.9,Bronze,0,0,0,0,0.0,0.0,1.0,0.18624428004454968,144,380.0
16055,221,1,134.8,1,2,1,121,Dormant,134.8,134.8,Bronze,0,0,1,0,0.0,0.0,1.0,0.1243551092672804,220,22.0
16056,45,1,664.85,3,2,3,323,Dormant,664.85,664.85,Bronze,0,0,1,0,0.0,0.0,0.5,0.26628823740341556,44,347.0
16057,16,7,2263.12,4,5,5,455,Champions,323.30285714285714,323.30285714285714,Gold,1,0,0,268,0.3358208955223881,1.0,0.17777777777777778,0.3004442737952256,284,123.28571428571429
16059,66,6,1459.86,3,5,4,354,Loyal,243.31000000000003,243.31000000000003,Silver,0,0,0,301,0.49668874172185434,1.0,0.7333333333333333,0.2577552446431221,367,107.16666666666667
16062,10,4,1153.62,5,4,4,544,Champions,288.405,288.405,Silver,1,0,0,355,0.2535211267605634,1.0,0.1111111111111111,0.29936705328703056,364,200.0
16063,260,1,335.32,1,2,2,122,Needs Attention,335.32,335.32,Bronze,0,0,0,0,0.0,0.0,1.0,0.09335793333413936,259,262.0
16065,365,1,372.09,1,2,2,122,Needs Attention,372.09,372.09,Bronze,0,0,0,0,0.0,0.0,1.0,0.009185824353731236,364,231.0
16066,17,5,1521.87,4,4,4,444,Champions,304.374,304.374,Silver,1,0,0,107,1.1111111111111112,1.0,0.18888888888888888,0.2957131713608881,123,187.2
16070,22,2,852.15,4,3,3,433,Loyal,426.075,426.075,Bronze,0,0,0,9,3.0,1.0,0.24444444444444444,0.28644021666103103,31,228.5
16071,45,1,326.24,3,2,2,322,Dormant,326.24,326.24,Bronze,0,0,1,0,0.0,0.0,0.5,0.2658048644908707,44,180.0
16072,288,1,584.3199999999999,1,2,3,123,Needs Attention,584.3199999999999,584.3199999999999,Bronze,0,0,0,0,0.0,0.0,1.0,0.07125349303467074,287,140.0
16073,297,1,122.4,1,2,1,121,Dormant,122.4,122.4,Bronze,0,0,1,0,0.0,0.0,1.0,0.06337484116098159,296,48.0
16076,3,10,2234.73,5,5,5,555,Champions,223.473,223.473,Gold,1,0,0,205,1.170731707317073,1.0,0.03333333333333333,0.31513777405411886,208,143.5
16078,284,1,79.2,1,2,1,121,Dormant,79.2,79.2,Bronze,0,0,1,0,0.0,0.0,1.0,0.07374097973700175,283,16.0
16079,17,3,1352.0,4,4,4,444,Champions,450.6666666666667,450.6666666666667,Bronze,1,0,0,23,2.5,1.0,0.18888888888888888,0.2925998649580769,39,288.0
16080,82,2,217.16,2,3,1,231,Dormant,108.58,108.58,Bronze,0,0,1,192,0.15544041450777202,1.0,0.9111111111111111,0.23740541280511626,273,64.0
16081,56,5,2806.9,3,4,5,345,Loyal,561.38,561.38,Silver,0,0,0,310,0.3870967741935484,1.0,0.6222222222222222,0.2662641563130842,366,295.4
16083,101,2,1317.62,2,3,4,234,Needs Attention,658.81,658.81,Bronze,0,0,0,259,0.11538461538461539,1.0,1.0,0.22373570094043282,360,454.0
16084,299,1,436.18,1,2,2,122,Needs Attention,436.18,436.18,Bronze,0,0,0,0,0.0,0.0,1.0,0.06221849065026969,298,216.0
16085,23,5,981.51,4,4,4,444,Champions,196.302,196.302,Silver,1,0,0,297,0.40404040404040403,1.0,0.25555555555555554,0.2901289618460652,320,127.2
16086,59,5,1121.39,3,4,4,344,Loyal,224.278,224.278,Silver,0,0,0,307,0.38961038961038963,1.0,0.6555555555555556,0.2614516381469958,366,102.2
16091,155,2,315.06,2,3,2,232,Needs Attention,157.53,157.53,Bronze,0,0,0,43,0.6818181818181818,1.0,1.0,0.1789890173861256,198,77.0
16092,115,3,817.86,2,4,3,243,Needs Attention,272.62,272.62,Bronze,0,0,0,139,0.42857142857142855,1.0,1.0,0.21322774318051482,253,209.33333333333334
16093,107,1,17.0,2,2,1,221,Dormant,17.0,17.0,Bronze,0,0,1,0,0.0,0.0,1.0,0.2156307975515592,106,20.0
16094,12,4,1078.23,5,4,4,544,Champions,269.5575,269.5575,Silver,1,0,0,207,0.28846153846153844,1.0,0.13333333333333333,0.2976551543980218,218,161.75
16096,264,1,320.62,1,2,2,122,Needs Attention,320.62,320.62,Bronze,0,0,0,0,0.0,0.0,1.0,0.09012839262454608,263,155.0
16097,240,1,185.05,1,2,1,121,Dormant,185.05,185.05,Bronze,0,0,1,0,0.0,0.0,1.0,0.10918620049026793,239,87.0
16098,88,7,2005.63,2,5,4,254,At Risk,286.5185714285714,286.5185714285714,Silver,0,1,0,286,0.6293706293706294,1.0,0.9777777777777777,0.24232269069741835,373,87.57142857142857
16099,50,3,731.9,3,4,3,343,Loyal,243.96666666666667,243.96666666666667,Bronze,0,0,0,175,0.34285714285714286,1.0,0.5555555555555556,0.2652440709017229,225,144.66666666666666
16101,71,1,1290.7,3,2,4,324,Dormant,1290.7,1290.7,Bronze,0,0,1,0,0.0,0.0,0.7888888888888889,0.2463260364974174,70,757.0
16102,42,3,1842.14,3,4,4,344,Loyal,614.0466666666667,614.0466666666667,Bronze,0,0,0,86,0.6976744186046512,1.0,0.4666666666666667,0.2732460742038868,128,314.0
16103,7,6,1429.64,5,5,4,554,Champions,238.2733333333333,238.2733333333333,Silver,1,0,0,226,0.663716814159292,1.0,0.07777777777777778,0.30503830816467226,233,93.0
16104,62,1,302.36,3,2,2,322,Dormant,302.36,302.36,Bronze,0,0,1,0,0.0,0.0,0.6888888888888889,0.2521344116511417,61,123.0
16105,249,1,336.96,1,2,2,122,Needs Attention,336.96,336.96,Bronze,0,0,0,0,0.0,0.0,1.0,0.10218380388047354,248,330.0
16106,66,1,108.38,3,2,1,321,Dormant,108.38,108.38,Bronze,0,0,1,0,0.0,0.0,0.7333333333333333,0.24864894496251344,65,74.0
16107,18,7,3204.1600000000003,4,5,5,455,Champions,457.7371428571429,457.7371428571429,Gold,1,0,0,165,1.0843373493975903,1.0,0.2,0.30018335015649883,182,168.0
16108,85,1,842.5,2,2,3,223,Needs Attention,842.5,842.5,Bronze,0,0,0,0,0.0,0.0,0.9444444444444444,0.23445627502576574,84,615.0
16109,219,2,611.88,1,3,3,133,Needs Attention,305.94,305.94,Bronze,0,0,0,89,0.3333333333333333,1.0,1.0,0.12807583579705903,308,306.0
16110,45,3,1337.48,3,4,4,344,Loyal,445.82666666666665,445.82666666666665,Bronze,0,0,0,266,0.22556390977443608,1.0,0.5,0.27011924430388207,310,244.33333333333334
16112,143,4,195.74,2,4,1,241,Dormant,48.935,48.935,Bronze,0,0,1,195,0.46153846153846156,1.0,1.0,0.1913151674173118,338,143.5
16113,183,1,161.38,1,2,1,121,Dormant,161.38,161.38,Bronze,0,0,1,0,0.0,0.0,1.0,0.15487433620001895,182,176.0
16114,171,1,135.75000000000003,2,2,1,221,Dormant,135.75000000000003,135.75000000000003,Bronze,0,0,1,0,0.0,0.0,1.0,0.16446341728396316,170,43.0
16115,10,8,1667.97,5,5,4,554,Champions,208.49625,208.49625,Silver,1,0,0,282,0.7420494699646643,1.0,0.1111111111111111,0.30584292554824927,292,125.125
16116,212,1,612.78,1,2,3,123,Needs Attention,612.78,612.78,Bronze,0,0,0,0,0.0,0.0,1.0,0.13225668712949754,211,248.0
16117,190,1,232.21,1,2,1,121,Dormant,232.21,232.21,Bronze,0,0,1,0,0.0,0.0,1.0,0.14936047425600918,189,130.0
16119,8,2,423.36,5,3,2,532,Potential,211.68,211.68,Bronze,0,0,0,64,0.46875,1.0,0.08888888888888889,0.29705805642165023,72,120.0
16120,59,4,1309.14,3,4,4,344,Loyal,327.285,327.285,Silver,0,0,0,0,0.0,1.0,0.6555555555555556,0.260284248531005,58,219.5
16121,57,2,867.11,3,3,3,333,Loyal,433.555,433.555,Bronze,0,0,0,158,0.189873417721519,1.0,0.6333333333333333,0.2583867060662117,215,293.0
16122,73,4,684.42,2,4,3,243,Needs Attention,171.105,171.105,Silver,0,0,0,293,0.3071672354948805,1.0,0.8111111111111111,0.2481625010384962,366,282.0
16123,52,1,307.78000000000003,3,2,2,322,Dormant,307.78000000000003,307.78000000000003,Bronze,0,0,1,0,0.0,0.0,0.5777777777777777,0.2601635391897212,51,170.0
16124,317,1,249.0,1,2,1,121,Dormant,249.0,249.0,Bronze,0,0,1,0,0.0,0.0,1.0,0.047512784580914166,316,48.0
16125,367,1,289.35,1,2,2,122,Needs Attention,289.35,289.35,Bronze,0,0,0,0,0.0,0.0,1.0,0.007463433184792208,366,124.0
16126,29,4,6287.77,4,4,5,445,Champions,1571.9425,1571.9425,Silver,1,0,0,267,0.33707865168539325,1.0,0.32222222222222224,0.29145551892331584,296,531.25
16127,39,1,656.25,3,2,3,323,Dormant,656.25,656.25,Bronze,0,0,1,0,0.0,0.0,0.43333333333333335,0.27108879494673555,38,323.0
16128,18,5,1880.22,4,4,4,444,Champions,376.044,376.044,Silver,1,0,0,264,0.4528301886792453,1.0,0.2,0.29542258450209835,282,197.6
16131,52,6,3506.54,3,5,5,355,Loyal,584.4233333333333,584.4233333333333,Gold,0,0,0,188,0.4787234042553192,1.0,0.5777777777777777,0.27190687000906133,239,300.3333333333333
16133,4,33,14589.04,5,5,5,555,Champions,442.0921212121213,442.0921212121213,Platinum,1,0,0,314,2.6666666666666665,1.0,0.044444444444444446,0.3649860270246121,317,269.3030303030303
16134,22,2,618.09,4,3,3,433,Loyal,309.045,309.045,Bronze,0,0,0,337,0.08875739644970414,1.0,0.24444444444444444,0.2861060910772909,358,185.5
16135,263,1,517.55,1,2,3,123,Needs Attention,517.55,517.55,Bronze,0,0,0,0,0.0,0.0,1.0,0.0912116533880578,262,209.0
16136,60,3,709.38,3,4,3,343,Loyal,236.46,236.46,Bronze,0,0,0,217,0.27522935779816515,1.0,0.6666666666666666,0.2571905327526933,277,146.66666666666666
16139,19,3,635.4100000000001,4,4,3,443,Loyal,211.80333333333337,211.80333333333337,Bronze,0,0,0,187,0.3191489361702128,1.0,0.2111111111111111,0.2899726395532424,206,110.0
16140,66,2,725.1800000000001,3,3,3,333,Loyal,362.59,362.59,Bronze,0,0,0,305,0.09803921568627451,1.0,0.7333333333333333,0.2509648466625773,370,365.0
16141,88,1,620.4,2,2,3,223,Needs Attention,620.4,620.4,Bronze,0,0,0,0,0.0,0.0,0.9777777777777777,0.2317328054818304,87,238.0
16142,250,1,535.34,1,2,3,123,Needs Attention,535.34,535.34,Bronze,0,0,0,0,0.0,0.0,1.0,0.10166485647468343,249,422.0
16143,3,6,2424.94,5,5,5,555,Champions,404.1566666666667,404.1566666666667,Gold,1,0,0,365,0.4098360655737705,1.0,0.03333333333333333,0.30966767604428846,368,153.16666666666666
16144,247,1,175.2,1,2,1,121,Dormant,175.2,175.2,Bronze,0,0,1,0,0.0,0.0,1.0,0.10355716614560816,246,16.0
16145,9,11,3799.49,5,5,5,555,Champions,345.40818181818184,345.40818181818184,Gold,1,0,0,351,0.8547008547008547,1.0,0.1,0.31399407441158966,359,283.90909090909093
16146,157,3,734.13,2,4,3,243,Needs Attention,244.71,244.71,Bronze,0,0,0,74,0.8,1.0,1.0,0.17941837726838142,231,142.33333333333334
16147,134,1,375.0,2,2,2,222,Needs Attention,375.0,375.0,Bronze,0,0,0,0,0.0,0.0,1.0,0.19448409608712983,133,246.0
16148,296,1,76.32000000000001,1,2,1,121,Dormant,76.32000000000001,76.32000000000001,Bronze,0,0,1,0,0.0,0.0,1.0,0.0641112000270965,295,72.0
16149,5,2,280.52,5,3,2,532,Potential,140.26,140.26,Bronze,0,0,0,137,0.21739130434782608,1.0,0.05555555555555555,0.2992605664230318,141,154.0
16150,43,5,2053.02,3,4,4,344,Loyal,410.604,410.604,Silver,0,0,0,329,0.36363636363636365,1.0,0.4777777777777778,0.27561578420871286,371,209.4
16152,269,1,1829.04,1,2,4,124,Needs Attention,1829.04,1829.04,Bronze,0,0,0,0,0.0,0.0,1.0,0.08827099878329717,268,642.0
16153,50,5,1824.23,3,4,4,344,Loyal,364.846,364.846,Silver,0,0,0,305,0.39344262295081966,1.0,0.5555555555555556,0.2696742083990267,354,214.6
16156,9,9,3122.04,5,5,5,555,Champions,346.8933333333333,346.8933333333333,Gold,1,0,0,302,0.7947019867549668,1.0,0.1,0.3101561868595226,310,145.33333333333334
16157,16,3,656.69,4,4,3,443,Loyal,218.89666666666668,218.89666666666668,Bronze,0,0,0,56,1.0526315789473684,1.0,0.17777777777777778,0.29240943431410205,72,115.66666666666667
16159,282,1,348.2,1,2,2,122,Needs Attention,348.2,348.2,Bronze,0,0,0,0,0.0,0.0,1.0,0.07572926098210687,281,236.0
16160,65,2,1025.44,3,3,4,334,Loyal,512.72,512.72,Bronze,0,0,0,20,1.5,1.0,0.7222222222222222,0.2521956131791774,85,581.0
16161,2,19,5575.56,5,5,5,555,Champions,293.4505263157895,293.4505263157895,Platinum,1,0,0,367,1.4713896457765667,1.0,0.022222222222222223,0.3336276786248376,368,136.78947368421052
16162,252,1,37.4,1,2,1,121,Dormant,37.4,37.4,Bronze,0,0,1,0,0.0,0.0,1.0,0.09934975855376242,251,4.0
16163,232,2,856.6,1,3,3,133,Needs Attention,428.3,428.3,Bronze,0,0,0,132,0.22556390977443608,1.0,1.0,0.11799737126886979,364,96.0
16164,17,3,822.48,4,4,3,443,Loyal,274.16,274.16,Bronze,0,0,0,25,2.4,1.0,0.18888888888888888,0.29184396399634877,42,144.33333333333334
16168,11,27,3787.6,5,5,5,555,Champions,140.28148148148148,140.28148148148148,Gold,1,0,0,359,2.0055710306406684,1.0,0.12222222222222222,0.33533933028812807,369,70.07407407407408
16169,8,4,1822.97,5,4,4,544,Champions,455.7425,455.7425,Silver,1,0,0,67,1.3432835820895523,1.0,0.08888888888888889,0.30192684259609515,75,331.25
16170,51,6,1885.05,3,5,4,354,Loyal,314.175,314.175,Silver,0,0,0,197,0.7575757575757576,1.0,0.5666666666666667,0.2703942978921802,247,295.0
16171,59,1,73.19999999999999,3,2,1,321,Dormant,73.19999999999999,73.19999999999999,Bronze,0,0,1,0,0.0,0.0,0.6555555555555556,0.25421369803298793,58,24.0
16172,95,5,1140.21,2,4,4,244,At Risk,228.042,228.042,Bronze,0,1,0,146,0.6164383561643836,1.0,1.0,0.23260149874610817,241,157.4
16173,16,6,1418.32,4,5,4,454,Champions,236.38666666666663,236.38666666666663,Silver,1,0,0,82,1.8072289156626504,1.0,0.17777777777777778,0.2978028972891601,97,95.83333333333333
16174,126,3,1009.55,2,4,4,244,At Risk,336.51666666666665,336.51666666666665,Bronze,0,1,0,25,2.4,1.0,1.0,0.20467785528437493,151,217.0
16175,94,4,1037.59,2,4,4,244,At Risk,259.39750000000004,259.39750000000004,Bronze,0,1,0,145,0.6164383561643836,1.0,1.0,0.2318217388718544,239,133.25
16177,50,1,331.95,3,2,2,322,Dormant,331.95,331.95,Bronze,0,0,1,0,0.0,0.0,0.5555555555555556,0.2618023204490658,49,95.0
16178,138,1,197.9,2,2,1,221,Dormant,197.9,197.9,Bronze,0,0,1,0,0.0,0.0,1.0,0.19102272595431435,137,94.0
16179,61,1,215.83,3,2,1,321,Dormant,215.83,215.83,Bronze,0,0,1,0,0.0,0.0,0.6777777777777778,0.25281302728961286,60,99.0
16180,100,8,10254.18,2,5,5,255,At Risk,1281.7725,1281.7725,Bronze,0,1,0,152,1.1842105263157896,1.0,1.0,0.24590740794259686,252,733.375
16181,73,1,305.54,2,2,2,222,Needs Attention,305.54,305.54,Bronze,0,0,0,0,0.0,0.0,0.8111111111111111,0.24331542175640808,72,152.0
16182,72,4,6617.65,2,4,5,245,At Risk,1654.4125,1654.4125,Silver,0,1,0,222,0.40540540540540543,1.0,0.8,0.25743445096721573,294,947.75
16183,67,1,338.71000000000004,3,2,2,322,Dormant,338.71000000000004,338.71000000000004,Bronze,0,0,1,0,0.0,0.0,0.7444444444444445,0.2481756068551959,66,113.0
16184,64,6,1158.79,3,5,4,354,Loyal,193.13166666666663,193.13166666666663,Silver,0,0,0,147,1.0204081632653061,1.0,0.7111111111111111,0.25892973894674753,210,93.5
16185,17,2,529.41,4,3,3,433,Loyal,264.705,264.705,Bronze,0,0,0,215,0.1388888888888889,1.0,0.18888888888888888,0.289990193695175,232,130.0
16186,23,12,4006.94,4,5,5,455,Champions,333.9116666666667,333.9116666666667,Gold,1,0,0,349,0.7714285714285715,1.0,0.25555555555555554,0.3044956738339193,371,251.66666666666666
16187,32,15,6911.4400000000005,4,5,5,455,Champions,460.7626666666667,460.7626666666667,Gold,1,0,0,252,1.1857707509881423,1.0,0.35555555555555557,0.30572887756653855,283,336.53333333333336
16188,45,4,981.86,3,4,4,344,Loyal,245.465,245.465,Silver,0,0,0,198,0.45454545454545453,1.0,0.5,0.2710469959563488,242,195.5
16189,16,2,215.48,4,3,1,431,Potential,107.74,107.74,Bronze,0,0,0,69,0.42857142857142855,1.0,0.17777777777777778,0.29034419104029185,84,67.0
16190,40,1,215.08,3,2,1,321,Dormant,215.08,215.08,Bronze,0,0,1,0,0.0,0.0,0.4444444444444444,0.2696568764348999,39,88.0
16191,3,13,5180.52,5,5,5,555,Champions,398.5015384615385,398.5015384615385,Platinum,1,0,0,357,0.7541899441340782,1.0,0.03333333333333333,0.3236491714689866,360,257.7692307692308
16193,237,1,314.45,1,2,2,122,Needs Attention,314.45,314.45,Bronze,0,0,0,0,0.0,0.0,1.0,0.11177733883018415,236,219.0
16198,75,1,400.681,2,2,2,222,Needs Attention,400.681,400.681,Bronze,0,0,0,0,0.0,0.0,0.8333333333333334,0.24184695946451457,74,129.0
16200,4,2,1080.62,5,3,4,534,Loyal,540.3100000000001,540.3100000000001,Bronze,0,0,0,159,0.1875,1.0,0.044444444444444446,0.30120486507573657,163,261.5
16201,3,4,1863.47,5,4,4,544,Champions,465.8675,465.8675,Silver,1,0,0,106,0.8490566037735848,1.0,0.03333333333333333,0.3059953523869586,109,321.5
16202,361,1,365.27,1,2,2,122,Needs Attention,365.27,365.27,Bronze,0,0,0,0,0.0,0.0,1.0,0.012384644809705398,360,191.0
16203,59,4,592.9,3,4,3,343,Loyal,148.225,148.225,Silver,0,0,0,313,0.28662420382165604,1.0,0.6555555555555556,0.2592618008334145,371,65.5
16204,23,1,405.71,4,2,2,422,Potential,405.71,405.71,Bronze,0,0,0,0,0.0,0.0,0.25555555555555554,0.2835653684145447,22,231.0
16205,31,4,761.38,4,4,3,443,Loyal,190.345,190.345,Silver,0,0,0,148,0.6040268456375839,1.0,0.34444444444444444,0.2819622026329251,179,129.25
16206,55,4,537.0600000000001,3,4,3,343,Loyal,134.265,134.265,Silver,0,0,0,272,0.32967032967032966,1.0,0.6111111111111112,0.26239064420609826,327,68.0
16207,25,1,394.38,4,2,2,422,Potential,394.38,394.38,Bronze,0,0,0,0,0.0,0.0,0.2777777777777778,0.2819449165258538,24,140.0
16208,45,2,664.26,3,3,3,333,Loyal,332.13,332.13,Bronze,0,0,0,244,0.12244897959183673,1.0,0.5,0.2677228018645436,288,166.5
16209,89,5,2262.62,2,4,5,245,At Risk,452.524,452.524,Silver,0,1,0,157,0.759493670886076,1.0,0.9888888888888889,0.2390165969049366,246,235.8
16210,2,18,21086.3,5,5,5,555,Champions,1171.461111111111,1171.461111111111,Platinum,1,0,0,372,1.2903225806451613,1.0,0.022222222222222223,0.3543341802264587,373,419.94444444444446
16211,89,1,547.02,2,2,3,223,Needs Attention,547.02,547.02,Bronze,0,0,0,0,0.0,0.0,0.9888888888888889,0.23082591494762356,88,154.0
16212,19,2,690.34,4,3,3,433,Loyal,345.17,345.17,Bronze,0,0,0,264,0.11363636363636363,1.0,0.2111111111111111,0.2886156465875448,282,122.0
16213,79,1,159.0,2,2,1,221,Dormant,159.0,159.0,Bronze,0,0,1,0,0.0,0.0,0.8777777777777778,0.23829339859289914,78,48.0
16214,171,3,1062.75,2,4,4,244,At Risk,354.25,354.25,Bronze,0,1,0,98,0.6060606060606061,1.0,1.0,0.16865754272128333,268,140.0
16215,81,1,242.35,2,2,1,221,Dormant,242.35,242.35,Bronze,0,0,1,0,0.0,0.0,0.9,0.2368081043999637,80,104.0
16216,267,1,914.93,1,2,3,123,Needs Attention,914.93,914.93,Bronze,0,0,0,0,0.0,0.0,1.0,0.0885703655646802,266,254.0
16217,235,2,304.25,1,3,2,132,Needs Attention,152.125,152.125,Bronze,0,0,0,46,0.6382978723404256,1.0,1.0,0.11480246288860972,281,45.5
16218,30,7,3084.68,4,5,5,455,Champions,440.6685714285714,440.6685714285714,Gold,1,0,0,343,0.436046511627907,1.0,0.3333333333333333,0.2903871214887874,373,298.2857142857143
16221,37,3,864.86,3,4,3,343,Loyal,288.2866666666667,288.2866666666667,Bronze,0,0,0,330,0.18126888217522658,1.0,0.4111111111111111,0.27586168159101176,366,239.0
16222,318,1,846.72,1,2,3,123,Needs Attention,846.72,846.72,Bronze,0,0,0,0,0.0,0.0,1.0,0.047563903442793806,317,365.0
16224,57,4,1295.3,3,4,4,344,Loyal,323.825,323.825,Silver,0,0,0,192,0.46875,1.0,0.6333333333333333,0.2618687697141385,249,279.0
16225,45,5,1096.32,3,4,4,344,Loyal,219.264,219.264,Silver,0,0,0,232,0.38626609442060084,1.0,0.5,0.2726457967176105,277,98.6
16226,203,3,255.12,1,4,2,142,Needs Attention,85.04,85.04,Bronze,0,0,0,32,1.875,1.0,1.0,0.14183618467442624,234,64.0
16227,225,1,314.22,1,2,2,122,Needs Attention,314.22,314.22,Bronze,0,0,0,0,0.0,0.0,1.0,0.12140267894953385,224,90.0
16229,87,2,1010.6,2,3,4,234,Needs Attention,505.3,505.3,Bronze,0,0,0,125,0.24,1.0,0.9666666666666667,0.2345273699428363,212,159.0
16230,190,2,542.03,1,3,3,133,Needs Attention,271.015,271.015,Bronze,0,0,0,30,0.967741935483871,1.0,1.0,0.15123815553525552,219,182.5
16232,44,4,990.88,3,4,4,344,Loyal,247.72,247.72,Silver,0,0,0,171,0.3488372093023256,1.0,0.4888888888888889,0.2718620112339142,214,137.5
16233,71,3,536.6800000000001,3,4,3,343,Loyal,178.89333333333337,178.89333333333337,Bronze,0,0,0,295,0.2033898305084746,1.0,0.7888888888888889,0.24812047045059318,365,58.0
16235,41,5,867.3100000000001,3,4,3,343,Loyal,173.46200000000002,173.46200000000002,Silver,0,0,0,291,0.410958904109589,1.0,0.45555555555555555,0.2755274362650518,331,66.0
16236,78,1,432.2,2,2,2,222,Needs Attention,432.2,432.2,Bronze,0,0,0,0,0.0,0.0,0.8666666666666667,0.23948553638910272,77,184.0
16239,57,2,414.2,3,3,2,332,Dormant,207.1,207.1,Bronze,0,0,1,132,0.22556390977443608,1.0,0.6333333333333333,0.25774016749434236,189,114.0
16240,24,2,3718.8,4,3,5,435,Loyal,1859.4,1859.4,Bronze,0,0,0,53,0.5660377358490566,1.0,0.26666666666666666,0.28892814188715016,76,820.5
16241,10,13,2607.87,5,5,5,555,Champions,200.6053846153846,200.6053846153846,Gold,1,0,0,360,0.9166666666666666,1.0,0.1111111111111111,0.31436168610318177,369,111.76923076923077
16242,8,7,3603.21,5,5,5,555,Champions,514.7442857142858,514.7442857142858,Gold,1,0,0,268,0.6691449814126393,1.0,0.08888888888888889,0.3087743928173872,276,283.14285714285717
16243,34,2,409.1,3,3,2,332,Dormant,204.55,204.55,Bronze,0,0,1,21,1.4285714285714286,1.0,0.37777777777777777,0.2761820849978023,54,55.0
16244,212,2,1522.75,1,3,4,134,Needs Attention,761.375,761.375,Bronze,0,0,0,160,0.18633540372670807,1.0,1.0,0.13499109518427854,372,427.5
16245,24,3,1413.66,4,4,4,444,Champions,471.22,471.22,Bronze,1,0,0,233,0.2575107296137339,1.0,0.26666666666666666,0.28707291264577306,256,338.0
16247,170,1,114.56,2,2,1,221,Dormant,114.56,114.56,Bronze,0,0,1,0,0.0,0.0,1.0,0.16523530714973325,169,182.0
16248,62,1,152.94,3,2,1,321,Dormant,152.94,152.94,Bronze,0,0,1,0,0.0,0.0,0.6888888888888889,0.25192111145152424,61,78.0
16249,53,5,1800.07,3,4,4,344,Loyal,360.014,360.014,Silver,0,0,0,186,0.6417112299465241,1.0,0.5888888888888889,0.2672333023774597,238,190.0
16250,261,2,389.44,1,3,2,132,Needs Attention,194.72,194.72,Bronze,0,0,0,112,0.26785714285714285,1.0,1.0,0.09406845843606383,373,104.0
16253,67,2,3683.86,3,3,5,335,Loyal,1841.93,1841.93,Bronze,0,0,0,188,0.15873015873015872,1.0,0.7444444444444445,0.2543862856910258,254,1616.5
16255,17,8,2619.91,4,5,5,455,Champions,327.48875,327.48875,Gold,1,0,0,348,0.6017191977077364,1.0,0.18888888888888888,0.3015868667021173,364,220.875
16256,267,1,752.4300000000001,1,2,3,123,Needs Attention,752.4300000000001,752.4300000000001,Bronze,0,0,0,0,0.0,0.0,1.0,0.08833839338935007,266,581.0
16257,177,1,46.95,2,2,1,221,Dormant,46.95,46.95,Bronze,0,0,1,0,0.0,0.0,1.0,0.15952381918755307,176,2.0
16258,45,5,5203.51,3,4,5,345,Loyal,1040.702,1040.702,Silver,0,0,0,173,0.6896551724137931,1.0,0.5,0.27850889701788245,218,598.8
16260,51,1,1035.45,3,2,4,324,Dormant,1035.45,1035.45,Bronze,0,0,1,0,0.0,0.0,0.5666666666666667,0.2620044424906773,50,311.0
16261,17,4,746.83,4,4,3,443,Loyal,186.7075,186.7075,Silver,0,0,0,228,0.39301310043668125,1.0,0.18888888888888888,0.2931713787252905,245,76.5
16265,9,9,5447.0,5,5,5,555,Champions,605.2222222222222,605.2222222222222,Gold,1,0,0,355,0.5915492957746479,1.0,0.1,0.31347511626724917,364,294.0
16266,74,7,861.89,2,5,3,253,Needs Attention,123.12714285714286,123.12714285714286,Silver,0,0,0,132,1.1278195488721805,1.0,0.8222222222222222,0.25191992426263893,205,56.857142857142854
16268,71,2,667.65,3,3,3,333,Loyal,333.825,333.825,Bronze,0,0,0,0,0.0,1.0,0.7888888888888889,0.24687202618773926,70,266.5
16270,353,1,1141.24,1,2,4,124,Needs Attention,1141.24,1141.24,Bronze,0,0,0,0,0.0,0.0,1.0,0.0199094706408071,352,688.0
16271,3,5,1429.24,5,4,4,544,Champions,285.848,285.848,Silver,1,0,0,355,0.33707865168539325,1.0,0.03333333333333333,0.30681088660740863,357,207.6
16272,117,1,411.7,2,2,2,222,Needs Attention,411.7,411.7,Bronze,0,0,0,0,0.0,0.0,1.0,0.20817284974709113,116,224.0
16274,373,1,357.95,1,2,2,122,Needs Attention,357.95,357.95,Bronze,0,0,0,0,0.0,0.0,1.0,0.0027485269062095833,372,155.0
16275,197,1,559.87,1,2,3,123,Needs Attention,559.87,559.87,Bronze,0,0,0,0,0.0,0.0,1.0,0.1442132425507074,196,336.0
16276,177,1,810.6,2,2,3,223,Needs Attention,810.6,810.6,Bronze,0,0,0,0,0.0,0.0,1.0,0.16061394565949683,176,420.0
16278,100,1,566.38,2,2,3,223,Needs Attention,566.38,566.38,Bronze,0,0,0,0,0.0,0.0,1.0,0.22203002234394745,99,114.0
16279,21,3,1509.58,4,4,4,444,Champions,503.1933333333333,503.1933333333333,Bronze,1,0,0,155,0.3870967741935484,1.0,0.23333333333333334,0.2896162575799659,176,351.3333333333333
16281,72,1,2062.06,2,2,5,225,Needs Attention,2062.06,2062.06,Bronze,0,0,0,0,0.0,0.0,0.8,0.24662503011944675,71,934.0
16282,340,1,168.3,1,2,1,121,Dormant,168.3,168.3,Bronze,0,0,1,0,0.0,0.0,1.0,0.02894838576887995,339,114.0
16283,6,5,1570.81,5,4,4,544,Champions,314.162,314.162,Silver,1,0,0,202,0.5911330049261084,1.0,0.06666666666666667,0.3046065636542568,207,247.2
16284,31,2,823.97,4,3,3,433,Loyal,411.985,411.985,Bronze,0,0,0,19,1.5789473684210527,1.0,0.34444444444444444,0.2791807377801277,49,272.0
16287,170,1,142.5,2,2,1,221,Dormant,142.5,142.5,Bronze,0,0,1,0,0.0,0.0,1.0,0.16527519208867925,169,298.0
16292,122,1,302.25,2,2,2,222,Needs Attention,302.25,302.25,Bronze,0,0,0,0,0.0,0.0,1.0,0.20400591237783375,121,191.0
16293,22,10,2248.99,4,5,5,455,Champions,224.89900000000003,224.89900000000003,Gold,1,0,0,345,0.43352601156069365,1.0,0.24444444444444444,0.29991748879347485,366,98.2
16295,10,4,1328.55,5,4,4,544,Champions,332.1375,332.1375,Silver,1,0,0,54,1.6363636363636365,1.0,0.1111111111111111,0.2996167695493721,64,210.25
16297,269,1,301.9,1,2,2,122,Needs Attention,301.9,301.9,Bronze,0,0,0,0,0.0,0.0,1.0,0.08609097424278231,268,206.0
16298,23,3,598.2,4,4,3,443,Loyal,199.4,199.4,Bronze,0,0,0,164,0.36585365853658536,1.0,0.25555555555555554,0.2867109653441619,186,66.0
16302,127,1,233.22,2,2,1,221,Dormant,233.22,233.22,Bronze,0,0,1,0,0.0,0.0,1.0,0.1998966754105877,126,158.0
16303,26,3,5360.63,4,4,5,445,Champions,1786.8766666666668,1786.8766666666668,Bronze,1,0,0,307,0.19480519480519481,1.0,0.28888888888888886,0.2911030174439086,332,886.3333333333334
16305,139,1,361.22,2,2,2,222,Needs Attention,361.22,361.22,Bronze,0,0,0,0,0.0,0.0,1.0,0.19045372965949606,138,256.0
16306,214,6,632.27,1,5,3,153,Needs Attention,105.37833333333332,105.37833333333332,Bronze,0,0,0,153,0.974025974025974,1.0,1.0,0.13785726493328307,366,81.16666666666667
16308,38,4,2560.0,3,4,5,345,Loyal,640.0,640.0,Silver,0,0,0,223,0.40178571428571425,1.0,0.4222222222222222,0.2789147973339225,260,2000.0
16309,106,2,706.57,2,3,3,233,Needs Attention,353.285,353.285,Bronze,0,0,0,134,0.22388059701492538,1.0,1.0,0.21885271899797176,240,233.5
16311,18,2,616.26,4,3,3,433,Loyal,308.13,308.13,Bronze,0,0,0,31,0.9375,1.0,0.2,0.28931203486344903,48,197.0
16313,3,2,274.15000000000003,5,3,2,532,Potential,137.07500000000002,137.07500000000002,Bronze,0,0,0,46,0.6521739130434783,1.0,0.03333333333333333,0.3008557511886251,49,82.5
16315,331,1,226.37,1,2,1,121,Dormant,226.37,226.37,Bronze,0,0,1,0,0.0,0.0,1.0,0.03625053325483324,330,75.0
16316,64,8,2938.91,3,5,5,355,Loyal,367.36375,367.36375,Silver,0,0,0,293,0.6122448979591837,1.0,0.7111111111111111,0.26434171116694555,357,185.5
16317,120,3,1341.65,2,4,4,244,At Risk,447.2166666666667,447.2166666666667,Bronze,0,1,0,177,0.33707865168539325,1.0,1.0,0.20996476925929475,296,296.6666666666667
16318,35,1,328.15000000000003,3,2,2,322,Dormant,328.15000000000003,328.15000000000003,Bronze,0,0,1,0,0.0,0.0,0.3888888888888889,0.27382898143046314,34,199.0
16319,218,1,404.4,1,2,2,122,Needs Attention,404.4,404.4,Bronze,0,0,0,0,0.0,0.0,1.0,0.12714638606246606,217,72.0
16320,172,2,1038.46,2,3,4,234,Needs Attention,519.23,519.23,Bronze,0,0,0,40,0.7317073170731707,1.0,1.0,0.16638532249827778,212,366.0
16321,72,5,373.65,2,4,2,242,Needs Attention,74.73,74.73,Bronze,0,0,0,251,0.23904382470119523,1.0,0.8,0.24995641604878724,323,27.0
16322,1,2,326.75,5,3,2,532,Potential,163.375,163.375,Bronze,0,0,0,35,0.8571428571428571,1.0,0.011111111111111112,0.3025351168722445,35,115.5
16323,196,1,207.50000000000003,1,2,1,121,Dormant,207.50000000000003,207.50000000000003,Bronze,0,0,1,0,0.0,0.0,1.0,0.1445123659855493,195,50.0
16324,128,3,428.68,2,4,2,242,Needs Attention,142.89333333333337,142.89333333333337,Bronze,0,0,0,48,0.6122448979591837,1.0,1.0,0.2022443730403762,176,94.0
16325,47,3,594.24,3,4,3,343,Loyal,198.08,198.08,Bronze,0,0,0,198,0.3015075376884422,1.0,0.5222222222222223,0.2674539754622935,245,64.66666666666667
16326,6,14,3110.96,5,5,5,555,Champions,222.21142857142857,222.21142857142857,Gold,1,0,0,328,1.094224924012158,1.0,0.06666666666666667,0.3197238205310902,334,50.642857142857146
16327,14,6,3844.22,4,5,5,455,Champions,640.7033333333334,640.7033333333334,Gold,1,0,0,355,0.4225352112676056,1.0,0.15555555555555556,0.3028701987494626,369,428.5
16330,18,3,251.91,4,4,2,442,Potential,83.97,83.97,Bronze,0,0,0,94,0.3157894736842105,1.0,0.2,0.29022732425689646,111,49.0
16332,28,7,1593.2,4,5,4,454,Champions,227.6,227.6,Silver,1,0,0,277,0.6498194945848376,1.0,0.3111111111111111,0.2898622804248144,304,114.42857142857143
16333,8,22,26626.8,5,5,5,555,Champions,1210.3090909090909,1210.3090909090909,Platinum,1,0,0,302,1.1920529801324502,1.0,0.08888888888888889,0.3631721533340666,309,1462.909090909091
16337,37,1,151.05,3,2,1,321,Dormant,151.05,151.05,Bronze,0,0,1,0,0.0,0.0,0.4111111111111111,0.27197188937251393,36,87.0
16338,157,1,214.8,2,2,1,221,Dormant,214.8,214.8,Bronze,0,0,1,0,0.0,0.0,1.0,0.1758062093493187,156,94.0
16339,284,1,109.95,1,2,1,121,Dormant,109.95,109.95,Bronze,0,0,1,0,0.0,0.0,1.0,0.0737848760101796,283,23.0
16340,107,1,549.07,2,2,3,223,Needs Attention,549.07,549.07,Bronze,0,0,0,0,0.0,0.0,1.0,0.21639033869203864,106,501.0
16341,25,4,1971.87,4,4,4,444,Champions,492.9675,492.9675,Silver,1,0,0,176,0.3389830508474576,1.0,0.2777777777777778,0.28850303684838785,200,349.5
16342,75,4,322.41,2,4,2,242,Needs Attention,80.6025,80.6025,Bronze,0,0,0,104,0.8653846153846154,1.0,0.8333333333333334,0.2460414460578375,179,39.25
16343,16,2,370.48,4,3,2,432,Potential,185.24,185.24,Bronze,0,0,0,0,0.0,1.0,0.17777777777777778,0.2905654568075298,15,97.5
16344,158,1,101.1,2,2,1,221,Dormant,101.1,101.1,Bronze,0,0,1,0,0.0,0.0,1.0,0.1748417611652084,157,18.0
16345,44,1,575.41,3,2,3,323,Dormant,575.41,575.41,Bronze,0,0,1,0,0.0,0.0,0.4888888888888889,0.2669626989555471,43,289.0
16347,11,2,887.65,5,3,3,533,Loyal,443.825,443.825,Bronze,0,0,0,25,1.2,1.0,0.12222222222222222,0.29531442307109856,35,176.5
16348,32,7,1469.45,4,5,4,454,Champions,209.92142857142855,209.92142857142855,Silver,1,0,0,207,0.7211538461538461,1.0,0.35555555555555557,0.28647706854156113,239,117.0
16349,291,1,53.5,1,2,1,121,Dormant,53.5,53.5,Bronze,0,0,1,0,0.0,0.0,1.0,0.06808931918324054,290,9.0
16350,21,4,1116.47,4,4,4,444,Champions,279.1175,279.1175,Silver,1,0,0,312,0.28846153846153844,1.0,0.23333333333333334,0.29049049146718264,333,136.25
16351,333,1,153.9,1,2,1,121,Dormant,153.9,153.9,Bronze,0,0,1,0,0.0,0.0,1.0,0.034542802727375074,332,90.0
16352,18,2,494.44,4,3,3,433,Loyal,247.22,247.22,Bronze,0,0,0,20,1.5,1.0,0.2,0.2891381342456108,37,150.0
16353,4,23,6675.71,5,5,5,555,Champions,290.24826086956523,290.24826086956523,Platinum,1,0,0,366,1.5573770491803278,1.0,0.044444444444444446,0.3393355146592416,369,87.21739130434783
16354,63,2,395.8,3,3,2,332,Dormant,197.9,197.9,Bronze,0,0,1,9,3.0,1.0,0.7,0.2529010668818907,72,75.0
16356,198,3,211.77,1,4,1,141,Dormant,70.59,70.59,Bronze,0,0,1,79,0.75,1.0,1.0,0.1457849968228193,277,31.0
16357,33,3,658.88,3,4,3,343,Loyal,219.6266666666667,219.6266666666667,Bronze,0,0,0,180,0.3333333333333333,1.0,0.36666666666666664,0.27877619694890127,213,82.0
16358,1,4,2027.5,5,4,4,544,Champions,506.875,506.875,Silver,1,0,0,183,0.4918032786885246,1.0,0.011111111111111112,0.30783378674440587,183,325.5
16359,7,9,1750.92,5,5,4,554,Champions,194.54666666666668,194.54666666666668,Silver,1,0,0,324,0.7407407407407407,1.0,0.07777777777777778,0.30980316223261256,331,131.44444444444446
16360,5,6,3512.53,5,5,5,555,Champions,585.4216666666667,585.4216666666667,Gold,1,0,0,83,1.7857142857142856,1.0,0.05555555555555555,0.30961595561968247,87,357.3333333333333
16361,10,4,896.66,5,4,3,543,Loyal,224.165,224.165,Silver,0,0,0,61,1.4516129032258063,1.0,0.1111111111111111,0.29900023747058235,70,105.25
16362,32,5,734.77,4,4,3,443,Loyal,146.954,146.954,Silver,0,0,0,58,1.0169491525423728,1.0,0.35555555555555557,0.2825574839581455,90,70.2
16363,53,1,109.36,3,2,1,321,Dormant,109.36,109.36,Bronze,0,0,1,0,0.0,0.0,0.5888888888888889,0.2590781514198018,52,52.0
16364,12,2,707.04,5,3,3,533,Loyal,353.52,353.52,Bronze,0,0,0,125,0.23809523809523808,1.0,0.13333333333333333,0.29425445945159545,136,140.0
16365,18,9,1540.42,4,5,4,454,Champions,171.1577777777778,171.1577777777778,Silver,1,0,0,349,0.6,1.0,0.2,0.30067913963372794,366,56.0
16366,19,1,327.3,4,2,2,422,Potential,327.3,327.3,Bronze,0,0,0,0,0.0,0.0,0.2111111111111111,0.28666199263647646,18,256.0
16367,37,2,804.49,3,3,3,333,Loyal,402.245,402.245,Bronze,0,0,0,325,0.09230769230769231,1.0,0.4111111111111111,0.2743400954449107,362,323.5
16368,2,2,497.43,5,3,3,533,Loyal,248.715,248.715,Bronze,0,0,0,25,1.1538461538461537,1.0,0.022222222222222223,0.30197662713256734,27,130.0
16369,18,3,1553.66,4,4,4,444,Champions,517.8866666666667,517.8866666666667,Bronze,1,0,0,178,0.33707865168539325,1.0,0.2,0.29208559982142573,196,345.0
16370,82,4,1320.56,2,4,4,244,At Risk,330.14,330.14,Silver,0,1,0,142,0.6293706293706294,1.0,0.9111111111111111,0.24185135296076407,224,161.75
16372,33,2,367.93,3,3,2,332,Dormant,183.965,183.965,Bronze,0,0,1,0,0.0,1.0,0.36666666666666664,0.27692545299241483,33,83.0
16374,66,2,473.03,3,3,2,332,Dormant,236.515,236.515,Bronze,0,0,1,196,0.15306122448979592,1.0,0.7333333333333333,0.2506048972225189,261,120.0
16376,9,2,987.01,5,3,4,534,Loyal,493.505,493.505,Bronze,0,0,0,8,3.3333333333333335,1.0,0.1,0.2970605396403699,16,347.0
16377,267,1,676.2,1,2,3,123,Needs Attention,676.2,676.2,Bronze,0,0,0,0,0.0,0.0,1.0,0.08822957345750135,266,1500.0
16378,247,3,362.95,1,4,2,142,Needs Attention,120.98333333333332,120.98333333333332,Bronze,0,0,0,63,0.9523809523809523,1.0,1.0,0.1066959966253111,310,89.0
16379,4,4,2157.4,5,4,5,545,Champions,539.35,539.35,Silver,1,0,0,74,1.2162162162162162,1.0,0.044444444444444446,0.3056128046202626,78,352.5
16380,61,1,1780.59,3,2,4,324,Dormant,1780.59,1780.59,Bronze,0,0,1,0,0.0,0.0,0.6777777777777778,0.25504675517311803,60,1524.0
16383,75,2,668.36,2,3,3,233,Needs Attention,334.18,334.18,Bronze,0,0,0,193,0.15463917525773196,1.0,0.8333333333333334,0.24366448357797268,267,237.5
16384,90,2,584.5,2,3,3,233,Needs Attention,292.25,292.25,Bronze,0,0,0,174,0.1724137931034483,1.0,1.0,0.23151268609879425,263,130.0
16385,60,3,555.89,3,4,3,343,Loyal,185.29666666666665,185.29666666666665,Bronze,0,0,0,306,0.19607843137254902,1.0,0.6666666666666666,0.2569714225422846,365,87.0
16386,29,2,317.2,4,3,2,432,Potential,158.6,158.6,Bronze,0,0,0,225,0.13333333333333333,1.0,0.32222222222222224,0.28006159099781214,253,112.0
16387,323,1,94.36,1,2,1,121,Dormant,94.36,94.36,Bronze,0,0,1,0,0.0,0.0,1.0,0.04247919849666566,322,44.0
16389,53,4,1382.0700000000002,3,4,4,344,Loyal,345.51750000000004,345.51750000000004,Silver,0,0,0,229,0.3913043478260869,1.0,0.5888888888888889,0.26520119186789204,282,310.5
16392,270,1,221.19,1,2,1,121,Dormant,221.19,221.19,Bronze,0,0,1,0,0.0,0.0,1.0,0.08517361997906671,269,203.0
16393,2,13,3046.21,5,5,5,555,Champions,234.32384615384612,234.32384615384612,Gold,1,0,0,366,0.9809264305177112,1.0,0.022222222222222223,0.321404537992396,368,121.23076923076923
16394,57,5,1555.34,3,4,4,344,Loyal,311.068,311.068,Silver,0,0,0,232,0.5150214592274678,1.0,0.6333333333333333,0.2636753889940745,289,520.8
16395,61,5,1486.9,3,4,4,344,Loyal,297.38,297.38,Silver,0,0,0,270,0.4444444444444444,1.0,0.6777777777777778,0.2603691333016982,330,295.2
16398,154,2,1705.8,2,3,4,234,Needs Attention,852.9,852.9,Bronze,0,0,0,99,0.30303030303030304,1.0,1.0,0.18177646708890424,253,379.0
16399,19,2,408.57,4,3,2,432,Potential,204.285,204.285,Bronze,0,0,0,216,0.1388888888888889,1.0,0.2111111111111111,0.2882134139731277,234,132.0
16400,95,1,303.93,2,2,2,222,Needs Attention,303.93,303.93,Bronze,0,0,0,0,0.0,0.0,1.0,0.22566606462394156,94,172.0
16401,1,12,4098.32,5,5,5,555,Champions,341.52666666666664,341.52666666666664,Gold,1,0,0,326,1.0122699386503067,1.0,0.011111111111111112,0.3222731795336436,327,323.5
16402,265,2,299.6,1,3,2,132,Needs Attention,149.8,149.8,Bronze,0,0,0,104,0.2857142857142857,1.0,1.0,0.09073165379259793,368,74.5
16403,312,1,177.5,1,2,1,121,Dormant,177.5,177.5,Bronze,0,0,1,0,0.0,0.0,1.0,0.05142141201093466,311,114.0
16404,70,1,443.05,3,2,2,322,Dormant,443.05,443.05,Bronze,0,0,1,0,0.0,0.0,0.7777777777777778,0.2459181372922746,69,157.0
16405,302,2,167.25,1,3,1,131,Dormant,83.625,83.625,Bronze,0,0,1,7,3.75,1.0,1.0,0.06086357699277151,309,93.5
16406,19,1,163.07,4,2,1,421,Potential,163.07,163.07,Bronze,0,0,0,0,0.0,0.0,0.2111111111111111,0.28642755084967975,18,122.0
16407,13,10,2126.93,5,5,5,555,Champions,212.693,212.693,Gold,1,0,0,299,0.8,1.0,0.14444444444444443,0.306962496907476,311,112.4
16409,36,5,2028.88,3,4,4,344,Loyal,405.776,405.776,Silver,0,0,0,281,0.42704626334519574,1.0,0.4,0.281196297111899,316,261.2
16411,19,2,214.65,4,3,1,431,Potential,107.325,107.325,Bronze,0,0,0,349,0.08571428571428572,1.0,0.2111111111111111,0.28793658908549685,368,66.0
16412,54,1,151.83,3,2,1,321,Dormant,151.83,151.83,Bronze,0,0,1,0,0.0,0.0,0.6,0.25833663920259187,53,73.0
16413,57,1,262.2,3,2,2,322,Dormant,262.2,262.2,Bronze,0,0,1,0,0.0,0.0,0.6333333333333333,0.25608777759177664,56,148.0
16414,22,2,126.25,4,3,1,431,Potential,63.125,63.125,Bronze,0,0,0,258,0.11583011583011583,1.0,0.24444444444444444,0.2854039791098178,279,13.5
16415,44,1,210.35,3,2,1,321,Dormant,210.35,210.35,Bronze,0,0,1,0,0.0,0.0,0.4888888888888889,0.2664415681104639,43,187.0
16416,27,3,1051.4,4,4,4,444,Champions,350.4666666666667,350.4666666666667,Bronze,1,0,0,29,2.0,1.0,0.3,0.2841493617474115,55,224.0
16418,45,3,675.27,3,4,3,343,Loyal,225.09,225.09,Bronze,0,0,0,181,0.32967032967032966,1.0,0.5,0.2691739255701875,225,96.0
16419,113,6,972.23,2,5,4,254,At Risk,162.03833333333333,162.03833333333333,Bronze,0,1,0,199,0.6030150753768844,1.0,1.0,0.21935860778003316,311,72.66666666666667
16422,17,51,34684.4,4,5,5,455,Champions,680.086274509804,680.086274509804,Platinum,1,0,0,351,4.005681818181818,1.0,0.18888888888888888,0.4090820901013268,368,660.8627450980392
16423,25,1,346.12,4,2,2,422,Potential,346.12,346.12,Bronze,0,0,0,0,0.0,0.0,0.2777777777777778,0.28187602435858344,24,230.0
16424,191,1,133.56,1,2,1,121,Dormant,133.56,133.56,Bronze,0,0,1,0,0.0,0.0,1.0,0.14841751026413713,190,88.0
16425,302,1,302.7,1,2,2,122,Needs Attention,302.7,302.7,Bronze,0,0,0,0,0.0,0.0,1.0,0.05962152802435134,301,199.0
16426,2,10,1908.25,5,5,4,554,Champions,190.825,190.825,Silver,1,0,0,273,0.6569343065693432,1.0,0.022222222222222223,0.31547385600969496,275,124.3
16427,263,2,241.06,1,3,1,131,Dormant,120.53,120.53,Bronze,0,0,1,21,1.4285714285714286,1.0,1.0,0.09225236478350221,283,78.0
16429,106,1,284.55,2,2,2,222,Needs Attention,284.55,284.55,Bronze,0,0,0,0,0.0,0.0,1.0,0.21681486985366671,105,9.0
16430,57,1,300.85,3,2,2,322,Dormant,300.85,300.85,Bronze,0,0,1,0,0.0,0.0,0.6333333333333333,0.25614295128147824,56,103.0
16431,213,3,642.81,1,4,3,143,Needs Attention,214.27,214.27,Bronze,0,0,0,84,0.35714285714285715,1.0,1.0,0.13436822994719463,296,151.0
16432,64,1,287.40000000000003,3,2,2,322,Dormant,287.40000000000003,287.40000000000003,Bronze,0,0,1,0,0.0,0.0,0.7111111111111111,0.25050877786093423,63,276.0
16433,28,1,184.26,4,2,1,421,Potential,184.26,184.26,Bronze,0,0,0,0,0.0,0.0,0.3111111111111111,0.2792385486844444,27,106.0
16434,29,7,1522.25,4,5,4,454,Champions,217.4642857142857,217.4642857142857,Silver,1,0,0,270,0.6666666666666666,1.0,0.32222222222222224,0.2889588587668294,299,109.57142857142857
16438,6,5,798.35,5,4,3,543,Loyal,159.67000000000002,159.67000000000002,Silver,0,0,0,76,1.5584415584415585,1.0,0.06666666666666667,0.30350386072160745,81,92.6
16440,8,5,3640.67,5,4,5,545,Champions,728.134,728.134,Silver,1,0,0,206,0.5797101449275363,1.0,0.08888888888888889,0.3059570543598757,214,403.6
16441,67,2,381.2,3,3,2,332,Dormant,190.6,190.6,Bronze,0,0,1,224,0.13392857142857142,1.0,0.7444444444444445,0.2496716689244053,290,86.5
16442,2,3,616.79,5,4,3,543,Loyal,205.59666666666664,205.59666666666664,Bronze,0,0,0,359,0.1671309192200557,1.0,0.022222222222222223,0.30358242274711594,360,148.66666666666666
16444,46,4,654.67,3,4,3,343,Loyal,163.6675,163.6675,Silver,0,0,0,218,0.4128440366972477,1.0,0.5111111111111111,0.2697777862970925,264,101.75
16445,34,1,230.51,3,2,1,321,Dormant,230.51,230.51,Bronze,0,0,1,0,0.0,0.0,0.37777777777777777,0.27449173730974713,33,111.0
16446,1,2,168472.5,5,3,5,535,Loyal,84236.25,84236.25,Bronze,0,0,0,204,0.14634146341463414,1.0,0.011111111111111112,0.5425667193338903,205,40498.5
16447,136,1,259.01,2,2,2,222,Needs Attention,259.01,259.01,Bronze,0,0,0,0,0.0,0.0,1.0,0.19271423984231553,135,223.0
16448,198,1,188.89,1,2,1,121,Dormant,188.89,188.89,Bronze,0,0,1,0,0.0,0.0,1.0,0.14288152174340363,197,78.0
16449,198,2,707.69,1,3,3,133,Needs Attention,353.845,353.845,Bronze,0,0,0,82,0.3614457831325301,1.0,1.0,0.14505752637772992,280,183.5
16450,150,1,311.92,2,2,2,222,Needs Attention,311.92,311.92,Bronze,0,0,0,0,0.0,0.0,1.0,0.18155982345853885,149,200.0
16451,88,1,266.97,2,2,2,222,Needs Attention,266.97,266.97,Bronze,0,0,0,0,0.0,0.0,0.9777777777777777,0.23122827670689544,87,120.0
16454,45,2,6.9,3,3,1,331,Dormant,3.45,3.45,Bronze,0,0,1,19,1.5,1.0,0.5,0.26678440660808195,63,1.5
16455,64,7,1841.18,3,5,4,354,Loyal,263.0257142857143,263.0257142857143,Silver,0,0,0,307,0.487012987012987,1.0,0.7111111111111111,0.26133927175438,370,141.14285714285714
16456,99,5,2158.37,2,4,5,245,At Risk,431.674,431.674,Bronze,0,1,0,273,0.43795620437956206,1.0,1.0,0.23084638745812408,372,229.6
16457,218,1,208.36,1,2,1,121,Dormant,208.36,208.36,Bronze,0,0,1,0,0.0,0.0,1.0,0.1268665348301478,217,140.0
16458,3,18,3482.74,5,5,5,555,Champions,193.4855555555556,193.4855555555556,Gold,1,0,0,357,1.4245810055865922,1.0,0.03333333333333333,0.32840258822438184,360,119.66666666666667
16460,28,3,814.72,4,4,3,443,Loyal,271.5733333333333,271.5733333333333,Bronze,0,0,0,53,1.1320754716981132,1.0,0.3111111111111111,0.2830093570210114,81,293.0
16461,178,1,151.42,2,2,1,221,Dormant,151.42,151.42,Bronze,0,0,1,0,0.0,0.0,1.0,0.1588708132772383,177,49.0
16462,74,3,136.0,2,4,1,241,Dormant,45.333333333333336,45.333333333333336,Bronze,0,0,1,210,0.2857142857142857,1.0,0.8222222222222222,0.24514207419237813,283,5.333333333333333
16463,21,4,1422.4,4,4,4,444,Champions,355.6,355.6,Silver,1,0,0,182,0.4918032786885246,1.0,0.23333333333333334,0.29092721299086727,203,290.75
16464,20,3,1314.68,4,4,4,444,Champions,438.2266666666667,438.2266666666667,Bronze,1,0,0,122,0.4878048780487805,1.0,0.2222222222222222,0.2901401727591108,141,321.0
16466,34,7,1603.46,3,5,4,354,Loyal,229.06571428571428,229.06571428571428,Silver,0,0,0,258,0.694980694980695,1.0,0.37777777777777777,0.2850640925664855,292,112.71428571428571
16468,74,1,74.9,2,2,1,221,Dormant,74.9,74.9,Bronze,0,0,1,0,0.0,0.0,0.8222222222222222,0.24218403925732482,73,31.0
16469,24,4,650.43,4,4,3,443,Loyal,162.6075,162.6075,Silver,0,0,0,222,0.26905829596412556,1.0,0.26666666666666666,0.2874187924312471,245,68.25
16470,52,4,762.39,3,4,3,343,Loyal,190.5975,190.5975,Silver,0,0,0,307,0.2931596091205212,1.0,0.5777777777777777,0.2651187246431186,358,132.75
16471,275,1,223.95,1,2,1,121,Dormant,223.95,223.95,Bronze,0,0,1,0,0.0,0.0,1.0,0.08116686475007884,274,141.0
16473,165,3,316.11,2,4,2,242,Needs Attention,105.37,105.37,Bronze,0,0,0,171,0.3488372093023256,1.0,1.0,0.17240453260749156,336,65.33333333333333
16474,7,7,1871.5,5,5,4,554,Champions,267.35714285714283,267.35714285714283,Silver,1,0,0,137,1.0869565217391304,1.0,0.07777777777777778,0.30710447932718377,144,134.71428571428572
16475,88,4,544.3,2,4,3,243,Needs Attention,136.075,136.075,Silver,0,0,0,185,0.4864864864864865,1.0,0.9777777777777777,0.23593039122341575,273,79.75
16477,64,7,2494.46,3,5,5,355,Loyal,356.3514285714286,356.3514285714286,Silver,0,0,0,307,0.5844155844155844,1.0,0.7111111111111111,0.26227184272483955,371,202.14285714285714
16478,25,3,331.0,4,4,2,442,Potential,110.33333333333331,110.33333333333331,Bronze,0,0,0,40,1.5,1.0,0.2777777777777778,0.28472525363699885,65,74.66666666666667
16479,10,2,300.83,5,3,2,532,Potential,150.415,150.415,Bronze,0,0,0,0,0.0,1.0,0.1111111111111111,0.2952788641889796,9,51.0
16480,76,1,769.29,2,2,3,223,Needs Attention,769.29,769.29,Bronze,0,0,0,0,0.0,0.0,0.8444444444444444,0.24157101754447385,75,455.0
16482,16,1,220.62,4,2,1,421,Potential,220.62,220.62,Bronze,0,0,0,0,0.0,0.0,0.17777777777777778,0.2889161218000731,15,346.0
16483,192,1,139.35,1,2,1,121,Dormant,139.35,139.35,Bronze,0,0,1,0,0.0,0.0,1.0,0.14762363657375113,191,44.0
16484,174,2,404.3,2,3,2,232,Needs Attention,202.15,202.15,Bronze,0,0,0,17,1.7647058823529411,1.0,1.0,0.16387576765598155,190,100.0
16485,77,1,363.65,2,2,2,222,Needs Attention,363.65,363.65,Bronze,0,0,0,0,0.0,0.0,0.8555555555555555,0.24018981885657353,76,235.0
16488,33,3,498.8,3,4,3,343,Loyal,166.26666666666668,166.26666666666668,Bronze,0,0,0,115,0.5217391304347826,1.0,0.36666666666666664,0.2785476793745822,148,242.66666666666666
16491,47,1,731.5,3,2,3,323,Dormant,731.5,731.5,Bronze,0,0,1,0,0.0,0.0,0.5222222222222223,0.26477910360846163,46,478.0
16493,80,4,1351.63,2,4,4,244,At Risk,337.9075,337.9075,Silver,0,1,0,250,0.36000000000000004,1.0,0.8888888888888888,0.2434999841155535,329,291.0
16494,297,1,826.53,1,2,3,123,Needs Attention,826.53,826.53,Bronze,0,0,0,0,0.0,0.0,1.0,0.06438000157830596,296,675.0
16495,3,3,684.41,5,4,3,543,Loyal,228.13666666666663,228.13666666666663,Bronze,0,0,0,272,0.10989010989010989,1.0,0.03333333333333333,0.30287681268504163,275,112.33333333333333
16496,9,3,1599.52,5,4,4,544,Champions,533.1733333333333,533.1733333333333,Bronze,1,0,0,308,0.19480519480519481,1.0,0.1,0.29937031727500496,316,370.3333333333333
16497,50,6,2965.69,3,5,5,355,Loyal,494.2816666666667,494.2816666666667,Gold,0,0,0,283,0.4225352112676056,1.0,0.5555555555555556,0.27273907330837494,332,232.66666666666666
16498,161,2,100.97,2,3,1,231,Dormant,50.485,50.485,Bronze,0,0,1,0,30.0,1.0,1.0,0.17387056517373328,161,22.5
16499,360,2,365.45,1,3,2,132,Needs Attention,182.725,182.725,Bronze,0,0,0,4,7.5,1.0,1.0,0.01462244749949736,364,63.5
16500,5,6,400.86,5,5,2,552,Potential,66.81,66.81,Bronze,0,0,0,326,0.36809815950920244,1.0,0.05555555555555555,0.30517398110393157,330,20.5
16503,107,4,1431.93,2,4,4,244,At Risk,357.9825,357.9825,Bronze,0,1,0,253,0.3543307086614173,1.0,1.0,0.22195686004749834,359,142.25
16504,25,1,484.38,4,2,2,422,Potential,484.38,484.38,Bronze,0,0,0,0,0.0,0.0,0.2777777777777778,0.28207339342295973,24,524.0
16505,32,1,777.6,4,2,3,423,Potential,777.6,777.6,Bronze,0,0,0,0,0.0,0.0,0.35555555555555557,0.27687699789169873,31,576.0
16506,20,2,90.3,4,3,1,431,Potential,45.150000000000006,45.150000000000006,Bronze,0,0,0,20,1.4285714285714286,1.0,0.2222222222222222,0.2869569378018957,39,21.0
16509,297,1,363.7000000000001,1,2,2,122,Needs Attention,363.7000000000001,363.7000000000001,Bronze,0,0,0,0,0.0,0.0,1.0,0.06371930199733336,296,64.0
16510,372,1,248.1,1,2,1,121,Dormant,248.1,248.1,Bronze,0,0,1,0,0.0,0.0,1.0,0.0033938527531195686,371,92.0
16511,22,3,950.26,4,4,4,444,Champions,316.75333333333333,316.75333333333333,Bronze,1,0,0,244,0.24489795918367346,1.0,0.24444444444444444,0.28801567745265183,266,139.0
16513,5,4,874.59,5,4,3,543,Loyal,218.6475,218.6475,Silver,0,0,0,38,2.3076923076923075,1.0,0.05555555555555555,0.3029794272675356,42,101.75
16515,52,5,1627.13,3,4,4,344,Loyal,325.42600000000004,325.42600000000004,Silver,0,0,0,259,0.46332046332046334,1.0,0.5777777777777777,0.26778856591949846,310,166.6
16516,30,1,101.7,4,2,1,421,Potential,101.7,101.7,Bronze,0,0,0,0,0.0,0.0,0.3333333333333333,0.2775164144692996,29,58.0
16517,277,1,162.70000000000002,1,2,1,121,Dormant,162.70000000000002,162.70000000000002,Bronze,0,0,1,0,0.0,0.0,1.0,0.07947515100912658,276,96.0
16518,61,2,484.32,3,3,2,332,Dormant,242.16,242.16,Bronze,0,0,1,222,0.13452914798206278,1.0,0.6777777777777778,0.25463170912266603,283,163.5
16519,25,2,215.08,4,3,1,431,Potential,107.54,107.54,Bronze,0,0,0,340,0.08823529411764706,1.0,0.2777777777777778,0.2831243686949618,364,27.0
16520,186,3,1046.57,1,4,4,144,At Risk,348.8566666666666,348.8566666666666,Bronze,0,1,0,179,0.33519553072625696,1.0,1.0,0.15660235986872853,364,186.0
16523,2,21,9418.47,5,5,5,555,Champions,448.4985714285715,448.4985714285715,Platinum,1,0,0,313,1.624203821656051,1.0,0.022222222222222223,0.34198432705149256,315,203.0952380952381
16525,2,26,13027.45,5,5,5,555,Champions,501.0557692307693,501.0557692307693,Platinum,1,0,0,364,2.0604395604395602,1.0,0.022222222222222223,0.35431325556784143,366,284.5
16526,172,1,290.36,2,2,2,222,Needs Attention,290.36,290.36,Bronze,0,0,0,0,0.0,0.0,1.0,0.1638819872805472,171,106.0
16527,81,1,228.06,2,2,1,221,Dormant,228.06,228.06,Bronze,0,0,1,0,0.0,0.0,0.9,0.23678770512374542,80,106.0
16528,4,1,244.41,5,2,1,521,Potential,244.41,244.41,Bronze,0,0,0,0,0.0,0.0,0.044444444444444446,0.29857575097573924,3,171.0
16529,190,1,455.25,1,2,2,122,Needs Attention,455.25,455.25,Bronze,0,0,0,0,0.0,0.0,1.0,0.14967886855745924,189,198.0
16531,22,7,1244.59,4,5,4,454,Champions,177.79857142857142,177.79857142857142,Silver,1,0,0,338,0.5325443786982248,1.0,0.24444444444444444,0.29417746652607896,359,130.71428571428572
16532,18,3,6748.8,4,4,5,445,Champions,2249.6,2249.6,Bronze,1,0,0,320,0.18691588785046728,1.0,0.2,0.2995017716795464,338,672.0
16533,19,3,1095.56,4,4,4,444,Champions,365.18666666666667,365.18666666666667,Bronze,1,0,0,48,1.2244897959183674,1.0,0.2111111111111111,0.29062951337772336,67,204.0
16535,5,1,593.75,5,2,3,523,Potential,593.75,593.75,Bronze,0,0,0,0,0.0,0.0,0.05555555555555555,0.2982723021520281,4,356.0
16536,110,1,548.97,2,2,3,223,Needs Attention,548.97,548.97,Bronze,0,0,0,0,0.0,0.0,1.0,0.21398377882763125,109,251.0
16539,3,4,1388.81,5,4,4,544,Champions,347.2025,347.2025,Silver,1,0,0,370,0.2425876010781671,1.0,0.03333333333333333,0.30531776523162196,372,119.25
16542,54,1,119.62,3,2,1,321,Dormant,119.62,119.62,Bronze,0,0,1,0,0.0,0.0,0.6,0.2582906587486387,53,46.0
16545,165,1,339.3,2,2,2,222,Needs Attention,339.3,339.3,Bronze,0,0,0,0,0.0,0.0,1.0,0.16956682342418333,164,78.0
16546,291,2,787.15,1,3,3,133,Needs Attention,393.575,393.575,Bronze,0,0,0,81,0.36585365853658536,1.0,1.0,0.07057202672138024,372,274.5
16549,10,10,4154.64,5,5,5,555,Champions,415.46400000000006,415.46400000000006,Gold,1,0,0,324,0.6481481481481481,1.0,0.1111111111111111,0.3122635127867827,333,236.5
16550,109,5,2298.97,2,4,5,245,At Risk,459.794,459.794,Bronze,0,1,0,259,0.46153846153846156,1.0,1.0,0.22302570654749354,367,308.0
16551,96,3,922.12,2,4,3,243,Needs Attention,307.37333333333333,307.37333333333333,Bronze,0,0,0,240,0.24896265560165975,1.0,1.0,0.2286172182394366,336,323.3333333333333
16552,243,2,379.73,1,3,2,132,Needs Attention,189.865,189.865,Bronze,0,0,0,130,0.22900763358778625,1.0,1.0,0.10849309988018395,373,109.5
16553,163,12,5719.82,2,5,5,255,At Risk,476.6516666666666,476.6516666666666,Bronze,0,1,0,197,0.7614213197969544,1.0,1.0,0.19464138089899746,359,383.3333333333333
16554,42,3,837.1,3,4,3,343,Loyal,279.03333333333336,279.03333333333336,Bronze,0,0,0,289,0.20761245674740483,1.0,0.4666666666666667,0.2718113584186942,331,134.0
16555,35,2,285.89,3,3,2,332,Dormant,142.945,142.945,Bronze,0,0,1,74,0.40540540540540543,1.0,0.3888888888888889,0.2752040610882311,109,87.5
16556,67,7,3313.79,3,5,5,355,Loyal,473.3985714285714,473.3985714285714,Silver,0,0,0,293,0.6122448979591837,1.0,0.7444444444444445,0.26103503645815995,359,270.0
16557,24,2,281.85,4,3,2,432,Potential,140.925,140.925,Bronze,0,0,0,113,0.26548672566371684,1.0,0.26666666666666666,0.28402182331483683,136,55.5
16558,1,20,8338.49,5,5,5,555,Champions,416.9245,416.9245,Platinum,1,0,0,365,1.5573770491803278,1.0,0.011111111111111112,0.3398093651755116,366,268.85
16560,27,2,841.41,4,3,3,433,Loyal,420.705,420.705,Bronze,0,0,0,331,0.09036144578313253,1.0,0.3,0.28241418989747724,357,250.0
16561,6,2,511.12,5,3,3,533,Loyal,255.56,255.56,Bronze,0,0,0,54,0.5555555555555556,1.0,0.06666666666666667,0.29878761374640556,59,122.0
16563,54,1,1077.74,3,2,4,324,Dormant,1077.74,1077.74,Bronze,0,0,1,0,0.0,0.0,0.6,0.2596583952448068,53,486.0
16565,364,1,173.7,1,2,1,121,Dormant,173.7,173.7,Bronze,0,0,1,0,0.0,0.0,1.0,0.009704757484310574,363,46.0
16566,15,5,614.66,4,4,3,443,Loyal,122.932,122.932,Silver,0,0,0,277,0.4332129963898917,1.0,0.16666666666666666,0.2960223880377159,292,72.4
16567,194,2,865.6,1,3,3,133,Needs Attention,432.8,432.8,Bronze,0,0,0,142,0.2112676056338028,1.0,1.0,0.14849150238104028,336,498.0
16569,3,1,124.2,5,2,1,521,Potential,124.2,124.2,Bronze,0,0,0,0,0.0,0.0,0.03333333333333333,0.2992062877042712,2,93.0
16570,15,10,3738.4,4,5,5,455,Champions,373.84,373.84,Gold,1,0,0,296,0.8108108108108109,1.0,0.16666666666666666,0.30765862622571283,311,211.2
16571,27,3,1421.69,4,4,4,444,Champions,473.8966666666667,473.8966666666667,Bronze,1,0,0,255,0.23529411764705882,1.0,0.3,0.28467795852773764,281,413.0
16572,127,3,1009.6,2,4,4,244,At Risk,336.53333333333336,336.53333333333336,Bronze,0,1,0,148,0.40540540540540543,1.0,1.0,0.20387578762299574,275,177.33333333333334
16573,85,2,663.61,2,3,3,233,Needs Attention,331.805,331.805,Bronze,0,0,0,205,0.14563106796116504,1.0,0.9444444444444444,0.23563631247851613,289,180.0
16574,71,1,451.44,3,2,2,322,Dormant,451.44,451.44,Bronze,0,0,1,0,0.0,0.0,0.7888888888888889,0.24512797515669388,70,416.0
16581,183,1,105.84,1,2,1,121,Dormant,105.84,105.84,Bronze,0,0,1,0,0.0,0.0,1.0,0.1547950516792938,182,134.0
16582,113,1,313.62,2,2,2,222,Needs Attention,313.62,313.62,Bronze,0,0,0,0,0.0,0.0,1.0,0.21124139462939984,112,164.0
16583,374,1,233.45,1,2,1,121,Dormant,233.45,233.45,Bronze,0,0,1,0,0.0,0.0,1.0,0.001768661494446566,373,111.0
16584,80,2,936.08,2,3,3,233,Needs Attention,468.04,468.04,Bronze,0,0,0,174,0.1724137931034483,1.0,0.8888888888888888,0.2400359643340647,253,323.0
16586,249,1,463.95,1,2,2,122,Needs Attention,463.95,463.95,Bronze,0,0,0,0,0.0,0.0,1.0,0.10236508478229,248,95.0
16587,232,1,225.15,1,2,1,121,Dormant,225.15,225.15,Bronze,0,0,1,0,0.0,0.0,1.0,0.11566055638499925,231,71.0
16589,71,3,459.24,3,4,2,342,Dormant,153.08,153.08,Bronze,0,0,1,90,0.6666666666666666,1.0,0.7888888888888889,0.24800992321823892,160,122.66666666666667
16591,69,1,213.5,3,2,1,321,Dormant,213.5,213.5,Bronze,0,0,1,0,0.0,0.0,0.7666666666666667,0.24639258886603374,68,41.0
16592,4,16,4113.68,5,5,5,555,Champions,257.105,257.105,Gold,1,0,0,283,0.8480565371024735,1.0,0.044444444444444446,0.32563031593937514,287,182.9375
16593,51,3,330.03,3,4,2,342,Dormant,110.01,110.01,Bronze,0,0,1,277,0.21660649819494585,1.0,0.5666666666666667,0.2638682539682903,327,38.666666666666664
16594,75,1,181.09,2,2,1,221,Dormant,181.09,181.09,Bronze,0,0,1,0,0.0,0.0,0.8333333333333334,0.24153348868326585,74,64.0
16595,61,1,360.16,3,2,2,322,Dormant,360.16,360.16,Bronze,0,0,1,0,0.0,0.0,0.6777777777777778,0.2530190614069384,60,335.0
16596,16,2,250.15,4,3,1,431,Potential,125.075,125.075,Bronze,0,0,0,350,0.08547008547008547,1.0,0.17777777777777778,0.2903936831960992,365,48.5
16597,4,1,90.04,5,2,1,521,Potential,90.04,90.04,Bronze,0,0,0,0,0.0,0.0,0.044444444444444446,0.298355384546781,3,184.0
16598,286,1,145.05,1,2,1,121,Dormant,145.05,145.05,Bronze,0,0,1,0,0.0,0.0,1.0,0.07223070392518463,285,73.0
16600,4,6,813.52,5,5,3,553,Loyal,135.58666666666667,135.58666666666667,Silver,0,0,0,334,0.44910179640718567,1.0,0.044444444444444446,0.30656520098980616,338,190.83333333333334
16601,41,1,244.8,3,2,1,321,Dormant,244.8,244.8,Bronze,0,0,1,0,0.0,0.0,0.45555555555555555,0.2688971633239333,40,134.0
16602,36,1,528.08,3,2,3,323,Dormant,528.08,528.08,Bronze,0,0,1,0,0.0,0.0,0.4,0.2733122466823454,35,336.0
16603,75,2,482.47,2,3,2,232,Needs Attention,241.235,241.235,Bronze,0,0,0,16,1.7647058823529411,1.0,0.8333333333333334,0.2433991216846058,90,240.0
16607,18,14,3347.71,4,5,5,455,Champions,239.12214285714285,239.12214285714285,Gold,1,0,0,341,1.1436950146627567,1.0,0.2,0.310436117697335,358,204.21428571428572
16609,15,7,5493.46,4,5,5,455,Champions,784.78,784.78,Gold,1,0,0,237,0.759493670886076,1.0,0.16666666666666666,0.30585779127484924,252,345.7142857142857
16610,219,1,75.66,1,2,1,121,Dormant,75.66,75.66,Bronze,0,0,1,0,0.0,0.0,1.0,0.12587496374553733,218,66.0
16611,186,1,129.49,1,2,1,121,Dormant,129.49,129.49,Bronze,0,0,1,0,0.0,0.0,1.0,0.1524223954405116,185,47.0
16612,33,4,1187.66,3,4,4,344,Loyal,296.915,296.915,Silver,0,0,0,278,0.3225806451612903,1.0,0.36666666666666664,0.28096644824359557,311,126.5
16613,70,1,618.59,3,2,3,323,Dormant,618.59,618.59,Bronze,0,0,1,0,0.0,0.0,0.7777777777777778,0.2461687243424743,69,293.0
16614,183,1,506.19,1,2,3,123,Needs Attention,506.19,506.19,Bronze,0,0,0,0,0.0,0.0,1.0,0.1553665597432533,182,223.0
16616,15,2,500.42,4,3,3,433,Loyal,250.21,250.21,Bronze,0,0,0,142,0.2112676056338028,1.0,0.16666666666666666,0.29155308793396234,156,185.0
16617,236,1,151.85,1,2,1,121,Dormant,151.85,151.85,Bronze,0,0,1,0,0.0,0.0,1.0,0.11234736294017927,235,91.0
16618,31,5,2647.59,4,4,5,445,Champions,529.518,529.518,Silver,1,0,0,291,0.30927835051546393,1.0,0.34444444444444444,0.2860902138658248,322,272.6
16619,264,1,226.21,1,2,1,121,Dormant,226.21,226.21,Bronze,0,0,1,0,0.0,0.0,1.0,0.08999362035948197,263,133.0
16620,4,2,178.96,5,3,1,531,Potential,89.48,89.48,Bronze,0,0,0,257,0.11673151750972763,1.0,0.044444444444444446,0.2999177264196863,260,44.0
16621,52,4,813.48,3,4,3,343,Loyal,203.37,203.37,Silver,0,0,0,226,0.39823008849557523,1.0,0.5777777777777777,0.2651916566950424,277,75.5
16623,246,1,129.45000000000002,1,2,1,121,Dormant,129.45000000000002,129.45000000000002,Bronze,0,0,1,0,0.0,0.0,1.0,0.10429399609367913,245,39.0
16624,81,2,810.57,2,3,3,233,Needs Attention,405.285,405.285,Bronze,0,0,0,116,0.2564102564102564,1.0,0.9,0.23905465712601193,196,244.0
16625,275,1,333.08,1,2,2,122,Needs Attention,333.08,333.08,Bronze,0,0,0,0,0.0,0.0,1.0,0.08132265012542515,274,164.0
16626,1,17,4413.1,5,5,5,555,Champions,259.59411764705885,259.59411764705885,Gold,1,0,0,265,1.8045112781954886,1.0,0.011111111111111112,0.3298995681116999,266,158.23529411764707
16627,79,1,322.8,2,2,2,222,Needs Attention,322.8,322.8,Bronze,0,0,0,0,0.0,0.0,0.8777777777777778,0.2385272265456319,78,162.0
16628,30,5,2188.05,4,4,5,445,Champions,437.61,437.61,Silver,1,0,0,205,0.5853658536585366,1.0,0.3333333333333333,0.2862363498666351,234,241.0
16629,74,2,417.73,2,3,2,232,Needs Attention,208.865,208.865,Bronze,0,0,0,22,1.3043478260869565,1.0,0.8222222222222222,0.24410884300738744,95,246.5
16633,17,6,2883.1,4,5,5,455,Champions,480.51666666666665,480.51666666666665,Gold,1,0,0,216,0.6912442396313364,1.0,0.18888888888888888,0.2990917625777582,233,189.66666666666666
16634,223,2,217.9,1,3,1,131,Dormant,108.95,108.95,Bronze,0,0,1,149,0.2,1.0,1.0,0.12430486489263981,371,41.0
16637,32,4,1154.47,4,4,4,444,Champions,288.6175,288.6175,Silver,1,0,0,193,0.4663212435233161,1.0,0.35555555555555557,0.2817212078564182,225,231.75
16638,23,10,1680.72,4,5,4,454,Champions,168.072,168.072,Silver,1,0,0,346,0.7803468208092486,1.0,0.25555555555555554,0.29830413235250414,368,125.5
16639,31,3,1257.51,4,4,4,444,Champions,419.17,419.17,Bronze,1,0,0,204,0.29411764705882354,1.0,0.34444444444444444,0.2812350319672623,235,170.0
16641,106,1,231.1,2,2,1,221,Dormant,231.1,231.1,Bronze,0,0,1,0,0.0,0.0,1.0,0.21673856885199658,105,256.0
16642,5,2,688.33,5,3,3,533,Loyal,344.165,344.165,Bronze,0,0,0,202,0.1477832512315271,1.0,0.05555555555555555,0.29984272379424026,207,239.5
16643,246,1,487.51,1,2,2,122,Needs Attention,487.51,487.51,Bronze,0,0,0,0,0.0,0.0,1.0,0.10480513429120965,245,269.0
16644,178,2,833.78,2,3,3,233,Needs Attention,416.89,416.89,Bronze,0,0,0,34,0.8571428571428571,1.0,1.0,0.1612803032592384,211,413.0
16647,170,2,214.06,2,3,1,231,Dormant,107.03,107.03,Bronze,0,0,1,35,0.8571428571428571,1.0,1.0,0.16681275219565384,204,73.0
16648,43,1,290.66,3,2,2,322,Dormant,290.66,290.66,Bronze,0,0,1,0,0.0,0.0,0.4777777777777778,0.26735835136574787,42,281.0
16650,72,1,518.42,2,2,3,223,Needs Attention,518.42,518.42,Bronze,0,0,0,0,0.0,0.0,0.8,0.24442145148112912,71,372.0
16652,59,7,6773.97,3,5,5,355,Loyal,967.71,967.71,Gold,0,0,0,214,0.5581395348837209,1.0,0.6555555555555556,0.2723916286446027,272,469.0
16653,16,2,1212.66,4,3,4,434,Loyal,606.33,606.33,Bronze,0,0,0,55,0.5454545454545454,1.0,0.17777777777777778,0.2917676865098039,70,366.5
16654,141,4,601.27,2,4,3,243,Needs Attention,150.3175,150.3175,Bronze,0,0,0,227,0.3964757709251101,1.0,1.0,0.19349834811532662,367,70.5
16655,18,6,3794.52,4,5,5,455,Champions,632.42,632.42,Gold,1,0,0,314,0.47770700636942676,1.0,0.2,0.299590694802106,331,394.5
16656,22,15,8625.8,4,5,5,455,Champions,575.0533333333333,575.0533333333333,Platinum,1,0,0,342,1.2280701754385965,1.0,0.24444444444444444,0.31619755297778684,364,592.9333333333333
16657,10,4,933.62,5,4,3,543,Loyal,233.405,233.405,Silver,0,0,0,244,0.36734693877551017,1.0,0.1111111111111111,0.2990529986496605,254,307.25
16658,368,1,123.24,1,2,1,121,Dormant,123.24,123.24,Bronze,0,0,1,0,0.0,0.0,1.0,0.006424168620933886,367,40.0
16659,189,1,39.12,1,2,1,121,Dormant,39.12,39.12,Bronze,0,0,1,0,0.0,0.0,1.0,0.14988697324830697,188,72.0
16660,16,4,1267.65,4,4,4,444,Champions,316.9125,316.9125,Silver,1,0,0,303,0.19801980198019803,1.0,0.17777777777777778,0.2947169992910648,319,142.75
16665,362,1,135.4,1,2,1,121,Dormant,135.4,135.4,Bronze,0,0,1,0,0.0,0.0,1.0,0.011254361501852925,361,59.0
16666,19,1,118.98,4,2,1,421,Potential,118.98,118.98,Bronze,0,0,0,0,0.0,0.0,0.2111111111111111,0.2863646114453086,18,233.0
16667,68,2,570.13,3,3,3,333,Loyal,285.065,285.065,Bronze,0,0,0,216,0.1388888888888889,1.0,0.7555555555555555,0.24913923144441905,283,118.5
16668,15,6,306.72,4,5,2,452,Potential,51.120000000000005,51.120000000000005,Bronze,0,0,0,269,0.5576208178438662,1.0,0.16666666666666666,0.2970182038952272,284,53.0
16669,24,3,1374.87,4,4,4,444,Champions,458.29,458.29,Bronze,1,0,0,54,0.5454545454545454,1.0,0.26666666666666666,0.28701753910312044,77,296.0
16670,17,11,4095.9,4,5,5,455,Champions,372.3545454545455,372.3545454545455,Gold,1,0,0,341,0.7894736842105263,1.0,0.18888888888888888,0.3080000936351374,358,232.36363636363637
16671,28,3,1692.27,4,4,4,444,Champions,564.09,564.09,Bronze,1,0,0,136,0.4411764705882353,1.0,0.3111111111111111,0.2842620781438481,164,291.6666666666667
16672,2,20,8134.94,5,5,5,555,Champions,406.747,406.747,Platinum,1,0,0,264,1.9318181818181819,1.0,0.022222222222222223,0.3387166542224572,266,141.6
16674,55,2,319.61,3,3,2,332,Dormant,159.805,159.805,Bronze,0,0,1,43,0.6818181818181818,1.0,0.6111111111111112,0.25920941635035033,97,94.0
16676,34,4,1592.12,3,4,4,344,Loyal,398.03,398.03,Silver,0,0,0,303,0.2960526315789474,1.0,0.37777777777777777,0.28074168438175645,336,159.0
16678,3,12,3109.99,5,5,5,555,Champions,259.1658333333333,259.1658333333333,Gold,1,0,0,280,1.1785714285714286,1.0,0.03333333333333333,0.31925803955081394,282,199.75
16679,366,1,129.75,1,2,1,121,Dormant,129.75,129.75,Bronze,0,0,1,0,0.0,0.0,1.0,0.008037739858024197,365,29.0
16680,43,1,183.7,3,2,1,321,Dormant,183.7,183.7,Bronze,0,0,1,0,0.0,0.0,0.4777777777777778,0.26720566371114285,42,94.0
16681,73,6,1770.34,2,5,4,254,At Risk,295.0566666666667,295.0566666666667,Silver,0,1,0,180,0.8287292817679557,1.0,0.8111111111111111,0.2525834881256839,252,234.5
16682,5,5,1028.0,5,4,4,544,Champions,205.6,205.6,Silver,1,0,0,183,0.6557377049180327,1.0,0.05555555555555555,0.3046338299748226,187,208.0
16684,4,28,66653.56,5,5,5,555,Champions,2380.4842857142858,2380.4842857142858,Platinum,1,0,0,353,1.271186440677966,1.0,0.044444444444444446,0.43213219329744723,357,1794.8214285714287
16685,61,2,324.24,3,3,2,332,Dormant,162.12,162.12,Bronze,0,0,1,0,0.0,1.0,0.6777777777777778,0.25440319154834695,60,198.0
16686,47,7,3062.83,3,5,5,355,Loyal,437.5471428571428,437.5471428571428,Gold,0,0,0,307,0.5844155844155844,1.0,0.5222222222222223,0.27671956651684865,354,290.0
16688,1,4,1260.86,5,4,4,544,Champions,315.21500000000003,315.21500000000003,Silver,1,0,0,59,1.5254237288135593,1.0,0.011111111111111112,0.30673939198443606,60,201.0
16689,76,2,422.6,2,3,2,232,Needs Attention,211.3,211.3,Bronze,0,0,0,6,4.285714285714286,1.0,0.8444444444444444,0.24251151696017564,81,165.0
16690,72,2,225.58,2,3,1,231,Dormant,112.79,112.79,Bronze,0,0,1,129,0.23255813953488372,1.0,0.8,0.2454388229069326,201,69.0
16692,256,2,1276.0,1,3,4,134,Needs Attention,638.0,638.0,Bronze,0,0,0,32,0.9090909090909091,1.0,1.0,0.09934473671098769,288,76.0
16693,69,2,482.01,3,3,2,332,Dormant,241.005,241.005,Bronze,0,0,1,203,0.1477832512315271,1.0,0.7666666666666667,0.24821129924950844,271,102.0
16696,135,4,657.9,2,4,3,243,Needs Attention,164.475,164.475,Bronze,0,0,0,112,0.7964601769911505,1.0,1.0,0.19839202285862673,247,36.5
16697,241,1,112.75,1,2,1,121,Dormant,112.75,112.75,Bronze,0,0,1,0,0.0,0.0,1.0,0.10828085167882635,240,27.0
16698,227,2,1998.0,1,3,4,134,Needs Attention,999.0,999.0,Bronze,0,0,0,26,1.1111111111111112,1.0,1.0,0.12363743901555446,252,420.0
16700,9,13,5076.55,5,5,5,555,Champions,390.50384615384615,390.50384615384615,Platinum,1,0,0,357,1.005586592178771,1.0,0.1,0.31868791787780876,365,309.53846153846155
16701,9,13,5398.3,5,5,5,555,Champions,415.25384615384615,415.25384615384615,Platinum,1,0,0,352,0.9348441926345609,1.0,0.1,0.31914722278496244,361,491.7692307692308
16705,1,20,14034.99,5,5,5,555,Champions,701.7495,701.7495,Platinum,1,0,0,358,0.9217877094972067,1.0,0.011111111111111112,0.347941239001777,358,273.8
16706,37,3,531.35,3,4,3,343,Loyal,177.11666666666667,177.11666666666667,Bronze,0,0,0,76,0.7792207792207793,1.0,0.4111111111111111,0.2753855890359696,113,83.0
16708,46,1,656.63,3,2,3,323,Dormant,656.63,656.63,Bronze,0,0,1,0,0.0,0.0,0.5111111111111111,0.2654743641427134,45,285.0
16709,85,5,3029.87,2,4,5,245,At Risk,605.9739999999999,605.9739999999999,Silver,0,1,0,197,0.45685279187817257,1.0,0.9444444444444444,0.24332041860249723,281,170.2
16710,19,10,2483.04,4,5,5,455,Champions,248.304,248.304,Gold,1,0,0,349,0.6876790830945558,1.0,0.2111111111111111,0.30265801721430363,367,183.6
16711,3,5,1651.03,5,4,4,544,Champions,330.206,330.206,Silver,1,0,0,354,0.3389830508474576,1.0,0.03333333333333333,0.30712749650751,357,166.6
16712,9,11,3645.43,5,5,5,555,Champions,331.40272727272725,331.40272727272725,Gold,1,0,0,266,0.898876404494382,1.0,0.1,0.3137741505141659,275,159.0
16713,19,15,6923.13,4,5,5,455,Champions,461.542,461.542,Platinum,1,0,0,347,1.206896551724138,1.0,0.2111111111111111,0.3161733727745825,365,285.06666666666666
16714,219,3,1161.53,1,4,4,144,At Risk,387.1766666666667,387.1766666666667,Bronze,0,1,0,98,0.30303030303030304,1.0,1.0,0.13029587945667107,316,203.33333333333334
16715,78,1,301.72,2,2,2,222,Needs Attention,301.72,301.72,Bronze,0,0,0,0,0.0,0.0,0.8666666666666667,0.2392992734387207,77,642.0
16716,267,2,901.2,1,3,3,133,Needs Attention,450.6,450.6,Bronze,0,0,0,44,0.6666666666666666,1.0,1.0,0.08998617239883075,310,60.0
16717,24,6,3858.38,4,5,5,455,Champions,643.0633333333334,643.0633333333334,Gold,1,0,0,342,0.4373177842565598,1.0,0.26666666666666666,0.294869022073609,365,311.0
16718,369,1,623.75,1,2,3,123,Needs Attention,623.75,623.75,Bronze,0,0,0,0,0.0,0.0,1.0,0.006336518158728374,368,413.0
16719,15,7,1790.42,4,5,4,454,Champions,255.77428571428567,255.77428571428567,Silver,1,0,0,353,0.5084745762711864,1.0,0.16666666666666666,0.3005716236186369,368,172.0
16720,26,1,155.24,4,2,1,421,Potential,155.24,155.24,Bronze,0,0,0,0,0.0,0.0,0.28888888888888886,0.2808014000975994,25,182.0
16721,262,1,292.47,1,2,2,122,Needs Attention,292.47,292.47,Bronze,0,0,0,0,0.0,0.0,1.0,0.09169248598103984,261,172.0
16722,17,13,4730.81,4,5,5,455,Champions,363.9084615384616,363.9084615384616,Gold,1,0,0,351,1.0256410256410255,1.0,0.18888888888888888,0.31177725444050575,367,384.6923076923077
16723,91,2,589.15,2,3,3,233,Needs Attention,294.575,294.575,Bronze,0,0,0,16,1.875,1.0,1.0,0.2307171850343782,107,199.5
16725,302,7,781.02,1,5,3,153,Needs Attention,111.57428571428572,111.57428571428572,Bronze,0,0,0,69,2.1739130434782608,1.0,1.0,0.06891678009822451,370,42.0
16726,26,5,1382.02,4,4,4,444,Champions,276.404,276.404,Silver,1,0,0,335,0.26865671641791045,1.0,0.28888888888888886,0.28829428120109785,360,195.4
16727,364,1,272.82,1,2,2,122,Needs Attention,272.82,272.82,Bronze,0,0,0,0,0.0,0.0,1.0,0.009846253373656563,363,177.0
16728,46,4,1054.67,3,4,4,344,Loyal,263.6675,263.6675,Silver,0,0,0,218,0.4128440366972477,1.0,0.5111111111111111,0.27034879472867435,263,169.25
16729,38,21,7239.92,3,5,5,355,Loyal,344.7580952380952,344.7580952380952,Gold,0,0,0,203,2.6600985221674875,1.0,0.4222222222222222,0.30999739565734225,240,275.3809523809524
16730,52,3,743.11,3,4,3,343,Loyal,247.70333333333332,247.70333333333332,Bronze,0,0,0,267,0.2247191011235955,1.0,0.5777777777777777,0.2636557953381517,318,331.3333333333333
16732,32,1,603.75,4,2,3,423,Potential,603.75,603.75,Bronze,0,0,0,0,0.0,0.0,0.35555555555555557,0.27662882335212247,31,317.0
16734,52,3,650.51,3,4,3,343,Loyal,216.83666666666667,216.83666666666667,Bronze,0,0,0,61,0.4838709677419355,1.0,0.5777777777777777,0.26352360688624055,113,115.33333333333333
16735,79,5,2300.56,2,4,5,245,At Risk,460.112,460.112,Silver,0,1,0,255,0.3515625,1.0,0.8777777777777778,0.24709214742900373,333,314.6
16737,53,1,417.6,3,2,2,322,Dormant,417.6,417.6,Bronze,0,0,1,0,0.0,0.0,0.5888888888888889,0.2595181705171788,52,288.0
16738,298,1,3.75,1,2,1,121,Dormant,3.75,3.75,Bronze,0,0,1,0,0.0,0.0,1.0,0.06240332674753047,297,3.0
16739,177,1,323.0,2,2,2,222,Needs Attention,323.0,323.0,Bronze,0,0,0,0,0.0,0.0,1.0,0.1599178863813985,176,172.0
16742,47,1,464.9,3,2,2,322,Dormant,464.9,464.9,Bronze,0,0,1,0,0.0,0.0,0.5222222222222223,0.2643985264888123,46,1.0
16743,29,7,2238.09,4,5,5,455,Champions,319.7271428571429,319.7271428571429,Gold,1,0,0,329,0.45592705167173253,1.0,0.32222222222222224,0.28998073545598835,358,292.42857142857144
16744,11,7,1304.76,5,5,4,554,Champions,186.3942857142857,186.3942857142857,Silver,1,0,0,161,1.1111111111111112,1.0,0.12222222222222222,0.30308688988116433,172,115.0
16745,87,17,7194.3,2,5,5,255,At Risk,423.1941176470588,423.1941176470588,Silver,0,1,0,225,2.1333333333333333,1.0,0.9666666666666667,0.2648858325172373,311,396.1764705882353
16746,5,18,6697.66,5,5,5,555,Champions,372.09222222222223,372.09222222222223,Platinum,1,0,0,354,1.3559322033898304,1.0,0.05555555555555555,0.33138767621666854,358,259.1666666666667
16747,38,2,836.0600000000001,3,3,3,333,Loyal,418.03,418.03,Bronze,0,0,0,30,1.0,1.0,0.4222222222222222,0.27358302324794015,67,291.5
16748,18,5,1515.9,4,4,4,444,Champions,303.18,303.18,Silver,1,0,0,316,0.3785488958990536,1.0,0.2,0.2949025100226136,333,176.0
16750,45,5,623.93,3,4,3,343,Loyal,124.786,124.786,Silver,0,0,0,187,0.6382978723404256,1.0,0.5,0.27197145003512313,231,42.8
16751,31,1,1764.72,4,2,4,424,Potential,1764.72,1764.72,Bronze,0,0,0,0,0.0,0.0,0.34444444444444444,0.2790882715365897,30,1031.0
16752,373,1,207.5,1,2,1,121,Dormant,207.5,207.5,Bronze,0,0,1,0,0.0,0.0,1.0,0.0025337563598808502,372,54.0
16753,58,1,223.92,3,2,1,321,Dormant,223.92,223.92,Bronze,0,0,1,0,0.0,0.0,0.6444444444444445,0.2552309930474411,57,189.0
16754,372,1,2002.4,1,2,4,124,Needs Attention,2002.4,2002.4,Bronze,0,0,0,0,0.0,0.0,1.0,0.005898152981929785,371,4280.0
16755,114,3,1496.83,2,4,4,244,At Risk,498.9433333333333,498.9433333333333,Bronze,0,1,0,201,0.29850746268656714,1.0,1.0,0.21499912620492587,315,354.6666666666667
16756,215,1,239.4,1,2,1,121,Dormant,239.4,239.4,Bronze,0,0,1,0,0.0,0.0,1.0,0.129317262196738,214,106.0
16757,319,1,106.83,1,2,1,121,Dormant,106.83,106.83,Bronze,0,0,1,0,0.0,0.0,1.0,0.04570555583425286,318,81.0
16758,65,1,369.34,3,2,2,322,Dormant,369.34,369.34,Bronze,0,0,1,0,0.0,0.0,0.7222222222222222,0.24982360990071062,64,203.0
16759,8,3,789.79,5,4,3,543,Loyal,263.2633333333333,263.2633333333333,Bronze,0,0,0,23,1.3043478260869565,1.0,0.08888888888888889,0.2990165496691761,30,203.0
16761,97,1,316.62,2,2,2,222,Needs Attention,316.62,316.62,Bronze,0,0,0,0,0.0,0.0,1.0,0.2240799017915672,96,341.0
16762,20,3,1501.38,4,4,4,444,Champions,500.46,500.46,Bronze,1,0,0,124,0.48,1.0,0.2222222222222222,0.2904066909445516,143,206.0
16763,199,1,611.8499999999999,1,2,3,123,Needs Attention,611.8499999999999,611.8499999999999,Bronze,0,0,0,0,0.0,0.0,1.0,0.14268316702152514,198,319.0
16764,4,13,2799.25,5,5,5,555,Champions,215.32692307692307,215.32692307692307,Gold,1,0,0,139,2.5714285714285716,1.0,0.044444444444444446,0.319447719311871,142,96.84615384615384
16765,294,1,34.0,1,2,1,121,Dormant,34.0,34.0,Bronze,0,0,1,0,0.0,0.0,1.0,0.06565506540990146,293,4.0
16766,273,2,1145.6,1,3,4,134,Needs Attention,572.8,572.8,Bronze,0,0,0,0,0.0,1.0,1.0,0.08552222432592835,272,268.0
16767,31,11,5580.6,4,5,5,455,Champions,507.3272727272728,507.3272727272728,Gold,1,0,0,285,0.7342657342657343,1.0,0.34444444444444444,0.2988895876569973,315,403.1818181818182
16768,48,3,478.09,3,4,2,342,Dormant,159.36333333333334,159.36333333333334,Bronze,0,0,1,224,0.26785714285714285,1.0,0.5333333333333333,0.26648602985153974,271,65.33333333333333
16769,260,1,380.39,1,2,2,122,Needs Attention,380.39,380.39,Bronze,0,0,0,0,0.0,0.0,1.0,0.09342227170916785,259,83.0
16770,58,5,770.1,3,4,3,343,Loyal,154.02,154.02,Silver,0,0,0,314,0.38095238095238093,1.0,0.6444444444444445,0.261752303304603,371,92.8
16771,33,5,2246.81,3,4,5,345,Loyal,449.362,449.362,Silver,0,0,0,304,0.39344262295081966,1.0,0.36666666666666664,0.283913813892935,337,297.8
16773,57,1,171.59,3,2,1,321,Dormant,171.59,171.59,Bronze,0,0,1,0,0.0,0.0,0.6333333333333333,0.25595842990681256,56,171.0
16774,68,4,661.52,3,4,3,343,Loyal,165.38,165.38,Silver,0,0,0,110,0.8108108108108109,1.0,0.7555555555555555,0.2521405059929539,178,80.5
16775,10,11,1695.66,5,5,4,554,Champions,154.1509090909091,154.1509090909091,Silver,1,0,0,357,0.8403361344537814,1.0,0.1111111111111111,0.3101886737026193,366,40.0
16776,60,1,388.28,3,2,2,322,Dormant,388.28,388.28,Bronze,0,0,1,0,0.0,0.0,0.6666666666666666,0.25386134233711183,59,262.0
16777,80,2,226.35,2,3,1,231,Dormant,113.175,113.175,Bronze,0,0,1,176,0.1694915254237288,1.0,0.8888888888888888,0.2390228097986982,256,32.0
16778,74,2,245.94,2,3,1,231,Dormant,122.97,122.97,Bronze,0,0,1,199,0.15,1.0,0.8222222222222222,0.2438636091612338,273,97.0
16779,2,22,10629.72,5,5,5,555,Champions,483.16909090909087,483.16909090909087,Platinum,1,0,0,364,1.6483516483516485,1.0,0.022222222222222223,0.345148818656941,366,242.04545454545453
16780,100,2,425.19,2,3,2,232,Needs Attention,212.595,212.595,Bronze,0,0,0,158,0.18867924528301888,1.0,1.0,0.22326387734137443,258,135.5
16781,372,1,311.25,1,2,2,122,Needs Attention,311.25,311.25,Bronze,0,0,0,0,0.0,0.0,1.0,0.0034840007092555576,371,113.0
16782,10,13,2279.9,5,5,5,555,Champions,175.37692307692308,175.37692307692308,Gold,1,0,0,355,1.0140845070422535,1.0,0.1111111111111111,0.31389350201491695,365,54.76923076923077
16784,20,1,107.6,4,2,1,421,Potential,107.6,107.6,Bronze,0,0,0,0,0.0,0.0,0.2222222222222222,0.285546227217997,19,24.0
16788,123,2,597.48,2,3,3,233,Needs Attention,298.74,298.74,Bronze,0,0,0,131,0.22900763358778625,1.0,1.0,0.20506062708710496,253,155.5
16789,8,1,80.80000000000001,5,2,1,521,Potential,80.80000000000001,80.80000000000001,Bronze,0,0,0,0,0.0,0.0,0.08888888888888889,0.2951336381022789,7,32.0
16790,4,6,1545.62,5,5,4,554,Champions,257.6033333333333,257.6033333333333,Silver,1,0,0,34,4.411764705882353,1.0,0.044444444444444446,0.30761028917170885,37,149.66666666666666
16791,29,7,1721.78,4,5,4,454,Champions,245.96857142857144,245.96857142857144,Silver,1,0,0,303,0.49504950495049505,1.0,0.32222222222222224,0.2892436920477133,331,109.0
16792,282,2,110.38,1,3,1,131,Dormant,55.19,55.19,Bronze,0,0,1,0,0.0,1.0,1.0,0.07682517461767448,281,22.0
16793,57,1,243.84,3,2,1,321,Dormant,243.84,243.84,Bronze,0,0,1,0,0.0,0.0,0.6333333333333333,0.25606156830476706,56,146.0
16794,1,10,1222.71,5,5,4,554,Champions,122.271,122.271,Silver,1,0,0,179,1.3407821229050279,1.0,0.011111111111111112,0.3152973722466615,179,93.7
16795,365,1,414.88,1,2,2,122,Needs Attention,414.88,414.88,Bronze,0,0,0,0,0.0,0.0,1.0,0.009246907980699708,364,239.0
16796,89,1,305.62,2,2,2,222,Needs Attention,305.62,305.62,Bronze,0,0,0,0,0.0,0.0,0.9888888888888889,0.2304813113591639,88,186.0
16800,11,1,1201.49,5,2,4,524,Potential,1201.49,1201.49,Bronze,0,0,0,0,0.0,0.0,0.12222222222222222,0.2943270295879531,10,540.0
16801,163,4,1619.73,2,4,4,244,At Risk,404.9325,404.9325,Bronze,0,1,0,110,0.8181818181818182,1.0,1.0,0.17730516240986938,272,124.75
16803,65,1,332.3,3,2,2,322,Dormant,332.3,332.3,Bronze,0,0,1,0,0.0,0.0,0.7222222222222222,0.24977073451994614,64,245.0
16804,23,3,536.99,4,4,3,443,Loyal,178.99666666666667,178.99666666666667,Bronze,0,0,0,247,0.1214574898785425,1.0,0.25555555555555554,0.2866235867789191,269,82.0
16805,174,2,460.59,2,3,2,232,Needs Attention,230.295,230.295,Bronze,0,0,0,186,0.16042780748663102,1.0,1.0,0.16395612281751593,359,269.5
16806,103,4,801.49,2,4,3,243,Needs Attention,200.3725,200.3725,Bronze,0,0,0,135,0.6617647058823529,1.0,1.0,0.2242654498082148,238,94.5
16807,143,3,1121.59,2,4,4,244,At Risk,373.8633333333333,373.8633333333333,Bronze,0,1,0,128,0.46875,1.0,1.0,0.19120143110969742,270,259.3333333333333
16808,99,2,288.42,2,3,2,232,Needs Attention,144.21,144.21,Bronze,0,0,0,175,0.17142857142857143,1.0,1.0,0.22387077432083896,273,98.0
16809,23,5,914.69,4,4,3,443,Loyal,182.938,182.938,Silver,0,0,0,239,0.502092050209205,1.0,0.25555555555555554,0.2900335748875695,261,130.4
16810,192,1,309.54,1,2,2,122,Needs Attention,309.54,309.54,Bronze,0,0,0,0,0.0,0.0,1.0,0.14786658638617844,191,114.0
16811,5,2,547.07,5,3,3,533,Loyal,273.535,273.535,Bronze,0,0,0,12,2.3076923076923075,1.0,0.05555555555555555,0.2996410721666271,16,238.5
16812,361,1,479.35,1,2,2,122,Needs Attention,479.35,479.35,Bronze,0,0,0,0,0.0,0.0,1.0,0.01254749641439255,360,81.0
16813,8,10,1692.98,5,5,4,554,Champions,169.298,169.298,Silver,1,0,0,196,1.3775510204081631,1.0,0.08888888888888889,0.31035371932242944,203,152.5
16814,14,21,6509.1,4,5,5,455,Champions,309.95714285714286,309.95714285714286,Platinum,1,0,0,355,1.6901408450704225,1.0,0.15555555555555556,0.32820547160081626,369,131.85714285714286
16816,103,4,417.06,2,4,2,242,Needs Attention,104.265,104.265,Bronze,0,0,0,254,0.35294117647058826,1.0,1.0,0.22371666787983224,357,68.5
16817,3,9,1604.75,5,5,4,554,Champions,178.30555555555554,178.30555555555554,Silver,1,0,0,365,0.6557377049180327,1.0,0.03333333333333333,0.31280305762623434,367,91.33333333333333
16818,11,11,3349.57,5,5,5,555,Champions,304.50636363636363,304.50636363636363,Gold,1,0,0,194,1.5384615384615385,1.0,0.12222222222222222,0.31174752605288003,205,196.72727272727272
16820,96,1,497.61,2,2,3,223,Needs Attention,497.61,497.61,Bronze,0,0,0,0,0.0,0.0,1.0,0.22514040786908035,95,307.0
16823,227,1,358.38,1,2,2,122,Needs Attention,358.38,358.38,Bronze,0,0,0,0,0.0,0.0,1.0,0.11986144020551417,226,136.0
16824,16,2,460.64,4,3,2,432,Potential,230.32,230.32,Bronze,0,0,0,148,0.20134228187919462,1.0,0.17777777777777778,0.2906941621080084,163,118.0
16825,39,2,775.18,3,3,3,333,Loyal,387.59,387.59,Bronze,0,0,0,147,0.20408163265306123,1.0,0.43333333333333335,0.27269397672722023,185,283.0
16826,51,1,341.7,3,2,2,322,Dormant,341.7,341.7,Bronze,0,0,1,0,0.0,0.0,0.5666666666666667,0.2610140997421525,50,158.0
16828,93,2,128.5,2,3,1,231,Dormant,64.25,64.25,Bronze,0,0,1,19,1.5789473684210527,1.0,1.0,0.22845531937449146,111,29.5
16829,157,1,197.22,2,2,1,221,Dormant,197.22,197.22,Bronze,0,0,1,0,0.0,0.0,1.0,0.17578111352875067,156,99.0
16830,39,1,325.91,3,2,2,322,Dormant,325.91,325.91,Bronze,0,0,1,0,0.0,0.0,0.43333333333333335,0.27061722763351365,38,264.0
16832,184,3,199.15,1,4,1,141,Dormant,66.38333333333334,66.38333333333334,Bronze,0,0,1,33,1.8181818181818181,1.0,1.0,0.15699692803086707,216,11.0
16833,1,4,1106.53,5,4,4,544,Champions,276.6325,276.6325,Silver,1,0,0,333,0.18018018018018017,1.0,0.011111111111111112,0.30651908265632094,333,110.0
16834,228,1,413.46,1,2,2,122,Needs Attention,413.46,413.46,Bronze,0,0,0,0,0.0,0.0,1.0,0.11913792902910984,227,358.0
16835,128,2,180.85,2,3,1,231,Dormant,90.425,90.425,Bronze,0,0,1,244,0.12244897959183673,1.0,1.0,0.20045518379281427,372,30.5
16836,40,2,251.87,3,3,2,332,Dormant,125.935,125.935,Bronze,0,0,1,76,0.38961038961038963,1.0,0.4444444444444444,0.27114480163395926,116,82.5
16837,31,11,3170.98,4,5,5,455,Champions,288.2709090909091,288.2709090909091,Gold,1,0,0,214,1.1214953271028036,1.0,0.34444444444444444,0.29544980431472645,245,142.0909090909091
16838,197,2,588.85,1,3,3,133,Needs Attention,294.425,294.425,Bronze,0,0,0,90,0.32967032967032966,1.0,1.0,0.1456900188101401,287,92.5
16839,9,34,16594.35,5,5,5,555,Champions,488.0691176470588,488.0691176470588,Platinum,1,0,0,360,2.57617728531856,1.0,0.1,0.3652733608308496,369,263.97058823529414
16841,37,6,1869.82,3,5,4,354,Loyal,311.63666666666666,311.63666666666666,Silver,0,0,0,250,0.597609561752988,1.0,0.4111111111111111,0.2816025032702119,287,375.0
16842,101,3,1264.19,2,4,4,244,At Risk,421.3966666666667,421.3966666666667,Bronze,0,1,0,201,0.297029702970297,1.0,1.0,0.22509483518774887,301,231.0
16843,43,16,10196.57,3,5,5,355,Loyal,637.285625,637.285625,Gold,0,0,0,284,1.1578947368421053,1.0,0.4777777777777778,0.30303034717544486,326,634.9375
16846,50,1,214.32,3,2,1,321,Dormant,214.32,214.32,Bronze,0,0,1,0,0.0,0.0,0.5555555555555556,0.2616344011445484,49,135.0
16847,43,1,193.44,3,2,1,321,Dormant,193.44,193.44,Bronze,0,0,1,0,0.0,0.0,0.4777777777777778,0.2672195677664519,42,78.0
16848,53,1,281.42,3,2,2,322,Dormant,281.42,281.42,Bronze,0,0,1,0,0.0,0.0,0.5888888888888889,0.25932377069664675,52,182.0
16849,187,1,124.57,1,2,1,121,Dormant,124.57,124.57,Bronze,0,0,1,0,0.0,0.0,1.0,0.15161323299936996,186,33.0
16850,334,1,332.41,1,2,2,122,Needs Attention,332.41,332.41,Bronze,0,0,0,0,0.0,0.0,1.0,0.033995490477746124,333,249.0
16851,4,3,342.45,5,4,2,542,Potential,114.15,114.15,Bronze,0,0,0,47,1.2765957446808511,1.0,0.044444444444444446,0.3015865185394491,51,90.33333333333333
16852,10,2,144.91,5,3,1,531,Potential,72.455,72.455,Bronze,0,0,0,165,0.18072289156626506,1.0,0.1111111111111111,0.295056285102349,175,28.0
16855,24,2,328.40000000000003,4,3,2,432,Potential,164.20000000000002,164.20000000000002,Bronze,0,0,0,19,1.5,1.0,0.26666666666666666,0.28408827442106216,42,82.0
16856,15,1,35.400000000000006,4,2,1,421,Potential,35.400000000000006,35.400000000000006,Bronze,0,0,0,0,0.0,0.0,0.16666666666666666,0.28945385538326224,14,12.0
16858,369,1,375.69000000000005,1,2,2,122,Needs Attention,375.69000000000005,375.69000000000005,Bronze,0,0,0,0,0.0,0.0,1.0,0.005982407279882873,368,91.0
16859,145,2,747.81,2,3,3,233,Needs Attention,373.905,373.905,Bronze,0,0,0,116,0.2564102564102564,1.0,1.0,0.18762816750737482,260,413.5
16861,60,2,173.76,3,3,1,331,Dormant,86.88,86.88,Bronze,0,0,1,98,0.30303030303030304,1.0,0.6666666666666666,0.25499051721381905,157,70.0
16863,31,2,502.8,4,3,3,433,Loyal,251.4,251.4,Bronze,0,0,0,335,0.08955223880597014,1.0,0.34444444444444444,0.2787222608351998,366,204.5
16866,141,3,207.74,2,4,1,241,Dormant,69.24666666666667,69.24666666666667,Bronze,0,0,1,20,2.857142857142857,1.0,1.0,0.19150116904656098,161,20.0
16869,23,4,825.4200000000001,4,4,3,443,Loyal,206.355,206.355,Silver,0,0,0,152,0.5882352941176471,1.0,0.25555555555555554,0.2884707333822866,174,146.25
16871,22,6,2812.34,4,5,5,455,Champions,468.72333333333336,468.72333333333336,Gold,1,0,0,248,0.4838709677419355,1.0,0.24444444444444444,0.2949800559990456,270,208.83333333333334
16872,77,3,680.02,2,4,3,243,Needs Attention,226.6733333333333,226.6733333333333,Bronze,0,0,0,107,0.5607476635514018,1.0,0.8555555555555555,0.24351225709745164,183,200.0
16873,5,6,7123.62,5,5,5,555,Champions,1187.27,1187.27,Gold,1,0,0,359,0.4166666666666667,1.0,0.05555555555555555,0.314770862712685,363,640.0
16875,67,5,2095.53,3,4,5,345,Loyal,419.1060000000001,419.1060000000001,Silver,0,0,0,272,0.33088235294117646,1.0,0.7444444444444445,0.25642513123138344,339,213.8
16877,12,6,853.72,5,5,3,553,Loyal,142.28666666666666,142.28666666666666,Silver,0,0,0,195,0.7653061224489796,1.0,0.13333333333333333,0.3002054750377149,207,77.16666666666667
16878,84,1,13.3,2,2,1,221,Dormant,13.3,13.3,Bronze,0,0,1,0,0.0,0.0,0.9333333333333333,0.23407471358452966,83,12.0
16880,31,7,1519.08,4,5,4,454,Champions,217.01142857142852,217.01142857142852,Silver,1,0,0,158,0.9433962264150944,1.0,0.34444444444444444,0.28735005545014286,188,107.57142857142857
16881,67,1,432.0,3,2,2,322,Dormant,432.0,432.0,Bronze,0,0,1,0,0.0,0.0,0.7444444444444445,0.2483087802966516,66,600.0
16882,67,3,705.12,3,4,3,343,Loyal,235.04,235.04,Bronze,0,0,0,250,0.23904382470119523,1.0,0.7444444444444445,0.25156947825086484,316,141.33333333333334
16883,187,2,276.73,1,3,2,132,Needs Attention,138.365,138.365,Bronze,0,0,0,184,0.16304347826086957,1.0,1.0,0.15326585130530831,371,52.0
16884,38,2,429.84,3,3,2,332,Dormant,214.92,214.92,Bronze,0,0,1,0,0.0,1.0,0.4222222222222222,0.2730031356352472,37,160.0
16885,15,3,471.51,4,4,2,442,Potential,157.17,157.17,Bronze,0,0,0,341,0.17543859649122806,1.0,0.16666666666666666,0.29294722499813436,356,61.333333333333336
16887,35,1,194.88,3,2,1,321,Dormant,194.88,194.88,Bronze,0,0,1,0,0.0,0.0,0.3888888888888889,0.27363873569627084,34,157.0
16889,195,3,1578.67,1,4,4,144,At Risk,526.2233333333334,526.2233333333334,Bronze,0,1,0,142,0.4225352112676056,1.0,1.0,0.15014269249794196,336,308.3333333333333
16891,2,5,809.7,5,4,3,543,Loyal,161.94,161.94,Silver,0,0,0,369,0.32432432432432434,1.0,0.022222222222222223,0.30672861923558625,371,56.6
16892,1,5,525.54,5,4,3,543,Loyal,105.108,105.108,Silver,0,0,0,182,0.4945054945054945,1.0,0.011111111111111112,0.30712511388322367,183,47.8
16893,367,1,145.93,1,2,1,121,Dormant,145.93,145.93,Bronze,0,0,1,0,0.0,0.0,1.0,0.007258698111648526,366,62.0
16895,65,1,219.14,3,2,1,321,Dormant,219.14,219.14,Bronze,0,0,1,0,0.0,0.0,0.7222222222222222,0.2496091962346516,64,102.0
16897,299,2,289.78,1,3,2,132,Needs Attention,144.89,144.89,Bronze,0,0,0,14,2.142857142857143,1.0,1.0,0.06344490826287531,313,36.5
16898,26,3,508.81,4,4,3,443,Loyal,169.60333333333332,169.60333333333332,Bronze,0,0,0,342,0.17543859649122806,1.0,0.28888888888888886,0.28417694212261463,368,139.66666666666666
16899,8,6,1281.56,5,5,4,554,Champions,213.59333333333333,213.59333333333333,Silver,1,0,0,352,0.42492917847025496,1.0,0.08888888888888889,0.3040247818058675,359,87.0
16900,17,3,887.11,4,4,3,443,Loyal,295.7033333333333,295.7033333333333,Bronze,0,0,0,46,1.2765957446808511,1.0,0.18888888888888888,0.29193622468368163,62,277.6666666666667
16902,116,1,1706.88,2,2,4,224,Needs Attention,1706.88,1706.88,Bronze,0,0,0,0,0.0,0.0,1.0,0.21082388553556478,115,629.0
16903,29,1,373.24,4,2,2,422,Potential,373.24,373.24,Bronze,0,0,0,0,0.0,0.0,0.32222222222222224,0.2787061825805121,28,262.0
16904,4,16,3754.27,5,5,5,555,Champions,234.641875,234.641875,Gold,1,0,0,362,1.15702479338843,1.0,0.044444444444444446,0.32511725058838803,366,127.125
16905,5,7,3102.43,5,5,5,555,Champions,443.2042857142857,443.2042857142857,Gold,1,0,0,366,0.4098360655737705,1.0,0.05555555555555555,0.31046593592376776,371,201.14285714285714
16906,82,4,579.77,2,4,3,243,Needs Attention,144.9425,144.9425,Silver,0,0,0,166,0.5389221556886228,1.0,0.9111111111111111,0.24079385962068522,248,70.25
16907,29,5,981.65,4,4,4,444,Champions,196.33,196.33,Silver,1,0,0,336,0.35714285714285715,1.0,0.32222222222222224,0.2853163274744173,364,59.6
16909,72,1,379.14,2,2,2,222,Needs Attention,379.14,379.14,Bronze,0,0,0,0,0.0,0.0,0.8,0.24422262634525232,71,436.0
16910,4,8,1510.06,5,5,4,554,Champions,188.7575,188.7575,Silver,1,0,0,86,2.413793103448276,1.0,0.044444444444444446,0.31043033991927044,90,110.75
16912,29,11,2575.38,4,5,5,455,Champions,234.12545454545452,234.12545454545452,Gold,1,0,0,294,0.5084745762711864,1.0,0.32222222222222224,0.29620385083496736,322,93.54545454545455
16913,290,1,113.44,1,2,1,121,Dormant,113.44,113.44,Bronze,0,0,1,0,0.0,0.0,1.0,0.06897702383414625,289,82.0
16914,36,1,208.46,3,2,1,321,Dormant,208.46,208.46,Bronze,0,0,1,0,0.0,0.0,0.4,0.2728559823950899,35,121.0
16915,9,6,621.6800000000001,5,5,3,553,Loyal,103.61333333333334,103.61333333333334,Silver,0,0,0,274,0.5474452554744526,1.0,0.1,0.30228065015885375,283,22.0
16916,24,2,576.26,4,3,3,433,Loyal,288.13,288.13,Bronze,0,0,0,348,0.08595988538681948,1.0,0.26666666666666666,0.28444209979569185,371,220.0
16917,277,1,391.52,1,2,2,122,Needs Attention,391.52,391.52,Bronze,0,0,0,0,0.0,0.0,1.0,0.07980179638241298,276,232.0
16918,50,6,1068.82,3,5,4,354,Loyal,178.13666666666666,178.13666666666666,Silver,0,0,0,267,0.44776119402985076,1.0,0.5555555555555556,0.27003125139933815,316,120.16666666666667
16919,156,11,2596.45,2,5,5,255,At Risk,236.04090909090908,236.04090909090908,Bronze,0,1,0,212,1.4150943396226416,1.0,1.0,0.19436227095009023,367,128.45454545454547
16921,61,1,169.79,3,2,1,321,Dormant,169.79,169.79,Bronze,0,0,1,0,0.0,0.0,0.6777777777777778,0.25274730421913777,60,171.0
16923,12,19,7247.61,5,5,5,555,Champions,381.4531578947368,381.4531578947368,Platinum,1,0,0,350,1.3714285714285714,1.0,0.13333333333333333,0.3279931748705722,362,179.8421052631579
16924,21,3,846.75,4,4,3,443,Loyal,282.25,282.25,Bronze,0,0,0,62,0.9523809523809523,1.0,0.23333333333333334,0.2886700537832024,83,164.33333333333334
16926,371,1,230.25,1,2,1,121,Dormant,230.25,230.25,Bronze,0,0,1,0,0.0,0.0,1.0,0.004170510539293386,370,35.0
16927,116,3,543.05,2,4,3,243,Needs Attention,181.01666666666665,181.01666666666665,Bronze,0,0,0,245,0.24390243902439024,1.0,1.0,0.21203330707537413,361,331.0
16928,80,17,2847.6,2,5,5,255,At Risk,167.50588235294117,167.50588235294117,Silver,0,1,0,292,1.6382252559726962,1.0,0.8888888888888888,0.26429579990537705,372,124.3529411764706
16929,4,7,1295.39,5,5,4,554,Champions,185.0557142857143,185.0557142857143,Silver,1,0,0,151,1.1842105263157896,1.0,0.044444444444444446,0.3086884872706866,155,132.71428571428572
16930,26,3,380.55,4,4,2,442,Potential,126.85,126.85,Bronze,0,0,0,42,0.7142857142857143,1.0,0.28888888888888886,0.2839938482690279,67,113.66666666666667
16931,5,21,4604.22,5,5,5,555,Champions,219.24857142857144,219.24857142857144,Gold,1,0,0,364,1.565934065934066,1.0,0.05555555555555555,0.33270546658483546,369,150.38095238095238
16932,53,1,161.94,3,2,1,321,Dormant,161.94,161.94,Bronze,0,0,1,0,0.0,0.0,0.5888888888888889,0.2591532104781332,52,87.0
16933,1,2,563.23,5,3,3,533,Loyal,281.615,281.615,Bronze,0,0,0,237,0.12605042016806722,1.0,0.011111111111111112,0.3028726970569957,238,144.0
16934,55,2,950.93,3,3,4,334,Loyal,475.465,475.465,Bronze,0,0,0,0,0.0,1.0,0.6111111111111112,0.26011063895791603,54,199.5
16936,26,1,262.68,4,2,2,422,Potential,262.68,262.68,Bronze,0,0,0,0,0.0,0.0,0.28888888888888886,0.28095477296232235,25,173.0
16938,9,4,2736.38,5,4,5,545,Champions,684.095,684.095,Silver,1,0,0,300,0.3,1.0,0.1,0.30242861558739004,308,635.0
16940,52,3,3049.88,3,4,5,345,Loyal,1016.6266666666668,1016.6266666666668,Bronze,0,0,0,237,0.25316455696202533,1.0,0.5777777777777777,0.26694875813745206,289,723.0
16942,13,9,1920.59,5,5,4,554,Champions,213.39888888888888,213.39888888888888,Silver,1,0,0,215,0.9767441860465116,1.0,0.14444444444444443,0.3052325355094799,227,90.11111111111111
16943,212,3,816.73,1,4,3,143,Needs Attention,272.24333333333334,272.24333333333334,Bronze,0,0,0,106,0.5607476635514018,1.0,1.0,0.13541864345067955,317,48.333333333333336
16945,22,19,4345.5,4,5,5,455,Champions,228.71052631578948,228.71052631578948,Gold,1,0,0,336,1.0682492581602374,1.0,0.24444444444444444,0.3158289612977955,357,143.42105263157896
16947,236,1,406.48,1,2,2,122,Needs Attention,406.48,406.48,Bronze,0,0,0,0,0.0,0.0,1.0,0.1127108526325135,235,312.0
16948,139,3,435.02,2,4,2,242,Needs Attention,145.00666666666666,145.00666666666666,Bronze,0,0,0,187,0.32085561497326204,1.0,1.0,0.19342989411225212,325,538.0
16949,4,6,1286.27,5,5,4,554,Champions,214.37833333333333,214.37833333333333,Silver,1,0,0,312,0.4792332268370607,1.0,0.044444444444444446,0.307240061579882,316,131.83333333333334
16950,57,3,1178.56,3,4,4,344,Loyal,392.8533333333333,392.8533333333333,Bronze,0,0,0,310,0.19292604501607716,1.0,0.6333333333333333,0.26026671420481673,366,214.66666666666666
16951,135,3,1277.75,2,4,4,244,At Risk,425.9166666666667,425.9166666666667,Bronze,0,1,0,169,0.35294117647058826,1.0,1.0,0.1978414651008522,303,439.3333333333333
16952,109,2,167.61,2,3,1,231,Dormant,83.805,83.805,Bronze,0,0,1,0,0.0,1.0,1.0,0.21567692512495887,108,46.0
16953,30,1,20.8,4,2,1,421,Potential,20.8,20.8,Bronze,0,0,0,0,0.0,0.0,0.3333333333333333,0.27740092801401217,29,10.0
16954,1,9,2085.08,5,5,5,555,Champions,231.67555555555555,231.67555555555555,Gold,1,0,0,358,0.584958217270195,1.0,0.011111111111111112,0.31509301690095504,359,117.11111111111111
16955,185,4,518.67,1,4,3,143,Needs Attention,129.6675,129.6675,Bronze,0,0,0,188,0.47619047619047616,1.0,1.0,0.15808631722714614,372,66.5
16956,18,1,308.74,4,2,2,422,Potential,308.74,308.74,Bronze,0,0,0,0,0.0,0.0,0.2,0.28743763688268426,17,114.0
16957,239,2,416.64,1,3,2,132,Needs Attention,208.32,208.32,Bronze,0,0,0,42,0.7142857142857143,1.0,1.0,0.11175434583294082,281,86.0
16959,87,1,117.35,2,2,1,221,Dormant,117.35,117.35,Bronze,0,0,1,0,0.0,0.0,0.9666666666666667,0.23181683004049541,86,49.0
16960,39,3,507.05,3,4,3,343,Loyal,169.01666666666668,169.01666666666668,Bronze,0,0,0,213,0.2803738317757009,1.0,0.43333333333333335,0.2737466221988847,252,101.33333333333333
16961,116,1,234.17,2,2,1,221,Dormant,234.17,234.17,Bronze,0,0,1,0,0.0,0.0,1.0,0.20872156096737743,115,125.0
16963,187,1,110.55,1,2,1,121,Dormant,110.55,110.55,Bronze,0,0,1,0,0.0,0.0,1.0,0.15159321915384302,186,35.0
16965,227,1,201.19,1,2,1,121,Dormant,201.19,201.19,Bronze,0,0,1,0,0.0,0.0,1.0,0.11963704816711329,226,291.0
16966,8,7,2154.97,5,5,5,555,Champions,307.8528571428571,307.8528571428571,Gold,1,0,0,231,0.7758620689655172,1.0,0.08888888888888889,0.30670699969000187,239,283.0
16967,189,1,319.02,1,2,2,122,Needs Attention,319.02,319.02,Bronze,0,0,0,0,0.0,0.0,1.0,0.1502865363983064,188,333.0
16968,4,2,439.43,5,3,2,532,Potential,219.715,219.715,Bronze,0,0,0,103,0.2912621359223301,1.0,0.044444444444444446,0.3002895528351216,107,163.0
16969,39,3,650.41,3,4,3,343,Loyal,216.8033333333333,216.8033333333333,Bronze,0,0,0,152,0.39473684210526316,1.0,0.43333333333333335,0.27395127162076366,191,272.0
16971,38,1,357.21,3,2,2,322,Dormant,357.21,357.21,Bronze,0,0,1,0,0.0,0.0,0.4222222222222222,0.2714640480807181,37,72.0
16976,267,1,251.52,1,2,2,122,Needs Attention,251.52,251.52,Bronze,0,0,0,0,0.0,0.0,1.0,0.08762333380569087,266,88.0
16978,78,1,344.33,2,2,2,222,Needs Attention,344.33,344.33,Bronze,0,0,0,0,0.0,0.0,0.8666666666666667,0.23936010011189496,77,166.0
16979,4,6,1852.0,5,5,4,554,Champions,308.6666666666667,308.6666666666667,Silver,1,0,0,294,0.5102040816326531,1.0,0.044444444444444446,0.308047653079879,297,144.16666666666666
16980,255,2,1078.96,1,3,4,134,Needs Attention,539.48,539.48,Bronze,0,0,0,36,0.8333333333333334,1.0,1.0,0.09986559699502362,290,394.0
16982,61,1,384.06,3,2,2,322,Dormant,384.06,384.06,Bronze,0,0,1,0,0.0,0.0,0.6777777777777778,0.2530531791607254,60,182.0
16983,13,7,1931.25,5,5,4,554,Champions,275.8928571428572,275.8928571428572,Silver,1,0,0,356,0.5042016806722689,1.0,0.14444444444444443,0.30237693948705235,369,197.0
16984,88,2,4481.35,2,3,5,235,Needs Attention,2240.675,2240.675,Bronze,0,0,0,41,0.7142857142857143,1.0,0.9777777777777777,0.2386797996901851,129,1211.5
16985,17,10,5464.12,4,5,5,455,Champions,546.412,546.412,Gold,1,0,0,341,0.5278592375366569,1.0,0.18888888888888888,0.30851784982722025,358,183.2
16986,30,2,1873.2,4,3,4,434,Loyal,936.6,936.6,Bronze,0,0,0,0,30.0,1.0,0.3333333333333333,0.2814806747592325,29,520.0
16987,3,7,1625.05,5,5,4,554,Champions,232.15,232.15,Silver,1,0,0,202,0.7425742574257426,1.0,0.03333333333333333,0.30996122290700795,204,57.42857142857143
16988,5,1,126.12,5,2,1,521,Potential,126.12,126.12,Bronze,0,0,0,0,0.0,0.0,0.05555555555555555,0.29760475046987656,4,43.0
16989,7,6,1133.25,5,5,4,554,Champions,188.875,188.875,Silver,1,0,0,143,1.048951048951049,1.0,0.07777777777777778,0.30461520519208085,150,205.5
16990,219,1,179.0,1,2,1,121,Dormant,179.0,179.0,Bronze,0,0,1,0,0.0,0.0,1.0,0.1260224837738365,218,100.0
16992,11,5,1614.31,5,4,4,544,Champions,322.862,322.862,Silver,1,0,0,274,0.43795620437956206,1.0,0.12222222222222222,0.3006579656340256,284,172.0
16996,30,6,1456.96,4,5,4,454,Champions,242.82666666666668,242.82666666666668,Silver,1,0,0,323,0.3715170278637771,1.0,0.3333333333333333,0.2866281101795867,352,90.66666666666667
16997,288,3,702.0,1,4,3,143,Needs Attention,234.0,234.0,Bronze,0,0,0,37,1.6216216216216217,1.0,1.0,0.07429229711237131,325,120.0
16998,150,4,295.0,2,4,2,242,Needs Attention,73.75,73.75,Bronze,0,0,0,154,0.3870967741935484,1.0,1.0,0.18584188989757675,303,19.0
16999,23,2,484.82,4,3,2,432,Potential,242.41,242.41,Bronze,0,0,0,50,0.5882352941176471,1.0,0.25555555555555554,0.28511370630566546,73,147.0
17001,1,11,3989.57,5,5,5,555,Champions,362.6881818181818,362.6881818181818,Gold,1,0,0,358,0.8379888268156426,1.0,0.011111111111111112,0.32068252991774265,358,196.72727272727272
17002,86,3,1493.73,2,4,4,244,At Risk,497.91,497.91,Bronze,0,1,0,205,0.2926829268292683,1.0,0.9555555555555556,0.2374545939377094,290,226.33333333333334
17004,46,2,1412.94,3,3,4,334,Loyal,706.47,706.47,Bronze,0,0,0,46,0.6521739130434783,1.0,0.5111111111111111,0.2679894193085023,92,409.5
17006,5,4,781.78,5,4,3,543,Loyal,195.445,195.445,Silver,0,0,0,70,1.2676056338028168,1.0,0.05555555555555555,0.3028469390361978,75,68.0
17007,51,6,889.9300000000001,3,5,3,353,Loyal,148.3216666666667,148.3216666666667,Silver,0,0,0,306,0.39087947882736157,1.0,0.5666666666666667,0.2689737431160908,356,99.5
17010,18,1,195.36,4,2,1,421,Potential,195.36,195.36,Bronze,0,0,0,0,0.0,0.0,0.2,0.2872757845427524,17,118.0
17011,30,1,270.9,4,2,2,422,Potential,270.9,270.9,Bronze,0,0,0,0,0.0,0.0,0.3333333333333333,0.27775795103585876,29,186.0
17014,8,3,586.33,5,4,3,543,Loyal,195.44333333333336,195.44333333333336,Bronze,0,0,0,58,1.0344827586206897,1.0,0.08888888888888889,0.29872610623045204,66,81.66666666666667
17015,29,3,1842.56,4,4,4,444,Champions,614.1866666666666,614.1866666666666,Bronze,1,0,0,156,0.3821656050955414,1.0,0.32222222222222224,0.283674481249371,184,660.3333333333334
17017,3,20,8694.26,5,5,5,555,Champions,434.713,434.713,Platinum,1,0,0,369,1.2162162162162162,1.0,0.03333333333333333,0.33871295627490494,372,333.65
17018,41,2,920.1,3,3,3,333,Loyal,460.05,460.05,Bronze,0,0,0,285,0.10526315789473684,1.0,0.45555555555555555,0.271296575007116,325,88.0
17019,11,4,1272.61,5,4,4,544,Champions,318.1525,318.1525,Silver,1,0,0,357,0.25210084033613445,1.0,0.12222222222222222,0.29873477498278217,367,206.75
17022,31,1,71.0,4,2,1,421,Potential,71.0,71.0,Bronze,0,0,0,0,0.0,0.0,0.34444444444444444,0.27667045053474254,30,108.0
17024,45,3,95.85,3,4,1,341,Dormant,31.95,31.95,Bronze,0,0,1,112,0.5357142857142857,1.0,0.5,0.26834679130661954,157,23.0
17025,61,3,357.77,3,4,2,342,Dormant,119.25666666666666,119.25666666666666,Bronze,0,0,1,312,0.09584664536741214,1.0,0.6777777777777778,0.2558864630286889,372,78.33333333333333
17026,185,2,154.83,1,3,1,131,Dormant,77.415,77.415,Bronze,0,0,1,184,0.16304347826086957,1.0,1.0,0.15469611456065005,369,48.5
17027,79,6,890.29,2,5,3,253,Needs Attention,148.38166666666666,148.38166666666666,Silver,0,0,0,238,0.502092050209205,1.0,0.8777777777777778,0.2465143639755509,316,70.16666666666667
17029,111,2,716.0,2,3,3,233,Needs Attention,358.0,358.0,Bronze,0,0,0,126,0.23809523809523808,1.0,1.0,0.21485548533458051,236,200.0
17030,64,1,146.87,3,2,1,321,Dormant,146.87,146.87,Bronze,0,0,1,0,0.0,0.0,0.7111111111111111,0.2503081683237087,63,146.0
17031,12,2,380.35,5,3,2,532,Potential,190.175,190.175,Bronze,0,0,0,143,0.2097902097902098,1.0,0.13333333333333333,0.29378810259031174,154,117.5
17033,86,3,1030.14,2,4,4,244,At Risk,343.38000000000005,343.38000000000005,Bronze,0,1,0,273,0.21978021978021978,1.0,0.9555555555555556,0.23679280944071682,358,250.0
17034,16,3,745.52,4,4,3,443,Loyal,248.50666666666663,248.50666666666663,Bronze,0,0,0,271,0.22140221402214022,1.0,0.17777777777777778,0.2925362410115456,287,136.66666666666666
17035,246,2,433.53,1,3,2,132,Needs Attention,216.765,216.765,Bronze,0,0,0,65,0.45454545454545453,1.0,1.0,0.10616348340193227,311,114.5
17037,88,1,1267.32,2,2,4,224,Needs Attention,1267.32,1267.32,Bronze,0,0,0,0,0.0,0.0,0.9777777777777777,0.23265629741822777,87,656.0
17038,30,1,112.4,4,2,1,421,Potential,112.4,112.4,Bronze,0,0,0,0,0.0,0.0,0.3333333333333333,0.2775316889448444,29,28.0
17040,138,1,449.73,2,2,2,222,Needs Attention,449.73,449.73,Bronze,0,0,0,0,0.0,0.0,1.0,0.19138221858762752,137,181.0
17041,27,3,1081.57,4,4,4,444,Champions,360.5233333333333,360.5233333333333,Bronze,1,0,0,333,0.17964071856287425,1.0,0.3,0.2841924300583636,360,317.0
17042,3,5,1044.38,5,4,4,544,Champions,208.87600000000003,208.87600000000003,Silver,1,0,0,244,0.4897959183673469,1.0,0.03333333333333333,0.3062614908449621,246,198.8
17043,32,4,1735.18,4,4,4,444,Champions,433.795,433.795,Silver,1,0,0,234,0.38461538461538464,1.0,0.35555555555555557,0.282550183622178,265,249.5
17044,25,1,948.48,4,2,4,424,Potential,948.48,948.48,Bronze,0,0,0,0,0.0,0.0,0.2777777777777778,0.2827359059557026,24,504.0
17045,113,3,339.44,2,4,2,242,Needs Attention,113.14666666666666,113.14666666666666,Bronze,0,0,0,134,0.44776119402985076,1.0,1.0,0.21414906662078764,247,35.333333333333336
17046,157,1,642.02,2,2,3,223,Needs Attention,642.02,642.02,Bronze,0,0,0,0,0.0,0.0,1.0,0.1764160749046697,156,510.0
17047,85,3,1100.9,2,4,4,244,At Risk,366.9666666666667,366.9666666666667,Bronze,0,1,0,119,0.25,1.0,0.9444444444444444,0.23769595986969683,204,177.66666666666666
17048,118,3,925.35,2,4,3,243,Needs Attention,308.45,308.45,Bronze,0,0,0,213,0.2803738317757009,1.0,1.0,0.21097477030899223,330,161.66666666666666
17049,3,9,5659.9800000000005,5,5,5,555,Champions,628.8866666666668,628.8866666666668,Gold,1,0,0,273,0.7692307692307693,1.0,0.03333333333333333,0.31859198393124377,275,297.3333333333333
17050,96,6,3228.84,2,5,5,255,At Risk,538.14,538.14,Bronze,0,1,0,203,0.7389162561576355,1.0,1.0,0.23621632975837675,299,269.0
17051,194,1,247.14,1,2,1,121,Dormant,247.14,247.14,Bronze,0,0,1,0,0.0,0.0,1.0,0.14617323099598536,193,184.0
17052,28,1,413.75,4,2,2,422,Potential,413.75,413.75,Bronze,0,0,0,0,0.0,0.0,0.3111111111111111,0.27956615049685374,27,261.0
17053,131,1,498.48,2,2,3,223,Needs Attention,498.48,498.48,Bronze,0,0,0,0,0.0,0.0,1.0,0.1970667835022586,130,122.0
17054,28,5,1356.33,4,4,4,444,Champions,271.266,271.266,Silver,1,0,0,216,0.5529953917050692,1.0,0.3111111111111111,0.2866533301097132,244,160.8
17058,82,3,1179.89,2,4,4,244,At Risk,393.2966666666667,393.2966666666667,Bronze,0,1,0,158,0.379746835443038,1.0,0.9111111111111111,0.24021513687202292,239,197.33333333333334
17059,30,5,3095.04,4,4,5,445,Champions,619.008,619.008,Silver,1,0,0,339,0.35294117647058826,1.0,0.3333333333333333,0.2875310972100362,369,371.0
17060,266,1,234.24,1,2,1,121,Dormant,234.24,234.24,Bronze,0,0,1,0,0.0,0.0,1.0,0.0884008052788797,265,216.0
17061,74,11,5232.2300000000005,2,5,5,255,At Risk,475.6572727272728,475.6572727272728,Silver,0,1,0,158,1.509433962264151,1.0,0.8222222222222222,0.26390030352909616,231,138.72727272727272
17062,314,4,538.37,1,4,3,143,Needs Attention,134.5925,134.5925,Bronze,0,0,0,55,1.607142857142857,1.0,1.0,0.05463850356352451,369,107.5
17063,21,7,1461.14,4,5,4,454,Champions,208.73428571428573,208.73428571428573,Silver,1,0,0,268,0.3358208955223881,1.0,0.23333333333333334,0.29528873525315974,288,110.0
17064,59,3,859.35,3,4,3,343,Loyal,286.45,286.45,Bronze,0,0,0,268,0.22304832713754646,1.0,0.6555555555555556,0.25820675712633734,326,106.0
17068,12,21,4552.14,5,5,5,555,Champions,216.76857142857145,216.76857142857145,Gold,1,0,0,355,1.6853932584269662,1.0,0.13333333333333333,0.3270161480250114,367,103.04761904761905
17069,28,9,2709.7000000000003,4,5,5,455,Champions,301.0777777777778,301.0777777777778,Gold,1,0,0,345,0.6086956521739131,1.0,0.3111111111111111,0.29432692110659653,372,167.33333333333334
17070,114,1,312.14,2,2,2,222,Needs Attention,312.14,312.14,Bronze,0,0,0,0,0.0,0.0,1.0,0.21043714286076984,113,133.0
17071,28,9,2429.03,4,5,5,455,Champions,269.89222222222224,269.89222222222224,Gold,1,0,0,281,0.7473309608540925,1.0,0.3111111111111111,0.29392625876536627,309,133.0
17073,18,4,1446.09,4,4,4,444,Champions,361.5225,361.5225,Silver,1,0,0,91,0.9782608695652174,1.0,0.2,0.2933674480775272,108,189.75
17075,18,4,834.12,4,4,3,443,Loyal,208.53,208.53,Silver,0,0,0,299,0.3,1.0,0.2,0.2924938480028393,316,73.0
17076,36,3,841.0799999999999,3,4,3,343,Loyal,280.36,280.36,Bronze,0,0,0,328,0.18292682926829268,1.0,0.4,0.2766298741771874,364,98.33333333333333
17078,36,2,378.2,3,3,2,332,Dormant,189.1,189.1,Bronze,0,0,1,0,0.0,1.0,0.4,0.27453369652159626,35,394.0
17079,78,1,118.8,2,2,1,221,Dormant,118.8,118.8,Bronze,0,0,1,0,0.0,0.0,0.8666666666666667,0.2390381512829583,77,24.0
17080,22,2,287.62,4,3,2,432,Potential,143.81,143.81,Bronze,0,0,0,247,0.1214574898785425,1.0,0.24444444444444444,0.2856343381863287,269,83.0
17081,25,2,290.16,4,3,2,432,Potential,145.08,145.08,Bronze,0,0,0,20,1.4285714285714286,1.0,0.2777777777777778,0.28323154697756975,45,39.0
17082,33,2,2003.85,3,3,4,334,Loyal,1001.925,1001.925,Bronze,0,0,0,285,0.10526315789473684,1.0,0.36666666666666664,0.2792607632758984,317,524.5
17083,109,3,1405.78,2,4,4,244,At Risk,468.5933333333333,468.5933333333333,Bronze,0,1,0,194,0.30927835051546393,1.0,1.0,0.21887984559785278,303,257.3333333333333
17084,35,2,2949.75,3,3,5,335,Loyal,1474.875,1474.875,Bronze,0,0,0,0,0.0,1.0,0.3888888888888889,0.2790067773896154,34,908.0
17085,123,5,1566.65,2,4,4,244,At Risk,313.33000000000004,313.33000000000004,Bronze,0,1,0,239,0.502092050209205,1.0,1.0,0.21075035778688925,362,157.2
17086,7,6,2050.08,5,5,4,554,Champions,341.68,341.68,Gold,1,0,0,56,2.678571428571429,1.0,0.07777777777777778,0.30592399934289893,63,309.8333333333333
17088,28,4,1991.01,4,4,4,444,Champions,497.7525,497.7525,Silver,1,0,0,225,0.4,1.0,0.3111111111111111,0.2861239424895396,253,217.0
17090,4,7,2043.95,5,5,4,554,Champions,291.99285714285713,291.99285714285713,Gold,1,0,0,349,0.5142857142857142,1.0,0.044444444444444446,0.3097570724495489,353,131.57142857142858
17091,3,9,3827.76,5,5,5,555,Champions,425.3066666666667,425.3066666666667,Gold,1,0,0,365,0.4931506849315068,1.0,0.03333333333333333,0.31597645125996143,367,194.0
17092,50,4,1777.78,3,4,4,344,Loyal,444.445,444.445,Silver,0,0,0,227,0.3964757709251101,1.0,0.5555555555555556,0.2681724933463447,276,282.75
17094,322,1,302.0,1,2,2,122,Needs Attention,302.0,302.0,Bronze,0,0,0,0,0.0,0.0,1.0,0.043577748010932976,321,152.0
17095,23,3,1324.16,4,4,4,444,Champions,441.3866666666667,441.3866666666667,Bronze,1,0,0,312,0.19230769230769232,1.0,0.25555555555555554,0.28774728854663983,334,206.0
17096,15,4,1022.13,4,4,4,444,Champions,255.5325,255.5325,Silver,1,0,0,246,0.36585365853658536,1.0,0.16666666666666666,0.29516865335319303,261,84.75
17097,2,8,954.42,5,5,4,554,Champions,119.3025,119.3025,Silver,1,0,0,363,0.49586776859504134,1.0,0.022222222222222223,0.3112414301818264,364,57.375
17100,18,2,971.74,4,3,4,434,Loyal,485.87,485.87,Bronze,0,0,0,0,0.0,1.0,0.2,0.28981949005659585,17,400.0
17101,10,4,1621.73,5,4,4,544,Champions,405.4325,405.4325,Silver,1,0,0,167,0.5357142857142857,1.0,0.1111111111111111,0.30003529017930003,177,203.75
17102,262,1,25.5,1,2,1,121,Dormant,25.5,25.5,Bronze,0,0,1,0,0.0,0.0,1.0,0.0913113806785913,261,2.0
17105,159,2,665.78,2,3,3,233,Needs Attention,332.89,332.89,Bronze,0,0,0,147,0.20408163265306123,1.0,1.0,0.17628112142920402,305,346.5
17107,33,6,10815.43,3,5,5,355,Loyal,1802.5716666666667,1802.5716666666667,Gold,0,0,0,244,0.4897959183673469,1.0,0.36666666666666664,0.2975811062590524,277,806.1666666666666
17109,29,6,885.04,4,5,3,453,Loyal,147.50666666666666,147.50666666666666,Silver,0,0,0,203,0.44334975369458124,1.0,0.32222222222222224,0.2866138213615441,231,98.16666666666667
17110,165,1,163.29999999999998,2,2,1,221,Dormant,163.29999999999998,163.29999999999998,Bronze,0,0,1,0,0.0,0.0,1.0,0.1693155797142873,164,50.0
17111,47,1,248.61,3,2,1,321,Dormant,248.61,248.61,Bronze,0,0,1,0,0.0,0.0,0.5222222222222223,0.26408976795464517,46,302.0
17114,6,8,808.62,5,5,3,553,Loyal,101.0775,101.0775,Silver,0,0,0,329,0.6382978723404256,1.0,0.06666666666666667,0.30782474145878214,334,27.375
17115,8,3,837.5,5,4,3,543,Loyal,279.1666666666667,279.1666666666667,Bronze,0,0,0,224,0.26666666666666666,1.0,0.08888888888888889,0.29908465669985307,232,124.0
17117,288,1,116.2,1,2,1,121,Dormant,116.2,116.2,Bronze,0,0,1,0,0.0,0.0,1.0,0.07058524186719047,287,68.0
17118,318,1,157.02,1,2,1,121,Dormant,157.02,157.02,Bronze,0,0,1,0,0.0,0.0,1.0,0.046579342154638756,317,154.0
17119,3,2,606.91,5,3,3,533,Loyal,303.455,303.455,Bronze,0,0,0,56,0.5357142857142857,1.0,0.03333333333333333,0.30133077310285805,59,167.0
17120,233,1,307.46,1,2,2,122,Needs Attention,307.46,307.46,Bronze,0,0,0,0,0.0,0.0,1.0,0.11497591660757485,232,120.0
17122,119,1,138.32,2,2,1,221,Dormant,138.32,138.32,Bronze,0,0,1,0,0.0,0.0,1.0,0.20617831595966016,118,80.0
17123,162,1,345.3,2,2,2,222,Needs Attention,345.3,345.3,Bronze,0,0,0,0,0.0,0.0,1.0,0.17198180566295654,161,246.0
17124,185,1,298.89,1,2,2,122,Needs Attention,298.89,298.89,Bronze,0,0,0,0,0.0,0.0,1.0,0.15346635654871968,184,130.0
17125,50,1,259.35,3,2,2,322,Dormant,259.35,259.35,Bronze,0,0,1,0,0.0,0.0,0.5555555555555556,0.26169868241873373,49,291.0
17126,152,5,1004.75,2,4,4,244,At Risk,200.95,200.95,Bronze,0,1,0,210,0.2857142857142857,1.0,1.0,0.1866862016070631,362,158.4
17128,335,1,157.09,1,2,1,121,Dormant,157.09,157.09,Bronze,0,0,1,0,0.0,0.0,1.0,0.032943078444750626,334,76.0
17131,5,5,2463.17,5,4,5,545,Champions,492.634,492.634,Silver,1,0,0,70,1.2857142857142858,1.0,0.05555555555555555,0.30668256540170596,75,196.6
17133,16,7,4892.240000000001,4,5,5,455,Champions,698.8914285714287,698.8914285714287,Gold,1,0,0,250,0.597609561752988,1.0,0.17777777777777778,0.304197398014327,265,390.0
17134,107,2,425.0,2,3,2,232,Needs Attention,212.5,212.5,Bronze,0,0,0,157,0.189873417721519,1.0,1.0,0.2176486328503373,264,51.0
17135,16,7,1139.73,4,5,4,454,Champions,162.81857142857143,162.81857142857143,Silver,1,0,0,355,0.3380281690140845,1.0,0.17777777777777778,0.2988406108903387,371,174.85714285714286
17138,276,1,380.5,1,2,2,122,Needs Attention,380.5,380.5,Bronze,0,0,0,0,0.0,0.0,1.0,0.08058820413755607,275,126.0
17139,16,12,10668.47,4,5,5,455,Champions,889.0391666666666,889.0391666666666,Platinum,1,0,0,273,0.8791208791208791,1.0,0.17777777777777778,0.3196201215890404,288,431.8333333333333
17140,247,1,465.32,1,2,2,122,Needs Attention,465.32,465.32,Bronze,0,0,0,0,0.0,0.0,1.0,0.1039713185610345,246,302.0
17142,239,1,579.0,1,2,3,123,Needs Attention,579.0,579.0,Bronze,0,0,0,0,0.0,0.0,1.0,0.1105507114567553,238,81.0
17144,1,2,984.57,5,3,4,534,Loyal,492.285,492.285,Bronze,0,0,0,83,0.3614457831325301,1.0,0.011111111111111112,0.30347416878840244,84,241.5
17146,106,3,749.78,2,4,3,243,Needs Attention,249.92666666666665,249.92666666666665,Bronze,0,0,0,253,0.23715415019762845,1.0,1.0,0.220349808882358,358,70.66666666666667
17147,23,4,1714.59,4,4,4,444,Champions,428.6475,428.6475,Silver,1,0,0,289,0.31141868512110726,1.0,0.25555555555555554,0.28974004230006073,311,220.5
17148,52,1,124.88,3,2,1,321,Dormant,124.88,124.88,Bronze,0,0,1,0,0.0,0.0,0.5777777777777777,0.25990244558438036,51,82.0
17152,195,3,1689.5,1,4,4,144,At Risk,563.1666666666666,563.1666666666666,Bronze,0,1,0,68,0.43478260869565216,1.0,1.0,0.1503009046591225,262,172.33333333333334
17153,24,1,213.78,4,2,1,421,Potential,213.78,213.78,Bronze,0,0,0,0,0.0,0.0,0.26666666666666666,0.2824892452564277,23,104.0
17154,75,1,329.34,2,2,2,222,Needs Attention,329.34,329.34,Bronze,0,0,0,0,0.0,0.0,0.8333333333333334,0.24174511868322088,74,490.0
17155,18,2,251.7,4,3,2,432,Potential,125.85,125.85,Bronze,0,0,0,160,0.1875,1.0,0.2,0.28879161777890533,177,121.0
17157,8,2,319.0,5,3,2,532,Potential,159.5,159.5,Bronze,0,0,0,168,0.17751479289940827,1.0,0.08888888888888889,0.2969090803218505,175,86.0
17158,32,3,1266.97,4,4,4,444,Champions,422.3233333333333,422.3233333333333,Bronze,1,0,0,328,0.18292682926829268,1.0,0.35555555555555557,0.280446397279236,359,259.3333333333333
17159,22,3,1538.88,4,4,4,444,Champions,512.96,512.96,Bronze,1,0,0,150,0.4,1.0,0.24444444444444444,0.28885594491014616,171,370.3333333333333
17160,31,6,3518.03,4,5,5,455,Champions,586.3383333333334,586.3383333333334,Gold,1,0,0,210,0.7142857142857143,1.0,0.34444444444444444,0.28876819201235476,241,476.0
17162,29,10,1715.46,4,5,4,454,Champions,171.546,171.546,Silver,1,0,0,276,0.5415162454873647,1.0,0.32222222222222224,0.2935408902101881,305,100.1
17163,22,2,293.1,4,3,2,432,Potential,146.55,146.55,Bronze,0,0,0,56,0.5263157894736842,1.0,0.24444444444444444,0.2856421610018414,77,33.0
17164,33,7,2467.35,3,5,5,355,Loyal,352.4785714285714,352.4785714285714,Gold,0,0,0,240,0.4979253112033195,1.0,0.36666666666666664,0.2870994527888169,272,214.42857142857142
17165,284,1,158.68,1,2,1,121,Dormant,158.68,158.68,Bronze,0,0,1,0,0.0,0.0,1.0,0.07385443911235706,283,100.0
17166,39,2,206.34,3,3,1,331,Dormant,103.17,103.17,Bronze,0,0,1,165,0.18181818181818182,1.0,0.43333333333333335,0.2718819456366677,203,39.0
17169,58,2,835.78,3,3,3,333,Loyal,417.89,417.89,Bronze,0,0,0,125,0.23809523809523808,1.0,0.6444444444444445,0.25753984279337494,182,263.0
17171,289,1,224.91,1,2,1,121,Dormant,224.91,224.91,Bronze,0,0,1,0,0.0,0.0,1.0,0.06993828864625048,288,185.0
17172,79,1,317.76,2,2,2,222,Needs Attention,317.76,317.76,Bronze,0,0,0,0,0.0,0.0,0.8777777777777778,0.238520031839394,78,480.0
17173,5,8,3766.6,5,5,5,555,Champions,470.825,470.825,Gold,1,0,0,125,1.4285714285714286,1.0,0.05555555555555555,0.3128494592973417,130,140.25
17174,218,1,59.9,1,2,1,121,Dormant,59.9,59.9,Bronze,0,0,1,0,0.0,0.0,1.0,0.12665460505076617,217,41.0
17175,44,4,1443.69,3,4,4,344,Loyal,360.9225,360.9225,Silver,0,0,0,252,0.35714285714285715,1.0,0.4888888888888889,0.2725084070536757,295,216.5
17176,202,1,306.13,1,2,2,122,Needs Attention,306.13,306.13,Bronze,0,0,0,0,0.0,0.0,1.0,0.13984032816496764,201,170.0
17179,178,3,711.79,2,4,3,243,Needs Attention,237.2633333333333,237.2633333333333,Bronze,0,0,0,183,0.32786885245901637,1.0,1.0,0.1625415666613813,360,96.66666666666667
17180,56,4,796.03,3,4,3,343,Loyal,199.0075,199.0075,Silver,0,0,0,259,0.23076923076923078,1.0,0.6222222222222222,0.26195819030248196,315,170.75
17181,57,2,239.92,3,3,1,331,Dormant,119.96,119.96,Bronze,0,0,1,316,0.0949367088607595,1.0,0.6333333333333333,0.25749137912070214,373,120.5
17183,8,6,3347.31,5,5,5,555,Champions,557.885,557.885,Gold,1,0,0,97,1.530612244897959,1.0,0.08888888888888889,0.30697368347471815,104,216.0
17186,47,2,144.0,3,3,1,331,Dormant,72.0,72.0,Bronze,0,0,1,13,2.142857142857143,1.0,0.5222222222222223,0.2653758416731403,59,100.0
17187,227,1,203.95,1,2,1,121,Dormant,203.95,203.95,Bronze,0,0,1,0,0.0,0.0,1.0,0.11964098812529121,226,144.0
17188,11,7,2474.23,5,5,5,555,Champions,353.4614285714286,353.4614285714286,Gold,1,0,0,351,0.42735042735042733,1.0,0.12222222222222222,0.3047563329573695,361,189.71428571428572
17189,106,2,384.4,2,3,2,232,Needs Attention,192.2,192.2,Bronze,0,0,0,253,0.11857707509881422,1.0,1.0,0.21839281453196493,358,113.5
17190,59,2,444.74,3,3,2,332,Dormant,222.37,222.37,Bronze,0,0,1,148,0.20134228187919462,1.0,0.6555555555555556,0.25617948591322737,206,80.5
17191,28,7,2095.13,4,5,5,455,Champions,299.3042857142857,299.3042857142857,Gold,1,0,0,340,0.35294117647058826,1.0,0.3111111111111111,0.2905787960799741,367,166.71428571428572
17193,36,7,1699.3,3,5,4,354,Loyal,242.75714285714284,242.75714285714284,Silver,0,0,0,141,0.851063829787234,1.0,0.4,0.2835966281118263,176,179.14285714285714
17194,274,2,262.62,1,3,2,132,Needs Attention,131.31,131.31,Bronze,0,0,0,86,0.3448275862068966,1.0,1.0,0.08345961272619977,360,59.5
17197,30,1,1013.01,4,2,4,424,Potential,1013.01,1013.01,Bronze,0,0,0,0,0.0,0.0,0.3333333333333333,0.2788173287037618,29,191.0
17198,24,3,692.22,4,4,3,443,Loyal,230.74,230.74,Bronze,0,0,0,347,0.1724137931034483,1.0,0.26666666666666666,0.286043041838572,370,119.0
17201,54,1,342.63,3,2,2,322,Dormant,342.63,342.63,Bronze,0,0,1,0,0.0,0.0,0.6,0.2586090102244564,53,268.0
17203,36,6,3563.85,3,5,5,355,Loyal,593.975,593.975,Gold,0,0,0,24,2.4,1.0,0.4,0.28482290584102665,59,475.0
17204,175,4,1564.56,2,4,4,244,At Risk,391.14,391.14,Bronze,0,1,0,88,0.6818181818181818,1.0,1.0,0.1676007376227456,263,161.5
17205,54,1,384.08,3,2,2,322,Dormant,384.08,384.08,Bronze,0,0,1,0,0.0,0.0,0.6,0.25866818097317906,53,884.0
17206,53,1,204.24,3,2,1,321,Dormant,204.24,204.24,Bronze,0,0,1,0,0.0,0.0,0.5888888888888889,0.259213594619773,52,76.0
17211,27,8,2317.2200000000003,4,5,5,455,Champions,289.65250000000003,289.65250000000003,Gold,1,0,0,342,0.6122448979591837,1.0,0.3,0.29313337997239697,369,165.375
17212,253,1,226.85,1,2,1,121,Dormant,226.85,226.85,Bronze,0,0,1,0,0.0,0.0,1.0,0.09881806338473723,252,147.0
17213,40,7,2781.23,3,5,5,355,Loyal,397.3185714285714,397.3185714285714,Gold,0,0,0,326,0.460122699386503,1.0,0.4444444444444444,0.28193254984304705,365,168.0
17214,60,6,1069.12,3,5,4,354,Loyal,178.1866666666667,178.1866666666667,Silver,0,0,0,298,0.5016722408026756,1.0,0.6666666666666666,0.2620102892813303,358,46.0
17217,234,1,113.5,1,2,1,121,Dormant,113.5,113.5,Bronze,0,0,1,0,0.0,0.0,1.0,0.11389689558166768,233,24.0
17218,4,10,1960.72,5,5,4,554,Champions,196.072,196.072,Silver,1,0,0,363,0.7417582417582418,1.0,0.044444444444444446,0.31394447996584135,367,95.8
17219,32,1,114.23,4,2,1,421,Potential,114.23,114.23,Bronze,0,0,0,0,0.0,0.0,0.35555555555555557,0.2759300232335526,31,89.0
17220,24,14,3198.25,4,5,5,455,Champions,228.44642857142856,228.44642857142856,Gold,1,0,0,339,0.7941176470588235,1.0,0.26666666666666666,0.3054099261722754,363,136.07142857142858
17221,7,2,335.13,5,3,2,532,Potential,167.565,167.565,Bronze,0,0,0,28,1.0344827586206897,1.0,0.07777777777777778,0.29773424527428716,35,144.0
17222,65,1,354.15,3,2,2,322,Dormant,354.15,354.15,Bronze,0,0,1,0,0.0,0.0,0.7222222222222222,0.2498019258555213,64,128.0
17223,310,2,426.79,1,3,2,132,Needs Attention,213.395,213.395,Bronze,0,0,0,58,0.5172413793103449,1.0,1.0,0.05481696351413818,367,56.0
17226,309,1,393.49,1,2,2,122,Needs Attention,393.49,393.49,Bronze,0,0,0,0,0.0,0.0,1.0,0.05413615940107756,308,406.0
17227,19,6,939.32,4,5,3,453,Loyal,156.55333333333334,156.55333333333334,Silver,0,0,0,349,0.42857142857142855,1.0,0.2111111111111111,0.2947126975800413,368,123.5
17228,16,8,1906.09,4,5,4,454,Champions,238.26125,238.26125,Silver,1,0,0,356,0.5882352941176471,1.0,0.17777777777777778,0.30137001264297103,371,191.5
17229,96,2,318.76,2,3,2,232,Needs Attention,159.38,159.38,Bronze,0,0,0,46,0.6521739130434783,1.0,1.0,0.2263205024226739,142,92.5
17230,264,8,3638.41,1,5,5,155,At Risk,454.80125,454.80125,Bronze,0,1,0,95,0.9473684210526315,1.0,1.0,0.10491245467504333,359,206.375
17231,12,10,3174.32,5,5,5,555,Champions,317.432,317.432,Gold,1,0,0,349,0.7736389684813754,1.0,0.13333333333333333,0.3092598072477955,360,174.2
17232,3,2,421.52,5,3,2,532,Potential,210.76,210.76,Bronze,0,0,0,11,2.5,1.0,0.03333333333333333,0.30106612497003066,14,101.5
17233,35,1,190.88,3,2,1,321,Dormant,190.88,190.88,Bronze,0,0,1,0,0.0,0.0,0.3888888888888889,0.273633025611955,34,131.0
17234,183,1,149.89,1,2,1,121,Dormant,149.89,149.89,Bronze,0,0,1,0,0.0,0.0,1.0,0.15485793398282174,182,55.0
17235,25,2,550.0600000000001,4,3,3,433,Loyal,275.03000000000003,275.03000000000003,Bronze,0,0,0,347,0.08645533141210375,1.0,0.2777777777777778,0.2836025597059901,371,112.0
17236,13,6,916.13,5,5,3,553,Loyal,152.68833333333333,152.68833333333333,Silver,0,0,0,350,0.42857142857142855,1.0,0.14444444444444443,0.2994924275908193,362,79.0
17237,11,2,314.69,5,3,2,532,Potential,157.345,157.345,Bronze,0,0,0,11,2.727272727272727,1.0,0.12222222222222222,0.2944965105937007,21,52.5
17238,3,17,3744.65,5,5,5,555,Champions,220.2735294117647,220.2735294117647,Gold,1,0,0,368,1.1382113821138211,1.0,0.03333333333333333,0.32734106357160625,370,107.17647058823529
17239,313,1,382.5,1,2,2,122,Needs Attention,382.5,382.5,Bronze,0,0,0,0,0.0,0.0,1.0,0.05091191479468722,312,150.0
17242,108,2,1135.04,2,3,4,234,Needs Attention,567.52,567.52,Bronze,0,0,0,72,0.4166666666666667,1.0,1.0,0.21786009087980515,179,305.5
17243,1,26,8676.85,5,5,5,555,Champions,333.725,333.725,Platinum,1,0,0,368,2.0380434782608696,1.0,0.011111111111111112,0.3489048213991743,369,129.6153846153846
17244,53,1,954.9,3,2,4,324,Dormant,954.9,954.9,Bronze,0,0,1,0,0.0,0.0,0.5888888888888889,0.26028517759290115,52,616.0
17245,205,1,171.45000000000002,1,2,1,121,Dormant,171.45000000000002,171.45000000000002,Bronze,0,0,1,0,0.0,0.0,1.0,0.1372416525137546,204,75.0
17247,15,1,282.19,4,2,2,422,Potential,282.19,282.19,Bronze,0,0,0,0,0.0,0.0,0.16666666666666666,0.2898061533103375,14,106.0
17248,120,1,318.65,2,2,2,222,Needs Attention,318.65,318.65,Bronze,0,0,0,0,0.0,0.0,1.0,0.2056336017983949,119,213.0
17250,4,2,384.52,5,3,2,532,Potential,192.26,192.26,Bronze,0,0,0,257,0.11627906976744186,1.0,0.044444444444444446,0.3002111676526762,260,84.0
17251,363,1,283.28000000000003,1,2,2,122,Needs Attention,283.28000000000003,283.28000000000003,Bronze,0,0,0,0,0.0,0.0,1.0,0.010663324281575586,362,110.0
17252,117,2,353.86,2,3,2,232,Needs Attention,176.93,176.93,Bronze,0,0,0,69,0.42857142857142855,1.0,1.0,0.209525688626449,185,96.5
17253,18,1,178.26,4,2,1,421,Potential,178.26,178.26,Bronze,0,0,0,0,0.0,0.0,0.2,0.28725137393230227,17,43.0
17254,5,2,272.44,5,3,2,532,Potential,136.22,136.22,Bronze,0,0,0,10,2.727272727272727,1.0,0.05555555555555555,0.2992490320527138,14,126.0
17255,41,2,298.41,3,3,2,332,Dormant,149.205,149.205,Bronze,0,0,1,258,0.11583011583011583,1.0,0.45555555555555555,0.27040909942754066,298,116.0
17256,107,2,240.0,2,3,1,231,Dormant,120.0,120.0,Bronze,0,0,1,204,0.14634146341463414,1.0,1.0,0.2173845414507307,311,70.5
17259,148,2,603.37,2,3,3,233,Needs Attention,301.685,301.685,Bronze,0,0,0,220,0.13636363636363635,1.0,1.0,0.18501555925043112,367,205.0
17262,52,5,1253.36,3,4,4,344,Loyal,250.67200000000005,250.67200000000005,Silver,0,0,0,313,0.28662420382165604,1.0,0.5777777777777777,0.26725500136581753,365,73.4
17263,208,1,63.440000000000005,1,2,1,121,Dormant,63.440000000000005,63.440000000000005,Bronze,0,0,1,0,0.0,0.0,1.0,0.1346810488497172,207,36.0
17265,139,2,562.9,2,3,3,233,Needs Attention,281.45,281.45,Bronze,0,0,0,41,0.7142857142857143,1.0,1.0,0.19217703880926423,180,197.0
17266,2,3,310.64,5,4,2,542,Potential,103.54666666666668,103.54666666666668,Bronze,0,0,0,145,0.41379310344827586,1.0,0.022222222222222223,0.3031453871687939,147,53.666666666666664
17267,127,2,317.62,2,3,2,232,Needs Attention,158.81,158.81,Bronze,0,0,0,0,0.0,1.0,1.0,0.20145256488821608,126,79.5
17268,108,4,763.64,2,4,3,243,Needs Attention,190.91,190.91,Bronze,0,0,0,137,0.6521739130434783,1.0,1.0,0.22020072294821058,244,211.0
17272,42,4,2148.63,3,4,5,345,Loyal,537.1575,537.1575,Silver,0,0,0,220,0.4090909090909091,1.0,0.4666666666666667,0.2751190018379403,262,444.5
17274,35,1,111.98,3,2,1,321,Dormant,111.98,111.98,Bronze,0,0,1,0,0.0,0.0,0.3888888888888889,0.27352039419882546,34,79.0
17277,228,2,1065.35,1,3,4,134,Needs Attention,532.6750000000001,532.6750000000001,Bronze,0,0,0,95,0.3157894736842105,1.0,1.0,0.1215039224438342,322,215.0
17278,241,1,246.04,1,2,1,121,Dormant,246.04,246.04,Bronze,0,0,1,0,0.0,0.0,1.0,0.10847112596344022,240,179.0
17279,58,1,187.83,3,2,1,321,Dormant,187.83,187.83,Bronze,0,0,1,0,0.0,0.0,0.6444444444444445,0.25517947381170164,57,48.0
17282,130,3,1703.41,2,4,4,244,At Risk,567.8033333333334,567.8033333333334,Bronze,0,1,0,169,0.35502958579881655,1.0,1.0,0.20245979891048582,299,625.6666666666666
17284,60,6,1652.58,3,5,4,354,Loyal,275.43,275.43,Silver,0,0,0,276,0.5434782608695652,1.0,0.6666666666666666,0.26284319073005724,335,227.33333333333334
17286,22,1,153.92,4,2,1,421,Potential,153.92,153.92,Bronze,0,0,0,0,0.0,0.0,0.24444444444444444,0.28400807191950783,21,118.0
17287,26,7,1064.11,4,5,4,454,Champions,152.01571428571427,152.01571428571427,Silver,1,0,0,346,0.5202312138728324,1.0,0.28888888888888886,0.2907112713720166,372,79.85714285714286
17288,9,7,1419.73,5,5,4,554,Champions,202.81857142857143,202.81857142857143,Silver,1,0,0,349,0.5157593123209169,1.0,0.1,0.3048552900544781,357,171.85714285714286
17289,32,3,944.41,4,4,4,444,Champions,314.80333333333334,314.80333333333334,Bronze,1,0,0,148,0.40268456375838924,1.0,0.35555555555555557,0.2799859360800084,179,173.33333333333334
17290,4,2,525.24,5,3,3,533,Loyal,262.62,262.62,Bronze,0,0,0,12,2.3076923076923075,1.0,0.044444444444444446,0.3004120484189067,15,202.0
17291,308,1,550.8000000000001,1,2,3,123,Needs Attention,550.8000000000001,550.8000000000001,Bronze,0,0,0,0,0.0,0.0,1.0,0.05516286177944109,307,72.0
17293,8,9,1875.11,5,5,4,554,Champions,208.34555555555556,208.34555555555556,Silver,1,0,0,352,0.5949008498583569,1.0,0.08888888888888889,0.30917830703797483,360,126.66666666666667
17295,29,3,556.95,4,4,3,443,Loyal,185.65,185.65,Bronze,0,0,0,35,0.8333333333333334,1.0,0.32222222222222224,0.2818392458750561,64,98.0
17297,17,1,131.78,4,2,1,421,Potential,131.78,131.78,Bronze,0,0,0,0,0.0,0.0,0.18888888888888888,0.28798716178998557,16,67.0
17298,101,2,498.42,2,3,3,233,Needs Attention,249.21,249.21,Bronze,0,0,0,23,1.3043478260869565,1.0,1.0,0.22256627567255313,124,193.5
17299,12,4,669.11,5,4,3,543,Loyal,167.2775,167.2775,Silver,0,0,0,161,0.5555555555555556,1.0,0.13333333333333333,0.29707112697419985,172,169.5
17301,21,1,197.63,4,2,1,421,Potential,197.63,197.63,Bronze,0,0,0,0,0.0,0.0,0.23333333333333334,0.2848726079033021,20,149.0
17302,15,5,1135.63,4,4,4,444,Champions,227.12600000000003,227.12600000000003,Silver,1,0,0,290,0.41237113402061853,1.0,0.16666666666666666,0.2967660836942189,305,115.0
17303,361,1,250.04,1,2,1,121,Dormant,250.04,250.04,Bronze,0,0,1,0,0.0,0.0,1.0,0.012220151555777449,360,144.0
17306,11,19,8631.31,5,5,5,555,Champions,454.2794736842105,454.2794736842105,Platinum,1,0,0,342,1.2244897959183674,1.0,0.12222222222222222,0.330770574824955,352,604.7894736842105
17309,95,1,82.75,2,2,1,221,Dormant,82.75,82.75,Bronze,0,0,1,0,0.0,0.0,1.0,0.22535032551169834,94,41.0
17311,78,2,1384.85,2,3,4,234,Needs Attention,692.425,692.425,Bronze,0,0,0,238,0.12605042016806722,1.0,0.8666666666666667,0.2422808710435335,316,502.5
17312,139,3,644.3,2,4,3,243,Needs Attention,214.76666666666665,214.76666666666665,Bronze,0,0,0,20,2.857142857142857,1.0,1.0,0.19372864572365575,158,124.0
17313,31,1,2328.84,4,2,5,425,Potential,2328.84,2328.84,Bronze,0,0,0,0,0.0,0.0,0.34444444444444444,0.2798935647276496,30,1402.0
17314,25,8,2527.92,4,5,5,455,Champions,315.99,315.99,Gold,1,0,0,287,0.7291666666666666,1.0,0.2777777777777778,0.295038436738599,312,237.0
17315,2,38,6292.26,5,5,5,555,Champions,165.58578947368423,165.58578947368423,Platinum,1,0,0,355,2.865168539325843,1.0,0.022222222222222223,0.3619235102548517,357,102.3157894736842
17317,46,3,2600.34,3,4,5,345,Loyal,866.7800000000001,866.7800000000001,Bronze,0,0,0,43,1.3953488372093024,1.0,0.5111111111111111,0.2711198645362176,89,382.0
17320,100,3,1200.62,2,4,4,244,At Risk,400.2066666666667,400.2066666666667,Bronze,0,1,0,267,0.22388059701492538,1.0,1.0,0.22580622671019285,367,211.33333333333334
17321,8,2,700.86,5,3,3,533,Loyal,350.43,350.43,Bronze,0,0,0,59,0.5084745762711864,1.0,0.08888888888888889,0.2974541935210601,67,186.5
17323,15,7,921.07,4,5,3,453,Loyal,131.58142857142855,131.58142857142855,Silver,0,0,0,277,0.6498194945848376,1.0,0.16666666666666666,0.2993306081686476,291,110.85714285714286
17324,18,4,990.23,4,4,4,444,Champions,247.5575,247.5575,Silver,1,0,0,348,0.25787965616045844,1.0,0.2,0.2927166983184749,366,211.0
17325,280,1,96.8,1,2,1,121,Dormant,96.8,96.8,Bronze,0,0,1,0,0.0,0.0,1.0,0.07697466025772398,279,60.0
17329,14,2,523.11,4,3,3,433,Loyal,261.555,261.555,Bronze,0,0,0,300,0.09966777408637874,1.0,0.15555555555555556,0.292387617424677,314,71.0
17330,23,2,363.9,4,3,2,432,Potential,181.95,181.95,Bronze,0,0,0,44,0.6666666666666666,1.0,0.25555555555555554,0.2849410904567982,67,60.0
17331,124,1,175.2,2,2,1,221,Dormant,175.2,175.2,Bronze,0,0,1,0,0.0,0.0,1.0,0.20222026774988622,123,16.0
17333,86,1,494.25,2,2,3,223,Needs Attention,494.25,494.25,Bronze,0,0,0,0,0.0,0.0,0.9555555555555556,0.23315700177258658,85,375.0
17334,302,2,307.02000000000004,1,3,2,132,Needs Attention,153.51000000000002,153.51000000000002,Bronze,0,0,0,6,5.0,1.0,1.0,0.06106310161397701,308,157.5
17337,151,4,2027.87,2,4,4,244,At Risk,506.9675,506.9675,Bronze,0,1,0,158,0.5660377358490566,1.0,1.0,0.1875134593122318,309,317.25
17338,17,8,6643.93,4,5,5,455,Champions,830.49125,830.49125,Gold,1,0,0,344,0.6104651162790697,1.0,0.18888888888888888,0.3073312400742526,360,391.0
17339,94,2,243.36,2,3,1,231,Dormant,121.68,121.68,Bronze,0,0,1,270,0.11070110701107011,1.0,1.0,0.227817145408187,364,76.0
17340,30,11,12353.29,4,5,5,455,Champions,1123.0263636363636,1123.0263636363636,Gold,1,0,0,336,0.6231454005934718,1.0,0.3333333333333333,0.3093598844306561,365,542.4545454545455
17341,157,3,781.36,2,4,3,243,Needs Attention,260.4533333333333,260.4533333333333,Bronze,0,0,0,209,0.14285714285714285,1.0,1.0,0.17948579908894047,366,163.0
17343,355,1,193.64,1,2,1,121,Dormant,193.64,193.64,Bronze,0,0,1,0,0.0,0.0,1.0,0.01695247359152332,354,56.0
17344,46,1,160.57,3,2,1,321,Dormant,160.57,160.57,Bronze,0,0,1,0,0.0,0.0,0.5111111111111111,0.26476622803628713,45,66.0
17345,15,4,537.74,4,4,3,443,Loyal,134.435,134.435,Silver,0,0,0,181,0.3314917127071823,1.0,0.16666666666666666,0.29447717641775817,196,86.5
17346,4,15,2676.56,5,5,5,555,Champions,178.43733333333333,178.43733333333333,Gold,1,0,0,369,1.0540540540540542,1.0,0.044444444444444446,0.3221433901478232,372,110.46666666666667
17347,86,1,228.96,2,2,1,221,Dormant,228.96,228.96,Bronze,0,0,1,0,0.0,0.0,0.9555555555555556,0.2327782947055507,85,216.0
17348,15,5,1159.52,4,4,4,444,Champions,231.904,231.904,Silver,1,0,0,283,0.42402826855123676,1.0,0.16666666666666666,0.29680018717279516,297,280.2
17349,179,1,110.75,2,2,1,221,Dormant,110.75,110.75,Bronze,0,0,1,0,0.0,0.0,1.0,0.15801061695752405,178,112.0
17350,8,4,1286.07,5,4,4,544,Champions,321.5175,321.5175,Silver,1,0,0,42,1.3953488372093024,1.0,0.08888888888888889,0.3011604065288044,50,198.75
17351,36,3,587.15,3,4,3,343,Loyal,195.71666666666667,195.71666666666667,Bronze,0,0,0,237,0.25316455696202533,1.0,0.4,0.2762673837496084,272,37.666666666666664
17353,129,2,1740.0,2,3,4,234,Needs Attention,870.0,870.0,Bronze,0,0,0,25,1.2,1.0,1.0,0.20187876424563334,153,600.0
17354,51,1,1393.06,3,2,4,324,Dormant,1393.06,1393.06,Bronze,0,0,1,0,0.0,0.0,0.5666666666666667,0.2625149383037223,50,1006.0
17356,312,1,178.22,1,2,1,121,Dormant,178.22,178.22,Bronze,0,0,1,0,0.0,0.0,1.0,0.05142243982611151,311,166.0
17357,24,2,388.14,4,3,2,432,Potential,194.07,194.07,Bronze,0,0,0,0,0.0,1.0,0.26666666666666666,0.2841735545303189,23,76.5
17358,303,2,365.85,1,3,2,132,Needs Attention,182.925,182.925,Bronze,0,0,0,52,0.5769230769230769,1.0,1.0,0.06034494364161876,354,101.0
17359,11,1,127.86,5,2,1,521,Potential,127.86,127.86,Bronze,0,0,0,0,0.0,0.0,0.12222222222222222,0.29279440013195496,10,161.0
17360,17,3,585.79,4,4,3,443,Loyal,195.2633333333333,195.2633333333333,Bronze,0,0,0,166,0.17964071856287425,1.0,0.18888888888888888,0.291506084032171,183,111.66666666666667
17361,49,3,488.2,3,4,2,342,Dormant,162.73333333333332,162.73333333333332,Bronze,0,0,1,242,0.24793388429752067,1.0,0.5444444444444444,0.2656983230522148,291,52.333333333333336
17362,239,2,312.23,1,3,2,132,Needs Attention,156.115,156.115,Bronze,0,0,0,70,0.42857142857142855,1.0,1.0,0.11160529835708716,309,95.5
17364,1,11,4481.18,5,5,5,555,Champions,407.38000000000005,407.38000000000005,Gold,1,0,0,330,0.8157099697885196,1.0,0.011111111111111112,0.32138431355536756,330,245.54545454545453
17365,13,8,4801.56,5,5,5,555,Champions,600.195,600.195,Gold,1,0,0,320,0.5625,1.0,0.14444444444444443,0.30790977421375143,332,597.125
17367,238,1,168.4,1,2,1,121,Dormant,168.4,168.4,Bronze,0,0,1,0,0.0,0.0,1.0,0.11076671033916966,237,150.0
17368,23,8,1912.67,4,5,4,454,Champions,239.08375,239.08375,Silver,1,0,0,314,0.6687898089171975,1.0,0.25555555555555554,0.29576443246963846,337,173.875
17370,73,4,446.18,2,4,2,242,Needs Attention,111.545,111.545,Bronze,0,0,0,96,0.9278350515463917,1.0,0.8111111111111111,0.24782240841664605,169,135.0
17371,17,3,423.89,4,4,2,442,Potential,141.29666666666665,141.29666666666665,Bronze,0,0,0,343,0.0872093023255814,1.0,0.18888888888888888,0.29127496836948824,360,50.666666666666664
17372,41,8,1342.68,3,5,4,354,Loyal,167.835,167.835,Silver,0,0,0,321,0.6521739130434783,1.0,0.45555555555555555,0.28051225705604826,362,93.625
17373,40,4,646.92,3,4,3,343,Loyal,161.73,161.73,Silver,0,0,0,272,0.33088235294117646,1.0,0.4444444444444444,0.2745795572333295,312,102.0
17374,219,2,495.77,1,3,3,133,Needs Attention,247.885,247.885,Bronze,0,0,0,62,0.47619047619047616,1.0,1.0,0.1279100863245816,280,42.5
17375,199,3,400.1,1,4,2,142,Needs Attention,133.36666666666667,133.36666666666667,Bronze,0,0,0,162,0.37037037037037035,1.0,1.0,0.14525170283018568,360,122.33333333333333
17376,71,2,203.2,3,3,1,331,Dormant,101.6,101.6,Bronze,0,0,1,240,0.12448132780082988,1.0,0.7888888888888889,0.24620901402261877,310,43.0
17377,24,20,4100.92,4,5,5,455,Champions,205.046,205.046,Gold,1,0,0,349,1.6285714285714286,1.0,0.26666666666666666,0.31531094681600297,373,103.8
17379,11,1,404.66,5,2,2,522,Potential,404.66,404.66,Bronze,0,0,0,0,0.0,0.0,0.12222222222222222,0.2931895379666096,10,663.0
17381,9,29,20275.61,5,5,5,555,Champions,699.1589655172414,699.1589655172414,Platinum,1,0,0,363,1.565934065934066,1.0,0.1,0.36335140358513934,371,884.448275862069
17382,65,1,65.4,3,2,1,321,Dormant,65.4,65.4,Bronze,0,0,1,0,0.0,0.0,0.7222222222222222,0.24938972914397312,64,25.0
17383,4,1,199.29,5,2,1,521,Potential,199.29,199.29,Bronze,0,0,0,0,0.0,0.0,0.044444444444444446,0.2985113412246568,3,150.0
17384,19,2,336.4,4,3,2,432,Potential,168.2,168.2,Bronze,0,0,0,199,0.15,1.0,0.2111111111111111,0.2881103897768596,218,44.0
17385,15,1,261.11,4,2,2,422,Potential,261.11,261.11,Bronze,0,0,0,0,0.0,0.0,0.16666666666666666,0.2897760611659931,14,201.0
17386,8,6,2686.42,5,5,5,555,Champions,447.7366666666667,447.7366666666667,Gold,1,0,0,157,0.569620253164557,1.0,0.08888888888888889,0.3060302490688478,165,317.0
17387,20,2,784.11,4,3,3,433,Loyal,392.055,392.055,Bronze,0,0,0,13,2.142857142857143,1.0,0.2222222222222222,0.2879473662016852,33,271.0
17388,78,4,1259.56,2,4,4,244,At Risk,314.89,314.89,Silver,0,1,0,209,0.42857142857142855,1.0,0.8666666666666667,0.24497283032468045,287,267.0
17389,1,34,31833.68,5,5,5,555,Champions,936.2847058823528,936.2847058823528,Platinum,1,0,0,330,2.809667673716012,1.0,0.011111111111111112,0.39344493793446145,330,223.88235294117646
17391,164,2,508.8,2,3,3,233,Needs Attention,254.4,254.4,Bronze,0,0,0,0,30.0,1.0,1.0,0.1720463339830639,164,240.0
17392,307,2,457.91,1,3,2,132,Needs Attention,228.955,228.955,Bronze,0,0,0,51,0.5769230769230769,1.0,1.0,0.057267805082414726,357,160.0
17394,219,1,203.87,1,2,1,121,Dormant,203.87,203.87,Bronze,0,0,1,0,0.0,0.0,1.0,0.12605798622307013,218,241.0
17396,39,8,7330.8,3,5,5,355,Loyal,916.35,916.35,Gold,0,0,0,332,0.2710843373493976,1.0,0.43333333333333335,0.2906647026542248,371,250.625
17397,22,2,696.41,4,3,3,433,Loyal,348.205,348.205,Bronze,0,0,0,0,0.0,1.0,0.24444444444444444,0.2862178945281946,21,127.0
17398,115,3,653.38,2,4,3,243,Needs Attention,217.7933333333333,217.7933333333333,Bronze,0,0,0,140,0.425531914893617,1.0,1.0,0.21299294451344836,254,103.33333333333333
17400,126,5,2129.96,2,4,5,245,At Risk,425.992,425.992,Bronze,0,1,0,226,0.5286343612334802,1.0,1.0,0.20914807757357576,352,219.4
17402,5,13,2633.85,5,5,5,555,Champions,202.60384615384612,202.60384615384612,Gold,1,0,0,364,0.904109589041096,1.0,0.05555555555555555,0.3184094682879787,368,53.92307692307692
17403,36,1,281.62,3,2,2,322,Dormant,281.62,281.62,Bronze,0,0,1,0,0.0,0.0,0.4,0.2729604198372262,35,117.0
17404,4,15,31906.82,5,5,5,555,Champions,2127.121333333333,2127.121333333333,Platinum,1,0,0,356,1.1797752808988764,1.0,0.044444444444444446,0.36387020244114937,359,2183.2
17405,1,3,1031.41,5,4,4,544,Champions,343.80333333333334,343.80333333333334,Bronze,1,0,0,149,0.40268456375838924,1.0,0.011111111111111112,0.3049764405743053,149,242.0
17406,333,3,2200.42,1,4,5,145,At Risk,733.4733333333334,733.4733333333334,Bronze,0,1,0,33,0.9090909090909091,1.0,1.0,0.040335066563006616,366,262.3333333333333
17408,163,1,32.65,2,2,1,221,Dormant,32.65,32.65,Bronze,0,0,1,0,0.0,0.0,1.0,0.1707333521601882,162,3.0
17409,185,2,771.85,1,3,3,133,Needs Attention,385.925,385.925,Bronze,0,0,0,63,0.46875,1.0,1.0,0.15557692361678668,247,52.5
17410,16,5,1214.72,4,4,4,444,Champions,242.944,242.944,Silver,1,0,0,199,0.6030150753768844,1.0,0.17777777777777778,0.2960768472989203,214,123.2
17411,12,3,778.94,5,4,3,543,Loyal,259.6466666666667,259.6466666666667,Bronze,0,0,0,249,0.24096385542168675,1.0,0.13333333333333333,0.29579250491573683,260,102.0
17412,3,7,1258.06,5,5,4,554,Champions,179.72285714285712,179.72285714285712,Silver,1,0,0,369,0.4864864864864865,1.0,0.03333333333333333,0.30943733694624237,371,105.42857142857143
17414,44,2,778.0,3,3,3,333,Loyal,389.0,389.0,Bronze,0,0,0,141,0.2127659574468085,1.0,0.4888888888888889,0.2686873071494971,184,1050.0
17415,80,1,507.84,2,2,3,223,Needs Attention,507.84,507.84,Bronze,0,0,0,0,0.0,0.0,0.8888888888888888,0.23798923600864855,79,114.0
17416,30,7,6893.42,4,5,5,455,Champions,984.7742857142856,984.7742857142856,Gold,1,0,0,251,0.7142857142857143,1.0,0.3333333333333333,0.29582417812304534,280,614.5714285714286
17418,42,2,463.46,3,3,2,332,Dormant,231.73,231.73,Bronze,0,0,1,281,0.10676156583629894,1.0,0.4666666666666667,0.269842572744189,323,144.5
17419,11,12,4226.57,5,5,5,555,Champions,352.21416666666664,352.21416666666664,Gold,1,0,0,355,0.8426966292134831,1.0,0.12222222222222222,0.31443486873768794,366,156.33333333333334
17420,50,3,598.83,3,4,3,343,Loyal,199.61,199.61,Bronze,0,0,0,323,0.18575851393188855,1.0,0.5555555555555556,0.26505411067174645,373,88.33333333333333
17422,16,6,1979.37,4,5,4,454,Champions,329.895,329.895,Silver,1,0,0,279,0.5357142857142857,1.0,0.17777777777777778,0.2986038079905076,295,375.5
17423,46,2,698.41,3,3,3,333,Loyal,349.205,349.205,Bronze,0,0,0,171,0.17543859649122806,1.0,0.5111111111111111,0.2669694126719568,217,229.5
17425,19,2,759.1700000000001,4,3,3,433,Loyal,379.585,379.585,Bronze,0,0,0,41,0.7317073170731707,1.0,0.2111111111111111,0.28871390286340926,60,203.5
17426,8,6,5037.26,5,5,5,555,Champions,839.5433333333334,839.5433333333334,Gold,1,0,0,274,0.3284671532846716,1.0,0.08888888888888889,0.30938612272209765,281,515.6666666666666
17427,72,1,100.8,2,2,1,221,Dormant,100.8,100.8,Bronze,0,0,1,0,0.0,0.0,0.8,0.24382529012813606,71,34.0
17428,1,28,17256.85,5,5,5,555,Champions,616.3160714285714,616.3160714285714,Platinum,1,0,0,368,1.6304347826086958,1.0,0.011111111111111112,0.36402376565373473,368,338.35714285714283
17429,128,3,524.9200000000001,2,4,3,243,Needs Attention,174.97333333333336,174.97333333333336,Bronze,0,0,0,90,0.6666666666666666,1.0,1.0,0.2023817576690148,218,208.0
17430,33,2,265.76,3,3,2,332,Dormant,132.88,132.88,Bronze,0,0,1,332,0.09009009009009009,1.0,0.36666666666666664,0.27677960316377803,364,95.0
17431,313,1,403.3,1,2,2,122,Needs Attention,403.3,403.3,Bronze,0,0,0,0,0.0,0.0,1.0,0.05094160723312948,312,292.0
17432,18,2,365.76,4,3,2,432,Potential,182.88,182.88,Bronze,0,0,0,19,1.5789473684210527,1.0,0.2,0.2889544408331709,36,103.5
17433,88,1,303.16,2,2,2,222,Needs Attention,303.16,303.16,Bronze,0,0,0,0,0.0,0.0,0.9777777777777777,0.2312799386947428,87,185.0
17434,2,7,2373.82,5,5,5,555,Champions,339.1171428571429,339.1171428571429,Gold,1,0,0,82,2.1686746987951806,1.0,0.022222222222222223,0.31183224690273004,84,241.85714285714286
17436,2,2,216.3,5,3,1,531,Potential,108.15,108.15,Bronze,0,0,0,225,0.13333333333333333,1.0,0.022222222222222223,0.3015753081316408,226,45.0
17438,254,1,388.4500000000001,1,2,2,122,Needs Attention,388.4500000000001,388.4500000000001,Bronze,0,0,0,0,0.0,0.0,1.0,0.09824661175366314,253,103.0
17440,157,3,186.42,2,4,1,241,Dormant,62.14000000000001,62.14000000000001,Bronze,0,0,1,90,0.32967032967032966,1.0,1.0,0.17863650969822714,247,82.0
17442,37,6,2248.56,3,5,5,355,Loyal,374.76,374.76,Gold,0,0,0,253,0.5905511811023623,1.0,0.4111111111111111,0.2821431626036552,289,249.33333333333334
17443,220,1,534.24,1,2,3,123,Needs Attention,534.24,534.24,Bronze,0,0,0,0,0.0,0.0,1.0,0.12572745732449123,219,504.0
17444,148,3,2940.04,2,4,5,245,At Risk,980.0133333333332,980.0133333333332,Bronze,0,1,0,25,2.4,1.0,1.0,0.18978661162855678,172,706.3333333333334
17446,177,2,120.9,2,3,1,231,Dormant,60.45,60.45,Bronze,0,0,1,133,0.22388059701492538,1.0,1.0,0.16106479106990637,309,99.0
17447,40,2,541.53,3,3,3,333,Loyal,270.765,270.765,Bronze,0,0,0,31,0.967741935483871,1.0,0.4444444444444444,0.2715582973896893,71,221.5
17449,2,7,2520.86,5,5,5,555,Champions,360.1228571428572,360.1228571428572,Gold,1,0,0,357,0.4201680672268907,1.0,0.022222222222222223,0.3120421496021796,359,160.28571428571428
17450,8,46,194550.79,5,5,5,555,Champions,4229.365,4229.365,Platinum,1,0,0,359,2.1727019498607243,1.0,0.08888888888888889,0.6373369494867938,367,1521.5869565217392
17451,1,7,1721.4,5,5,4,554,Champions,245.9142857142857,245.9142857142857,Silver,1,0,0,104,1.1538461538461537,1.0,0.011111111111111112,0.3117030426378316,105,171.85714285714286
17453,18,2,486.72,4,3,2,432,Potential,243.36,243.36,Bronze,0,0,0,46,0.6382978723404256,1.0,0.2,0.28912711378288125,63,109.5
17454,192,4,517.53,1,4,3,143,Needs Attention,129.3825,129.3825,Bronze,0,0,0,167,0.5389221556886228,1.0,1.0,0.152469716591084,359,60.75
17455,204,1,131.7,1,2,1,121,Dormant,131.7,131.7,Bronze,0,0,1,0,0.0,0.0,1.0,0.1379870475882993,203,66.0
17456,365,1,249.86,1,2,1,121,Dormant,249.86,249.86,Bronze,0,0,1,0,0.0,0.0,1.0,0.009011338452250604,364,222.0
17457,127,5,1737.7,2,4,4,244,At Risk,347.54,347.54,Bronze,0,1,0,212,0.5633802816901409,1.0,1.0,0.20778597911771185,338,165.2
17458,15,1,316.5,4,2,2,422,Potential,316.5,316.5,Bronze,0,0,0,0,0.0,0.0,0.16666666666666666,0.2898551315585564,14,170.0
17459,43,2,657.3,3,3,3,333,Loyal,328.65,328.65,Bronze,0,0,0,16,1.7647058823529411,1.0,0.4777777777777778,0.26931714439270044,59,268.5
17460,94,6,622.4300000000001,2,5,3,253,Needs Attention,103.73833333333334,103.73833333333334,Bronze,0,0,0,278,0.5376344086021506,1.0,1.0,0.23409990261784475,372,39.333333333333336
17461,23,3,757.46,4,4,3,443,Loyal,252.48666666666668,252.48666666666668,Bronze,0,0,0,6,4.285714285714286,1.0,0.25555555555555554,0.2869383123511962,29,266.3333333333333
17462,60,2,675.69,3,3,3,333,Loyal,337.845,337.845,Bronze,0,0,0,223,0.13392857142857142,1.0,0.6666666666666666,0.2557070328689788,283,113.5
17463,16,5,1896.41,4,4,4,444,Champions,379.282,379.282,Silver,1,0,0,296,0.40404040404040403,1.0,0.17777777777777778,0.2970499741432329,312,219.0
17464,158,1,289.96000000000004,2,2,2,222,Needs Attention,289.96000000000004,289.96000000000004,Bronze,0,0,0,0,0.0,0.0,1.0,0.17511136279617978,157,220.0
17466,10,2,763.28,5,3,3,533,Loyal,381.64,381.64,Bronze,0,0,0,68,0.4411764705882353,1.0,0.1111111111111111,0.29593902131194216,78,153.0
17468,10,2,137.0,5,3,1,531,Potential,68.5,68.5,Bronze,0,0,0,4,7.5,1.0,0.1111111111111111,0.29504499341061446,13,58.0
17469,16,5,1870.97,4,4,4,444,Champions,374.194,374.194,Silver,1,0,0,188,0.6382978723404256,1.0,0.17777777777777778,0.2970136580069843,204,157.4
17470,45,5,1125.07,3,4,4,344,Loyal,225.014,225.014,Silver,0,0,0,323,0.3715170278637771,1.0,0.5,0.27268683794863047,367,335.0
17472,191,3,710.29,1,4,3,143,Needs Attention,236.7633333333333,236.7633333333333,Bronze,0,0,0,108,0.5555555555555556,1.0,1.0,0.15211161789313185,298,154.0
17475,79,1,194.37,2,2,1,221,Dormant,194.37,194.37,Bronze,0,0,1,0,0.0,0.0,0.8777777777777778,0.23834389001346176,78,178.0
17480,78,1,511.82,2,2,3,223,Needs Attention,511.82,511.82,Bronze,0,0,0,0,0.0,0.0,0.8666666666666667,0.23959919561740908,77,338.0
17481,4,4,1255.59,5,4,4,544,Champions,313.8975,313.8975,Silver,1,0,0,90,1.0,1.0,0.044444444444444446,0.3043254518360504,93,265.25
17483,65,3,414.04,3,4,2,342,Dormant,138.01333333333335,138.01333333333335,Bronze,0,0,1,117,0.5084745762711864,1.0,0.7222222222222222,0.2527582334900691,182,63.666666666666664
17486,261,1,396.87,1,2,2,122,Needs Attention,396.87,396.87,Bronze,0,0,0,0,0.0,0.0,1.0,0.09264365821911587,260,191.0
17489,59,2,376.64,3,3,2,332,Dormant,188.32,188.32,Bronze,0,0,1,153,0.19480519480519481,1.0,0.6555555555555556,0.25608227172775055,212,214.0
17490,1,7,2092.32,5,5,5,555,Champions,298.9028571428572,298.9028571428572,Gold,1,0,0,175,0.8522727272727272,1.0,0.011111111111111112,0.31223253875643747,176,162.0
17491,1,10,3558.87,5,5,5,555,Champions,355.887,355.887,Gold,1,0,0,366,0.7377049180327869,1.0,0.011111111111111112,0.31863228989047226,367,201.3
17492,248,1,374.57,1,2,2,122,Needs Attention,374.57,374.57,Bronze,0,0,0,0,0.0,0.0,1.0,0.10303963198568619,247,155.0
17495,8,2,497.56,5,3,3,533,Loyal,248.78,248.78,Bronze,0,0,0,31,0.967741935483871,1.0,0.08888888888888889,0.29716397848570864,38,114.5
17496,359,1,271.05,1,2,2,122,Needs Attention,271.05,271.05,Bronze,0,0,0,0,0.0,0.0,1.0,0.013854421848512604,358,79.0
17498,76,1,272.22,2,2,2,222,Needs Attention,272.22,272.22,Bronze,0,0,0,0,0.0,0.0,0.8444444444444444,0.24086143964175782,75,394.0
17499,290,1,622.88,1,2,3,123,Needs Attention,622.88,622.88,Bronze,0,0,0,0,0.0,0.0,1.0,0.06970426017260892,289,711.0
17500,17,3,1138.0,4,4,4,444,Champions,379.3333333333333,379.3333333333333,Bronze,1,0,0,12,5.0,1.0,0.18888888888888888,0.29229437544718057,29,5.666666666666667
17501,221,2,288.6,1,3,2,132,Needs Attention,144.3,144.3,Bronze,0,0,0,0,0.0,1.0,1.0,0.12601006870778822,220,80.0
17502,9,4,689.1,5,4,3,543,Loyal,172.275,172.275,Silver,0,0,0,19,4.5,1.0,0.1,0.2995060802328677,28,94.0
17503,3,2,558.96,5,3,3,533,Loyal,279.48,279.48,Bronze,0,0,0,35,0.8333333333333334,1.0,0.03333333333333333,0.3012623234671222,38,243.0
17504,206,9,2997.03,1,5,5,155,At Risk,333.00333333333333,333.00333333333333,Bronze,0,1,0,116,1.293103448275862,1.0,1.0,0.15195634207511097,322,184.88888888888889
17505,162,2,1145.84,2,3,4,234,Needs Attention,572.9200000000001,572.9200000000001,Bronze,0,0,0,44,0.6818181818181818,1.0,1.0,0.17456000008606753,205,278.0
17506,76,1,302.2,2,2,2,222,Needs Attention,302.2,302.2,Bronze,0,0,0,0,0.0,0.0,0.8444444444444444,0.2409042367237049,75,139.0
17507,262,2,605.58,1,3,3,133,Needs Attention,302.79,302.79,Bronze,0,0,0,47,0.625,1.0,1.0,0.09357486380463594,308,179.5
17508,281,1,387.31,1,2,2,122,Needs Attention,387.31,387.31,Bronze,0,0,0,0,0.0,0.0,1.0,0.07658723036893796,280,289.0
17509,58,8,6115.14,3,5,5,355,Loyal,764.3925,764.3925,Gold,0,0,0,5,10.0,1.0,0.6444444444444445,0.2736886806681528,62,441.75
17510,25,1,308.48,4,2,2,422,Potential,308.48,308.48,Bronze,0,0,0,0,0.0,0.0,0.2777777777777778,0.2818222924651716,24,214.0
17511,3,31,91062.38,5,5,5,555,Champions,2937.496129032258,2937.496129032258,Platinum,1,0,0,370,2.183288409703504,1.0,0.03333333333333333,0.472084657492985,373,2082.2258064516127
17512,29,10,2924.99,4,5,5,455,Champions,292.499,292.499,Gold,1,0,0,272,0.989010989010989,1.0,0.32222222222222224,0.2952675197808161,301,275.3
17513,72,1,513.2,2,2,3,223,Needs Attention,513.2,513.2,Bronze,0,0,0,0,0.0,0.0,0.8,0.244413999821097,71,254.0
17514,128,1,208.65,2,2,1,221,Dormant,208.65,208.65,Bronze,0,0,1,0,0.0,0.0,1.0,0.19905946218024462,127,135.0
17515,31,4,639.02,4,4,3,443,Loyal,159.755,159.755,Silver,0,0,0,286,0.313588850174216,1.0,0.34444444444444444,0.2817875311537042,317,60.75
17516,15,5,768.08,4,4,3,443,Loyal,153.616,153.616,Silver,0,0,0,270,0.3333333333333333,1.0,0.16666666666666666,0.29624139832164914,285,83.2
17517,309,1,153.94,1,2,1,121,Dormant,153.94,153.94,Bronze,0,0,1,0,0.0,0.0,1.0,0.053794196726613966,308,102.0
17519,17,6,1844.02,4,5,4,454,Champions,307.33666666666664,307.33666666666664,Silver,1,0,0,351,0.42735042735042733,1.0,0.18888888888888888,0.297608453975038,367,206.0
17520,54,1,546.81,3,2,3,323,Dormant,546.81,546.81,Bronze,0,0,1,0,0.0,0.0,0.6,0.25890048147835737,53,365.0
17521,30,3,723.21,4,4,3,443,Loyal,241.07,241.07,Bronze,0,0,0,169,0.35294117647058826,1.0,0.3333333333333333,0.28127444649220995,198,173.0
17522,2,5,1070.71,5,4,4,544,Champions,214.142,214.142,Silver,1,0,0,216,0.5529953917050692,1.0,0.022222222222222223,0.30710121651240424,217,206.8
17523,11,4,652.74,5,4,3,543,Loyal,163.185,163.185,Silver,0,0,0,7,7.5,1.0,0.12222222222222222,0.29784989749157054,18,218.0
17524,361,1,145.0,1,2,1,121,Dormant,145.0,145.0,Bronze,0,0,1,0,0.0,0.0,1.0,0.012070204741644048,360,90.0
17525,360,1,422.7,1,2,2,122,Needs Attention,422.7,422.7,Bronze,0,0,0,0,0.0,0.0,1.0,0.013268766382702924,359,82.0
17526,5,4,1195.9,5,4,4,544,Champions,298.975,298.975,Silver,1,0,0,360,0.24930747922437674,1.0,0.05555555555555555,0.3034381040654145,365,77.5
17527,54,4,939.37,3,4,3,343,Loyal,234.8425,234.8425,Silver,0,0,0,164,0.5454545454545454,1.0,0.6,0.26376708924880565,217,122.0
17528,1,8,3628.5,5,5,5,555,Champions,453.5625,453.5625,Gold,1,0,0,70,2.5714285714285716,1.0,0.011111111111111112,0.3158608747860707,70,267.25
17530,1,10,2385.0,5,5,5,555,Champions,238.5,238.5,Gold,1,0,0,363,0.6593406593406593,1.0,0.011111111111111112,0.31695656572151976,364,152.6
17531,190,1,296.7,1,2,2,122,Needs Attention,296.7,296.7,Bronze,0,0,0,0,0.0,0.0,1.0,0.14945253509039097,189,136.0
17534,54,1,223.36,3,2,1,321,Dormant,223.36,223.36,Bronze,0,0,1,0,0.0,0.0,0.6,0.25843874978536946,53,103.0
17535,280,1,164.4,1,2,1,121,Dormant,164.4,164.4,Bronze,0,0,1,0,0.0,0.0,1.0,0.07707116068266132,279,136.0
17536,177,1,76.5,2,2,1,221,Dormant,76.5,76.5,Bronze,0,0,1,0,0.0,0.0,1.0,0.15956600243543617,176,6.0
17537,30,2,897.62,4,3,3,433,Loyal,448.81,448.81,Bronze,0,0,0,273,0.10948905109489052,1.0,0.3333333333333333,0.28008801374502584,302,350.0
17538,26,1,98.42,4,2,1,421,Potential,98.42,98.42,Bronze,0,0,0,0,0.0,0.0,0.28888888888888886,0.2807202883498932,25,134.0
17540,25,2,578.9,4,3,3,433,Loyal,289.45,289.45,Bronze,0,0,0,291,0.10273972602739725,1.0,0.2777777777777778,0.28364372941390714,315,97.0
17542,270,1,170.75,1,2,1,121,Dormant,170.75,170.75,Bronze,0,0,1,0,0.0,0.0,1.0,0.08510161581584423,269,134.0
17545,43,3,645.96,3,4,3,343,Loyal,215.32,215.32,Bronze,0,0,0,0,0.0,1.0,0.4777777777777778,0.27073636300222964,42,113.66666666666667
17548,234,1,103.3,1,2,1,121,Dormant,103.3,103.3,Bronze,0,0,1,0,0.0,0.0,1.0,0.11388233486666234,233,58.0
17549,24,2,148.86,4,3,1,431,Potential,74.43,74.43,Bronze,0,0,0,27,1.0714285714285714,1.0,0.26666666666666666,0.28383197728654663,51,105.0
17550,197,3,267.16,1,4,2,142,Needs Attention,89.05333333333334,89.05333333333334,Bronze,0,0,0,45,0.6521739130434783,1.0,1.0,0.14666620625281576,242,28.666666666666668
17551,359,1,306.84,1,2,2,122,Needs Attention,306.84,306.84,Bronze,0,0,0,0,0.0,0.0,1.0,0.013905512827928393,358,150.0
17552,60,4,930.41,3,4,3,343,Loyal,232.6025,232.6025,Silver,0,0,0,311,0.19230769230769232,1.0,0.6666666666666666,0.25894146443533933,371,179.75
17553,130,1,1487.6,2,2,4,224,Needs Attention,1487.6,1487.6,Bronze,0,0,0,0,0.0,0.0,1.0,0.19928091218930744,129,1048.0
17554,1,5,1952.45,5,4,4,544,Champions,390.49,390.49,Silver,1,0,0,146,0.8163265306122449,1.0,0.011111111111111112,0.3091620579859949,147,352.6
17555,20,2,483.26,4,3,2,432,Potential,241.63,241.63,Bronze,0,0,0,314,0.09523809523809523,1.0,0.2222222222222222,0.2875178964850817,334,174.5
17556,206,1,157.9,1,2,1,121,Dormant,157.9,157.9,Bronze,0,0,1,0,0.0,0.0,1.0,0.1364201705657016,205,101.0
17557,14,3,541.46,4,4,3,443,Loyal,180.48666666666668,180.48666666666668,Bronze,0,0,0,66,0.8955223880597015,1.0,0.15555555555555556,0.29384921913504036,80,102.0
17560,95,4,854.95,2,4,3,243,Needs Attention,213.7375,213.7375,Bronze,0,0,0,215,0.4166666666666667,1.0,1.0,0.23075887738456094,310,158.75
17561,19,1,167.62,4,2,1,421,Potential,167.62,167.62,Bronze,0,0,0,0,0.0,0.0,0.2111111111111111,0.286434046070589,18,146.0
17562,14,7,1122.38,4,5,4,454,Champions,160.34,160.34,Silver,1,0,0,159,1.1320754716981132,1.0,0.15555555555555556,0.3004201214744851,172,116.71428571428571
17564,24,3,454.01,4,4,2,442,Potential,151.33666666666667,151.33666666666667,Bronze,0,0,0,55,1.0714285714285714,1.0,0.26666666666666666,0.2857029920423542,79,48.666666666666664
17566,8,2,901.21,5,3,3,533,Loyal,450.605,450.605,Bronze,0,0,0,17,1.7647058823529411,1.0,0.08888888888888889,0.2977401973692287,24,259.0
17567,7,8,4331.48,5,5,5,555,Champions,541.435,541.435,Gold,1,0,0,365,0.5753424657534246,1.0,0.07777777777777778,0.3120515593295553,371,329.0
17569,332,1,344.14,1,2,2,122,Needs Attention,344.14,344.14,Bronze,0,0,0,0,0.0,0.0,1.0,0.035616513374868576,331,159.0
17571,50,4,1498.51,3,4,4,344,Loyal,374.6275,374.6275,Silver,0,0,0,248,0.36290322580645157,1.0,0.5555555555555556,0.26777382953462503,297,226.25
17572,71,4,226.75000000000003,3,4,1,341,Dormant,56.68750000000001,56.68750000000001,Bronze,0,0,1,302,0.29801324503311255,1.0,0.7888888888888889,0.24911344554115733,372,23.75
17573,29,3,380.6,4,4,2,442,Potential,126.86666666666667,126.86666666666667,Bronze,0,0,0,64,0.9375,1.0,0.32222222222222224,0.2815875025327824,93,102.66666666666667
17574,243,1,185.65,1,2,1,121,Dormant,185.65,185.65,Bronze,0,0,1,0,0.0,0.0,1.0,0.10678063989061583,242,77.0
17576,8,19,3622.68,5,5,5,555,Champions,190.66736842105263,190.66736842105263,Gold,1,0,0,357,1.4285714285714286,1.0,0.08888888888888889,0.3260270670355696,364,104.94736842105263
17578,218,1,143.45999999999998,1,2,1,121,Dormant,143.45999999999998,143.45999999999998,Bronze,0,0,1,0,0.0,0.0,1.0,0.1267738887121236,217,138.0
17579,5,3,448.9,5,4,2,542,Potential,149.63333333333335,149.63333333333335,Bronze,0,0,0,174,0.34285714285714286,1.0,0.05555555555555555,0.3009363391208707,178,86.0
17580,253,3,215.72,1,4,1,141,Dormant,71.90666666666667,71.90666666666667,Bronze,0,0,1,105,0.5660377358490566,1.0,1.0,0.10167298847225764,357,29.333333333333332
17581,1,25,11045.04,5,5,5,555,Champions,441.8016,441.8016,Platinum,1,0,0,371,0.7258064516129031,1.0,0.011111111111111112,0.3508500558445794,371,237.08
17582,236,1,175.27,1,2,1,121,Dormant,175.27,175.27,Bronze,0,0,1,0,0.0,0.0,1.0,0.1123807954838484,235,123.0
17584,7,2,1242.3,5,3,4,534,Loyal,621.15,621.15,Bronze,0,0,0,120,0.25,1.0,0.07777777777777778,0.2990292495714825,126,229.0
17585,109,4,1133.07,2,4,4,244,At Risk,283.2675,283.2675,Bronze,0,1,0,228,0.39301310043668125,1.0,1.0,0.21992595302297566,337,417.75
17588,100,3,1240.2,2,4,4,244,At Risk,413.4,413.4,Bronze,0,1,0,132,0.45454545454545453,1.0,1.0,0.22586272799449789,232,225.33333333333334
17589,60,4,2404.17,3,4,5,345,Loyal,601.0425,601.0425,Silver,0,0,0,180,0.5,1.0,0.6666666666666666,0.2610452879006596,239,407.75
17590,2,3,1479.22,5,4,4,544,Champions,493.0733333333333,493.0733333333333,Bronze,1,0,0,37,1.5789473684210527,1.0,0.022222222222222223,0.3048135597512388,39,276.0
17591,73,7,2225.9700000000003,2,5,5,255,At Risk,317.9957142857143,317.9957142857143,Silver,0,1,0,293,0.6122448979591837,1.0,0.8111111111111111,0.2546693162534526,366,144.14285714285714
17593,4,5,3927.34,5,4,5,545,Champions,785.4680000000001,785.4680000000001,Silver,1,0,0,349,0.3438395415472779,1.0,0.044444444444444446,0.3095748379773122,352,620.2
17594,85,2,993.18,2,3,4,234,Needs Attention,496.59,496.59,Bronze,0,0,0,169,0.17751479289940827,1.0,0.9444444444444444,0.23610678060050722,254,275.0
17595,12,2,388.79,5,3,2,532,Potential,194.395,194.395,Bronze,0,0,0,24,1.2,1.0,0.13333333333333333,0.2938001508682181,36,114.5
17596,23,7,2827.93,4,5,5,455,Champions,403.99,403.99,Gold,1,0,0,345,0.5217391304347826,1.0,0.25555555555555554,0.2956355787137979,368,628.5714285714286
17597,214,1,2044.37,1,2,4,124,Needs Attention,2044.37,2044.37,Bronze,0,0,0,0,0.0,0.0,1.0,0.13269603395605203,213,1176.0
17600,18,1,161.67000000000002,4,2,1,421,Potential,161.67000000000002,161.67000000000002,Bronze,0,0,0,0,0.0,0.0,0.2,0.2872276913576024,17,144.0
17601,239,1,116.01,1,2,1,121,Dormant,116.01,116.01,Bronze,0,0,1,0,0.0,0.0,1.0,0.10988978347241007,238,103.0
17602,2,6,5102.97,5,5,5,555,Champions,850.495,850.495,Gold,1,0,0,321,0.4658385093167701,1.0,0.022222222222222223,0.3142927593567947,323,691.8333333333334
17603,78,1,394.72,2,2,2,222,Needs Attention,394.72,394.72,Bronze,0,0,0,0,0.0,0.0,0.8666666666666667,0.23943203289906348,77,74.0
17604,217,2,309.36,1,3,2,132,Needs Attention,154.68,154.68,Bronze,0,0,0,94,0.3157894736842105,1.0,1.0,0.12924826019511998,311,84.5
17608,33,2,193.42,4,3,1,431,Potential,96.71,96.71,Bronze,0,0,0,0,0.0,1.0,0.36666666666666664,0.27667633628892646,32,116.0
17609,41,5,1112.22,3,4,4,344,Loyal,222.444,222.444,Silver,0,0,0,286,0.313588850174216,1.0,0.45555555555555555,0.27587705045249855,326,144.6
17611,7,15,3984.22,5,5,5,555,Champions,265.61466666666666,265.61466666666666,Gold,1,0,0,353,1.1016949152542372,1.0,0.07777777777777778,0.3216036852496297,360,170.66666666666666
17612,53,6,2048.45,3,5,4,354,Loyal,341.4083333333333,341.4083333333333,Gold,0,0,0,244,0.6147540983606558,1.0,0.5888888888888889,0.269023276761615,297,301.3333333333333
17613,23,14,4559.150000000001,4,5,5,455,Champions,325.65357142857147,325.65357142857147,Gold,1,0,0,282,1.0600706713780919,1.0,0.25555555555555554,0.30815477864605806,305,178.28571428571428
17614,57,1,390.07,3,2,2,322,Dormant,390.07,390.07,Bronze,0,0,1,0,0.0,0.0,0.6333333333333333,0.25627031471214257,56,238.0
17615,130,3,329.6,2,4,2,242,Needs Attention,109.86666666666667,109.86666666666667,Bronze,0,0,0,91,0.6521739130434783,1.0,1.0,0.20049865617700707,221,46.666666666666664
17616,174,3,571.1999999999999,2,4,3,243,Needs Attention,190.4,190.4,Bronze,0,0,0,194,0.30927835051546393,1.0,1.0,0.1655494276226237,367,74.66666666666667
17618,6,3,971.58,5,4,4,544,Champions,323.86,323.86,Bronze,1,0,0,356,0.16806722689075632,1.0,0.06666666666666667,0.3008803368009856,361,110.33333333333333
17619,312,1,218.52,1,2,1,121,Dormant,218.52,218.52,Bronze,0,0,1,0,0.0,0.0,1.0,0.05147996892559339,311,127.0
17620,60,1,81.44,3,2,1,321,Dormant,81.44,81.44,Bronze,0,0,1,0,0.0,0.0,0.6666666666666666,0.25342332176924537,59,60.0
17621,21,3,1379.9,4,4,4,444,Champions,459.9666666666667,459.9666666666667,Bronze,1,0,0,333,0.18018018018018017,1.0,0.23333333333333334,0.2894311366464471,353,171.33333333333334
17623,33,1,527.05,4,2,3,423,Potential,527.05,527.05,Bronze,0,0,0,0,0.0,0.0,0.36666666666666664,0.2757171934479335,32,265.0
17624,15,2,843.48,4,3,3,433,Loyal,421.74,421.74,Bronze,0,0,0,203,0.14705882352941177,1.0,0.16666666666666666,0.29204281331530857,217,277.0
17625,18,4,2047.0,4,4,4,444,Champions,511.75,511.75,Silver,1,0,0,239,0.37656903765690375,1.0,0.2,0.29422525976908187,257,299.5
17628,81,1,75.75,2,2,1,221,Dormant,75.75,75.75,Bronze,0,0,1,0,0.0,0.0,0.9,0.23657027938820985,80,79.0
17629,6,8,1814.12,5,5,4,554,Champions,226.765,226.765,Silver,1,0,0,354,0.5932203389830508,1.0,0.06666666666666667,0.3092601139036711,359,203.625
17630,170,2,503.6,2,3,3,233,Needs Attention,251.8,251.8,Bronze,0,0,0,62,0.47619047619047616,1.0,1.0,0.1672260766488544,231,79.0
17631,2,3,528.33,5,4,3,543,Loyal,176.11,176.11,Bronze,0,0,0,230,0.2597402597402597,1.0,0.022222222222222223,0.3034561442324716,231,111.33333333333333
17633,31,4,1324.84,4,4,4,444,Champions,331.21,331.21,Silver,1,0,0,88,1.0112359550561798,1.0,0.34444444444444444,0.2827665536600729,119,161.0
17634,36,9,2361.9700000000003,3,5,5,355,Loyal,262.4411111111111,262.4411111111111,Gold,0,0,0,301,0.7973421926910299,1.0,0.4,0.28741341690234634,337,93.33333333333333
17636,19,1,285.56,4,2,2,422,Potential,285.56,285.56,Bronze,0,0,0,0,0.0,0.0,0.2111111111111111,0.2866024079066409,18,182.0
17637,31,2,547.0600000000001,4,3,3,433,Loyal,273.53000000000003,273.53000000000003,Bronze,0,0,0,83,0.35714285714285715,1.0,0.34444444444444444,0.2787854429181543,114,140.0
17639,276,1,108.5,1,2,1,121,Dormant,108.5,108.5,Bronze,0,0,1,0,0.0,0.0,1.0,0.08019991840408039,275,49.0
17640,87,1,621.66,2,2,3,223,Needs Attention,621.66,621.66,Bronze,0,0,0,0,0.0,0.0,0.9666666666666667,0.23253674319582307,86,250.0
17642,120,2,712.29,2,3,3,233,Needs Attention,356.145,356.145,Bronze,0,0,0,56,0.5263157894736842,1.0,1.0,0.20763093789447923,175,237.0
17643,373,1,101.55,1,2,1,121,Dormant,101.55,101.55,Bronze,0,0,1,0,0.0,0.0,1.0,0.0023825105015656007,372,71.0
17644,1,11,2895.64,5,5,5,555,Champions,263.24,263.24,Gold,1,0,0,259,0.8108108108108109,1.0,0.011111111111111112,0.3191209217838417,260,163.0
17646,219,3,1008.39,1,4,4,144,At Risk,336.13,336.13,Bronze,0,1,0,145,0.410958904109589,1.0,1.0,0.13007726887863993,364,107.66666666666667
17647,65,1,133.06,3,2,1,321,Dormant,133.06,133.06,Bronze,0,0,1,0,0.0,0.0,0.7222222222222222,0.2494863152201752,64,30.0
17648,61,4,1797.5,3,4,4,344,Loyal,449.375,449.375,Silver,0,0,0,188,0.31746031746031744,1.0,0.6777777777777778,0.2593771146502569,249,121.75
17649,138,1,868.49,2,2,3,223,Needs Attention,868.49,868.49,Bronze,0,0,0,0,0.0,0.0,1.0,0.1919800073146506,137,399.0
17650,21,1,166.07999999999998,4,2,1,421,Potential,166.07999999999998,166.07999999999998,Bronze,0,0,0,0,0.0,0.0,0.23333333333333334,0.2848275696132611,20,150.0
17651,12,10,3945.0,5,5,5,555,Champions,394.5,394.5,Gold,1,0,0,165,1.4457831325301205,1.0,0.13333333333333333,0.3103599691929243,176,311.2
17652,25,12,4867.72,4,5,5,455,Champions,405.6433333333334,405.6433333333334,Gold,1,0,0,255,1.2890625,1.0,0.2777777777777778,0.3041201773533956,280,209.08333333333334
17653,37,4,1207.56,3,4,4,344,Loyal,301.89,301.89,Silver,0,0,0,83,1.0714285714285714,1.0,0.4111111111111111,0.2777862997633342,119,352.25
17654,277,1,117.55,1,2,1,121,Dormant,117.55,117.55,Bronze,0,0,1,0,0.0,0.0,1.0,0.07941069843241177,276,41.0
17655,11,7,2638.94,5,5,5,555,Champions,376.99142857142857,376.99142857142857,Gold,1,0,0,355,0.5056179775280899,1.0,0.12222222222222222,0.3049914599542841,365,159.42857142857142
17656,73,5,1674.69,2,4,4,244,At Risk,334.938,334.938,Silver,0,1,0,55,2.1818181818181817,1.0,0.8111111111111111,0.2510115390359173,128,279.8
17658,26,2,595.42,4,3,3,433,Loyal,297.71,297.71,Bronze,0,0,0,185,0.16129032258064516,1.0,0.28888888888888886,0.2828651730246983,210,308.0
17659,17,12,2999.46,4,5,5,455,Champions,249.955,249.955,Gold,1,0,0,354,0.9295774647887324,1.0,0.18888888888888888,0.30787030912189295,371,127.08333333333333
17660,141,1,196.0,2,2,1,221,Dormant,196.0,196.0,Bronze,0,0,1,0,0.0,0.0,1.0,0.18861359655196486,140,130.0
17663,26,7,1802.91,4,5,4,454,Champions,257.55857142857144,257.55857142857144,Silver,1,0,0,261,0.6870229007633588,1.0,0.28888888888888886,0.2917659239451483,286,113.85714285714286
17664,19,2,604.64,4,3,3,433,Loyal,302.32,302.32,Bronze,0,0,0,193,0.15463917525773196,1.0,0.2111111111111111,0.28849330803107837,211,302.0
17666,4,2,728.16,5,3,3,533,Loyal,364.08,364.08,Bronze,0,0,0,61,0.4838709677419355,1.0,0.044444444444444446,0.3007017209962482,65,298.0
17667,66,5,2055.51,3,4,4,344,Loyal,411.102,411.102,Silver,0,0,0,232,0.3879310344827586,1.0,0.7333333333333333,0.2571701408752369,298,206.6
17668,1,2,347.75,5,3,2,532,Potential,173.875,173.875,Bronze,0,0,0,36,0.8108108108108109,1.0,0.011111111111111112,0.3025650948149025,37,46.5
17669,43,7,3406.7200000000003,3,5,5,355,Loyal,486.67428571428576,486.67428571428576,Gold,0,0,0,206,0.8695652173913043,1.0,0.4777777777777778,0.28041903289042297,249,273.7142857142857
17670,228,1,205.7,1,2,1,121,Dormant,205.7,205.7,Bronze,0,0,1,0,0.0,0.0,1.0,0.11884134724974621,227,110.0
17671,16,4,1572.71,4,4,4,444,Champions,393.1775,393.1775,Silver,1,0,0,349,0.2571428571428571,1.0,0.17777777777777778,0.2951524788714107,364,193.0
17672,50,2,3178.17,3,3,5,335,Loyal,1589.085,1589.085,Bronze,0,0,0,259,0.11583011583011583,1.0,0.5555555555555556,0.2673007661929729,308,845.0
17673,2,6,1629.12,5,5,4,554,Champions,271.52,271.52,Silver,1,0,0,318,0.4702194357366771,1.0,0.022222222222222223,0.30933376525666795,319,247.83333333333334
17674,74,2,551.04,2,3,3,233,Needs Attention,275.52,275.52,Bronze,0,0,0,294,0.10204081632653061,1.0,0.8222222222222222,0.2442991458424229,368,336.0
17675,1,31,20374.28,5,5,5,555,Champions,657.2348387096774,657.2348387096774,Platinum,1,0,0,366,2.2950819672131146,1.0,0.011111111111111112,0.3727801827865942,366,269.6774193548387
17676,4,6,1387.68,5,5,4,554,Champions,231.28,231.28,Silver,1,0,0,362,0.41436464088397784,1.0,0.044444444444444446,0.30738482649249876,365,155.33333333333334
17677,2,30,16363.23,5,5,5,555,Champions,545.441,545.441,Platinum,1,0,0,367,1.3896457765667574,1.0,0.022222222222222223,0.3648167786268553,368,325.8333333333333
17678,264,1,298.11,1,2,2,122,Needs Attention,298.11,298.11,Bronze,0,0,0,0,0.0,0.0,1.0,0.09009625912505881,263,207.0
17679,53,2,1992.11,3,3,4,334,Loyal,996.055,996.055,Bronze,0,0,0,32,0.9090909090909091,1.0,0.5888888888888889,0.26320122342976837,85,364.5
17680,24,1,184.4,4,2,1,421,Potential,184.4,184.4,Bronze,0,0,0,0,0.0,0.0,0.26666666666666666,0.28244730468712803,23,96.0
17682,10,6,2474.33,5,5,5,555,Champions,412.3883333333333,412.3883333333333,Gold,1,0,0,358,0.4189944134078213,1.0,0.1111111111111111,0.30412320804834597,367,227.83333333333334
17684,44,1,239.41,3,2,1,321,Dormant,239.41,239.41,Bronze,0,0,1,0,0.0,0.0,0.4888888888888889,0.2664830518730183,43,145.0
17685,17,7,3191.53,4,5,5,455,Champions,455.9328571428572,455.9328571428572,Gold,1,0,0,355,0.5056179775280899,1.0,0.18888888888888888,0.30096745960270477,371,279.42857142857144
17686,7,7,5739.46,5,5,5,555,Champions,819.9228571428572,819.9228571428572,Gold,1,0,0,295,0.4067796610169492,1.0,0.07777777777777778,0.31262607375973733,302,354.0
17690,30,15,4757.95,4,5,5,455,Champions,317.19666666666666,317.19666666666666,Gold,1,0,0,342,1.1370262390670554,1.0,0.3333333333333333,0.30425900327308675,372,118.2
17691,358,2,290.40000000000003,1,3,2,132,Needs Attention,145.20000000000002,145.20000000000002,Bronze,0,0,0,10,3.0,1.0,1.0,0.016119590117388095,368,67.0
17692,127,4,740.94,2,4,3,243,Needs Attention,185.235,185.235,Bronze,0,0,0,232,0.3879310344827586,1.0,1.0,0.20492767650848837,358,168.0
17693,137,1,200.47,2,2,1,221,Dormant,200.47,200.47,Bronze,0,0,1,0,0.0,0.0,1.0,0.19182853372092037,136,231.0
17694,142,1,283.12,2,2,2,222,Needs Attention,283.12,283.12,Bronze,0,0,0,0,0.0,0.0,1.0,0.18793582315093021,141,184.0
17695,132,2,765.34,2,3,3,233,Needs Attention,382.67,382.67,Bronze,0,0,0,39,0.75,1.0,1.0,0.19808099943851987,171,389.5
17696,38,8,2285.71,3,5,5,355,Loyal,285.71375,285.71375,Gold,0,0,0,326,0.5521472392638036,1.0,0.4222222222222222,0.2842648693714344,364,219.5
17697,236,1,338.95,1,2,2,122,Needs Attention,338.95,338.95,Bronze,0,0,0,0,0.0,0.0,1.0,0.11261445213405169,235,93.0
17698,261,1,154.95,1,2,1,121,Dormant,154.95,154.95,Bronze,0,0,1,0,0.0,0.0,1.0,0.09229831231969514,260,93.0
17700,17,4,2534.64,4,4,5,445,Champions,633.66,633.66,Silver,1,0,0,264,0.339622641509434,1.0,0.18888888888888888,0.2957235151854565,280,316.5
17701,253,1,417.95,1,2,2,122,Needs Attention,417.95,417.95,Bronze,0,0,0,0,0.0,0.0,1.0,0.09909086266292547,252,109.0
17702,30,4,1824.37,4,4,4,444,Champions,456.0925,456.0925,Silver,1,0,0,175,0.5113636363636364,1.0,0.3333333333333333,0.2842817823020763,205,338.25
17703,35,3,798.74,3,4,3,343,Loyal,266.24666666666667,266.24666666666667,Bronze,0,0,0,103,0.5825242718446602,1.0,0.3888888888888889,0.2773715719721376,137,196.66666666666666
17704,169,2,885.19,2,3,3,233,Needs Attention,442.595,442.595,Bronze,0,0,0,71,0.4225352112676056,1.0,1.0,0.1685729434548059,239,171.5
17705,3,9,1823.52,5,5,4,554,Champions,202.61333333333332,202.61333333333332,Silver,1,0,0,298,0.8053691275167785,1.0,0.03333333333333333,0.3131153564126773,301,107.0
17706,4,17,10504.49,5,5,5,555,Champions,617.9111764705882,617.9111764705882,Platinum,1,0,0,362,0.9116022099447515,1.0,0.044444444444444446,0.3361887386245342,366,229.35294117647058
17707,185,2,152.4,1,3,1,131,Dormant,76.2,76.2,Bronze,0,0,1,151,0.1986754966887417,1.0,1.0,0.1546926456844282,335,72.0
17708,188,2,267.08,1,3,2,132,Needs Attention,133.54,133.54,Bronze,0,0,0,137,0.21897810218978103,1.0,1.0,0.15244993668946324,324,45.5
17709,170,1,137.45,2,2,1,221,Dormant,137.45,137.45,Bronze,0,0,1,0,0.0,0.0,1.0,0.16526798310723054,169,17.0
17711,11,2,385.1,5,3,2,532,Potential,192.55,192.55,Bronze,0,0,0,279,0.10752688172043011,1.0,0.12222222222222222,0.2945970223528699,289,123.0
17712,45,1,522.91,3,2,3,323,Dormant,522.91,522.91,Bronze,0,0,1,0,0.0,0.0,0.5,0.2660856150614687,44,215.0
17714,321,1,153.0,1,2,1,121,Dormant,153.0,153.0,Bronze,0,0,1,0,0.0,0.0,1.0,0.04416718640760189,320,92.0
17715,201,1,326.4,1,2,2,122,Needs Attention,326.4,326.4,Bronze,0,0,0,0,0.0,0.0,1.0,0.14067140305467124,200,384.0
17716,23,11,5655.99,4,5,5,455,Champions,514.180909090909,514.180909090909,Platinum,1,0,0,245,0.9795918367346939,1.0,0.25555555555555554,0.30541432077060493,267,279.27272727272725
17718,232,1,139.35,1,2,1,121,Dormant,139.35,139.35,Bronze,0,0,1,0,0.0,0.0,1.0,0.11553807507642494,231,83.0
17719,38,15,5396.04,3,5,5,355,Loyal,359.736,359.736,Gold,0,0,0,217,1.926605504587156,1.0,0.4222222222222222,0.2987527778988917,255,164.4
17720,26,4,1195.94,4,4,4,444,Champions,298.985,298.985,Silver,1,0,0,341,0.26392961876832843,1.0,0.28888888888888886,0.2865932413801614,367,144.0
17722,96,4,2424.04,2,4,5,245,At Risk,606.01,606.01,Bronze,0,1,0,270,0.3333333333333333,1.0,1.0,0.23219664739690482,366,398.75
17723,127,6,3276.4000000000005,2,5,5,255,At Risk,546.0666666666667,546.0666666666667,Bronze,0,1,0,87,1.7241379310344829,1.0,1.0,0.21141791250046402,213,132.0
17724,71,3,1033.0,3,4,4,344,Loyal,344.3333333333333,344.3333333333333,Bronze,0,0,0,67,0.8955223880597015,1.0,0.7888888888888889,0.24882897771249995,137,100.0
17725,16,11,3439.08,4,5,5,455,Champions,312.64363636363635,312.64363636363635,Gold,1,0,0,250,1.195219123505976,1.0,0.17777777777777778,0.30786460827749157,266,196.54545454545453
17727,15,1,1060.25,4,2,4,424,Potential,1060.25,1060.25,Bronze,0,0,0,0,0.0,0.0,0.16666666666666666,0.29091685036102893,14,645.0
17728,4,3,2876.01,5,4,5,545,Champions,958.67,958.67,Bronze,1,0,0,82,0.7228915662650602,1.0,0.044444444444444446,0.3052032288442456,86,489.6666666666667
17730,3,13,5298.4800000000005,5,5,5,555,Champions,407.5753846153847,407.5753846153847,Platinum,1,0,0,323,1.1145510835913313,1.0,0.03333333333333333,0.32381756185546007,325,275.0769230769231
17731,79,4,1240.11,2,4,4,244,At Risk,310.0275,310.0275,Silver,0,1,0,104,0.5769230769230769,1.0,0.8777777777777778,0.24414292600226165,182,123.25
17732,373,1,303.97,1,2,2,122,Needs Attention,303.97,303.97,Bronze,0,0,0,0,0.0,0.0,1.0,0.0026714693183676093,372,93.0
17733,39,2,692.19,3,3,3,333,Loyal,346.095,346.095,Bronze,0,0,0,222,0.13452914798206278,1.0,0.43333333333333335,0.2725755067528778,261,231.5
17734,54,3,700.63,3,4,3,343,Loyal,233.5433333333333,233.5433333333333,Bronze,0,0,0,180,0.3333333333333333,1.0,0.6,0.2619908761678514,233,140.66666666666666
17735,2,19,13110.02,5,5,5,555,Champions,690.001052631579,690.001052631579,Platinum,1,0,0,365,1.3972602739726028,1.0,0.022222222222222223,0.34438327909337857,367,444.1578947368421
17736,9,3,377.44,5,4,2,542,Potential,125.81333333333332,125.81333333333332,Bronze,0,0,0,104,0.5769230769230769,1.0,0.1,0.297625772314836,112,79.33333333333333
17737,9,2,168.24,5,3,1,531,Potential,84.12,84.12,Bronze,0,0,0,49,0.6122448979591837,1.0,0.1,0.2958917282065541,57,54.0
17738,19,4,1879.05,4,4,4,444,Champions,469.7625,469.7625,Silver,1,0,0,262,0.22813688212927757,1.0,0.2111111111111111,0.29318336856643823,281,257.25
17739,12,7,2791.35,5,5,5,555,Champions,398.7642857142857,398.7642857142857,Gold,1,0,0,348,0.5157593123209169,1.0,0.13333333333333333,0.30440688940449445,359,123.0
17742,113,2,355.11,2,3,2,232,Needs Attention,177.555,177.555,Bronze,0,0,0,219,0.136986301369863,1.0,1.0,0.21273602917753026,332,44.5
17744,4,6,2322.4,5,5,5,555,Champions,387.06666666666666,387.06666666666666,Gold,1,0,0,354,0.4225352112676056,1.0,0.044444444444444446,0.3087191589954193,357,568.6666666666666
17746,240,1,110.25,1,2,1,121,Dormant,110.25,110.25,Bronze,0,0,1,0,0.0,0.0,1.0,0.10907942191356212,239,29.0
17747,113,1,71.4,2,2,1,221,Dormant,71.4,71.4,Bronze,0,0,1,0,0.0,0.0,1.0,0.21089562047365543,112,12.0
17749,178,2,674.52,2,3,3,233,Needs Attention,337.26,337.26,Bronze,0,0,0,78,0.38461538461538464,1.0,1.0,0.1610529562522041,255,160.0
17750,5,9,1797.57,5,5,4,554,Champions,199.73,199.73,Silver,1,0,0,158,1.509433962264151,1.0,0.05555555555555555,0.3114740341658121,163,439.6666666666667
17752,359,1,80.64,1,2,1,121,Dormant,80.64,80.64,Bronze,0,0,1,0,0.0,0.0,1.0,0.01358260755986884,358,192.0
17754,1,5,1772.26,5,4,4,544,Champions,354.452,354.452,Silver,1,0,0,259,0.46153846153846156,1.0,0.011111111111111112,0.30890483296277804,259,373.8
17757,1,30,5605.29,5,5,5,555,Champions,186.843,186.843,Platinum,1,0,0,370,2.345013477088949,1.0,0.011111111111111112,0.3502617315481586,371,110.66666666666667
17758,19,8,3456.7,4,5,5,455,Champions,432.0875,432.0875,Gold,1,0,0,230,0.6493506493506493,1.0,0.2111111111111111,0.30117712399090946,249,261.375
17759,17,3,834.99,4,4,3,443,Loyal,278.33,278.33,Bronze,0,0,0,152,0.19736842105263158,1.0,0.18888888888888888,0.29186182228504653,168,236.0
17760,22,2,287.59,4,3,2,432,Potential,143.795,143.795,Bronze,0,0,0,351,0.08522727272727272,1.0,0.24444444444444444,0.28563429536069634,372,119.5
17761,33,1,712.78,4,2,3,423,Potential,712.78,712.78,Bronze,0,0,0,0,0.0,0.0,0.36666666666666664,0.27598232693792774,32,398.0
17763,263,1,15.0,1,2,1,121,Dormant,15.0,15.0,Bronze,0,0,1,0,0.0,0.0,1.0,0.09049425266982912,262,12.0
17764,51,2,818.82,3,3,3,333,Loyal,409.41,409.41,Bronze,0,0,0,160,0.18633540372670807,1.0,0.5666666666666667,0.26313060529790794,210,197.5
17765,159,3,371.88,2,4,2,242,Needs Attention,123.96,123.96,Bronze,0,0,0,98,0.6122448979591837,1.0,1.0,0.17729697968266384,256,48.0
17767,15,1,271.2,4,2,2,422,Potential,271.2,271.2,Bronze,0,0,0,0,0.0,0.0,0.16666666666666666,0.28979046485367976,14,128.0
17768,8,3,2273.1800000000003,5,4,5,545,Champions,757.7266666666668,757.7266666666668,Bronze,1,0,0,157,0.379746835443038,1.0,0.08888888888888889,0.30113412016248675,165,395.3333333333333
17769,13,10,3997.98,5,5,5,555,Champions,399.798,399.798,Gold,1,0,0,308,0.8766233766233766,1.0,0.14444444444444443,0.3096334602222542,320,186.2
17770,199,5,1143.27,1,4,4,144,At Risk,228.654,228.654,Bronze,0,1,0,83,1.0714285714285714,1.0,1.0,0.1491834070675616,281,73.0
17771,57,2,245.81,3,3,1,331,Dormant,122.905,122.905,Bronze,0,0,1,266,0.11235955056179775,1.0,0.6333333333333333,0.2574997872198572,322,143.5
17772,11,2,182.77,5,3,1,531,Potential,91.385,91.385,Bronze,0,0,0,0,0.0,1.0,0.12222222222222222,0.294308192012965,10,29.0
17774,97,4,1225.41,2,4,4,244,At Risk,306.3525,306.3525,Bronze,0,1,0,208,0.43062200956937796,1.0,1.0,0.22968343876860423,304,128.0
17775,255,1,56.4,1,2,1,121,Dormant,56.4,56.4,Bronze,0,0,1,0,0.0,0.0,1.0,0.09697046434196312,254,72.0
17777,25,3,665.86,4,4,3,443,Loyal,221.95333333333332,221.95333333333332,Bronze,0,0,0,75,0.7894736842105263,1.0,0.2777777777777778,0.2852032733454976,99,169.0
17779,21,3,658.57,4,4,3,443,Loyal,219.5233333333333,219.5233333333333,Bronze,0,0,0,122,0.4918032786885246,1.0,0.23333333333333334,0.28840142286656467,143,132.33333333333334
17781,159,2,188.02,2,3,1,231,Dormant,94.01,94.01,Bronze,0,0,1,93,0.3191489361702128,1.0,1.0,0.17559910895852263,252,17.0
17783,72,2,283.47,2,3,2,232,Needs Attention,141.735,141.735,Bronze,0,0,0,175,0.17142857142857143,1.0,0.8,0.2455214621021933,247,177.0
17785,53,1,131.94,3,2,1,321,Dormant,131.94,131.94,Bronze,0,0,1,0,0.0,0.0,0.5888888888888889,0.2591103848457646,52,67.0
17786,85,2,278.74,2,3,2,232,Needs Attention,139.37,139.37,Bronze,0,0,0,231,0.12931034482758622,1.0,0.9444444444444444,0.23508690244085884,316,100.0
17787,153,4,1865.19,2,4,4,244,At Risk,466.2975,466.2975,Bronze,0,1,0,218,0.410958904109589,1.0,1.0,0.18567695210824114,370,227.5
17788,74,2,1117.9,2,3,4,234,Needs Attention,558.95,558.95,Bronze,0,0,0,55,0.5357142857142857,1.0,0.8222222222222222,0.24510835044123916,129,105.5
17789,281,1,225.9,1,2,1,121,Dormant,225.9,225.9,Bronze,0,0,1,0,0.0,0.0,1.0,0.07635681419158388,280,74.0
17790,27,14,1965.55,4,5,4,454,Champions,140.39642857142857,140.39642857142857,Silver,1,0,0,338,0.9763313609467456,1.0,0.3,0.30124380382594845,364,59.714285714285715
17791,30,1,106.1,4,2,1,421,Potential,106.1,106.1,Bronze,0,0,0,0,0.0,0.0,0.3333333333333333,0.277522695562047,29,46.0
17793,25,1,323.04,4,2,2,422,Potential,323.04,323.04,Bronze,0,0,0,0,0.0,0.0,0.2777777777777778,0.2818430771720812,24,232.0
17795,180,2,350.39,1,3,2,132,Needs Attention,175.195,175.195,Bronze,0,0,0,85,0.35294117647058826,1.0,1.0,0.15898597577001622,264,170.5
17796,40,4,697.9,3,4,3,343,Loyal,174.475,174.475,Silver,0,0,0,329,0.2735562310030395,1.0,0.4444444444444444,0.2746523322579346,369,44.5
17797,22,3,780.43,4,4,3,443,Loyal,260.1433333333333,260.1433333333333,Bronze,0,0,0,160,0.1875,1.0,0.24444444444444444,0.287773241547813,182,166.0
17799,22,10,3055.93,4,5,5,455,Champions,305.593,305.593,Gold,1,0,0,339,0.7079646017699115,1.0,0.24444444444444444,0.3010694126529265,360,175.8
17800,37,9,1199.01,3,5,4,354,Loyal,133.22333333333333,133.22333333333333,Silver,0,0,0,296,0.8080808080808081,1.0,0.4111111111111111,0.2849511279509321,333,81.77777777777777
17802,82,3,1285.04,2,4,4,244,At Risk,428.3466666666666,428.3466666666666,Bronze,0,1,0,290,0.20689655172413793,1.0,0.9111111111111111,0.240365240713475,371,250.66666666666666
17805,74,1,512.31,2,2,3,223,Needs Attention,512.31,512.31,Bronze,0,0,0,0,0.0,0.0,0.8222222222222222,0.2428084512524704,73,478.0
17806,11,1,546.04,5,2,3,523,Potential,546.04,546.04,Bronze,0,0,0,0,0.0,0.0,0.12222222222222222,0.2933913608967523,10,727.0
17809,16,12,5411.91,4,5,5,455,Champions,450.9925,450.9925,Platinum,1,0,0,357,0.7563025210084034,1.0,0.17777777777777778,0.31211627138625037,373,171.41666666666666
17811,4,39,7837.73,5,5,5,555,Champions,200.9674358974359,200.9674358974359,Platinum,1,0,0,329,3.3738601823708207,1.0,0.044444444444444446,0.36396082988044204,333,107.1025641025641
17812,13,4,732.16,5,4,3,543,Loyal,183.04,183.04,Silver,0,0,0,355,0.25280898876404495,1.0,0.14444444444444443,0.29635899314079484,367,87.5
17813,14,5,1770.88,4,4,4,444,Champions,354.17600000000004,354.17600000000004,Silver,1,0,0,57,2.1052631578947367,1.0,0.15555555555555556,0.29847505549705805,70,158.0
17816,37,4,36.56,3,4,1,341,Dormant,9.14,9.14,Bronze,0,0,1,328,0.2735562310030395,1.0,0.4111111111111111,0.2761146725798782,364,7.5
17817,4,3,387.68,5,4,2,542,Potential,129.22666666666666,129.22666666666666,Bronze,0,0,0,272,0.10989010989010989,1.0,0.044444444444444446,0.30165108531785023,276,22.333333333333332
17819,72,7,3704.87,2,5,5,255,At Risk,529.2671428571429,529.2671428571429,Silver,0,1,0,299,0.6,1.0,0.8,0.25758261621455186,370,147.28571428571428
17824,51,1,298.4,3,2,2,322,Dormant,298.4,298.4,Bronze,0,0,1,0,0.0,0.0,0.5666666666666667,0.2609522880794337,50,408.0
17827,5,5,1995.46,5,4,4,544,Champions,399.092,399.092,Silver,1,0,0,359,0.1671309192200557,1.0,0.05555555555555555,0.3060148995178681,364,249.4
17828,23,4,1820.09,4,4,4,444,Champions,455.0225,455.0225,Silver,1,0,0,162,0.5555555555555556,1.0,0.25555555555555554,0.28989064577389045,184,166.75
17829,299,1,889.24,1,2,3,123,Needs Attention,889.24,889.24,Bronze,0,0,0,0,0.0,0.0,1.0,0.0628652433503009,298,496.0
17830,2,3,398.7,5,4,2,542,Potential,132.9,132.9,Bronze,0,0,0,287,0.20905923344947736,1.0,0.022222222222222223,0.3032710946750067,288,30.666666666666668
17831,33,1,35.400000000000006,4,2,1,421,Potential,35.400000000000006,35.400000000000006,Bronze,0,0,0,0,0.0,0.0,0.36666666666666664,0.2750153527094654,32,12.0
17832,50,1,155.37,3,2,1,321,Dormant,155.37,155.37,Bronze,0,0,1,0,0.0,0.0,0.5555555555555556,0.261550248776944,49,208.0
17835,3,3,350.64,5,4,2,542,Potential,116.88,116.88,Bronze,0,0,0,20,2.857142857142857,1.0,0.03333333333333333,0.3024003489745189,22,116.0
17836,47,1,110.21,3,2,1,321,Dormant,110.21,110.21,Bronze,0,0,1,0,0.0,0.0,0.5222222222222223,0.26389219903731786,46,88.0
17837,42,8,1593.38,3,5,4,354,Loyal,199.1725,199.1725,Silver,0,0,0,120,1.7355371900826446,1.0,0.4666666666666667,0.28006799755310907,162,64.75
17838,27,5,2779.3,4,4,5,445,Champions,555.86,555.86,Silver,1,0,0,345,0.3468208092485549,1.0,0.3,0.2894867888168665,371,375.8
17839,42,1,338.8,3,2,2,322,Dormant,338.8,338.8,Bronze,0,0,1,0,0.0,0.0,0.4666666666666667,0.2682292112679219,41,285.0
17841,2,124,40991.57,5,5,5,555,Champions,330.5771774193548,330.5771774193548,Platinum,1,0,0,371,8.951612903225806,1.0,0.022222222222222223,0.53490248278159,372,186.05645161290323
17843,303,1,205.48,1,2,1,121,Dormant,205.48,205.48,Bronze,0,0,1,0,0.0,0.0,1.0,0.05868060538762221,302,113.0
17844,107,1,51.56,2,2,1,221,Dormant,51.56,51.56,Bronze,0,0,1,0,0.0,0.0,1.0,0.21568013268004788,106,52.0
17846,85,1,2033.1,2,2,4,224,Needs Attention,2033.1,2033.1,Bronze,0,0,0,0,0.0,0.0,0.9444444444444444,0.2361558816223692,84,1.0
17848,81,9,901.2,2,5,3,253,Needs Attention,100.13333333333334,100.13333333333334,Silver,0,0,0,276,0.8664259927797834,1.0,0.9,0.24923188025134974,357,44.22222222222222
17849,218,4,605.8000000000001,1,4,3,143,Needs Attention,151.45000000000002,151.45000000000002,Bronze,0,0,0,115,0.7826086956521738,1.0,1.0,0.13174010890346133,333,28.5
17850,372,34,5391.21,1,5,5,155,At Risk,158.565,158.565,Bronze,0,1,0,1,30.0,1.0,1.0,0.05810417174213381,373,50.970588235294116
17852,12,2,114.34,5,3,1,531,Potential,57.17,57.17,Bronze,0,0,0,0,0.0,1.0,0.13333333333333333,0.29340836770809897,11,26.5
17854,185,2,311.26,1,3,2,132,Needs Attention,155.63,155.63,Bronze,0,0,0,41,0.7142857142857143,1.0,1.0,0.15491942168303094,226,42.0
17855,373,1,208.97,1,2,1,121,Dormant,208.97,208.97,Bronze,0,0,1,0,0.0,0.0,1.0,0.0025358548158669137,372,197.0
17856,2,4,1418.03,5,4,4,544,Champions,354.5075,354.5075,Silver,1,0,0,279,0.32142857142857145,1.0,0.022222222222222223,0.3061616164349822,281,210.5
17857,4,23,26879.04,5,5,5,555,Champions,1168.6539130434785,1168.6539130434785,Platinum,1,0,0,361,1.5789473684210527,1.0,0.044444444444444446,0.36817619409931934,365,837.2173913043479
17858,6,12,5155.66,5,5,5,555,Champions,429.6383333333333,429.6383333333333,Platinum,1,0,0,363,0.9065934065934065,1.0,0.06666666666666667,0.31977185948409975,368,225.5
17859,305,1,148.21,1,2,1,121,Dormant,148.21,148.21,Bronze,0,0,1,0,0.0,0.0,1.0,0.05699457318056416,304,127.0
17860,369,1,252.8,1,2,2,122,Needs Attention,252.8,252.8,Bronze,0,0,0,0,0.0,0.0,1.0,0.005806979214490131,368,104.0
17861,3,8,2100.8,5,5,5,555,Champions,262.6,262.6,Gold,1,0,0,316,0.569620253164557,1.0,0.03333333333333333,0.31207577275888526,319,248.5
17862,324,1,330.9,1,2,2,122,Needs Attention,330.9,330.9,Bronze,0,0,0,0,0.0,0.0,1.0,0.04201472529524845,323,100.0
17863,59,6,3160.0,3,5,5,355,Loyal,526.6666666666666,526.6666666666666,Gold,0,0,0,310,0.4838709677419355,1.0,0.6555555555555556,0.2657972035923283,368,439.6666666666667
17864,13,3,597.5,5,4,3,543,Loyal,199.16666666666663,199.16666666666663,Bronze,0,0,0,262,0.22813688212927757,1.0,0.14444444444444443,0.29473135645373816,275,270.0
17865,31,20,10526.32,4,5,5,455,Champions,526.316,526.316,Gold,1,0,0,333,1.347305389221557,1.0,0.34444444444444444,0.3188683674946864,363,287.85
17866,143,1,329.65000000000003,2,2,2,222,Needs Attention,329.65000000000003,329.65000000000003,Bronze,0,0,0,0,0.0,0.0,1.0,0.18720010666930084,142,174.0
17867,30,6,1197.1,4,5,4,454,Champions,199.51666666666668,199.51666666666668,Silver,1,0,0,258,0.3488372093023256,1.0,0.3333333333333333,0.28625715455200956,288,90.33333333333333
17869,107,5,428.18,2,4,2,242,Needs Attention,85.636,85.636,Bronze,0,0,0,260,0.3448275862068966,1.0,1.0,0.22195939246306218,367,22.2
17870,2,12,1894.35,5,5,4,554,Champions,157.86249999999998,157.86249999999998,Silver,1,0,0,364,0.6593406593406593,1.0,0.022222222222222223,0.3183248268638267,366,116.75
17871,205,1,155.9,1,2,1,121,Dormant,155.9,155.9,Bronze,0,0,1,0,0.0,0.0,1.0,0.13721945456097684,204,182.0
17873,80,5,1859.16,2,4,4,244,At Risk,371.832,371.832,Silver,0,1,0,293,0.40955631399317405,1.0,0.8888888888888888,0.24565990058731998,372,209.4
17874,185,6,683.46,1,5,3,153,Needs Attention,113.91,113.91,Bronze,0,0,0,70,0.8571428571428571,1.0,1.0,0.16119237182287627,255,36.833333333333336
17877,170,1,237.61,2,2,1,221,Dormant,237.61,237.61,Bronze,0,0,1,0,0.0,0.0,1.0,0.16541096361849864,169,98.0
17878,44,1,379.45,3,2,2,322,Dormant,379.45,379.45,Bronze,0,0,1,0,0.0,0.0,0.4888888888888889,0.2666829619249151,43,401.0
17879,174,1,178.52,2,2,1,221,Dormant,178.52,178.52,Bronze,0,0,1,0,0.0,0.0,1.0,0.16211805524821057,173,45.0
17880,365,1,458.92,1,2,2,122,Needs Attention,458.92,458.92,Bronze,0,0,0,0,0.0,0.0,1.0,0.009309776009016871,364,314.0
17881,304,1,133.35,1,2,1,121,Dormant,133.35,133.35,Bronze,0,0,1,0,0.0,0.0,1.0,0.057775499254764044,303,32.0
17883,3,4,671.77,5,4,3,543,Loyal,167.9425,167.9425,Silver,0,0,0,242,0.37037037037037035,1.0,0.03333333333333333,0.30429417551716825,245,94.75
17884,4,4,717.45,5,4,3,543,Loyal,179.3625,179.3625,Silver,0,0,0,367,0.24456521739130435,1.0,0.044444444444444446,0.30355724564262176,371,213.5
17885,12,1,190.19,5,2,1,521,Potential,190.19,190.19,Bronze,0,0,0,0,0.0,0.0,0.13333333333333333,0.2920812384833731,11,167.0
17886,32,3,899.61,4,4,3,443,Loyal,299.87,299.87,Bronze,0,0,0,217,0.27522935779816515,1.0,0.35555555555555557,0.2799219831356712,249,160.33333333333334
17887,129,1,111.35,2,2,1,221,Dormant,111.35,111.35,Bronze,0,0,1,0,0.0,0.0,1.0,0.19811842534182916,128,30.0
17888,21,8,726.05,4,5,3,453,Loyal,90.75625,90.75625,Silver,0,0,0,335,0.625,1.0,0.23333333333333334,0.29567478548179554,356,122.5
17889,212,2,203.87,1,3,1,131,Dormant,101.935,101.935,Bronze,0,0,1,109,0.2727272727272727,1.0,1.0,0.13310836618366678,321,39.5
17890,323,2,602.09,1,3,3,133,Needs Attention,301.045,301.045,Bronze,0,0,0,38,0.7692307692307693,1.0,1.0,0.04463940047264792,360,208.0
17891,162,1,203.86,2,2,1,221,Dormant,203.86,203.86,Bronze,0,0,1,0,0.0,0.0,1.0,0.1717798970815492,161,393.0
17892,56,3,244.1,3,4,1,341,Dormant,81.36666666666666,81.36666666666666,Bronze,0,0,1,99,0.6060606060606061,1.0,0.6222222222222222,0.2597348918948099,154,36.333333333333336
17893,225,1,112.25,1,2,1,121,Dormant,112.25,112.25,Bronze,0,0,1,0,0.0,0.0,1.0,0.12111436251721737,224,161.0
17894,72,8,1119.81,2,5,4,254,At Risk,139.97625,139.97625,Silver,0,1,0,294,0.711864406779661,1.0,0.8,0.25532779527275384,365,50.625
17895,44,1,98.0,3,2,1,321,Dormant,98.0,98.0,Bronze,0,0,1,0,0.0,0.0,0.4888888888888889,0.26628118611724333,43,130.0
17896,23,1,256.32,4,2,2,422,Potential,256.32,256.32,Bronze,0,0,0,0,0.0,0.0,0.25555555555555554,0.2833521110405597,22,288.0
17897,173,3,566.6,2,4,3,243,Needs Attention,188.86666666666667,188.86666666666667,Bronze,0,0,0,200,0.29850746268656714,1.0,1.0,0.16634500006309366,373,76.33333333333333
17898,85,2,152.06,2,3,1,231,Dormant,76.03,76.03,Bronze,0,0,1,121,0.2459016393442623,1.0,0.9444444444444444,0.23490606407057685,206,95.0
17899,159,1,155.8,2,2,1,221,Dormant,155.8,155.8,Bronze,0,0,1,0,0.0,0.0,1.0,0.1741177075307941,158,171.0
17900,190,2,112.2,1,3,1,131,Dormant,56.1,56.1,Bronze,0,0,1,0,0.0,1.0,1.0,0.15062456414988842,189,36.5
17901,29,1,110.38,4,2,1,421,Potential,110.38,110.38,Bronze,0,0,0,0,0.0,0.0,0.32222222222222224,0.2783309443896981,28,24.0
17904,21,1,191.67,4,2,1,421,Potential,191.67,191.67,Bronze,0,0,0,0,0.0,0.0,0.23333333333333334,0.28486409987767153,20,63.0
17905,71,4,800.24,3,4,3,343,Loyal,200.06,200.06,Silver,0,0,0,302,0.29801324503311255,1.0,0.7888888888888889,0.24993211460472706,372,101.75
17906,247,1,72.9,1,2,1,121,Dormant,72.9,72.9,Bronze,0,0,1,0,0.0,0.0,1.0,0.1034111307392311,246,26.0
17908,374,1,243.28,1,2,1,121,Dormant,243.28,243.28,Bronze,0,0,1,0,0.0,0.0,1.0,0.0017826940266526907,373,173.0
17911,9,1,366.23,5,2,2,522,Potential,366.23,366.23,Bronze,0,0,0,0,0.0,0.0,0.1,0.29473895640641173,8,223.0
17912,310,5,311.01,1,4,2,142,Needs Attention,62.202,62.202,Bronze,0,0,0,54,1.6666666666666667,1.0,1.0,0.058957905219310595,364,37.0
17913,59,2,411.6,3,3,2,332,Dormant,205.8,205.8,Bronze,0,0,1,296,0.10101010101010101,1.0,0.6555555555555556,0.2561321778646708,355,144.5
17914,4,1,336.43,5,2,2,522,Potential,336.43,336.43,Bronze,0,0,0,0,0.0,0.0,0.044444444444444446,0.2987071114654246,3,473.0
17917,45,3,341.28,3,4,2,342,Dormant,113.76,113.76,Bronze,0,0,1,317,0.1892744479495268,1.0,0.5,0.2686971478050274,362,62.333333333333336
17919,88,1,1304.04,2,2,4,224,Needs Attention,1304.04,1304.04,Bronze,0,0,0,0,0.0,0.0,0.9777777777777777,0.232708715992247,87,756.0
17920,4,17,4204.1,5,5,5,555,Champions,247.3,247.3,Gold,1,0,0,369,1.3008130081300813,1.0,0.044444444444444446,0.32719479909389887,373,148.0
17921,64,4,826.52,3,4,3,343,Loyal,206.63,206.63,Silver,0,0,0,202,0.44554455445544555,1.0,0.7111111111111111,0.25558460312071407,265,107.5
17923,282,1,207.50000000000003,1,2,1,121,Dormant,207.50000000000003,207.50000000000003,Bronze,0,0,1,0,0.0,0.0,1.0,0.07552840876629796,281,50.0
17924,12,7,2962.5,5,5,5,555,Champions,423.2142857142857,423.2142857142857,Gold,1,0,0,361,0.3314917127071823,1.0,0.13333333333333333,0.3046512096371575,373,165.71428571428572
17925,373,1,244.08,1,2,1,121,Dormant,244.08,244.08,Bronze,0,0,1,0,0.0,0.0,1.0,0.002585975080949013,372,72.0
17926,133,2,397.29,2,3,2,232,Needs Attention,198.645,198.645,Bronze,0,0,0,70,0.42857142857142855,1.0,1.0,0.1967534612679775,203,153.0
17928,45,2,212.54,3,3,1,331,Dormant,106.27,106.27,Bronze,0,0,1,200,0.14925373134328357,1.0,0.5,0.2670779620427582,245,70.0
17929,11,4,843.0,5,4,3,543,Loyal,210.75,210.75,Silver,0,0,0,297,0.30303030303030304,1.0,0.12222222222222222,0.2981214976520524,308,27.0
17930,36,5,1740.48,3,4,4,344,Loyal,348.096,348.096,Silver,0,0,0,203,0.5882352941176471,1.0,0.4,0.2807846000327284,238,318.8
17931,134,2,408.36,2,3,2,232,Needs Attention,204.18,204.18,Bronze,0,0,0,121,0.24793388429752067,1.0,1.0,0.19596712488888834,255,124.5
17932,29,3,1331.57,4,4,4,444,Champions,443.8566666666666,443.8566666666666,Bronze,1,0,0,182,0.32967032967032966,1.0,0.32222222222222224,0.282945032253236,210,263.0
17934,52,2,704.25,3,3,3,333,Loyal,352.125,352.125,Bronze,0,0,0,7,4.285714285714286,1.0,0.5777777777777777,0.262164915170459,58,239.0
17935,138,2,145.79,2,3,1,231,Dormant,72.895,72.895,Bronze,0,0,1,3,10.0,1.0,1.0,0.19238374452945461,141,41.0
17936,5,1,389.84,5,2,2,522,Potential,389.84,389.84,Bronze,0,0,0,0,0.0,0.0,0.05555555555555555,0.29798121632881847,4,262.0
17937,9,7,4301.22,5,5,5,555,Champions,614.46,614.46,Gold,1,0,0,353,0.5084745762711864,1.0,0.1,0.30896867776827525,361,250.57142857142858
17939,160,1,99.14,2,2,1,221,Dormant,99.14,99.14,Bronze,0,0,1,0,0.0,0.0,1.0,0.17323468514902735,159,40.0
17940,49,10,4106.4400000000005,3,5,5,355,Loyal,410.64400000000006,410.64400000000006,Gold,0,0,0,253,0.9486166007905138,1.0,0.5444444444444444,0.28091128381088404,302,975.5
17941,131,1,304.56,2,2,2,222,Needs Attention,304.56,304.56,Bronze,0,0,0,0,0.0,0.0,1.0,0.1967899586146277,130,252.0
17942,8,1,77.50000000000001,5,2,1,521,Potential,77.50000000000001,77.50000000000001,Bronze,0,0,0,0,0.0,0.0,0.08888888888888889,0.29512892728271833,7,38.0
17946,233,2,149.57999999999998,1,3,1,131,Dormant,74.78999999999999,74.78999999999999,Bronze,0,0,1,26,1.1538461538461537,1.0,1.0,0.11618594627819408,258,37.5
17947,37,1,176.68,3,2,1,321,Dormant,176.68,176.68,Bronze,0,0,1,0,0.0,0.0,0.4111111111111111,0.27200847673776757,36,168.0
17948,147,1,358.56000000000006,2,2,2,222,Needs Attention,358.56000000000006,358.56000000000006,Bronze,0,0,0,0,0.0,0.0,1.0,0.18403282015396077,146,144.0
17949,1,45,58510.48,5,5,5,555,Champions,1300.232888888889,1300.232888888889,Platinum,1,0,0,370,2.2702702702702706,1.0,0.011111111111111112,0.44731610593773047,370,678.8
17950,72,3,482.2,2,4,2,242,Needs Attention,160.73333333333332,160.73333333333332,Bronze,0,0,0,293,0.10238907849829351,1.0,0.8,0.24724056006477857,364,122.0
17951,40,3,1008.54,3,4,4,344,Loyal,336.18,336.18,Bronze,0,0,0,333,0.17964071856287425,1.0,0.4444444444444444,0.2736603707073365,373,205.33333333333334
17954,5,12,2332.72,5,5,5,555,Champions,194.3933333333333,194.3933333333333,Gold,1,0,0,365,0.9016393442622951,1.0,0.05555555555555555,0.31654419216690854,370,186.16666666666666
17955,199,4,557.3,1,4,3,143,Needs Attention,139.325,139.325,Bronze,0,0,0,20,2.857142857142857,1.0,1.0,0.14691151584236195,219,68.25
17956,249,1,12.75,1,2,1,121,Dormant,12.75,12.75,Bronze,0,0,1,0,0.0,0.0,1.0,0.10172098727146565,248,1.0
17957,66,1,111.68,3,2,1,321,Dormant,111.68,111.68,Bronze,0,0,1,0,0.0,0.0,0.7333333333333333,0.248653655782074,65,287.0
17958,117,1,508.46,2,2,3,223,Needs Attention,508.46,508.46,Bronze,0,0,0,0,0.0,0.0,1.0,0.20831097668669077,116,84.0
17960,171,1,73.78,2,2,1,221,Dormant,73.78,73.78,Bronze,0,0,1,0,0.0,0.0,1.0,0.16437495380270034,170,41.0
17961,21,39,1296.44,4,5,4,454,Champions,33.242051282051285,33.242051282051285,Silver,1,0,0,350,2.905982905982906,1.0,0.23333333333333334,0.3409866368855229,371,14.35897435897436
17962,142,1,102.83,2,2,1,221,Dormant,102.83,102.83,Bronze,0,0,1,0,0.0,0.0,1.0,0.18767845537560549,141,128.0
17964,32,2,471.7,4,3,2,432,Potential,235.85,235.85,Bronze,0,0,0,340,0.08797653958944282,1.0,0.35555555555555557,0.2778757258922111,371,150.5
17965,38,14,2622.57,3,5,5,355,Loyal,187.32642857142855,187.32642857142855,Gold,0,0,0,331,1.0843373493975903,1.0,0.4222222222222222,0.2933581843134786,368,111.14285714285714
17966,38,5,1098.43,3,4,4,344,Loyal,219.686,219.686,Silver,0,0,0,223,0.40178571428571425,1.0,0.4222222222222222,0.2782637820491193,260,514.2
17967,372,1,123.07,1,2,1,121,Dormant,123.07,123.07,Bronze,0,0,1,0,0.0,0.0,1.0,0.0032153697926178633,371,80.0
17968,374,1,277.35,1,2,2,122,Needs Attention,277.35,277.35,Bronze,0,0,0,0,0.0,0.0,1.0,0.0018313296698126771,373,160.0
17969,166,2,228.2,2,3,1,231,Dormant,114.1,114.1,Bronze,0,0,1,194,0.15384615384615385,1.0,1.0,0.1700414934934429,360,76.0
17970,211,1,582.59,1,2,3,123,Needs Attention,582.59,582.59,Bronze,0,0,0,0,0.0,0.0,1.0,0.13301572930555708,210,525.0
17972,242,1,136.04,1,2,1,121,Dormant,136.04,136.04,Bronze,0,0,1,0,0.0,0.0,1.0,0.10751195960732204,241,37.0
17973,52,1,337.04,3,2,2,322,Dormant,337.04,337.04,Bronze,0,0,1,0,0.0,0.0,0.5777777777777777,0.2602053084564914,51,176.0
17974,25,3,740.79,4,4,3,443,Loyal,246.93,246.93,Bronze,0,0,0,194,0.3076923076923077,1.0,0.2777777777777778,0.28531023749994366,219,173.0
17975,15,13,4488.81,4,5,5,455,Champions,345.29307692307697,345.29307692307697,Gold,1,0,0,351,1.0256410256410255,1.0,0.16666666666666666,0.313036072414265,366,120.61538461538461
17976,372,1,353.19,1,2,2,122,Needs Attention,353.19,353.19,Bronze,0,0,0,0,0.0,0.0,1.0,0.003543870943306917,371,106.0
17977,29,1,288.14,4,2,2,422,Potential,288.14,288.14,Bronze,0,0,0,0,0.0,0.0,0.32222222222222224,0.2785847005366931,28,342.0
17978,365,1,300.92,1,2,2,122,Needs Attention,300.92,300.92,Bronze,0,0,0,0,0.0,0.0,1.0,0.00908422767854203,364,499.0
17979,36,4,757.71,3,4,3,343,Loyal,189.4275,189.4275,Silver,0,0,0,224,0.26785714285714285,1.0,0.4,0.27794626844339954,259,99.25
17980,166,3,811.45,2,4,3,243,Needs Attention,270.4833333333333,270.4833333333333,Bronze,0,0,0,193,0.30927835051546393,1.0,1.0,0.17230950186130783,358,227.33333333333334
17984,145,1,152.68,2,2,1,221,Dormant,152.68,152.68,Bronze,0,0,1,0,0.0,0.0,1.0,0.1853432001890919,144,98.0
17985,22,1,634.95,4,2,3,423,Potential,634.95,634.95,Bronze,0,0,0,0,0.0,0.0,0.24444444444444444,0.28469475238411746,21,183.0
17986,56,1,20.8,3,2,1,321,Dormant,20.8,20.8,Bronze,0,0,1,0,0.0,0.0,0.6222222222222222,0.2565453130407501,55,10.0
17987,185,1,198.57,1,2,1,121,Dormant,198.57,198.57,Bronze,0,0,1,0,0.0,0.0,1.0,0.15332314763407895,184,261.0
17988,12,7,201.12,5,5,1,551,Potential,28.731428571428573,28.731428571428573,Bronze,0,0,0,314,0.38095238095238093,1.0,0.13333333333333333,0.30070928148015363,326,6.142857142857143
17990,237,3,630.84,1,4,3,143,Needs Attention,210.28,210.28,Bronze,0,0,0,124,0.48,1.0,1.0,0.11509980562148381,361,138.0
17991,225,2,93.35,1,3,1,131,Dormant,46.675,46.675,Bronze,0,0,1,0,30.0,1.0,1.0,0.12252278906738973,225,12.5
17994,122,4,678.49,2,4,3,243,Needs Attention,169.6225,169.6225,Bronze,0,0,0,169,0.5325443786982248,1.0,1.0,0.20884922300427344,290,124.25
17995,282,1,76.1,1,2,1,121,Dormant,76.1,76.1,Bronze,0,0,1,0,0.0,0.0,1.0,0.0753408324965233,281,133.0
17997,74,8,1970.67,2,5,4,254,At Risk,246.33375,246.33375,Silver,0,1,0,89,2.333333333333333,1.0,0.8222222222222222,0.2549381377831269,163,287.25
17999,37,2,382.06,3,3,2,332,Dormant,191.03,191.03,Bronze,0,0,1,329,0.0911854103343465,1.0,0.4111111111111111,0.27373706771552786,365,110.5
18001,12,2,417.23,5,3,2,532,Potential,208.615,208.615,Bronze,0,0,0,74,0.40540540540540543,1.0,0.13333333333333333,0.29384074956770356,86,181.5
18004,362,1,169.47,1,2,1,121,Dormant,169.47,169.47,Bronze,0,0,1,0,0.0,0.0,1.0,0.01130299714501291,361,78.0
18005,4,2,249.72,5,3,1,531,Potential,124.86,124.86,Bronze,0,0,0,43,0.6818181818181818,1.0,0.044444444444444446,0.3000187378112331,46,46.5
18006,23,1,444.68,4,2,2,422,Potential,444.68,444.68,Bronze,0,0,0,0,0.0,0.0,0.25555555555555554,0.2836209989109916,22,220.0
18008,70,9,2116.19,3,5,5,355,Loyal,235.13222222222225,235.13222222222225,Silver,0,0,0,248,0.846774193548387,1.0,0.7777777777777778,0.2597898334988336,318,175.66666666666666
18009,235,1,257.34,1,2,2,122,Needs Attention,257.34,257.34,Bronze,0,0,0,0,0.0,0.0,1.0,0.11330009117623137,234,126.0
18010,257,1,174.8,1,2,1,121,Dormant,174.8,174.8,Bronze,0,0,1,0,0.0,0.0,1.0,0.09553520476284502,256,60.0
18011,373,1,102.79,1,2,1,121,Dormant,102.79,102.79,Bronze,0,0,1,0,0.0,0.0,1.0,0.0023842806277035045,372,71.0
18013,155,2,187.29,2,3,1,231,Dormant,93.645,93.645,Bronze,0,0,1,0,0.0,1.0,1.0,0.17880662301786757,154,142.5
18014,28,1,166.42,4,2,1,421,Potential,166.42,166.42,Bronze,0,0,0,0,0.0,0.0,0.3111111111111111,0.27921308170839587,27,68.0
18015,4,1,120.03,5,2,1,521,Potential,120.03,120.03,Bronze,0,0,0,0,0.0,0.0,0.044444444444444446,0.29839819590393885,3,157.0
18016,32,5,1483.56,4,4,4,444,Champions,296.712,296.712,Silver,1,0,0,331,0.3614457831325301,1.0,0.35555555555555557,0.283626397466856,363,205.8
18017,81,3,523.0,2,4,3,243,Needs Attention,174.33333333333334,174.33333333333334,Bronze,0,0,0,229,0.26200873362445415,1.0,0.9,0.2400795515879015,309,100.0
18018,108,2,122.14,2,3,1,231,Dormant,61.07,61.07,Bronze,0,0,1,91,0.32967032967032966,1.0,1.0,0.21641415477893194,198,27.5
18019,52,1,38.45,3,2,1,321,Dormant,38.45,38.45,Bronze,0,0,1,0,0.0,0.0,0.5777777777777777,0.25977906493752634,51,7.0
18022,36,1,668.11,3,2,3,323,Dormant,668.11,668.11,Bronze,0,0,1,0,0.0,0.0,0.4,0.2735121424590314,35,736.0
18024,153,2,389.78,2,3,2,232,Needs Attention,194.89,194.89,Bronze,0,0,0,0,0.0,1.0,1.0,0.1806999598360114,152,92.0
18027,99,1,115.31,2,2,1,221,Dormant,115.31,115.31,Bronze,0,0,1,0,0.0,0.0,1.0,0.22218824944829652,98,78.0
18030,4,2,230.65,5,3,1,531,Potential,115.325,115.325,Bronze,0,0,0,38,0.7894736842105263,1.0,0.044444444444444446,0.2999915149842574,41,33.5
18032,334,1,73.5,1,2,1,121,Dormant,73.5,73.5,Bronze,0,0,1,0,0.0,0.0,1.0,0.03362589099519397,333,42.0
18033,65,1,97.97,3,2,1,321,Dormant,97.97,97.97,Bronze,0,0,1,0,0.0,0.0,0.7222222222222222,0.24943622350551467,64,253.0
18034,22,2,422.88,4,3,2,432,Potential,211.44,211.44,Bronze,0,0,0,0,0.0,1.0,0.24444444444444444,0.28582742468746813,21,280.5
18035,36,3,730.4,3,4,3,343,Loyal,243.46666666666667,243.46666666666667,Bronze,0,0,0,7,3.75,1.0,0.4,0.2764718761441687,42,203.66666666666666
18036,32,3,405.62,4,4,2,442,Potential,135.20666666666668,135.20666666666668,Bronze,0,0,0,213,0.28169014084507044,1.0,0.35555555555555557,0.27921680199787835,245,78.0
18037,154,6,70.02,2,5,1,251,Dormant,11.67,11.67,Bronze,0,0,1,207,0.7211538461538461,1.0,1.0,0.1851829834526301,361,3.3333333333333335
18040,19,2,357.20000000000005,4,3,2,432,Potential,178.60000000000002,178.60000000000002,Bronze,0,0,0,226,0.13274336283185842,1.0,0.2111111111111111,0.28814008221530185,245,74.0
18041,12,21,4183.39,5,5,5,555,Champions,199.2090476190476,199.2090476190476,Gold,1,0,0,361,1.5789473684210527,1.0,0.13333333333333333,0.32648974962714683,372,181.85714285714286
18042,54,1,165.04999999999998,3,2,1,321,Dormant,165.04999999999998,165.04999999999998,Bronze,0,0,1,0,0.0,0.0,0.6,0.25835551103125565,53,33.0
18043,25,3,559.51,4,4,3,443,Loyal,186.50333333333333,186.50333333333333,Bronze,0,0,0,342,0.17543859649122806,1.0,0.2777777777777778,0.2850514564787508,366,94.0
18044,4,10,2088.6,5,5,5,555,Champions,208.86,208.86,Gold,1,0,0,356,0.7584269662921348,1.0,0.044444444444444446,0.31412703136141806,360,103.3
18045,45,1,189.4,3,2,1,321,Dormant,189.4,189.4,Bronze,0,0,1,0,0.0,0.0,0.5,0.26560952250642655,44,142.0
18048,203,2,172.29000000000002,1,3,1,131,Dormant,86.14500000000001,86.14500000000001,Bronze,0,0,1,0,0.0,1.0,1.0,0.14028253640489183,202,63.5
18050,359,1,74.4,1,2,1,121,Dormant,74.4,74.4,Bronze,0,0,1,0,0.0,0.0,1.0,0.013573699828336163,358,40.0
18053,71,1,300.02,3,2,2,322,Dormant,300.02,300.02,Bronze,0,0,1,0,0.0,0.0,0.7888888888888889,0.24491181991491856,70,302.0
18055,7,10,6784.1900000000005,5,5,5,555,Champions,678.4190000000001,678.4190000000001,Gold,1,0,0,362,0.7458563535911602,1.0,0.07777777777777778,0.31842366795224747,369,245.5
18056,288,1,363.65,1,2,2,122,Needs Attention,363.65,363.65,Bronze,0,0,0,0,0.0,0.0,1.0,0.07093848195817781,287,211.0
18058,10,1,170.16,5,2,1,521,Potential,170.16,170.16,Bronze,0,0,0,0,0.0,0.0,0.1111111111111111,0.29365692331102794,9,88.0
18059,23,3,306.46,4,4,2,442,Potential,102.15333333333332,102.15333333333332,Bronze,0,0,0,44,1.3636363636363635,1.0,0.25555555555555554,0.28629450034458764,67,86.0
18061,22,10,2119.41,4,5,5,455,Champions,211.941,211.941,Gold,1,0,0,344,0.7826086956521738,1.0,0.24444444444444444,0.2997325106120639,365,95.5
18062,173,3,720.52,2,4,3,243,Needs Attention,240.1733333333333,240.1733333333333,Bronze,0,0,0,164,0.36585365853658536,1.0,1.0,0.16656472410756637,337,132.0
18064,133,2,814.0,2,3,3,233,Needs Attention,407.0,407.0,Bronze,0,0,0,102,0.29411764705882354,1.0,1.0,0.1973483235767887,234,192.0
18065,6,14,2392.83,5,5,5,555,Champions,170.91642857142855,170.91642857142855,Gold,1,0,0,358,0.4178272980501393,1.0,0.06666666666666667,0.3186986748186605,364,73.35714285714286
18066,75,1,318.0,2,2,2,222,Needs Attention,318.0,318.0,Bronze,0,0,0,0,0.0,0.0,0.8333333333333334,0.24172893059418551,74,108.0
18067,40,1,396.33,3,2,2,322,Dormant,396.33,396.33,Bronze,0,0,1,0,0.0,0.0,0.4444444444444444,0.26991561463046043,39,189.0
18068,289,1,101.7,1,2,1,121,Dormant,101.7,101.7,Bronze,0,0,1,0,0.0,0.0,1.0,0.06976240377411248,288,6.0
18069,26,5,2036.67,4,4,4,444,Champions,407.334,407.334,Silver,1,0,0,301,0.39867109634551495,1.0,0.28888888888888886,0.28922880787543553,326,262.2
18071,258,2,453.0,1,3,2,132,Needs Attention,226.5,226.5,Bronze,0,0,0,108,0.2777777777777778,1.0,1.0,0.09656560878814166,365,130.0
18072,186,1,247.44,1,2,1,121,Dormant,247.44,247.44,Bronze,0,0,1,0,0.0,0.0,1.0,0.15259077155177428,185,288.0
18073,114,12,3877.52,2,5,5,255,At Risk,323.1266666666667,323.1266666666667,Bronze,0,1,0,82,3.2530120481927716,1.0,1.0,0.23131627164946383,196,259.0
18074,374,1,489.6,1,2,2,122,Needs Attention,489.6,489.6,Bronze,0,0,0,0,0.0,0.0,1.0,0.0021343210188208106,373,190.0
18075,23,10,2611.75,4,5,5,455,Champions,261.175,261.175,Gold,1,0,0,337,0.8011869436201781,1.0,0.25555555555555554,0.2996331973026433,360,146.4
18077,8,11,2633.01,5,5,5,555,Champions,239.36454545454544,239.36454545454544,Gold,1,0,0,358,0.8379888268156426,1.0,0.08888888888888889,0.3131310386608438,366,170.72727272727272
18078,217,2,336.13,1,3,2,132,Needs Attention,168.065,168.065,Bronze,0,0,0,41,0.7142857142857143,1.0,1.0,0.1292864749344036,258,72.5
18079,45,4,3651.97,3,4,5,345,Loyal,912.9925,912.9925,Silver,0,0,0,193,0.31088082901554404,1.0,0.5,0.27485863426447654,238,1858.0
18080,19,2,1231.5,4,3,4,434,Loyal,615.75,615.75,Bronze,0,0,0,223,0.13392857142857142,1.0,0.2111111111111111,0.2893881638946319,242,321.0
18081,36,3,343.45,3,4,2,342,Dormant,114.48333333333332,114.48333333333332,Bronze,0,0,1,97,0.6185567010309279,1.0,0.4,0.27591949686266715,133,65.0
18082,26,1,703.37,4,2,3,423,Potential,703.37,703.37,Bronze,0,0,0,0,0.0,0.0,0.28888888888888886,0.2815838672266069,25,621.0
18084,16,1,90.48,4,2,1,421,Potential,90.48,90.48,Bronze,0,0,0,0,0.0,0.0,0.17777777777777778,0.2887303442068579,15,312.0
18085,330,2,689.95,1,3,3,133,Needs Attention,344.975,344.975,Bronze,0,0,0,43,0.6976744186046512,1.0,1.0,0.0391498492126128,373,132.5
18086,274,1,101.34,1,2,1,121,Dormant,101.34,101.34,Bronze,0,0,1,0,0.0,0.0,1.0,0.08179397542802136,273,106.0
18087,98,2,4055.72,2,3,5,235,Needs Attention,2027.86,2027.86,Bronze,0,0,0,192,0.15625,1.0,1.0,0.23005081351901813,290,1953.5
18088,61,1,167.67000000000002,3,2,1,321,Dormant,167.67000000000002,167.67000000000002,Bronze,0,0,1,0,0.0,0.0,0.6777777777777778,0.2527442778744504,60,109.0
18092,2,11,9068.26,5,5,5,555,Champions,824.3872727272727,824.3872727272727,Platinum,1,0,0,363,0.743801652892562,1.0,0.022222222222222223,0.3271303279087859,365,386.54545454545456
18093,93,4,2106.52,2,4,5,245,At Risk,526.63,526.63,Bronze,0,1,0,209,0.43062200956937796,1.0,1.0,0.2341497980162146,302,348.0
18094,82,7,3017.3,2,5,5,255,At Risk,431.04285714285714,431.04285714285714,Silver,0,1,0,210,0.5714285714285714,1.0,0.9111111111111111,0.24857970517196343,291,359.7142857142857
18095,313,2,580.05,1,3,3,133,Needs Attention,290.025,290.025,Bronze,0,0,0,20,1.5,1.0,1.0,0.05262932828239931,332,209.5
18096,12,3,911.15,5,4,3,543,Loyal,303.71666666666664,303.71666666666664,Bronze,0,0,0,52,1.1538461538461537,1.0,0.13333333333333333,0.2959812374775854,63,275.0
18097,8,6,2697.8,5,5,5,555,Champions,449.6333333333334,449.6333333333334,Gold,1,0,0,346,0.345821325648415,1.0,0.08888888888888889,0.3060464942587263,353,281.0
18099,127,1,168.31,2,2,1,221,Dormant,168.31,168.31,Bronze,0,0,1,0,0.0,0.0,1.0,0.19980401501735276,126,149.0
18101,11,2,223.65,5,3,1,531,Potential,111.825,111.825,Bronze,0,0,0,132,0.22727272727272727,1.0,0.12222222222222222,0.2943665490746727,142,44.0
18102,1,60,259657.3,5,5,5,555,Champions,4327.621666666667,4327.621666666667,Platinum,1,0,0,366,2.043596730245232,1.0,0.011111111111111112,0.7559885319309045,366,1068.7333333333333
18104,37,1,754.64,3,2,3,323,Dormant,754.64,754.64,Bronze,0,0,1,0,0.0,0.0,0.4111111111111111,0.2728335268205602,36,362.0
18105,38,1,113.48000000000002,3,2,1,321,Dormant,113.48000000000002,113.48000000000002,Bronze,0,0,1,0,0.0,0.0,0.4222222222222222,0.2711161183681445,37,46.0
18106,330,1,430.7,1,2,2,122,Needs Attention,430.7,430.7,Bronze,0,0,0,0,0.0,0.0,1.0,0.03734435767432921,329,128.0
18108,254,1,271.0,1,2,2,122,Needs Attention,271.0,271.0,Bronze,0,0,0,0,0.0,0.0,1.0,0.0980789494029399,253,84.0
18109,2,26,8052.97,5,5,5,555,Champions,309.7296153846154,309.7296153846154,Platinum,1,0,0,368,1.9565217391304348,1.0,0.022222222222222223,0.3472120805110029,369,162.96153846153845
18110,20,1,236.3,4,2,1,421,Potential,236.3,236.3,Bronze,0,0,0,0,0.0,0.0,0.2222222222222222,0.2857299491808584,19,86.0
18112,12,2,352.69,5,3,2,532,Potential,176.345,176.345,Bronze,0,0,0,154,0.19480519480519481,1.0,0.13333333333333333,0.2937486173572678,165,127.5
18113,369,1,76.32000000000001,1,2,1,121,Dormant,76.32000000000001,76.32000000000001,Bronze,0,0,1,0,0.0,0.0,1.0,0.005555050294476207,368,72.0
18114,290,1,220.1,1,2,1,121,Dormant,220.1,220.1,Bronze,0,0,1,0,0.0,0.0,1.0,0.06912928323242755,289,55.0
18116,68,8,1418.03,3,5,4,354,Loyal,177.25375,177.25375,Silver,0,0,0,296,0.7070707070707071,1.0,0.7555555555555555,0.2589620667586523,364,106.0
18117,26,1,320.72,4,2,2,422,Potential,320.72,320.72,Bronze,0,0,0,0,0.0,0.0,0.28888888888888886,0.28103762628574486,25,618.0
18118,11,26,5653.82,5,5,5,555,Champions,217.45461538461535,217.45461538461535,Platinum,1,0,0,358,2.0891364902506964,1.0,0.12222222222222222,0.3365679919775303,369,110.84615384615384
18119,368,1,181.12,1,2,1,121,Dormant,181.12,181.12,Bronze,0,0,1,0,0.0,0.0,1.0,0.006506793540983783,367,125.0
18120,214,1,111.15,1,2,1,121,Dormant,111.15,111.15,Bronze,0,0,1,0,0.0,0.0,1.0,0.12993632165579524,213,31.0
18121,149,2,673.1,2,3,3,233,Needs Attention,336.55,336.55,Bronze,0,0,0,5,6.0,1.0,1.0,0.18431296125783345,154,225.0
18122,8,6,1826.21,5,5,4,554,Champions,304.36833333333334,304.36833333333334,Silver,1,0,0,142,1.0563380281690142,1.0,0.08888888888888889,0.3048022811615202,150,205.66666666666666
18123,24,2,589.4399999999999,4,3,3,433,Loyal,294.72,294.72,Bronze,0,0,0,7,4.285714285714286,1.0,0.26666666666666666,0.28446091452351246,30,297.0
18125,30,4,1142.99,4,4,4,444,Champions,285.7475,285.7475,Silver,1,0,0,286,0.313588850174216,1.0,0.3333333333333333,0.28330909798929815,315,201.0
18126,61,1,206.83,3,2,1,321,Dormant,206.83,206.83,Bronze,0,0,1,0,0.0,0.0,0.6777777777777778,0.25280017959990225,60,144.0
18127,19,3,348.73,4,4,2,442,Potential,116.24333333333334,116.24333333333334,Bronze,0,0,0,114,0.2631578947368421,1.0,0.2111111111111111,0.28956339781032764,133,62.666666666666664
18129,243,1,112.55,1,2,1,121,Dormant,112.55,112.55,Bronze,0,0,1,0,0.0,0.0,1.0,0.10667628809974423,242,48.0
18130,15,3,1059.39,4,4,4,444,Champions,353.13000000000005,353.13000000000005,Bronze,1,0,0,41,1.4285714285714286,1.0,0.16666666666666666,0.29378643609003025,56,274.6666666666667
18133,212,1,931.5,1,2,3,123,Needs Attention,931.5,931.5,Bronze,0,0,0,0,0.0,0.0,1.0,0.13271166664778197,211,1350.0
18135,29,5,681.91,4,4,3,443,Loyal,136.382,136.382,Silver,0,0,0,161,0.7453416149068323,1.0,0.32222222222222224,0.28488844230621146,189,69.8
18136,63,3,784.33,3,4,3,343,Loyal,261.4433333333333,261.4433333333333,Bronze,0,0,0,256,0.234375,1.0,0.7,0.2548911083452615,319,126.33333333333333
18138,295,1,152.65,1,2,1,121,Dormant,152.65,152.65,Bronze,0,0,1,0,0.0,0.0,1.0,0.06502230174848626,294,38.0
18139,18,6,8438.34,4,5,5,455,Champions,1406.39,1406.39,Gold,1,0,0,0,30.0,1.0,0.2,0.3062198457389773,17,926.1666666666666
18142,157,2,1019.52,2,3,4,234,Needs Attention,509.76,509.76,Bronze,0,0,0,58,0.5172413793103449,1.0,1.0,0.1783903708105397,215,638.0
18143,117,2,1000.16,2,3,4,234,Needs Attention,500.08,500.08,Bronze,0,0,0,25,1.2,1.0,1.0,0.2104482954997774,141,285.0
18144,8,12,2888.75,5,5,5,555,Champions,240.72916666666663,240.72916666666663,Gold,1,0,0,365,0.819672131147541,1.0,0.08888888888888889,0.31493151960014026,372,111.91666666666667
18145,13,4,2861.55,5,4,5,545,Champions,715.3875,715.3875,Silver,1,0,0,299,0.3,1.0,0.14444444444444443,0.29939874225111013,312,656.25
18146,141,2,160.35,2,3,1,231,Dormant,80.175,80.175,Bronze,0,0,1,79,0.375,1.0,1.0,0.18999811212406473,219,76.5
18147,46,2,179.34,3,3,1,331,Dormant,89.67,89.67,Bronze,0,0,1,62,0.47619047619047616,1.0,0.5111111111111111,0.2662284293055038,108,101.5
18149,51,3,612.0799999999999,3,4,3,343,Loyal,204.02666666666664,204.02666666666664,Bronze,0,0,0,222,0.26905829596412556,1.0,0.5666666666666667,0.26427088628860945,273,103.33333333333333
18150,32,3,566.58,4,4,3,443,Loyal,188.86,188.86,Bronze,0,0,0,169,0.35502958579881655,1.0,0.35555555555555557,0.2794465757907469,201,110.66666666666667
18151,135,2,653.35,2,3,3,233,Needs Attention,326.675,326.675,Bronze,0,0,0,155,0.1935483870967742,1.0,1.0,0.1955147142405883,289,177.5
18154,3,2,399.19,5,3,2,532,Potential,199.595,199.595,Bronze,0,0,0,40,0.75,1.0,0.03333333333333333,0.3010342484243376,43,127.5
18155,75,3,371.62,2,4,2,242,Needs Attention,123.87333333333332,123.87333333333332,Bronze,0,0,0,216,0.2777777777777778,1.0,0.8333333333333334,0.24467628767156827,291,88.66666666666667
18156,13,2,734.94,5,3,3,533,Loyal,367.47,367.47,Bronze,0,0,0,356,0.08403361344537816,1.0,0.14444444444444443,0.2934921482522651,369,150.5
18158,9,2,453.4,5,3,2,532,Potential,226.7,226.7,Bronze,0,0,0,79,0.379746835443038,1.0,0.1,0.2962988001174289,88,177.0
18159,301,1,530.15,1,2,3,123,Needs Attention,530.15,530.15,Bronze,0,0,0,0,0.0,0.0,1.0,0.06074835673119275,300,139.0
18160,57,2,638.0600000000001,3,3,3,333,Loyal,319.03000000000003,319.03000000000003,Bronze,0,0,0,143,0.2097902097902098,1.0,0.6333333333333333,0.25805973236307717,199,147.0
18161,15,5,1618.69,4,4,4,444,Champions,323.738,323.738,Silver,1,0,0,304,0.39473684210526316,1.0,0.16666666666666666,0.2974556620266188,319,162.4
18164,37,1,399.65,3,2,2,322,Dormant,399.65,399.65,Bronze,0,0,1,0,0.0,0.0,0.4111111111111111,0.27232677111274206,36,184.0
18165,177,1,302.46,2,2,2,222,Needs Attention,302.46,302.46,Bronze,0,0,0,0,0.0,0.0,1.0,0.15988856509843677,176,254.0
18167,23,3,1384.86,4,4,4,444,Champions,461.62000000000006,461.62000000000006,Bronze,1,0,0,82,0.7317073170731707,1.0,0.25555555555555554,0.2878339390761324,105,127.33333333333333
18168,176,6,1169.94,2,5,4,254,At Risk,194.99,194.99,Bronze,0,1,0,196,0.7653061224489796,1.0,1.0,0.16910608361426452,371,99.0
18169,61,1,202.65,3,2,1,321,Dormant,202.65,202.65,Bronze,0,0,1,0,0.0,0.0,0.6777777777777778,0.25279421256179224,60,61.0
18170,33,3,980.31,4,4,4,444,Champions,326.77000000000004,326.77000000000004,Bronze,1,0,0,183,0.32608695652173914,1.0,0.36666666666666664,0.2792350450493097,216,136.33333333333334
18171,59,5,1231.31,3,4,4,344,Loyal,246.262,246.262,Silver,0,0,0,274,0.43636363636363634,1.0,0.6555555555555556,0.2616085512639945,333,96.2
18172,15,20,7561.68,4,5,5,455,Champions,378.084,378.084,Platinum,1,0,0,275,1.4181818181818182,1.0,0.16666666666666666,0.32747050600210464,289,159.2
18173,87,4,2106.84,2,4,5,245,At Risk,526.71,526.71,Silver,0,1,0,187,0.4787234042553192,1.0,0.9666666666666667,0.23896308904755878,274,305.0
18174,7,1,104.0,5,2,1,521,Potential,104.0,104.0,Bronze,0,0,0,0,0.0,0.0,0.07777777777777778,0.29596889562874373,6,50.0
18176,358,1,476.35,1,2,2,122,Needs Attention,476.35,476.35,Bronze,0,0,0,0,0.0,0.0,1.0,0.014949630963455127,357,283.0
18177,31,6,1341.42,4,5,4,454,Champions,223.57,223.57,Silver,1,0,0,224,0.6696428571428572,1.0,0.34444444444444444,0.2856610353566912,255,118.33333333333333
18178,129,4,1590.81,2,4,4,244,At Risk,397.7025,397.7025,Bronze,0,1,0,235,0.3813559322033898,1.0,1.0,0.20453660577299326,364,245.75
18179,9,6,1793.17,5,5,4,554,Champions,298.8616666666667,298.8616666666667,Silver,1,0,0,327,0.4587155963302752,1.0,0.1,0.3039529768276384,335,226.66666666666666
18180,5,6,1843.75,5,5,4,554,Champions,307.2916666666667,307.2916666666667,Silver,1,0,0,137,1.0869565217391304,1.0,0.05555555555555555,0.3072337369935445,142,286.8333333333333
18181,24,1,382.8,4,2,2,422,Potential,382.8,382.8,Bronze,0,0,0,0,0.0,0.0,0.26666666666666666,0.28273052486919265,23,146.0
18183,227,2,632.07,1,3,3,133,Needs Attention,316.035,316.035,Bronze,0,0,0,47,0.6382978723404256,1.0,1.0,0.12168754514817788,274,185.5
18184,15,1,49.8,4,2,1,421,Potential,49.8,49.8,Bronze,0,0,0,0,0.0,0.0,0.16666666666666666,0.28947441168679916,14,60.0
18185,249,1,304.25,1,2,2,122,Needs Attention,304.25,304.25,Bronze,0,0,0,0,0.0,0.0,1.0,0.10213710966598094,248,183.0
18188,15,3,2001.04,4,4,4,444,Champions,667.0133333333333,667.0133333333333,Bronze,1,0,0,275,0.21818181818181817,1.0,0.16666666666666666,0.29513066131402793,289,389.3333333333333
18189,78,2,1090.24,2,3,4,234,Needs Attention,545.12,545.12,Bronze,0,0,0,190,0.15789473684210525,1.0,0.8666666666666667,0.24186030905846265,267,283.0
18190,192,2,284.46000000000004,1,3,2,132,Needs Attention,142.23000000000002,142.23000000000002,Bronze,0,0,0,138,0.21739130434782608,1.0,1.0,0.14926619085608284,330,70.0
18191,262,1,207.8,1,2,1,121,Dormant,207.8,207.8,Bronze,0,0,1,0,0.0,0.0,1.0,0.09157161777128474,261,140.0
18192,72,1,957.97,2,2,4,224,Needs Attention,957.97,957.97,Bronze,0,0,0,0,0.0,0.0,0.8,0.24504891837138365,71,339.0
18193,165,1,243.76,2,2,1,221,Dormant,243.76,243.76,Bronze,0,0,1,0,0.0,0.0,1.0,0.1694304380603,164,124.0
18194,82,1,973.84,2,2,4,224,Needs Attention,973.84,973.84,Bronze,0,0,0,0,0.0,0.0,0.9111111111111111,0.2370501827565751,81,632.0
18196,95,2,689.13,2,3,3,233,Needs Attention,344.565,344.565,Bronze,0,0,0,195,0.15384615384615385,1.0,1.0,0.22765135244211948,289,216.5
18198,4,17,5425.56,5,5,5,555,Champions,319.1505882352941,319.1505882352941,Platinum,1,0,0,332,1.4457831325301205,1.0,0.044444444444444446,0.3289384589909988,335,239.64705882352942
18200,106,1,163.8,2,2,1,221,Dormant,163.8,163.8,Bronze,0,0,1,0,0.0,0.0,1.0,0.21664249668338292,105,111.0
18202,200,3,1396.99,1,4,4,144,At Risk,465.66333333333336,465.66333333333336,Bronze,0,1,0,111,0.26785714285714285,1.0,1.0,0.14587264528115168,310,193.66666666666666
18203,157,1,160.42000000000002,2,2,1,221,Dormant,160.42000000000002,160.42000000000002,Bronze,0,0,1,0,0.0,0.0,1.0,0.17572858075304515,156,43.0
18204,71,3,1993.7,3,4,4,344,Loyal,664.5666666666667,664.5666666666667,Bronze,0,0,0,121,0.49586776859504134,1.0,0.7888888888888889,0.25020039721305176,191,400.0
18205,36,2,517.36,3,3,3,333,Loyal,258.68,258.68,Bronze,0,0,0,38,0.7894736842105263,1.0,0.4,0.2747323503549436,74,96.0
18209,29,1,139.10000000000002,4,2,1,421,Potential,139.10000000000002,139.10000000000002,Bronze,0,0,0,0,0.0,0.0,0.32222222222222224,0.27837194279508565,28,58.0
18210,2,6,2621.38,5,5,5,555,Champions,436.8966666666667,436.8966666666667,Gold,1,0,0,265,0.5639097744360902,1.0,0.022222222222222223,0.31075023732247153,266,233.0
18211,26,5,600.07,4,4,3,443,Loyal,120.014,120.014,Silver,0,0,0,252,0.4743083003952569,1.0,0.28888888888888886,0.2871780310934092,278,71.8
18212,326,1,248.42,1,2,1,121,Dormant,248.42,248.42,Bronze,0,0,1,0,0.0,0.0,1.0,0.04029270528178995,325,101.0
18213,237,1,232.48,1,2,1,121,Dormant,232.48,232.48,Bronze,0,0,1,0,0.0,0.0,1.0,0.11166032492734222,236,232.0
18215,89,1,299.34000000000003,2,2,2,222,Needs Attention,299.34000000000003,299.34000000000003,Bronze,0,0,0,0,0.0,0.0,0.9888888888888889,0.23047234652678805,88,118.0
18216,31,1,481.75,4,2,2,422,Potential,481.75,481.75,Bronze,0,0,0,0,0.0,0.0,0.34444444444444444,0.2772568048179232,30,200.0
18217,29,2,621.75,4,3,3,433,Loyal,310.875,310.875,Bronze,0,0,0,41,0.7317073170731707,1.0,0.32222222222222224,0.2804963425424078,70,245.5
18218,211,2,662.08,1,3,3,133,Needs Attention,331.04,331.04,Bronze,0,0,0,70,0.42857142857142855,1.0,1.0,0.13456460965468778,281,292.0
18219,3,10,2069.77,5,5,5,555,Champions,206.977,206.977,Gold,1,0,0,366,0.6557377049180327,1.0,0.03333333333333333,0.3149022901769345,368,88.5
18220,227,1,305.28,1,2,2,122,Needs Attention,305.28,305.28,Bronze,0,0,0,0,0.0,0.0,1.0,0.11978563883622169,226,288.0
18221,22,5,1041.61,4,4,4,444,Champions,208.322,208.322,Silver,1,0,0,189,0.6349206349206349,1.0,0.24444444444444444,0.29101689490034355,210,158.2
18222,93,1,443.0,2,2,2,222,Needs Attention,443.0,443.0,Bronze,0,0,0,0,0.0,0.0,1.0,0.2274688680552581,92,335.0
18223,5,14,6484.54,5,5,5,555,Champions,463.18142857142857,463.18142857142857,Platinum,1,0,0,353,1.0169491525423728,1.0,0.05555555555555555,0.3253418161300634,357,210.57142857142858
18224,264,1,158.95000000000002,1,2,1,121,Dormant,158.95000000000002,158.95000000000002,Bronze,0,0,1,0,0.0,0.0,1.0,0.08989760529171148,263,69.0
18225,3,12,5509.12,5,5,5,555,Champions,459.0933333333333,459.0933333333333,Platinum,1,0,0,361,0.9116022099447515,1.0,0.03333333333333333,0.3226828481969665,364,270.3333333333333
18226,44,11,5228.05,3,5,5,355,Loyal,475.2772727272728,475.2772727272728,Gold,0,0,0,293,1.023890784982935,1.0,0.4888888888888889,0.2879585076139808,337,315.09090909090907
18227,218,1,93.75,1,2,1,121,Dormant,93.75,93.75,Bronze,0,0,1,0,0.0,0.0,1.0,0.12670292663928878,217,21.0
18228,57,2,779.9,3,3,3,333,Loyal,389.95,389.95,Bronze,0,0,0,22,1.3043478260869565,1.0,0.6333333333333333,0.2582622119529161,79,119.0
18229,12,20,7276.9,5,5,5,555,Champions,363.845,363.845,Platinum,1,0,0,361,1.5745856353591159,1.0,0.13333333333333333,0.32947039366153935,372,124.4
18230,9,7,2810.2000000000003,5,5,5,555,Champions,401.4571428571429,401.4571428571429,Gold,1,0,0,293,0.614334470989761,1.0,0.1,0.30684021528913225,301,188.0
18231,192,5,2083.27,1,4,5,145,At Risk,416.654,416.654,Bronze,0,1,0,96,1.25,1.0,1.0,0.1561402501438111,288,164.2
18232,82,4,592.97,2,4,3,243,Needs Attention,148.2425,148.2425,Silver,0,0,0,115,0.7758620689655172,1.0,0.9111111111111111,0.24081270289892742,196,75.5
18233,326,1,440.0,1,2,2,122,Needs Attention,440.0,440.0,Bronze,0,0,0,0,0.0,0.0,1.0,0.040566189770096094,325,4.0
18235,72,3,1796.48,3,4,4,344,Loyal,598.8266666666667,598.8266666666667,Bronze,0,0,0,145,0.410958904109589,1.0,0.8,0.24911672246842714,216,526.0
18236,30,6,882.24,4,5,3,453,Loyal,147.04,147.04,Silver,0,0,0,210,0.7109004739336492,1.0,0.3333333333333333,0.28580768526508993,240,67.16666666666667
18237,3,5,987.1,5,4,4,544,Champions,197.42,197.42,Silver,1,0,0,131,0.9090909090909091,1.0,0.03333333333333333,0.30617972243755964,133,124.4
18239,219,5,1561.61,1,4,4,144,At Risk,312.322,312.322,Bronze,0,1,0,153,0.7792207792207793,1.0,1.0,0.13373781548706845,371,159.0
18240,46,1,422.58,3,2,2,322,Dormant,422.58,422.58,Bronze,0,0,1,0,0.0,0.0,0.5111111111111111,0.2651402528341841,45,126.0
18241,10,17,2073.09,5,5,5,555,Champions,121.9464705882353,121.9464705882353,Gold,1,0,0,208,2.3076923076923075,1.0,0.1111111111111111,0.31933990317483674,217,61.8235294117647
18242,72,4,2232.49,3,4,5,345,Loyal,558.1225000000001,558.1225000000001,Silver,0,0,0,141,0.425531914893617,1.0,0.8,0.2511745426326268,213,254.25
18245,7,7,2567.06,5,5,5,555,Champions,366.7228571428572,366.7228571428572,Gold,1,0,0,347,0.3448275862068966,1.0,0.07777777777777778,0.3080974058888615,354,255.42857142857142
18246,24,2,596.1,4,3,3,433,Loyal,298.05,298.05,Bronze,0,0,0,209,0.14285714285714285,1.0,0.26666666666666666,0.2844704218138983,232,83.0
18248,123,2,804.02,2,3,3,233,Needs Attention,402.01,402.01,Bronze,0,0,0,63,0.46875,1.0,1.0,0.20535546729075227,185,255.5
18249,17,1,95.34,4,2,1,421,Potential,95.34,95.34,Bronze,0,0,0,0,0.0,0.0,0.18888888888888888,0.2879351429218685,16,128.0
18250,310,1,349.27,1,2,2,122,Needs Attention,349.27,349.27,Bronze,0,0,0,0,0.0,0.0,1.0,0.053270895381533026,309,199.0
18251,87,1,4314.72,2,2,5,225,Needs Attention,4314.72,4314.72,Bronze,0,0,0,0,0.0,0.0,0.9666666666666667,0.23780866419166746,86,7824.0
18252,51,2,526.67,3,3,3,333,Loyal,263.335,263.335,Bronze,0,0,0,121,0.24793388429752067,1.0,0.5666666666666667,0.26271355501469135,171,119.5
18255,89,1,103.3,2,2,1,221,Dormant,103.3,103.3,Bronze,0,0,1,0,0.0,0.0,0.9888888888888889,0.23019249529446978,88,74.0
18257,39,8,2337.63,3,5,5,355,Loyal,292.20375,292.20375,Gold,0,0,0,256,0.7003891050583657,1.0,0.43333333333333335,0.2835368472284206,295,130.125
18259,25,3,2338.6,4,4,5,445,Champions,779.5333333333333,779.5333333333333,Bronze,1,0,0,341,0.17543859649122806,1.0,0.2777777777777778,0.2875911449551083,365,238.0
18260,173,6,2643.2000000000003,2,5,5,255,At Risk,440.53333333333336,440.53333333333336,Bronze,0,1,0,185,0.8064516129032258,1.0,1.0,0.17361561043134474,357,246.33333333333334
18261,43,2,324.24,3,3,2,332,Dormant,162.12,162.12,Bronze,0,0,1,52,0.5769230769230769,1.0,0.4777777777777778,0.26884169422214377,95,73.0
18262,140,1,149.48,2,2,1,221,Dormant,149.48,149.48,Bronze,0,0,1,0,0.0,0.0,1.0,0.18934932730880505,139,182.0
18263,26,3,1213.16,4,4,4,444,Champions,404.3866666666667,404.3866666666667,Bronze,1,0,0,226,0.2643171806167401,1.0,0.28888888888888886,0.2851824165945764,252,489.3333333333333
18265,72,2,801.51,3,3,3,333,Loyal,400.755,400.755,Bronze,0,0,0,85,0.3488372093023256,1.0,0.8,0.246260975121935,157,155.5
18268,134,1,25.5,2,2,1,221,Dormant,25.5,25.5,Bronze,0,0,1,0,0.0,0.0,1.0,0.19398517747003516,133,2.0
18269,366,1,168.60000000000002,1,2,1,121,Dormant,168.60000000000002,168.60000000000002,Bronze,0,0,1,0,0.0,0.0,1.0,0.008093199051941587,365,76.0
18270,38,2,283.15000000000003,3,3,2,332,Dormant,141.57500000000002,141.57500000000002,Bronze,0,0,1,228,0.13157894736842105,1.0,0.4222222222222222,0.27279373256817535,266,50.5
18272,3,6,3078.58,5,5,5,555,Champions,513.0966666666667,513.0966666666667,Gold,1,0,0,244,0.6147540983606558,1.0,0.03333333333333333,0.3106007609223364,246,341.6666666666667
18273,2,3,204.0,5,4,1,541,Potential,68.0,68.0,Bronze,0,0,0,255,0.23529411764705882,1.0,0.022222222222222223,0.3029931563209342,257,26.666666666666668
18274,30,1,175.92,4,2,1,421,Potential,175.92,175.92,Bronze,0,0,0,0,0.0,0.0,0.3333333333333333,0.27762236508377963,29,88.0
18276,44,1,335.86,3,2,2,322,Dormant,335.86,335.86,Bronze,0,0,1,0,0.0,0.0,0.4888888888888889,0.26662073628108346,43,186.0
18277,58,1,110.38,3,2,1,321,Dormant,110.38,110.38,Bronze,0,0,1,0,0.0,0.0,0.6444444444444445,0.2550689123041366,57,68.0
18278,74,1,173.9,2,2,1,221,Dormant,173.9,173.9,Bronze,0,0,1,0,0.0,0.0,0.8222222222222222,0.24232536384414133,73,66.0
18280,278,1,180.6,1,2,1,121,Dormant,180.6,180.6,Bronze,0,0,1,0,0.0,0.0,1.0,0.0786985645990067,277,45.0
18281,181,1,80.82,1,2,1,121,Dormant,80.82,80.82,Bronze,0,0,1,0,0.0,0.0,1.0,0.15636361317676464,180,54.0
18282,8,2,178.05,5,3,1,531,Potential,89.025,89.025,Bronze,0,0,0,118,0.25210084033613445,1.0,0.08888888888888889,0.2967078712257718,125,51.5
18283,4,16,2094.88,5,5,5,555,Champions,130.93,130.93,Gold,1,0,0,333,1.1676646706586826,1.0,0.044444444444444446,0.3227484363851814,336,87.3125
18287,43,3,1837.28,3,4,4,344,Loyal,612.4266666666666,612.4266666666666,Bronze,0,0,0,158,0.37735849056603776,1.0,0.4777777777777778,0.27243699741400995,201,528.6666666666666
