CustomerID,Recency,Frequency,Monetary,R_Score,F_Score,M_Score,RFM_Score,RFM_Segment,Frequency_Monetary_Ratio,Avg_Order_Value,Customer_Tier,Is_Champion,Is_At_Risk,Is_Dormant
12346,326,1,77183.6,1,1,5,115,Dormant,77183.6,77183.6,Bronze,0,0,1
12347,2,7,4310.0,5,5,5,555,Champions,615.7142857142857,615.7142857142857,Gold,1,0,0
12348,75,4,1797.24,2,4,4,244,At Risk,449.31,449.31,Silver,0,1,0
12349,19,1,1757.55,4,1,4,414,Potential,1757.55,1757.55,Bronze,0,0,0
12350,310,1,334.40000000000003,1,1,2,112,Dormant,334.40000000000003,334.40000000000003,Bronze,0,0,1
12352,36,8,2506.04,3,5,5,355,Loyal,313.255,313.255,Gold,0,0,0
12353,204,1,89.0,1,1,1,111,Dormant,89.0,89.0,Bronze,0,0,1
12354,232,1,1079.4,1,1,4,114,Dormant,1079.4,1079.4,Bronze,0,0,1
12355,214,1,459.40000000000003,1,1,2,112,Dormant,459.40000000000003,459.40000000000003,Bronze,0,0,1
12356,23,3,2811.43,4,3,5,435,Loyal,937.1433333333333,937.1433333333333,Bronze,0,0,0
12357,33,1,6207.67,3,1,5,315,Dormant,6207.67,6207.67,Bronze,0,0,1
12358,2,2,1168.06,5,2,4,524,Potential,584.03,584.03,Bronze,0,0,0
12359,58,4,6372.58,3,4,5,345,Loyal,1593.145,1593.145,Silver,0,0,0
12360,52,3,2662.06,3,3,5,335,Loyal,887.3533333333334,887.3533333333334,Bronze,0,0,0
12361,287,1,189.9,1,1,1,111,Dormant,189.9,189.9,Bronze,0,0,1
12362,3,10,5226.2300000000005,5,5,5,555,Champions,522.623,522.623,Gold,1,0,0
12363,110,2,552.0,2,2,3,223,Needs Attention,276.0,276.0,Bronze,0,0,0
12364,8,4,1313.1,5,4,4,544,Champions,328.275,328.275,Silver,1,0,0
12365,291,2,641.38,1,2,3,123,Needs Attention,320.69,320.69,Bronze,0,0,0
12367,4,1,168.9,5,1,1,511,Potential,168.9,168.9,Bronze,0,0,0
12370,51,4,3545.69,3,4,5,345,Loyal,886.4225,886.4225,Silver,0,0,0
12371,45,2,1887.96,3,2,4,324,Dormant,943.98,943.98,Bronze,0,0,1
12372,72,3,1298.04,2,3,4,234,Needs Attention,432.68,432.68,Bronze,0,0,0
12373,311,1,364.6,1,1,2,112,Dormant,364.6,364.6,Bronze,0,0,1
12374,25,1,742.9300000000001,4,1,3,413,Potential,742.9300000000001,742.9300000000001,Bronze,0,0,0
12375,11,2,457.5,5,2,2,522,Potential,228.75,228.75,Bronze,0,0,0
12377,315,2,1628.1200000000001,1,2,4,124,Needs Attention,814.0600000000001,814.0600000000001,Bronze,0,0,0
12378,130,1,4008.62,2,1,5,215,Dormant,4008.62,4008.62,Bronze,0,0,1
12379,82,2,852.24,2,2,3,223,Needs Attention,426.12,426.12,Bronze,0,0,0
12380,22,4,2724.81,4,4,5,445,Champions,681.2025,681.2025,Silver,1,0,0
12381,5,5,1845.31,5,4,4,544,Champions,369.062,369.062,Silver,1,0,0
12383,185,5,1850.56,1,4,4,144,At Risk,370.11199999999997,370.11199999999997,Bronze,0,1,0
12384,29,2,585.27,4,2,3,423,Potential,292.635,292.635,Bronze,0,0,0
12386,338,2,401.9,1,2,2,122,Needs Attention,200.95,200.95,Bronze,0,0,0
12388,16,6,2780.6600000000003,4,4,5,445,Champions,463.4433333333334,463.4433333333334,Gold,1,0,0
12390,80,1,549.84,2,1,3,213,Dormant,549.84,549.84,Bronze,0,0,1
12391,22,1,460.89,4,1,2,412,Potential,460.89,460.89,Bronze,0,0,0
12393,72,4,1582.6000000000001,2,4,4,244,At Risk,395.65000000000003,395.65000000000003,Silver,0,1,0
12394,64,2,1272.48,3,2,4,324,Dormant,636.24,636.24,Bronze,0,0,1
12395,19,12,3018.63,4,5,5,455,Champions,251.5525,251.5525,Gold,1,0,0
12397,36,2,2409.9,3,2,5,325,Dormant,1204.95,1204.95,Bronze,0,0,1
12398,46,1,1635.6599999999999,3,1,4,314,Dormant,1635.6599999999999,1635.6599999999999,Bronze,0,0,1
12399,119,4,1108.65,2,4,4,244,At Risk,277.1625,277.1625,Bronze,0,1,0
12401,303,1,84.3,1,1,1,111,Dormant,84.3,84.3,Bronze,0,0,1
12402,323,1,225.60000000000002,1,1,1,111,Dormant,225.60000000000002,225.60000000000002,Bronze,0,0,1
12403,50,1,427.7,3,1,2,312,Dormant,427.7,427.7,Bronze,0,0,1
12405,149,1,1710.39,2,1,4,214,Dormant,1710.39,1710.39,Bronze,0,0,1
12406,22,2,3415.3,4,2,5,425,Potential,1707.65,1707.65,Bronze,0,0,0
12407,50,5,1708.12,3,4,4,344,Loyal,341.62399999999997,341.62399999999997,Silver,0,0,0
12408,33,5,2888.55,3,4,5,345,Loyal,577.71,577.71,Silver,0,0,0
12409,79,3,11072.67,2,3,5,235,Needs Attention,3690.89,3690.89,Bronze,0,0,0
12410,309,2,693.33,1,2,3,123,Needs Attention,346.665,346.665,Bronze,0,0,0
12412,75,3,1226.88,2,3,4,234,Needs Attention,408.96000000000004,408.96000000000004,Bronze,0,0,0
12413,67,3,758.1,3,3,3,333,Loyal,252.70000000000002,252.70000000000002,Bronze,0,0,0
12414,217,3,562.4100000000001,1,3,3,133,Needs Attention,187.47000000000003,187.47000000000003,Bronze,0,0,0
12415,24,21,124914.53,4,5,5,455,Champions,5948.310952380953,5948.310952380953,Platinum,1,0,0
12417,3,9,3649.1,5,5,5,555,Champions,405.4555555555555,405.4555555555555,Gold,1,0,0
12418,113,1,668.58,2,1,3,213,Dormant,668.58,668.58,Bronze,0,0,1
12420,64,1,600.39,3,1,3,313,Dormant,600.39,600.39,Bronze,0,0,1
12421,16,4,807.04,4,4,3,443,Loyal,201.76,201.76,Silver,0,0,0
12422,96,3,803.5600000000001,2,3,3,233,Needs Attention,267.85333333333335,267.85333333333335,Bronze,0,0,0
12423,1,8,1859.31,5,5,4,554,Champions,232.41375,232.41375,Silver,1,0,0
12424,163,2,1760.96,2,2,4,224,Needs Attention,880.48,880.48,Bronze,0,0,0
12425,78,1,777.2,2,1,3,213,Dormant,777.2,777.2,Bronze,0,0,1
12426,195,1,582.73,1,1,3,113,Dormant,582.73,582.73,Bronze,0,0,1
12427,22,3,825.8000000000001,4,3,3,433,Loyal,275.2666666666667,275.2666666666667,Bronze,0,0,0
12428,26,9,7956.46,4,5,5,455,Champions,884.0511111111111,884.0511111111111,Gold,1,0,0
12429,9,4,3750.4,5,4,5,545,Champions,937.6,937.6,Silver,1,0,0
12430,43,1,256.4,3,1,2,312,Dormant,256.4,256.4,Bronze,0,0,1
12431,36,15,6487.45,3,5,5,355,Loyal,432.49666666666667,432.49666666666667,Gold,0,0,0
12432,43,5,5059.32,3,4,5,345,Loyal,1011.8639999999999,1011.8639999999999,Silver,0,0,0
12433,1,7,13375.87,5,5,5,555,Champions,1910.8385714285716,1910.8385714285716,Gold,1,0,0
12434,85,2,806.14,2,2,3,223,Needs Attention,403.07,403.07,Bronze,0,0,0
12435,80,2,7829.89,2,2,5,225,Needs Attention,3914.945,3914.945,Bronze,0,0,0
12436,100,1,509.01,2,1,3,213,Dormant,509.01,509.01,Bronze,0,0,1
12437,2,18,4951.41,5,5,5,555,Champions,275.0783333333333,275.0783333333333,Gold,1,0,0
12438,14,2,2906.85,4,2,5,425,Potential,1453.425,1453.425,Bronze,0,0,0
12441,367,1,173.55,1,1,1,111,Dormant,173.55,173.55,Bronze,0,0,1
12442,3,1,172.06,5,1,1,511,Potential,172.06,172.06,Bronze,0,0,0
12444,21,5,5005.46,4,4,5,445,Champions,1001.092,1001.092,Silver,1,0,0
12445,22,1,133.4,4,1,1,411,Potential,133.4,133.4,Bronze,0,0,0
12446,58,1,1002.3100000000001,3,1,4,314,Dormant,1002.3100000000001,1002.3100000000001,Bronze,0,0,1
12447,243,1,476.49,1,1,2,112,Dormant,476.49,476.49,Bronze,0,0,1
12448,44,1,449.45,3,1,2,312,Dormant,449.45,449.45,Bronze,0,0,1
12449,22,4,4067.29,4,4,5,445,Champions,1016.8225,1016.8225,Silver,1,0,0
12450,156,2,197.88,2,2,1,221,Dormant,98.94,98.94,Bronze,0,0,1
12451,11,5,9035.52,5,4,5,545,Champions,1807.104,1807.104,Silver,1,0,0
12452,17,2,430.57000000000005,4,2,2,422,Potential,215.28500000000003,215.28500000000003,Bronze,0,0,0
12453,134,1,707.09,2,1,3,213,Dormant,707.09,707.09,Bronze,0,0,1
12454,56,1,3528.34,3,1,5,315,Dormant,3528.34,3528.34,Bronze,0,0,1
12455,73,6,2466.86,2,4,5,245,At Risk,411.1433333333334,411.1433333333334,Silver,0,1,0
12456,44,3,3181.04,3,3,5,335,Loyal,1060.3466666666666,1060.3466666666666,Bronze,0,0,0
12457,66,7,2363.23,3,5,5,355,Loyal,337.6042857142857,337.6042857142857,Silver,0,0,0
12458,71,2,947.4,3,2,4,324,Dormant,473.7,473.7,Bronze,0,0,1
12461,94,2,826.88,2,2,3,223,Needs Attention,413.44,413.44,Bronze,0,0,0
12462,19,2,1189.59,4,2,4,424,Potential,594.795,594.795,Bronze,0,0,0
12463,53,4,1344.78,3,4,4,344,Loyal,336.195,336.195,Silver,0,0,0
12464,10,8,1212.05,5,5,4,554,Champions,151.50625,151.50625,Silver,1,0,0
12465,17,2,742.19,4,2,3,423,Potential,371.095,371.095,Bronze,0,0,0
12468,188,2,729.54,1,2,3,123,Needs Attention,364.77,364.77,Bronze,0,0,0
12471,2,30,19824.05,5,5,5,555,Champions,660.8016666666666,660.8016666666666,Platinum,1,0,0
12472,32,7,6572.11,4,5,5,455,Champions,938.8728571428571,938.8728571428571,Gold,1,0,0
12473,29,5,3938.55,4,4,5,445,Champions,787.71,787.71,Silver,1,0,0
12474,17,18,7375.79,4,5,5,455,Champions,409.7661111111111,409.7661111111111,Platinum,1,0,0
12475,54,1,723.38,3,1,3,313,Dormant,723.38,723.38,Bronze,0,0,1
12476,16,11,6816.42,4,5,5,455,Champions,619.6745454545454,619.6745454545454,Platinum,1,0,0
12477,23,6,13219.74,4,4,5,445,Champions,2203.29,2203.29,Gold,1,0,0
12478,4,1,680.99,5,1,3,513,Potential,680.99,680.99,Bronze,0,0,0
12479,11,1,527.2,5,1,3,513,Potential,527.2,527.2,Bronze,0,0,0
12480,28,4,3281.63,4,4,5,445,Champions,820.4075,820.4075,Silver,1,0,0
12481,23,10,5596.32,4,5,5,455,Champions,559.632,559.632,Gold,1,0,0
12483,17,8,2484.98,4,5,5,455,Champions,310.6225,310.6225,Gold,1,0,0
12484,33,6,4541.72,3,4,5,345,Loyal,756.9533333333334,756.9533333333334,Gold,0,0,0
12488,10,3,1298.66,5,3,4,534,Loyal,432.8866666666667,432.8866666666667,Bronze,0,0,0
12489,336,1,334.93,1,1,2,112,Dormant,334.93,334.93,Bronze,0,0,1
12490,5,10,5417.93,5,5,5,555,Champions,541.793,541.793,Gold,1,0,0
12491,39,1,460.40000000000003,3,1,2,312,Dormant,460.40000000000003,460.40000000000003,Bronze,0,0,1
12492,63,2,263.21000000000004,3,2,2,322,Dormant,131.60500000000002,131.60500000000002,Bronze,0,0,1
12493,166,2,433.74,2,2,2,222,Needs Attention,216.87,216.87,Bronze,0,0,0
12494,16,7,1246.1,4,5,4,454,Champions,178.0142857142857,178.0142857142857,Silver,1,0,0
12497,82,1,1043.1,2,1,4,214,Dormant,1043.1,1043.1,Bronze,0,0,1
12498,21,3,403.70000000000005,4,3,2,432,Potential,134.5666666666667,134.5666666666667,Bronze,0,0,0
12500,23,11,4257.82,4,5,5,455,Champions,387.07454545454544,387.07454545454544,Gold,1,0,0
12501,337,1,2169.39,1,1,5,115,Dormant,2169.39,2169.39,Bronze,0,0,1
12502,96,5,3723.87,2,4,5,245,At Risk,744.774,744.774,Bronze,0,1,0
12504,18,2,482.04999999999995,4,2,2,422,Potential,241.02499999999998,241.02499999999998,Bronze,0,0,0
12506,233,1,73.5,1,1,1,111,Dormant,73.5,73.5,Bronze,0,0,1
12507,134,3,1304.81,2,3,4,234,Needs Attention,434.93666666666667,434.93666666666667,Bronze,0,0,0
12508,26,2,398.27,4,2,2,422,Potential,199.135,199.135,Bronze,0,0,0
12509,284,1,176.5,1,1,1,111,Dormant,176.5,176.5,Bronze,0,0,1
12510,143,2,982.5699999999999,2,2,4,224,Needs Attention,491.28499999999997,491.28499999999997,Bronze,0,0,0
12512,66,2,138.03,3,2,1,321,Dormant,69.015,69.015,Bronze,0,0,1
12513,113,1,612.29,2,1,3,213,Dormant,612.29,612.29,Bronze,0,0,1
12514,267,1,1017.6800000000001,1,1,4,114,Dormant,1017.6800000000001,1017.6800000000001,Bronze,0,0,1
12515,353,1,383.7,1,1,2,112,Dormant,383.7,383.7,Bronze,0,0,1
12516,78,2,1312.06,2,2,4,224,Needs Attention,656.03,656.03,Bronze,0,0,0
12517,28,5,2502.84,4,4,5,445,Champions,500.56800000000004,500.56800000000004,Silver,1,0,0
12518,1,5,2056.89,5,4,4,544,Champions,411.378,411.378,Silver,1,0,0
12519,64,1,340.84000000000003,3,1,2,312,Dormant,340.84000000000003,340.84000000000003,Bronze,0,0,1
12520,79,5,2634.26,2,4,5,245,At Risk,526.8520000000001,526.8520000000001,Silver,0,1,0
12521,143,1,599.68,2,1,3,213,Dormant,599.68,599.68,Bronze,0,0,1
12522,39,2,192.72,3,2,1,321,Dormant,96.36,96.36,Bronze,0,0,1
12523,19,11,1789.77,4,5,4,454,Champions,162.70636363636365,162.70636363636365,Silver,1,0,0
12524,9,8,4485.72,5,5,5,555,Champions,560.715,560.715,Gold,1,0,0
12526,1,3,1316.66,5,3,4,534,Loyal,438.8866666666667,438.8866666666667,Bronze,0,0,0
12527,82,3,348.71000000000004,2,3,2,232,Needs Attention,116.23666666666668,116.23666666666668,Bronze,0,0,0
12528,9,6,1933.48,5,5,4,554,Champions,322.24666666666667,322.24666666666667,Silver,1,0,0
12530,60,4,1662.28,3,4,4,344,Loyal,415.57,415.57,Silver,0,0,0
12531,15,1,125.22,4,1,1,411,Potential,125.22,125.22,Bronze,0,0,0
12532,30,1,349.83000000000004,4,1,2,412,Potential,349.83000000000004,349.83000000000004,Bronze,0,0,0
12534,131,1,1089.18,2,1,4,214,Dormant,1089.18,1089.18,Bronze,0,0,1
12535,92,2,716.35,2,2,3,223,Needs Attention,358.175,358.175,Bronze,0,0,0
12536,43,3,12601.830000000002,3,3,5,335,Loyal,4200.610000000001,4200.610000000001,Bronze,0,0,0
12538,29,1,363.95,4,1,2,412,Potential,363.95,363.95,Bronze,0,0,0
12539,22,4,5568.35,4,4,5,445,Champions,1392.0875,1392.0875,Silver,1,0,0
12540,20,17,13400.24,4,5,5,455,Champions,788.2494117647059,788.2494117647059,Platinum,1,0,0
12541,30,3,981.18,4,3,4,434,Loyal,327.06,327.06,Bronze,0,0,0
12544,36,1,372.7,3,1,2,312,Dormant,372.7,372.7,Bronze,0,0,1
12545,75,2,1000.39,2,2,4,224,Needs Attention,500.195,500.195,Bronze,0,0,0
12546,47,2,1161.5,3,2,4,324,Dormant,580.75,580.75,Bronze,0,0,1
12547,198,2,207.8,1,2,1,121,Dormant,103.9,103.9,Bronze,0,0,1
12548,166,1,95.19999999999999,2,1,1,211,Dormant,95.19999999999999,95.19999999999999,Bronze,0,0,1
12550,79,1,964.83,2,1,4,214,Dormant,964.83,964.83,Bronze,0,0,1
12551,358,1,168.0,1,1,1,111,Dormant,168.0,168.0,Bronze,0,0,1
12552,39,2,437.82,3,2,2,322,Dormant,218.91,218.91,Bronze,0,0,1
12553,8,10,3692.28,5,5,5,555,Champions,369.228,369.228,Gold,1,0,0
12556,50,2,603.71,3,2,3,323,Dormant,301.855,301.855,Bronze,0,0,1
12557,16,5,11990.960000000001,4,4,5,445,Champions,2398.192,2398.192,Silver,1,0,0
12558,8,1,269.96,5,1,2,512,Potential,269.96,269.96,Bronze,0,0,0
12559,311,2,561.71,1,2,3,123,Needs Attention,280.855,280.855,Bronze,0,0,0
12560,5,3,2134.01,5,3,5,535,Loyal,711.3366666666667,711.3366666666667,Bronze,0,0,0
12561,303,1,238.85,1,1,1,111,Dormant,238.85,238.85,Bronze,0,0,1
12562,8,7,3781.7400000000002,5,5,5,555,Champions,540.2485714285715,540.2485714285715,Gold,1,0,0
12564,261,1,456.90000000000003,1,1,2,112,Dormant,456.90000000000003,456.90000000000003,Bronze,0,0,1
12565,289,1,145.92000000000002,1,1,1,111,Dormant,145.92000000000002,145.92000000000002,Bronze,0,0,1
12566,86,1,351.65,2,1,2,212,Dormant,351.65,351.65,Bronze,0,0,1
12567,23,10,9401.28,4,5,5,455,Champions,940.128,940.128,Gold,1,0,0
12569,2,32,4124.6900000000005,5,5,5,555,Champions,128.89656250000002,128.89656250000002,Gold,1,0,0
12571,40,2,519.61,3,2,3,323,Dormant,259.805,259.805,Bronze,0,0,1
12572,9,2,1020.4200000000001,5,2,4,524,Potential,510.21000000000004,510.21000000000004,Bronze,0,0,0
12573,227,1,160.54000000000002,1,1,1,111,Dormant,160.54000000000002,160.54000000000002,Bronze,0,0,1
12574,316,1,218.45000000000002,1,1,1,111,Dormant,218.45000000000002,218.45000000000002,Bronze,0,0,1
12576,36,5,1315.83,3,4,4,344,Loyal,263.166,263.166,Silver,0,0,0
12577,35,3,657.8,3,3,3,333,Loyal,219.26666666666665,219.26666666666665,Bronze,0,0,0
12578,21,2,2794.51,4,2,5,425,Potential,1397.255,1397.255,Bronze,0,0,0
12579,78,1,440.42,2,1,2,212,Dormant,440.42,440.42,Bronze,0,0,1
12580,247,1,415.7,1,1,2,112,Dormant,415.7,415.7,Bronze,0,0,1
12581,40,1,197.71,3,1,1,311,Dormant,197.71,197.71,Bronze,0,0,1
12582,239,2,511.36,1,2,3,123,Needs Attention,255.68,255.68,Bronze,0,0,0
12583,3,15,7281.38,5,5,5,555,Champions,485.42533333333336,485.42533333333336,Platinum,1,0,0
12584,4,9,2338.15,5,5,5,555,Champions,259.7944444444445,259.7944444444445,Gold,1,0,0
12585,234,2,2040.1,1,2,4,124,Needs Attention,1020.05,1020.05,Bronze,0,0,0
12586,17,1,196.94000000000003,4,1,1,411,Potential,196.94000000000003,196.94000000000003,Bronze,0,0,0
12587,8,1,144.0,5,1,1,511,Potential,144.0,144.0,Bronze,0,0,0
12588,39,1,214.89999999999998,3,1,1,311,Dormant,214.89999999999998,214.89999999999998,Bronze,0,0,1
12589,29,2,646.68,4,2,3,423,Potential,323.34,323.34,Bronze,0,0,0
12590,211,2,9864.26,1,2,5,125,Needs Attention,4932.13,4932.13,Bronze,0,0,0
12591,317,1,452.84999999999997,1,1,2,112,Dormant,452.84999999999997,452.84999999999997,Bronze,0,0,1
12592,92,2,437.6,2,2,2,222,Needs Attention,218.8,218.8,Bronze,0,0,0
12593,109,3,418.1,2,3,2,232,Needs Attention,139.36666666666667,139.36666666666667,Bronze,0,0,0
12594,38,10,3338.2200000000003,3,5,5,355,Loyal,333.822,333.822,Gold,0,0,0
12596,51,2,618.27,3,2,3,323,Dormant,309.135,309.135,Bronze,0,0,1
12597,19,4,3811.22,4,4,5,445,Champions,952.805,952.805,Silver,1,0,0
12598,10,8,3023.08,5,5,5,555,Champions,377.885,377.885,Gold,1,0,0
12599,29,7,1032.58,4,5,4,454,Champions,147.51142857142855,147.51142857142855,Silver,1,0,0
12600,29,10,2599.04,4,5,5,455,Champions,259.904,259.904,Gold,1,0,0
12601,190,5,577.0600000000001,1,4,3,143,Needs Attention,115.412,115.412,Bronze,0,0,0
12602,59,1,153.12,3,1,1,311,Dormant,153.12,153.12,Bronze,0,0,1
12603,22,1,739.1999999999999,4,1,3,413,Potential,739.1999999999999,739.1999999999999,Bronze,0,0,0
12604,79,2,254.18,2,2,2,222,Needs Attention,127.09,127.09,Bronze,0,0,0
12607,60,1,1579.51,3,1,4,314,Dormant,1579.51,1579.51,Bronze,0,0,1
12609,78,3,1126.85,2,3,4,234,Needs Attention,375.6166666666666,375.6166666666666,Bronze,0,0,0
12610,23,5,2099.54,4,4,5,445,Champions,419.908,419.908,Silver,1,0,0
12611,52,1,1193.32,3,1,4,314,Dormant,1193.32,1193.32,Bronze,0,0,1
12612,74,1,704.04,2,1,3,213,Dormant,704.04,704.04,Bronze,0,0,1
12613,57,5,3344.38,3,4,5,345,Loyal,668.876,668.876,Silver,0,0,0
12614,278,1,315.6,1,1,2,112,Dormant,315.6,315.6,Bronze,0,0,1
12615,2,4,2291.19,5,4,5,545,Champions,572.7975,572.7975,Silver,1,0,0
12616,95,2,713.3,2,2,3,223,Needs Attention,356.65,356.65,Bronze,0,0,0
12617,29,1,355.53000000000003,4,1,2,412,Potential,355.53000000000003,355.53000000000003,Bronze,0,0,0
12618,22,1,177.31,4,1,1,411,Potential,177.31,177.31,Bronze,0,0,0
12619,16,9,3641.24,4,5,5,455,Champions,404.5822222222222,404.5822222222222,Gold,1,0,0
12620,15,3,1339.41,4,3,4,434,Loyal,446.47,446.47,Bronze,0,0,0
12621,2,20,13689.67,5,5,5,555,Champions,684.4835,684.4835,Platinum,1,0,0
12622,232,1,180.1,1,1,1,111,Dormant,180.1,180.1,Bronze,0,0,1
12623,276,1,305.1,1,1,2,112,Dormant,305.1,305.1,Bronze,0,0,1
12624,106,2,641.13,2,2,3,223,Needs Attention,320.565,320.565,Bronze,0,0,0
12625,212,2,2683.82,1,2,5,125,Needs Attention,1341.91,1341.91,Bronze,0,0,0
12626,23,9,6620.4800000000005,4,5,5,455,Champions,735.6088888888889,735.6088888888889,Gold,1,0,0
12627,11,7,4478.53,5,5,5,555,Champions,639.79,639.79,Gold,1,0,0
12628,4,3,786.46,5,3,3,533,Loyal,262.15333333333336,262.15333333333336,Bronze,0,0,0
12630,10,2,1270.88,5,2,4,524,Potential,635.44,635.44,Bronze,0,0,0
12631,57,1,640.5,3,1,3,313,Dormant,640.5,640.5,Bronze,0,0,1
12633,59,4,2163.98,3,4,5,345,Loyal,540.995,540.995,Silver,0,0,0
12635,90,2,1689.18,2,2,4,224,Needs Attention,844.59,844.59,Bronze,0,0,0
12637,67,8,6021.9,3,5,5,355,Loyal,752.7375,752.7375,Silver,0,0,0
12638,33,1,671.69,3,1,3,313,Dormant,671.69,671.69,Bronze,0,0,1
12639,239,1,486.1,1,1,2,112,Dormant,486.1,486.1,Bronze,0,0,1
12640,24,3,1174.58,4,3,4,434,Loyal,391.52666666666664,391.52666666666664,Bronze,0,0,0
12641,115,1,185.9,2,1,1,211,Dormant,185.9,185.9,Bronze,0,0,1
12642,25,3,1013.26,4,3,4,434,Loyal,337.75333333333333,337.75333333333333,Bronze,0,0,0
12643,128,6,3344.64,2,5,5,255,At Risk,557.4399999999999,557.4399999999999,Bronze,0,1,0
12644,130,1,477.90999999999997,2,1,2,212,Dormant,477.90999999999997,477.90999999999997,Bronze,0,0,1
12645,34,4,1775.18,3,4,4,344,Loyal,443.795,443.795,Silver,0,0,0
12646,5,2,1346.97,5,2,4,524,Potential,673.485,673.485,Bronze,0,0,0
12647,22,12,3722.82,4,5,5,455,Champions,310.235,310.235,Gold,1,0,0
12648,155,1,318.05,2,1,2,212,Dormant,318.05,318.05,Bronze,0,0,1
12649,107,3,623.51,2,3,3,233,Needs Attention,207.83666666666667,207.83666666666667,Bronze,0,0,0
12650,3,1,314.44,5,1,2,512,Potential,314.44,314.44,Bronze,0,0,0
12651,335,1,114.0,1,1,1,111,Dormant,114.0,114.0,Bronze,0,0,1
12652,331,1,919.98,1,1,3,113,Dormant,919.98,919.98,Bronze,0,0,1
12653,149,2,2209.85,2,2,5,225,Needs Attention,1104.925,1104.925,Bronze,0,0,0
12654,11,5,601.98,5,4,3,543,Loyal,120.396,120.396,Silver,0,0,0
12656,17,5,4051.17,4,4,5,445,Champions,810.234,810.234,Silver,1,0,0
12657,11,4,1643.18,5,4,4,544,Champions,410.795,410.795,Silver,1,0,0
12658,19,1,686.05,4,1,3,413,Potential,686.05,686.05,Bronze,0,0,0
12659,30,1,91.68,4,1,1,411,Potential,91.68,91.68,Bronze,0,0,0
12660,11,1,245.10000000000002,5,1,1,511,Potential,245.10000000000002,245.10000000000002,Bronze,0,0,0
12662,1,11,3849.78,5,5,5,555,Champions,349.98,349.98,Gold,1,0,0
12664,8,9,4881.88,5,5,5,555,Champions,542.4311111111111,542.4311111111111,Gold,1,0,0
12665,325,1,63.0,1,1,1,111,Dormant,63.0,63.0,Bronze,0,0,1
12667,58,1,620.13,3,1,3,313,Dormant,620.13,620.13,Bronze,0,0,1
12668,12,4,3807.15,5,4,5,545,Champions,951.7875,951.7875,Silver,1,0,0
12669,151,3,2744.0299999999997,2,3,5,235,Needs Attention,914.6766666666666,914.6766666666666,Bronze,0,0,0
12670,10,5,2996.05,5,4,5,545,Champions,599.21,599.21,Silver,1,0,0
12672,330,1,225.9,1,1,1,111,Dormant,225.9,225.9,Bronze,0,0,1
12673,5,2,610.52,5,2,3,523,Potential,305.26,305.26,Bronze,0,0,0
12674,39,4,1970.6,3,4,4,344,Loyal,492.65,492.65,Silver,0,0,0
12676,25,6,1331.39,4,5,4,454,Champions,221.89833333333334,221.89833333333334,Silver,1,0,0
12678,42,12,17628.46,3,5,5,355,Loyal,1469.0383333333332,1469.0383333333332,Gold,0,0,0
12679,59,4,1113.02,3,4,4,344,Loyal,278.255,278.255,Silver,0,0,0
12680,1,4,862.81,5,4,3,543,Loyal,215.7025,215.7025,Silver,0,0,0
12681,15,22,13787.54,4,5,5,455,Champions,626.7063636363637,626.7063636363637,Platinum,1,0,0
12682,4,31,12288.22,5,5,5,555,Champions,396.3941935483871,396.3941935483871,Platinum,1,0,0
12683,4,15,8476.57,5,5,5,555,Champions,565.1046666666666,565.1046666666666,Platinum,1,0,0
12684,8,7,2283.63,5,5,5,555,Champions,326.23285714285714,326.23285714285714,Gold,1,0,0
12685,28,6,2863.08,4,5,5,455,Champions,477.18,477.18,Gold,1,0,0
12686,372,1,89.14,1,1,1,111,Dormant,89.14,89.14,Bronze,0,0,1
12688,114,1,4873.81,2,1,5,215,Dormant,4873.81,4873.81,Bronze,0,0,1
12689,26,2,1247.6100000000001,4,2,4,424,Potential,623.8050000000001,623.8050000000001,Bronze,0,0,0
12690,206,1,389.01,1,1,2,112,Dormant,389.01,389.01,Bronze,0,0,1
12691,28,6,1035.8,4,5,4,454,Champions,172.63333333333333,172.63333333333333,Silver,1,0,0
12693,127,4,855.91,2,4,3,243,Needs Attention,213.9775,213.9775,Bronze,0,0,0
12694,70,2,869.67,3,2,3,323,Dormant,434.835,434.835,Bronze,0,0,1
12695,7,4,582.1,5,4,3,543,Loyal,145.525,145.525,Silver,0,0,0
12697,29,3,957.59,4,3,4,434,Loyal,319.19666666666666,319.19666666666666,Bronze,0,0,0
12700,8,4,4939.99,5,4,5,545,Champions,1234.9975,1234.9975,Silver,1,0,0
12701,80,2,797.71,2,2,3,223,Needs Attention,398.855,398.855,Bronze,0,0,0
12702,20,1,219.0,4,1,1,411,Potential,219.0,219.0,Bronze,0,0,0
12703,71,1,283.55,3,1,2,312,Dormant,283.55,283.55,Bronze,0,0,1
12704,7,8,2340.84,5,5,5,555,Champions,292.605,292.605,Gold,1,0,0
12705,15,9,6868.29,4,5,5,455,Champions,763.1433333333333,763.1433333333333,Gold,1,0,0
12707,292,1,603.42,1,1,3,113,Dormant,603.42,603.42,Bronze,0,0,1
12708,30,10,2712.91,4,5,5,455,Champions,271.291,271.291,Gold,1,0,0
12709,15,15,9736.52,4,5,5,455,Champions,649.1013333333334,649.1013333333334,Platinum,1,0,0
12710,97,3,1149.02,2,3,4,234,Needs Attention,383.00666666666666,383.00666666666666,Bronze,0,0,0
12712,29,13,4396.13,4,5,5,455,Champions,338.1638461538462,338.1638461538462,Gold,1,0,0
12713,1,1,848.55,5,1,3,513,Potential,848.55,848.55,Bronze,0,0,0
12714,9,5,4708.86,5,4,5,545,Champions,941.7719999999999,941.7719999999999,Silver,1,0,0
12715,106,1,353.86,2,1,2,212,Dormant,353.86,353.86,Bronze,0,0,1
12716,4,2,1053.49,5,2,4,524,Potential,526.745,526.745,Bronze,0,0,0
12717,151,2,1030.98,2,2,4,224,Needs Attention,515.49,515.49,Bronze,0,0,0
12718,71,1,238.25,3,1,1,311,Dormant,238.25,238.25,Bronze,0,0,1
12719,5,2,644.95,5,2,3,523,Potential,322.475,322.475,Bronze,0,0,0
12720,3,25,5781.7300000000005,5,5,5,555,Champions,231.2692,231.2692,Platinum,1,0,0
12721,32,6,2656.13,4,5,5,455,Champions,442.68833333333333,442.68833333333333,Gold,1,0,0
12722,85,4,997.63,2,4,4,244,At Risk,249.4075,249.4075,Silver,0,1,0
12723,4,5,725.07,5,4,3,543,Loyal,145.014,145.014,Silver,0,0,0
12724,5,4,1031.41,5,4,4,544,Champions,257.8525,257.8525,Silver,1,0,0
12725,371,1,427.8,1,1,2,112,Dormant,427.8,427.8,Bronze,0,0,1
12726,28,7,2609.1,4,5,5,455,Champions,372.7285714285714,372.7285714285714,Gold,1,0,0
12727,11,7,3980.7000000000003,5,5,5,555,Champions,568.6714285714286,568.6714285714286,Gold,1,0,0
12728,71,4,836.33,3,4,3,343,Loyal,209.0825,209.0825,Silver,0,0,0
12729,114,1,453.01,2,1,2,212,Dormant,453.01,453.01,Bronze,0,0,1
12731,24,12,18895.91,4,5,5,455,Champions,1574.6591666666666,1574.6591666666666,Platinum,1,0,0
12732,180,1,236.26000000000002,1,1,1,111,Dormant,236.26000000000002,236.26000000000002,Bronze,0,0,1
12733,234,1,383.95,1,1,2,112,Dormant,383.95,383.95,Bronze,0,0,1
12734,353,1,110.39999999999999,1,1,1,111,Dormant,110.39999999999999,110.39999999999999,Bronze,0,0,1
12735,315,2,779.5699999999999,1,2,3,123,Needs Attention,389.78499999999997,389.78499999999997,Bronze,0,0,0
12736,333,1,234.0,1,1,1,111,Dormant,234.0,234.0,Bronze,0,0,1
12738,372,1,155.35,1,1,1,111,Dormant,155.35,155.35,Bronze,0,0,1
12739,78,2,1013.04,2,2,4,224,Needs Attention,506.52,506.52,Bronze,0,0,0
12740,64,1,427.6,3,1,2,312,Dormant,427.6,427.6,Bronze,0,0,1
12743,134,2,546.43,2,2,3,223,Needs Attention,273.215,273.215,Bronze,0,0,0
12744,52,7,21279.29,3,5,5,355,Loyal,3039.8985714285714,3039.8985714285714,Gold,0,0,0
12747,2,11,4196.01,5,5,5,555,Champions,381.4554545454546,381.4554545454546,Gold,1,0,0
12748,1,209,33719.73,5,5,5,555,Champions,161.3384210526316,161.3384210526316,Platinum,1,0,0
12749,4,5,4090.88,5,4,5,545,Champions,818.176,818.176,Silver,1,0,0
12750,129,1,275.88,2,1,2,212,Dormant,275.88,275.88,Bronze,0,0,1
12752,81,1,4366.78,2,1,5,215,Dormant,4366.78,4366.78,Bronze,0,0,1
12753,23,6,21429.39,4,5,5,455,Champions,3571.565,3571.565,Gold,1,0,0
12754,236,3,3010.74,1,3,5,135,Needs Attention,1003.5799999999999,1003.5799999999999,Bronze,0,0,0
12755,281,2,3811.9500000000003,1,2,5,125,Needs Attention,1905.9750000000001,1905.9750000000001,Bronze,0,0,0
12756,87,1,112.08,2,1,1,211,Dormant,112.08,112.08,Bronze,0,0,1
12757,16,13,7857.1,4,5,5,455,Champions,604.3923076923077,604.3923076923077,Platinum,1,0,0
12758,117,2,2791.59,2,2,5,225,Needs Attention,1395.795,1395.795,Bronze,0,0,0
12759,52,3,1531.44,3,3,4,334,Loyal,510.48,510.48,Bronze,0,0,0
12762,8,2,1898.52,5,2,4,524,Potential,949.26,949.26,Bronze,0,0,0
12763,138,2,494.08,2,2,3,223,Needs Attention,247.04,247.04,Bronze,0,0,0
12764,317,1,1693.88,1,1,4,114,Dormant,1693.88,1693.88,Bronze,0,0,1
12766,4,7,6989.63,5,5,5,555,Champions,998.5185714285715,998.5185714285715,Gold,1,0,0
12769,239,1,1143.6,1,1,4,114,Dormant,1143.6,1143.6,Bronze,0,0,1
12770,211,1,1351.45,1,1,4,114,Dormant,1351.45,1351.45,Bronze,0,0,1
12772,60,1,892.47,3,1,3,313,Dormant,892.47,892.47,Bronze,0,0,1
12775,17,5,1386.04,4,4,4,444,Champions,277.20799999999997,277.20799999999997,Silver,1,0,0
12778,20,6,822.23,4,5,3,453,Loyal,137.03833333333333,137.03833333333333,Silver,0,0,0
12779,38,8,3981.36,3,5,5,355,Loyal,497.67,497.67,Gold,0,0,0
12781,64,2,826.74,3,2,3,323,Dormant,413.37,413.37,Bronze,0,0,1
12782,5,5,2330.92,5,4,5,545,Champions,466.184,466.184,Silver,1,0,0
12783,2,6,2225.91,5,5,5,555,Champions,370.98499999999996,370.98499999999996,Gold,1,0,0
12784,9,2,574.42,5,2,3,523,Potential,287.21,287.21,Bronze,0,0,0
12785,364,1,311.95,1,1,2,112,Dormant,311.95,311.95,Bronze,0,0,1
12787,10,3,463.66,5,3,2,532,Potential,154.55333333333334,154.55333333333334,Bronze,0,0,0
12789,65,1,91.85,3,1,1,311,Dormant,91.85,91.85,Bronze,0,0,1
12790,192,1,324.92,1,1,2,112,Dormant,324.92,324.92,Bronze,0,0,1
12791,374,1,192.60000000000002,1,1,1,111,Dormant,192.60000000000002,192.60000000000002,Bronze,0,0,1
12792,257,1,400.54,1,1,2,112,Dormant,400.54,400.54,Bronze,0,0,1
12793,335,2,545.48,1,2,3,123,Needs Attention,272.74,272.74,Bronze,0,0,0
12794,53,2,860.41,3,2,3,323,Dormant,430.205,430.205,Bronze,0,0,1
12795,19,1,430.48,4,1,2,412,Potential,430.48,430.48,Bronze,0,0,0
12797,366,1,254.03,1,1,2,112,Dormant,254.03,254.03,Bronze,0,0,1
12798,10,3,6977.04,5,3,5,535,Loyal,2325.68,2325.68,Bronze,0,0,0
12802,187,1,427.58,1,1,2,112,Dormant,427.58,427.58,Bronze,0,0,1
12808,37,3,483.65000000000003,3,3,2,332,Dormant,161.21666666666667,161.21666666666667,Bronze,0,0,1
12809,178,1,489.31,2,1,2,212,Dormant,489.31,489.31,Bronze,0,0,1
12811,261,3,514.85,1,3,3,133,Needs Attention,171.61666666666667,171.61666666666667,Bronze,0,0,0
12812,45,1,229.64000000000001,3,1,1,311,Dormant,229.64000000000001,229.64000000000001,Bronze,0,0,1
12814,102,1,125.92,2,1,1,211,Dormant,125.92,125.92,Bronze,0,0,1
12815,148,2,1063.46,2,2,4,224,Needs Attention,531.73,531.73,Bronze,0,0,0
12816,96,2,572.2,2,2,3,223,Needs Attention,286.1,286.1,Bronze,0,0,0
12817,281,1,166.04000000000002,1,1,1,111,Dormant,166.04000000000002,166.04000000000002,Bronze,0,0,1
12818,262,1,1542.08,1,1,4,114,Dormant,1542.08,1542.08,Bronze,0,0,1
12820,3,4,942.34,5,4,4,544,Champions,235.585,235.585,Silver,1,0,0
12821,214,1,92.72,1,1,1,111,Dormant,92.72,92.72,Bronze,0,0,1
12822,71,2,948.88,3,2,4,324,Dormant,474.44,474.44,Bronze,0,0,1
12823,75,5,1759.5,2,4,4,244,At Risk,351.9,351.9,Silver,0,1,0
12824,60,1,397.12,3,1,2,312,Dormant,397.12,397.12,Bronze,0,0,1
12826,3,7,1474.72,5,5,4,554,Champions,210.67428571428573,210.67428571428573,Silver,1,0,0
12827,6,3,430.15,5,3,2,532,Potential,143.38333333333333,143.38333333333333,Bronze,0,0,0
12828,3,6,1018.71,5,5,4,554,Champions,169.785,169.785,Silver,1,0,0
12829,337,2,293.0,1,2,2,122,Needs Attention,146.5,146.5,Bronze,0,0,0
12830,38,6,6814.64,3,5,5,355,Loyal,1135.7733333333333,1135.7733333333333,Gold,0,0,0
12831,262,1,215.05,1,1,1,111,Dormant,215.05,215.05,Bronze,0,0,1
12832,32,2,383.03000000000003,4,2,2,422,Potential,191.51500000000001,191.51500000000001,Bronze,0,0,0
12833,145,1,417.38,2,1,2,212,Dormant,417.38,417.38,Bronze,0,0,1
12834,283,1,312.38,1,1,2,112,Dormant,312.38,312.38,Bronze,0,0,1
12836,59,4,2612.86,3,4,5,345,Loyal,653.215,653.215,Silver,0,0,0
12837,173,1,134.1,2,1,1,211,Dormant,134.1,134.1,Bronze,0,0,1
12838,34,2,683.13,3,2,3,323,Dormant,341.565,341.565,Bronze,0,0,1
12839,3,14,5591.42,5,5,5,555,Champions,399.38714285714286,399.38714285714286,Platinum,1,0,0
12840,144,4,2726.77,2,4,5,245,At Risk,681.6925,681.6925,Bronze,0,1,0
12841,5,25,4022.35,5,5,5,555,Champions,160.894,160.894,Gold,1,0,0
12842,70,2,1118.99,3,2,4,324,Dormant,559.495,559.495,Bronze,0,0,1
12843,66,8,1702.26,3,5,4,354,Loyal,212.7825,212.7825,Silver,0,0,0
12844,29,2,325.96000000000004,4,2,2,422,Potential,162.98000000000002,162.98000000000002,Bronze,0,0,0
12845,267,4,354.09000000000003,1,4,2,142,Needs Attention,88.52250000000001,88.52250000000001,Bronze,0,0,0
12847,22,1,871.54,4,1,3,413,Potential,871.54,871.54,Bronze,0,0,0
12849,31,2,1050.89,4,2,4,424,Potential,525.445,525.445,Bronze,0,0,0
12851,97,1,135.18,2,1,1,211,Dormant,135.18,135.18,Bronze,0,0,1
12852,295,1,311.55,1,1,2,112,Dormant,311.55,311.55,Bronze,0,0,1
12853,135,6,1957.1000000000001,2,5,4,254,At Risk,326.18333333333334,326.18333333333334,Bronze,0,1,0
12854,79,3,1324.5,2,3,4,234,Needs Attention,441.5,441.5,Bronze,0,0,0
12855,373,1,38.1,1,1,1,111,Dormant,38.1,38.1,Bronze,0,0,1
12856,8,6,2179.93,5,5,5,555,Champions,363.32166666666666,363.32166666666666,Gold,1,0,0
12857,211,2,1106.4,1,2,4,124,Needs Attention,553.2,553.2,Bronze,0,0,0
12863,52,1,521.2,3,1,3,313,Dormant,521.2,521.2,Bronze,0,0,1
12864,138,1,147.12,2,1,1,211,Dormant,147.12,147.12,Bronze,0,0,1
12865,26,2,1568.23,4,2,4,424,Potential,784.115,784.115,Bronze,0,0,0
12866,283,1,559.12,1,1,3,113,Dormant,559.12,559.12,Bronze,0,0,1
12867,26,7,4036.82,4,5,5,455,Champions,576.6885714285714,576.6885714285714,Gold,1,0,0
12868,186,6,1607.0600000000002,1,5,4,154,At Risk,267.84333333333336,267.84333333333336,Bronze,0,1,0
12871,84,2,380.64,2,2,2,222,Needs Attention,190.32,190.32,Bronze,0,0,0
12872,327,2,599.97,1,2,3,123,Needs Attention,299.985,299.985,Bronze,0,0,0
12873,282,1,374.0,1,1,2,112,Dormant,374.0,374.0,Bronze,0,0,1
12875,143,2,343.2300000000001,2,2,2,222,Needs Attention,171.61500000000004,171.61500000000004,Bronze,0,0,0
12876,58,2,2218.02,3,2,5,325,Dormant,1109.01,1109.01,Bronze,0,0,1
12877,4,12,1535.77,5,5,4,554,Champions,127.98083333333334,127.98083333333334,Silver,1,0,0
12878,236,2,854.99,1,2,3,123,Needs Attention,427.495,427.495,Bronze,0,0,0
12879,45,3,573.22,3,3,3,333,Loyal,191.07333333333335,191.07333333333335,Bronze,0,0,0
12881,276,1,298.0,1,1,2,112,Dormant,298.0,298.0,Bronze,0,0,1
12882,9,2,1463.04,5,2,4,524,Potential,731.52,731.52,Bronze,0,0,0
12883,25,4,703.47,4,4,3,443,Loyal,175.8675,175.8675,Silver,0,0,0
12884,88,1,309.05,2,1,2,212,Dormant,309.05,309.05,Bronze,0,0,1
12885,63,3,1175.22,3,3,4,334,Loyal,391.74,391.74,Bronze,0,0,0
12886,68,2,1378.4,3,2,4,324,Dormant,689.2,689.2,Bronze,0,0,1
12888,214,2,354.12,1,2,2,122,Needs Attention,177.06,177.06,Bronze,0,0,0
12890,24,1,380.46999999999997,4,1,2,412,Potential,380.46999999999997,380.46999999999997,Bronze,0,0,0
12891,186,3,331.0,1,3,2,132,Needs Attention,110.33333333333333,110.33333333333333,Bronze,0,0,0
12893,31,1,188.14,4,1,1,411,Potential,188.14,188.14,Bronze,0,0,0
12895,42,2,372.8,3,2,2,322,Dormant,186.4,186.4,Bronze,0,0,1
12897,205,2,216.5,1,2,1,121,Dormant,108.25,108.25,Bronze,0,0,1
12901,9,28,17654.54,5,5,5,555,Champions,630.5192857142857,630.5192857142857,Platinum,1,0,0
12902,265,1,138.68,1,1,1,111,Dormant,138.68,138.68,Bronze,0,0,1
12904,18,2,509.58,4,2,3,423,Potential,254.79,254.79,Bronze,0,0,0
12906,12,5,2919.81,5,4,5,545,Champions,583.962,583.962,Silver,1,0,0
12908,176,2,750.0,2,2,3,223,Needs Attention,375.0,375.0,Bronze,0,0,0
12909,40,5,2178.67,3,4,5,345,Loyal,435.73400000000004,435.73400000000004,Silver,0,0,0
12910,23,8,3075.04,4,5,5,455,Champions,384.38,384.38,Gold,1,0,0
12912,3,5,1662.3,5,4,4,544,Champions,332.46,332.46,Silver,1,0,0
12913,5,5,2483.63,5,4,5,545,Champions,496.726,496.726,Silver,1,0,0
12915,149,2,363.65,2,2,2,222,Needs Attention,181.825,181.825,Bronze,0,0,0
12916,139,4,3006.15,2,4,5,245,At Risk,751.5375,751.5375,Bronze,0,1,0
12917,128,1,594.0,2,1,3,213,Dormant,594.0,594.0,Bronze,0,0,1
12919,8,6,1335.19,5,5,4,554,Champions,222.53166666666667,222.53166666666667,Silver,1,0,0
12920,17,1,164.23,4,1,1,411,Potential,164.23,164.23,Bronze,0,0,0
12921,9,37,16587.09,5,5,5,555,Champions,448.29972972972973,448.29972972972973,Platinum,1,0,0
12922,161,1,405.38,2,1,2,212,Dormant,405.38,405.38,Bronze,0,0,1
12923,64,1,176.97,3,1,1,311,Dormant,176.97,176.97,Bronze,0,0,1
12924,88,4,933.7,2,4,3,243,Needs Attention,233.425,233.425,Silver,0,0,0
12925,5,2,694.05,5,2,3,523,Potential,347.025,347.025,Bronze,0,0,0
12928,35,5,2062.7,3,4,5,345,Loyal,412.53999999999996,412.53999999999996,Silver,0,0,0
12929,312,1,117.85,1,1,1,111,Dormant,117.85,117.85,Bronze,0,0,1
12930,78,2,415.8,2,2,2,222,Needs Attention,207.9,207.9,Bronze,0,0,0
12931,22,15,42055.96,4,5,5,455,Champions,2803.730666666667,2803.730666666667,Platinum,1,0,0
12933,24,3,607.53,4,3,3,433,Loyal,202.51,202.51,Bronze,0,0,0
12935,2,7,2160.7,5,5,5,555,Champions,308.6714285714285,308.6714285714285,Gold,1,0,0
12936,17,4,1063.9,4,4,4,444,Champions,265.975,265.975,Silver,1,0,0
12937,15,4,1504.27,4,4,4,444,Champions,376.0675,376.0675,Silver,1,0,0
12938,26,1,114.14,4,1,1,411,Potential,114.14,114.14,Bronze,0,0,0
12939,64,8,11581.8,3,5,5,355,Loyal,1447.725,1447.725,Silver,0,0,0
12940,55,2,913.54,3,2,3,323,Dormant,456.77,456.77,Bronze,0,0,1
12942,131,3,683.9,2,3,3,233,Needs Attention,227.96666666666667,227.96666666666667,Bronze,0,0,0
12944,36,2,604.51,3,2,3,323,Dormant,302.255,302.255,Bronze,0,0,1
12945,288,1,462.95,1,1,2,112,Dormant,462.95,462.95,Bronze,0,0,1
12947,144,6,1603.99,2,5,4,254,At Risk,267.33166666666665,267.33166666666665,Bronze,0,1,0
12948,16,7,2064.95,4,5,5,455,Champions,294.99285714285713,294.99285714285713,Gold,1,0,0
12949,31,8,4167.22,4,5,5,455,Champions,520.9025,520.9025,Gold,1,0,0
12950,2,3,1843.0,5,3,4,534,Loyal,614.3333333333334,614.3333333333334,Bronze,0,0,0
12951,9,6,1064.07,5,5,4,554,Champions,177.345,177.345,Silver,1,0,0
12952,6,4,1387.79,5,4,4,544,Champions,346.9475,346.9475,Silver,1,0,0
12953,10,1,329.85,5,1,2,512,Potential,329.85,329.85,Bronze,0,0,0
12955,1,11,4757.16,5,5,5,555,Champions,432.4690909090909,432.4690909090909,Gold,1,0,0
12956,306,1,108.07,1,1,1,111,Dormant,108.07,108.07,Bronze,0,0,1
12957,10,8,4017.54,5,5,5,555,Champions,502.1925,502.1925,Gold,1,0,0
12962,7,2,266.39,5,2,2,522,Potential,133.195,133.195,Bronze,0,0,0
12963,8,8,1856.63,5,5,4,554,Champions,232.07875,232.07875,Silver,1,0,0
12965,89,1,771.91,2,1,3,213,Dormant,771.91,771.91,Bronze,0,0,1
12966,10,1,160.18,5,1,1,511,Potential,160.18,160.18,Bronze,0,0,0
12967,358,2,1660.9,1,2,4,124,Needs Attention,830.45,830.45,Bronze,0,0,0
12968,112,1,135.95,2,1,1,211,Dormant,135.95,135.95,Bronze,0,0,1
12970,7,4,452.24,5,4,2,542,Potential,113.06,113.06,Bronze,0,0,0
12971,4,86,11189.91,5,5,5,555,Champions,130.11523255813952,130.11523255813952,Platinum,1,0,0
12974,198,1,144.8,1,1,1,111,Dormant,144.8,144.8,Bronze,0,0,1
12976,212,1,738.6,1,1,3,113,Dormant,738.6,738.6,Bronze,0,0,1
12977,156,1,39.239999999999995,2,1,1,211,Dormant,39.239999999999995,39.239999999999995,Bronze,0,0,1
12980,158,9,7374.900000000001,2,5,5,255,At Risk,819.4333333333334,819.4333333333334,Bronze,0,1,0
12981,30,2,372.21999999999997,4,2,2,422,Potential,186.10999999999999,186.10999999999999,Bronze,0,0,0
12982,243,1,390.54,1,1,2,112,Dormant,390.54,390.54,Bronze,0,0,1
12984,19,1,97.5,4,1,1,411,Potential,97.5,97.5,Bronze,0,0,0
12985,1,2,1239.38,5,2,4,524,Potential,619.69,619.69,Bronze,0,0,0
12987,74,2,558.7,2,2,3,223,Needs Attention,279.35,279.35,Bronze,0,0,0
12988,292,1,535.32,1,1,3,113,Dormant,535.32,535.32,Bronze,0,0,1
12989,3,15,6924.11,5,5,5,555,Champions,461.6073333333333,461.6073333333333,Platinum,1,0,0
12990,31,3,409.5,4,3,2,432,Potential,136.5,136.5,Bronze,0,0,0
12991,23,2,503.76,4,2,3,423,Potential,251.88,251.88,Bronze,0,0,0
12993,23,4,414.76,4,4,2,442,Potential,103.69,103.69,Bronze,0,0,0
12994,4,3,974.42,5,3,4,534,Loyal,324.8066666666667,324.8066666666667,Bronze,0,0,0
12995,85,1,211.32,2,1,1,211,Dormant,211.32,211.32,Bronze,0,0,1
12997,22,4,1226.89,4,4,4,444,Champions,306.7225,306.7225,Silver,1,0,0
12999,196,3,455.88,1,3,2,132,Needs Attention,151.96,151.96,Bronze,0,0,0
13000,107,3,534.85,2,3,3,233,Needs Attention,178.28333333333333,178.28333333333333,Bronze,0,0,0
13001,4,13,9818.82,5,5,5,555,Champions,755.2938461538462,755.2938461538462,Platinum,1,0,0
13002,318,1,120.95,1,1,1,111,Dormant,120.95,120.95,Bronze,0,0,1
13003,106,3,149.05,2,3,1,231,Dormant,49.68333333333334,49.68333333333334,Bronze,0,0,1
13004,12,18,5655.91,5,5,5,555,Champions,314.21722222222223,314.21722222222223,Platinum,1,0,0
13005,174,2,513.7,2,2,3,223,Needs Attention,256.85,256.85,Bronze,0,0,0
13006,56,1,81.57,3,1,1,311,Dormant,81.57,81.57,Bronze,0,0,1
13008,323,1,229.47,1,1,1,111,Dormant,229.47,229.47,Bronze,0,0,1
13011,372,1,50.550000000000004,1,1,1,111,Dormant,50.550000000000004,50.550000000000004,Bronze,0,0,1
13012,9,8,1661.8400000000001,5,5,4,554,Champions,207.73000000000002,207.73000000000002,Silver,1,0,0
13013,1,13,4810.9400000000005,5,5,5,555,Champions,370.07230769230773,370.07230769230773,Gold,1,0,0
13014,11,10,3466.28,5,5,5,555,Champions,346.62800000000004,346.62800000000004,Gold,1,0,0
13015,53,5,3346.28,3,4,5,345,Loyal,669.2560000000001,669.2560000000001,Silver,0,0,0
13016,73,3,789.89,2,3,3,233,Needs Attention,263.2966666666667,263.2966666666667,Bronze,0,0,0
13017,7,1,204.0,5,1,1,511,Potential,204.0,204.0,Bronze,0,0,0
13018,16,28,7277.7,4,5,5,455,Champions,259.91785714285714,259.91785714285714,Platinum,1,0,0
13021,4,9,2616.38,5,5,5,555,Champions,290.7088888888889,290.7088888888889,Gold,1,0,0
13023,64,2,689.9,3,2,3,323,Dormant,344.95,344.95,Bronze,0,0,1
13026,1,5,975.36,5,4,4,544,Champions,195.072,195.072,Silver,1,0,0
13027,114,6,6912.0,2,5,5,255,At Risk,1152.0,1152.0,Bronze,0,1,0
13028,23,2,661.3199999999999,4,2,3,423,Potential,330.65999999999997,330.65999999999997,Bronze,0,0,0
13029,31,3,1247.5,4,3,4,434,Loyal,415.8333333333333,415.8333333333333,Bronze,0,0,0
13030,11,2,799.48,5,2,3,523,Potential,399.74,399.74,Bronze,0,0,0
13032,52,2,1010.1800000000001,3,2,4,324,Dormant,505.09000000000003,505.09000000000003,Bronze,0,0,1
13033,357,1,190.55,1,1,1,111,Dormant,190.55,190.55,Bronze,0,0,1
13034,55,2,642.77,3,2,3,323,Dormant,321.385,321.385,Bronze,0,0,1
13035,74,2,921.88,2,2,3,223,Needs Attention,460.94,460.94,Bronze,0,0,0
13037,138,3,881.07,2,3,3,233,Needs Attention,293.69,293.69,Bronze,0,0,0
13038,80,3,908.46,2,3,3,233,Needs Attention,302.82,302.82,Bronze,0,0,0
13040,9,2,676.99,5,2,3,523,Potential,338.495,338.495,Bronze,0,0,0
13043,273,1,516.42,1,1,3,113,Dormant,516.42,516.42,Bronze,0,0,1
13044,291,1,560.47,1,1,3,113,Dormant,560.47,560.47,Bronze,0,0,1
13045,99,1,305.28000000000003,2,1,2,212,Dormant,305.28000000000003,305.28000000000003,Bronze,0,0,1
13046,31,2,629.31,4,2,3,423,Potential,314.655,314.655,Bronze,0,0,0
13047,32,10,3237.54,4,5,5,455,Champions,323.754,323.754,Gold,1,0,0
13048,14,4,1835.91,4,4,4,444,Champions,458.9775,458.9775,Silver,1,0,0
13049,64,2,656.6800000000001,3,2,3,323,Dormant,328.34000000000003,328.34000000000003,Bronze,0,0,1
13050,15,17,5836.86,4,5,5,455,Champions,343.3447058823529,343.3447058823529,Platinum,1,0,0
13052,212,1,348.15000000000003,1,1,2,112,Dormant,348.15000000000003,348.15000000000003,Bronze,0,0,1
13055,78,3,1214.41,2,3,4,234,Needs Attention,404.80333333333334,404.80333333333334,Bronze,0,0,0
13058,25,3,271.40000000000003,4,3,2,432,Potential,90.46666666666668,90.46666666666668,Bronze,0,0,0
13059,250,1,183.4,1,1,1,111,Dormant,183.4,183.4,Bronze,0,0,1
13060,254,1,307.53000000000003,1,1,2,112,Dormant,307.53000000000003,307.53000000000003,Bronze,0,0,1
13061,72,1,248.61,2,1,1,211,Dormant,248.61,248.61,Bronze,0,0,1
13062,191,1,346.98,1,1,2,112,Dormant,346.98,346.98,Bronze,0,0,1
13064,13,4,1119.49,5,4,4,544,Champions,279.8725,279.8725,Silver,1,0,0
13065,373,1,205.86,1,1,1,111,Dormant,205.86,205.86,Bronze,0,0,1
13066,24,2,470.8,4,2,2,422,Potential,235.4,235.4,Bronze,0,0,0
13067,82,1,115.46000000000001,2,1,1,211,Dormant,115.46000000000001,115.46000000000001,Bronze,0,0,1
13068,10,2,344.0,5,2,2,522,Potential,172.0,172.0,Bronze,0,0,0
13069,1,24,4436.12,5,5,5,555,Champions,184.83833333333334,184.83833333333334,Gold,1,0,0
13070,192,1,228.8,1,1,1,111,Dormant,228.8,228.8,Bronze,0,0,1
13072,267,1,177.15,1,1,1,111,Dormant,177.15,177.15,Bronze,0,0,1
13075,130,1,919.61,2,1,3,213,Dormant,919.61,919.61,Bronze,0,0,1
13077,1,4,729.27,5,4,3,543,Loyal,182.3175,182.3175,Silver,0,0,0
13078,3,26,12627.94,5,5,5,555,Champions,485.69,485.69,Platinum,1,0,0
13079,4,5,220.10000000000002,5,4,1,541,Potential,44.02,44.02,Bronze,0,0,0
13080,179,1,58.08,1,1,1,111,Dormant,58.08,58.08,Bronze,0,0,1
13081,12,11,28337.38,5,5,5,555,Champions,2576.1254545454544,2576.1254545454544,Platinum,1,0,0
13082,126,9,3613.63,2,5,5,255,At Risk,401.51444444444445,401.51444444444445,Bronze,0,1,0
13083,4,2,303.75,5,2,2,522,Potential,151.875,151.875,Bronze,0,0,0
13085,158,2,416.08,2,2,2,222,Needs Attention,208.04,208.04,Bronze,0,0,0
13089,3,97,58825.83,5,5,5,555,Champions,606.4518556701031,606.4518556701031,Platinum,1,0,0
13090,9,14,8910.82,5,5,5,555,Champions,636.4871428571429,636.4871428571429,Platinum,1,0,0
13091,28,1,345.82,4,1,2,412,Potential,345.82,345.82,Bronze,0,0,0
13092,71,5,477.83,3,4,2,342,Dormant,95.566,95.566,Bronze,0,0,1
13093,276,8,7832.47,1,5,5,155,At Risk,979.05875,979.05875,Bronze,0,1,0
13094,21,12,1927.3200000000002,4,5,4,454,Champions,160.61,160.61,Silver,1,0,0
13095,71,1,74.39999999999999,3,1,1,311,Dormant,74.39999999999999,74.39999999999999,Bronze,0,0,1
13097,33,10,6010.42,3,5,5,355,Loyal,601.042,601.042,Gold,0,0,0
13098,1,28,28882.44,5,5,5,555,Champions,1031.5157142857142,1031.5157142857142,Platinum,1,0,0
13099,99,1,207.36,2,1,1,211,Dormant,207.36,207.36,Bronze,0,0,1
13101,234,1,101.19,1,1,1,111,Dormant,101.19,101.19,Bronze,0,0,1
13102,1,24,6424.09,5,5,5,555,Champions,267.67041666666665,267.67041666666665,Platinum,1,0,0
13103,40,1,243.94,3,1,1,311,Dormant,243.94,243.94,Bronze,0,0,1
13104,3,6,1098.48,5,5,4,554,Champions,183.08,183.08,Silver,1,0,0
13106,133,1,76.5,2,1,1,211,Dormant,76.5,76.5,Bronze,0,0,1
13107,44,4,1531.6200000000001,3,4,4,344,Loyal,382.90500000000003,382.90500000000003,Silver,0,0,0
13108,373,1,350.06,1,1,2,112,Dormant,350.06,350.06,Bronze,0,0,1
13109,60,2,786.54,3,2,3,323,Dormant,393.27,393.27,Bronze,0,0,1
13110,31,7,1488.67,4,5,4,454,Champions,212.66714285714286,212.66714285714286,Silver,1,0,0
13113,1,24,12245.960000000001,5,5,5,555,Champions,510.2483333333334,510.2483333333334,Platinum,1,0,0
13115,12,4,2294.78,5,4,5,545,Champions,573.695,573.695,Silver,1,0,0
13116,138,1,501.14,2,1,3,213,Dormant,501.14,501.14,Bronze,0,0,1
13117,22,8,984.91,4,5,4,454,Champions,123.11375,123.11375,Silver,1,0,0
13118,20,5,1197.81,4,4,4,444,Champions,239.56199999999998,239.56199999999998,Silver,1,0,0
13120,239,1,30.6,1,1,1,111,Dormant,30.6,30.6,Bronze,0,0,1
13121,269,1,283.73,1,1,2,112,Dormant,283.73,283.73,Bronze,0,0,1
13122,94,2,922.39,2,2,3,223,Needs Attention,461.195,461.195,Bronze,0,0,0
13124,90,3,3866.33,2,3,5,235,Needs Attention,1288.7766666666666,1288.7766666666666,Bronze,0,0,0
13126,5,8,2099.64,5,5,5,555,Champions,262.455,262.455,Gold,1,0,0
13127,78,1,259.17,2,1,2,212,Dormant,259.17,259.17,Bronze,0,0,1
13130,94,1,64.0,2,1,1,211,Dormant,64.0,64.0,Bronze,0,0,1
13131,23,3,1073.3,4,3,4,434,Loyal,357.76666666666665,357.76666666666665,Bronze,0,0,0
13132,262,1,77.3,1,1,1,111,Dormant,77.3,77.3,Bronze,0,0,1
13133,274,2,109.8,1,2,1,121,Dormant,54.9,54.9,Bronze,0,0,1
13134,86,4,1793.58,2,4,4,244,At Risk,448.395,448.395,Silver,0,1,0
13135,197,1,3096.0,1,1,5,115,Dormant,3096.0,3096.0,Bronze,0,0,1
13136,56,5,2607.61,3,4,5,345,Loyal,521.522,521.522,Silver,0,0,0
13137,11,8,3650.41,5,5,5,555,Champions,456.30125,456.30125,Gold,1,0,0
13138,22,6,962.39,4,5,4,454,Champions,160.39833333333334,160.39833333333334,Silver,1,0,0
13139,16,7,5064.9400000000005,4,5,5,455,Champions,723.5628571428572,723.5628571428572,Gold,1,0,0
13140,108,3,423.72,2,3,2,232,Needs Attention,141.24,141.24,Bronze,0,0,0
13141,85,5,2388.75,2,4,5,245,At Risk,477.75,477.75,Silver,0,1,0
13142,19,1,307.09000000000003,4,1,2,412,Potential,307.09000000000003,307.09000000000003,Bronze,0,0,0
13144,333,1,110.95,1,1,1,111,Dormant,110.95,110.95,Bronze,0,0,1
13145,40,4,618.52,3,4,3,343,Loyal,154.63,154.63,Silver,0,0,0
13146,26,1,228.91,4,1,1,411,Potential,228.91,228.91,Bronze,0,0,0
13147,10,4,712.8,5,4,3,543,Loyal,178.2,178.2,Silver,0,0,0
13148,29,12,3707.12,4,5,5,455,Champions,308.9266666666667,308.9266666666667,Gold,1,0,0
13149,14,4,1676.06,4,4,4,444,Champions,419.015,419.015,Silver,1,0,0
13151,296,1,1257.8700000000001,1,1,4,114,Dormant,1257.8700000000001,1257.8700000000001,Bronze,0,0,1
13153,6,1,486.22,5,1,2,512,Potential,486.22,486.22,Bronze,0,0,0
13155,33,4,971.76,3,4,4,344,Loyal,242.94,242.94,Silver,0,0,0
13157,49,4,1741.22,3,4,4,344,Loyal,435.305,435.305,Silver,0,0,0
13158,95,4,1201.06,2,4,4,244,At Risk,300.265,300.265,Bronze,0,1,0
13159,9,4,1437.85,5,4,4,544,Champions,359.4625,359.4625,Silver,1,0,0
13160,22,1,91.8,4,1,1,411,Potential,91.8,91.8,Bronze,0,0,0
13161,313,1,112.75,1,1,1,111,Dormant,112.75,112.75,Bronze,0,0,1
13162,122,4,1688.29,2,4,4,244,At Risk,422.0725,422.0725,Bronze,0,1,0
13165,46,2,1021.48,3,2,4,324,Dormant,510.74,510.74,Bronze,0,0,1
13166,283,1,417.2,1,1,2,112,Dormant,417.2,417.2,Bronze,0,0,1
13167,19,4,791.33,4,4,3,443,Loyal,197.8325,197.8325,Silver,0,0,0
13168,36,4,1319.19,3,4,4,344,Loyal,329.7975,329.7975,Silver,0,0,0
13169,64,2,712.88,3,2,3,323,Dormant,356.44,356.44,Bronze,0,0,1
13170,27,1,116.00999999999999,4,1,1,411,Potential,116.00999999999999,116.00999999999999,Bronze,0,0,0
13171,22,3,468.41,4,3,2,432,Potential,156.13666666666668,156.13666666666668,Bronze,0,0,0
13173,4,2,353.65000000000003,5,2,2,522,Potential,176.82500000000002,176.82500000000002,Bronze,0,0,0
13174,16,3,2817.03,4,3,5,435,Loyal,939.0100000000001,939.0100000000001,Bronze,0,0,0
13176,46,1,492.84,3,1,3,313,Dormant,492.84,492.84,Bronze,0,0,1
13177,65,1,282.45,3,1,2,312,Dormant,282.45,282.45,Bronze,0,0,1
13178,26,11,5725.47,4,5,5,455,Champions,520.4972727272727,520.4972727272727,Platinum,1,0,0
13182,45,1,121.18,3,1,1,311,Dormant,121.18,121.18,Bronze,0,0,1
13183,8,9,3957.78,5,5,5,555,Champions,439.75333333333333,439.75333333333333,Gold,1,0,0
13184,15,10,1701.29,4,5,4,454,Champions,170.129,170.129,Silver,1,0,0
13185,268,1,71.4,1,1,1,111,Dormant,71.4,71.4,Bronze,0,0,1
13186,40,3,1575.89,3,3,4,334,Loyal,525.2966666666667,525.2966666666667,Bronze,0,0,0
13187,337,1,236.02,1,1,1,111,Dormant,236.02,236.02,Bronze,0,0,1
13188,11,1,114.6,5,1,1,511,Potential,114.6,114.6,Bronze,0,0,0
13189,19,2,260.68,4,2,2,422,Potential,130.34,130.34,Bronze,0,0,0
13192,95,2,911.94,2,2,3,223,Needs Attention,455.97,455.97,Bronze,0,0,0
13193,61,1,117.88,3,1,1,311,Dormant,117.88,117.88,Bronze,0,0,1
13194,136,1,60.7,2,1,1,211,Dormant,60.7,60.7,Bronze,0,0,1
13196,11,4,1797.78,5,4,4,544,Champions,449.445,449.445,Silver,1,0,0
13198,10,6,3401.2400000000002,5,5,5,555,Champions,566.8733333333333,566.8733333333333,Gold,1,0,0
13199,4,38,9817.12,5,5,5,555,Champions,258.34526315789475,258.34526315789475,Platinum,1,0,0
13200,19,4,870.09,4,4,3,443,Loyal,217.5225,217.5225,Silver,0,0,0
13203,10,4,869.46,5,4,3,543,Loyal,217.365,217.365,Silver,0,0,0
13207,15,2,250.26000000000002,4,2,2,422,Potential,125.13000000000001,125.13000000000001,Bronze,0,0,0
13208,59,6,1223.9,3,5,4,354,Loyal,203.98333333333335,203.98333333333335,Silver,0,0,0
13209,30,8,5891.61,4,5,5,455,Champions,736.45125,736.45125,Gold,1,0,0
13210,94,1,353.48,2,1,2,212,Dormant,353.48,353.48,Bronze,0,0,1
13211,10,3,1197.42,5,3,4,534,Loyal,399.14000000000004,399.14000000000004,Bronze,0,0,0
13212,20,3,788.08,4,3,3,433,Loyal,262.6933333333333,262.6933333333333,Bronze,0,0,0
13213,57,5,1520.58,3,4,4,344,Loyal,304.116,304.116,Silver,0,0,0
13216,268,1,333.74,1,1,2,112,Dormant,333.74,333.74,Bronze,0,0,1
13217,122,3,533.98,2,3,3,233,Needs Attention,177.99333333333334,177.99333333333334,Bronze,0,0,0
13218,127,1,62.64,2,1,1,211,Dormant,62.64,62.64,Bronze,0,0,1
13220,78,4,819.2900000000001,2,4,3,243,Needs Attention,204.82250000000002,204.82250000000002,Silver,0,0,0
13221,240,2,847.41,1,2,3,123,Needs Attention,423.705,423.705,Bronze,0,0,0
13223,200,2,163.2,1,2,1,121,Dormant,81.6,81.6,Bronze,0,0,1
13224,60,2,2155.95,3,2,5,325,Dormant,1077.975,1077.975,Bronze,0,0,1
13225,3,7,6463.84,5,5,5,555,Champions,923.4057142857143,923.4057142857143,Gold,1,0,0
13226,273,1,108.21000000000001,1,1,1,111,Dormant,108.21000000000001,108.21000000000001,Bronze,0,0,1
13227,202,1,257.7,1,1,2,112,Dormant,257.7,257.7,Bronze,0,0,1
13228,81,1,358.0,2,1,2,212,Dormant,358.0,358.0,Bronze,0,0,1
13229,226,1,160.95,1,1,1,111,Dormant,160.95,160.95,Bronze,0,0,1
13230,4,14,2806.97,5,5,5,555,Champions,200.49785714285713,200.49785714285713,Gold,1,0,0
13232,13,7,1357.6,5,5,4,554,Champions,193.94285714285712,193.94285714285712,Silver,1,0,0
13233,74,2,605.12,2,2,3,223,Needs Attention,302.56,302.56,Bronze,0,0,0
13235,212,1,1031.07,1,1,4,114,Dormant,1031.07,1031.07,Bronze,0,0,1
13236,25,2,744.85,4,2,3,423,Potential,372.425,372.425,Bronze,0,0,0
13238,17,4,700.73,4,4,3,443,Loyal,175.1825,175.1825,Silver,0,0,0
13239,262,1,329.56,1,1,2,112,Dormant,329.56,329.56,Bronze,0,0,1
13240,96,4,663.65,2,4,3,243,Needs Attention,165.9125,165.9125,Bronze,0,0,0
13242,112,3,270.40000000000003,2,3,2,232,Needs Attention,90.13333333333334,90.13333333333334,Bronze,0,0,0
13243,203,1,600.07,1,1,3,113,Dormant,600.07,600.07,Bronze,0,0,1
13244,93,1,121.74000000000001,2,1,1,211,Dormant,121.74000000000001,121.74000000000001,Bronze,0,0,1
13245,51,1,430.5,3,1,2,312,Dormant,430.5,430.5,Bronze,0,0,1
13246,18,6,1987.3,4,5,4,454,Champions,331.21666666666664,331.21666666666664,Silver,1,0,0
13247,18,4,501.12,4,4,3,443,Loyal,125.28,125.28,Silver,0,0,0
13248,125,2,465.68,2,2,2,222,Needs Attention,232.84,232.84,Bronze,0,0,0
13249,92,3,711.41,2,3,3,233,Needs Attention,237.13666666666666,237.13666666666666,Bronze,0,0,0
13253,157,2,1030.4,2,2,4,224,Needs Attention,515.2,515.2,Bronze,0,0,0
13255,9,2,399.51,5,2,2,522,Potential,199.755,199.755,Bronze,0,0,0
13258,12,3,698.5799999999999,5,3,3,533,Loyal,232.85999999999999,232.85999999999999,Bronze,0,0,0
13259,62,1,292.32,3,1,2,312,Dormant,292.32,292.32,Bronze,0,0,1
13260,61,1,557.62,3,1,3,313,Dormant,557.62,557.62,Bronze,0,0,1
13261,269,2,944.1,1,2,4,124,Needs Attention,472.05,472.05,Bronze,0,0,0
13262,263,1,200.29,1,1,1,111,Dormant,200.29,200.29,Bronze,0,0,1
13263,1,35,7454.07,5,5,5,555,Champions,212.97342857142857,212.97342857142857,Platinum,1,0,0
13265,53,5,2107.66,3,4,5,345,Loyal,421.532,421.532,Silver,0,0,0
13266,11,12,3834.2599999999998,5,5,5,555,Champions,319.52166666666665,319.52166666666665,Gold,1,0,0
13267,3,19,4521.49,5,5,5,555,Champions,237.97315789473683,237.97315789473683,Gold,1,0,0
13268,18,11,3214.69,4,5,5,455,Champions,292.24454545454546,292.24454545454546,Gold,1,0,0
13269,1,15,5346.2300000000005,5,5,5,555,Champions,356.41533333333336,356.41533333333336,Platinum,1,0,0
13270,366,1,590.0,1,1,3,113,Dormant,590.0,590.0,Bronze,0,0,1
13271,37,1,217.38,3,1,1,311,Dormant,217.38,217.38,Bronze,0,0,1
13272,31,2,276.56,4,2,2,422,Potential,138.28,138.28,Bronze,0,0,0
13273,113,1,138.98,2,1,1,211,Dormant,138.98,138.98,Bronze,0,0,1
13276,64,2,590.9300000000001,3,2,3,323,Dormant,295.46500000000003,295.46500000000003,Bronze,0,0,1
13277,16,4,258.4,4,4,2,442,Potential,64.6,64.6,Bronze,0,0,0
13278,41,1,542.73,3,1,3,313,Dormant,542.73,542.73,Bronze,0,0,1
13279,78,1,137.75,2,1,1,211,Dormant,137.75,137.75,Bronze,0,0,1
13280,122,3,814.86,2,3,3,233,Needs Attention,271.62,271.62,Bronze,0,0,0
13282,18,3,1132.14,4,3,4,434,Loyal,377.38000000000005,377.38000000000005,Bronze,0,0,0
13283,60,2,93.66,3,2,1,321,Dormant,46.83,46.83,Bronze,0,0,1
13284,331,1,201.19,1,1,1,111,Dormant,201.19,201.19,Bronze,0,0,1
13285,23,4,2709.12,4,4,5,445,Champions,677.28,677.28,Silver,1,0,0
13291,156,1,361.11,2,1,2,212,Dormant,361.11,361.11,Bronze,0,0,1
13292,39,2,578.94,3,2,3,323,Dormant,289.47,289.47,Bronze,0,0,1
13294,190,2,873.74,1,2,3,123,Needs Attention,436.87,436.87,Bronze,0,0,0
13295,360,1,201.20000000000002,1,1,1,111,Dormant,201.20000000000002,201.20000000000002,Bronze,0,0,1
13296,137,1,87.4,2,1,1,211,Dormant,87.4,87.4,Bronze,0,0,1
13297,8,4,2089.85,5,4,5,545,Champions,522.4625,522.4625,Silver,1,0,0
13298,1,1,360.0,5,1,2,512,Potential,360.0,360.0,Bronze,0,0,0
13299,268,1,142.5,1,1,1,111,Dormant,142.5,142.5,Bronze,0,0,1
13300,169,1,371.89,2,1,2,212,Dormant,371.89,371.89,Bronze,0,0,1
13301,104,4,618.09,2,4,3,243,Needs Attention,154.5225,154.5225,Bronze,0,0,0
13302,155,1,63.75,2,1,1,211,Dormant,63.75,63.75,Bronze,0,0,1
13304,351,1,300.42,1,1,2,112,Dormant,300.42,300.42,Bronze,0,0,1
13305,4,10,2000.86,5,5,4,554,Champions,200.08599999999998,200.08599999999998,Gold,1,0,0
13307,120,1,15.0,2,1,1,211,Dormant,15.0,15.0,Bronze,0,0,1
13308,23,3,1385.51,4,3,4,434,Loyal,461.83666666666664,461.83666666666664,Bronze,0,0,0
13309,7,5,1456.79,5,4,4,544,Champions,291.358,291.358,Silver,1,0,0
13310,28,3,1132.03,4,3,4,434,Loyal,377.3433333333333,377.3433333333333,Bronze,0,0,0
13311,4,2,598.57,5,2,3,523,Potential,299.285,299.285,Bronze,0,0,0
13313,22,5,1555.3200000000002,4,4,4,444,Champions,311.064,311.064,Silver,1,0,0
13314,2,3,775.94,5,3,3,533,Loyal,258.6466666666667,258.6466666666667,Bronze,0,0,0
13316,37,4,5977.73,3,4,5,345,Loyal,1494.4325,1494.4325,Silver,0,0,0
13317,66,6,2273.68,3,5,5,355,Loyal,378.94666666666666,378.94666666666666,Silver,0,0,0
13318,1,3,640.76,5,3,3,533,Loyal,213.58666666666667,213.58666666666667,Bronze,0,0,0
13319,5,26,10845.550000000001,5,5,5,555,Champions,417.1365384615385,417.1365384615385,Platinum,1,0,0
13320,78,4,1548.7,2,4,4,244,At Risk,387.175,387.175,Silver,0,1,0
13321,72,2,567.36,2,2,3,223,Needs Attention,283.68,283.68,Bronze,0,0,0
13322,17,1,199.48000000000002,4,1,1,411,Potential,199.48000000000002,199.48000000000002,Bronze,0,0,0
13323,3,5,787.85,5,4,3,543,Loyal,157.57,157.57,Silver,0,0,0
13324,36,10,7121.95,3,5,5,355,Loyal,712.1949999999999,712.1949999999999,Gold,0,0,0
13325,82,1,675.3,2,1,3,213,Dormant,675.3,675.3,Bronze,0,0,1
13327,39,8,3627.77,3,5,5,355,Loyal,453.47125,453.47125,Gold,0,0,0
13328,316,1,1308.48,1,1,4,114,Dormant,1308.48,1308.48,Bronze,0,0,1
13329,32,2,789.0,4,2,3,423,Potential,394.5,394.5,Bronze,0,0,0
13330,93,3,1140.93,2,3,4,234,Needs Attention,380.31,380.31,Bronze,0,0,0
13332,14,1,350.90000000000003,4,1,2,412,Potential,350.90000000000003,350.90000000000003,Bronze,0,0,0
13334,82,3,3536.82,2,3,5,235,Needs Attention,1178.94,1178.94,Bronze,0,0,0
13336,77,1,795.12,2,1,3,213,Dormant,795.12,795.12,Bronze,0,0,1
13338,158,1,487.02,2,1,2,212,Dormant,487.02,487.02,Bronze,0,0,1
13339,201,1,860.12,1,1,3,113,Dormant,860.12,860.12,Bronze,0,0,1
13340,45,7,10736.48,3,5,5,355,Loyal,1533.782857142857,1533.782857142857,Gold,0,0,0
13341,261,1,775.85,1,1,3,113,Dormant,775.85,775.85,Bronze,0,0,1
13343,178,1,353.43,2,1,2,212,Dormant,353.43,353.43,Bronze,0,0,1
13344,68,3,2543.7200000000003,3,3,5,335,Loyal,847.9066666666668,847.9066666666668,Bronze,0,0,0
13345,288,1,389.5,1,1,2,112,Dormant,389.5,389.5,Bronze,0,0,1
13347,70,1,341.36,3,1,2,312,Dormant,341.36,341.36,Bronze,0,0,1
13348,64,1,233.76000000000002,3,1,1,311,Dormant,233.76000000000002,233.76000000000002,Bronze,0,0,1
13349,11,1,247.32,5,1,1,511,Potential,247.32,247.32,Bronze,0,0,0
13350,16,2,979.12,4,2,4,424,Potential,489.56,489.56,Bronze,0,0,0
13351,66,1,373.94,3,1,2,312,Dormant,373.94,373.94,Bronze,0,0,1
13352,60,1,397.98,3,1,2,312,Dormant,397.98,397.98,Bronze,0,0,1
13354,71,1,743.53,3,1,3,313,Dormant,743.53,743.53,Bronze,0,0,1
13355,122,1,674.7,2,1,3,213,Dormant,674.7,674.7,Bronze,0,0,1
13356,80,1,768.24,2,1,3,213,Dormant,768.24,768.24,Bronze,0,0,1
13357,257,1,609.95,1,1,3,113,Dormant,609.95,609.95,Bronze,0,0,1
13358,269,1,439.03000000000003,1,1,2,112,Dormant,439.03000000000003,439.03000000000003,Bronze,0,0,1
13359,64,1,439.56,3,1,2,312,Dormant,439.56,439.56,Bronze,0,0,1
13362,9,4,3090.7400000000002,5,4,5,545,Champions,772.6850000000001,772.6850000000001,Silver,1,0,0
13363,18,2,992.5,4,2,4,424,Potential,496.25,496.25,Bronze,0,0,0
13364,71,1,134.96,3,1,1,311,Dormant,134.96,134.96,Bronze,0,0,1
13365,34,2,2225.37,3,2,5,325,Dormant,1112.685,1112.685,Bronze,0,0,1
13366,50,1,56.16,3,1,1,311,Dormant,56.16,56.16,Bronze,0,0,1
13368,257,2,623.4,1,2,3,123,Needs Attention,311.7,311.7,Bronze,0,0,0
13369,366,1,308.28000000000003,1,1,2,112,Dormant,308.28000000000003,308.28000000000003,Bronze,0,0,1
13370,372,1,754.87,1,1,3,113,Dormant,754.87,754.87,Bronze,0,0,1
13372,90,1,378.64,2,1,2,212,Dormant,378.64,378.64,Bronze,0,0,1
13373,61,3,3312.25,3,3,5,335,Loyal,1104.0833333333333,1104.0833333333333,Bronze,0,0,0
13375,89,1,778.65,2,1,3,213,Dormant,778.65,778.65,Bronze,0,0,1
13376,99,3,1019.76,2,3,4,234,Needs Attention,339.92,339.92,Bronze,0,0,0
13379,26,3,572.56,4,3,3,433,Loyal,190.85333333333332,190.85333333333332,Bronze,0,0,0
13381,32,6,3639.31,4,5,5,455,Champions,606.5516666666666,606.5516666666666,Gold,1,0,0
13382,281,1,222.99,1,1,1,111,Dormant,222.99,222.99,Bronze,0,0,1
13384,31,7,4151.93,4,5,5,455,Champions,593.1328571428572,593.1328571428572,Gold,1,0,0
13385,330,1,534.57,1,1,3,113,Dormant,534.57,534.57,Bronze,0,0,1
13388,131,2,677.1,2,2,3,223,Needs Attention,338.55,338.55,Bronze,0,0,0
13389,11,3,797.96,5,3,3,533,Loyal,265.9866666666667,265.9866666666667,Bronze,0,0,0
13390,75,1,544.08,2,1,3,213,Dormant,544.08,544.08,Bronze,0,0,1
13391,204,1,59.8,1,1,1,111,Dormant,59.8,59.8,Bronze,0,0,1
13394,2,8,2520.02,5,5,5,555,Champions,315.0025,315.0025,Gold,1,0,0
13395,185,1,307.72,1,1,2,112,Dormant,307.72,307.72,Bronze,0,0,1
13396,29,2,1360.99,4,2,4,424,Potential,680.495,680.495,Bronze,0,0,0
13397,73,5,1544.13,2,4,4,244,At Risk,308.826,308.826,Silver,0,1,0
13398,192,1,457.34000000000003,1,1,2,112,Dormant,457.34000000000003,457.34000000000003,Bronze,0,0,1
13402,127,2,621.23,2,2,3,223,Needs Attention,310.615,310.615,Bronze,0,0,0
13403,18,1,75.0,4,1,1,411,Potential,75.0,75.0,Bronze,0,0,0
13404,1,2,252.49,5,2,2,522,Potential,126.245,126.245,Bronze,0,0,0
13405,74,3,572.451,2,3,3,233,Needs Attention,190.817,190.817,Bronze,0,0,0
13408,2,62,28117.04,5,5,5,555,Champions,453.5006451612903,453.5006451612903,Platinum,1,0,0
13410,24,5,1003.06,4,4,4,444,Champions,200.612,200.612,Silver,1,0,0
13411,107,1,213.55,2,1,1,211,Dormant,213.55,213.55,Bronze,0,0,1
13414,134,3,1390.5,2,3,4,234,Needs Attention,463.5,463.5,Bronze,0,0,0
13416,44,2,712.5,3,2,3,323,Dormant,356.25,356.25,Bronze,0,0,1
13417,5,2,640.83,5,2,3,523,Potential,320.415,320.415,Bronze,0,0,0
13418,12,18,6127.43,5,5,5,555,Champions,340.4127777777778,340.4127777777778,Platinum,1,0,0
13419,64,1,221.06,3,1,1,311,Dormant,221.06,221.06,Bronze,0,0,1
13420,150,2,159.85,2,2,1,221,Dormant,79.925,79.925,Bronze,0,0,1
13421,40,2,1851.08,3,2,4,324,Dormant,925.54,925.54,Bronze,0,0,1
13422,64,1,2626.3,3,1,5,315,Dormant,2626.3,2626.3,Bronze,0,0,1
13425,108,3,1624.21,2,3,4,234,Needs Attention,541.4033333333333,541.4033333333333,Bronze,0,0,0
13426,1,10,3641.32,5,5,5,555,Champions,364.132,364.132,Gold,1,0,0
13427,19,3,582.6,4,3,3,433,Loyal,194.20000000000002,194.20000000000002,Bronze,0,0,0
13428,10,1,218.47,5,1,1,511,Potential,218.47,218.47,Bronze,0,0,0
13429,11,4,1006.8,5,4,4,544,Champions,251.7,251.7,Silver,1,0,0
13430,19,2,679.45,4,2,3,423,Potential,339.725,339.725,Bronze,0,0,0
13431,67,2,1269.1,3,2,4,324,Dormant,634.55,634.55,Bronze,0,0,1
13434,74,2,534.24,2,2,3,223,Needs Attention,267.12,267.12,Bronze,0,0,0
13435,5,7,3809.89,5,5,5,555,Champions,544.27,544.27,Gold,1,0,0
13436,2,1,196.89,5,1,1,511,Potential,196.89,196.89,Bronze,0,0,0
13437,14,7,3408.06,4,5,5,455,Champions,486.86571428571426,486.86571428571426,Gold,1,0,0
13439,255,1,283.71,1,1,2,112,Dormant,283.71,283.71,Bronze,0,0,1
13441,92,1,296.64,2,1,2,212,Dormant,296.64,296.64,Bronze,0,0,1
13447,23,3,1129.14,4,3,4,434,Loyal,376.38000000000005,376.38000000000005,Bronze,0,0,0
13448,17,6,3539.3700000000003,4,5,5,455,Champions,589.8950000000001,589.8950000000001,Gold,1,0,0
13449,24,1,291.88,4,1,2,412,Potential,291.88,291.88,Bronze,0,0,0
13450,27,6,2043.72,4,5,4,454,Champions,340.62,340.62,Gold,1,0,0
13451,26,5,2976.15,4,4,5,445,Champions,595.23,595.23,Silver,1,0,0
13452,259,2,590.0,1,2,3,123,Needs Attention,295.0,295.0,Bronze,0,0,0
13453,166,2,356.98,2,2,2,222,Needs Attention,178.49,178.49,Bronze,0,0,0
13455,25,2,1058.34,4,2,4,424,Potential,529.17,529.17,Bronze,0,0,0
13456,18,6,1766.72,4,5,4,454,Champions,294.4533333333333,294.4533333333333,Silver,1,0,0
13458,7,14,9646.57,5,5,5,555,Champions,689.0407142857142,689.0407142857142,Platinum,1,0,0
13460,29,2,183.44,4,2,1,421,Potential,91.72,91.72,Bronze,0,0,0
13461,39,3,1445.0,3,3,4,334,Loyal,481.6666666666667,481.6666666666667,Bronze,0,0,0
13462,253,1,151.5,1,1,1,111,Dormant,151.5,151.5,Bronze,0,0,1
13464,58,1,674.68,3,1,3,313,Dormant,674.68,674.68,Bronze,0,0,1
13466,184,1,307.90000000000003,1,1,2,112,Dormant,307.90000000000003,307.90000000000003,Bronze,0,0,1
13467,11,2,1083.71,5,2,4,524,Potential,541.855,541.855,Bronze,0,0,0
13468,2,37,5704.97,5,5,5,555,Champions,154.1883783783784,154.1883783783784,Platinum,1,0,0
13470,99,2,165.0,2,2,1,221,Dormant,82.5,82.5,Bronze,0,0,1
13471,1,4,2531.58,5,4,5,545,Champions,632.895,632.895,Silver,1,0,0
13473,61,2,422.64,3,2,2,322,Dormant,211.32,211.32,Bronze,0,0,1
13474,236,1,229.59,1,1,1,111,Dormant,229.59,229.59,Bronze,0,0,1
13475,191,4,1431.78,1,4,4,144,At Risk,357.945,357.945,Bronze,0,1,0
13476,179,2,1238.47,1,2,4,124,Needs Attention,619.235,619.235,Bronze,0,0,0
13477,38,6,1454.58,3,5,4,354,Loyal,242.42999999999998,242.42999999999998,Silver,0,0,0
13479,201,2,300.95,1,2,2,122,Needs Attention,150.475,150.475,Bronze,0,0,0
13481,46,5,1804.56,3,4,4,344,Loyal,360.912,360.912,Silver,0,0,0
13482,232,1,184.64000000000001,1,1,1,111,Dormant,184.64000000000001,184.64000000000001,Bronze,0,0,1
13483,66,1,140.34,3,1,1,311,Dormant,140.34,140.34,Bronze,0,0,1
13484,241,1,313.8,1,1,2,112,Dormant,313.8,313.8,Bronze,0,0,1
13485,233,1,454.24,1,1,2,112,Dormant,454.24,454.24,Bronze,0,0,1
13486,78,3,1122.41,2,3,4,234,Needs Attention,374.1366666666667,374.1366666666667,Bronze,0,0,0
13487,58,3,575.4,3,3,3,333,Loyal,191.79999999999998,191.79999999999998,Bronze,0,0,0
13488,17,13,8968.31,4,5,5,455,Champions,689.87,689.87,Platinum,1,0,0
13489,105,4,449.52,2,4,2,242,Needs Attention,112.38,112.38,Bronze,0,0,0
13491,52,10,1215.82,3,5,4,354,Loyal,121.582,121.582,Silver,0,0,0
13492,136,3,1269.84,2,3,4,234,Needs Attention,423.28,423.28,Bronze,0,0,0
13493,275,2,618.63,1,2,3,123,Needs Attention,309.315,309.315,Bronze,0,0,0
13494,312,1,316.26000000000005,1,1,2,112,Dormant,316.26000000000005,316.26000000000005,Bronze,0,0,1
13495,8,5,2044.8700000000001,5,4,4,544,Champions,408.97400000000005,408.97400000000005,Silver,1,0,0
13496,11,2,653.33,5,2,3,523,Potential,326.665,326.665,Bronze,0,0,0
13497,283,2,348.05,1,2,2,122,Needs Attention,174.025,174.025,Bronze,0,0,0
13499,18,5,1159.1100000000001,4,4,4,444,Champions,231.82200000000003,231.82200000000003,Silver,1,0,0
13500,23,3,1166.77,4,3,4,434,Loyal,388.92333333333335,388.92333333333335,Bronze,0,0,0
13501,288,1,1340.32,1,1,4,114,Dormant,1340.32,1340.32,Bronze,0,0,1
13502,17,3,292.0,4,3,2,432,Potential,97.33333333333333,97.33333333333333,Bronze,0,0,0
13503,71,1,216.85,3,1,1,311,Dormant,216.85,216.85,Bronze,0,0,1
13504,64,1,295.93,3,1,2,312,Dormant,295.93,295.93,Bronze,0,0,1
13505,73,4,4393.63,2,4,5,245,At Risk,1098.4075,1098.4075,Silver,0,1,0
13506,316,2,458.52,1,2,2,122,Needs Attention,229.26,229.26,Bronze,0,0,0
13507,3,4,2479.16,5,4,5,545,Champions,619.79,619.79,Silver,1,0,0
13508,244,1,110.97,1,1,1,111,Dormant,110.97,110.97,Bronze,0,0,1
13509,9,7,979.72,5,5,4,554,Champions,139.96,139.96,Silver,1,0,0
13510,1,4,1791.56,5,4,4,544,Champions,447.89,447.89,Silver,1,0,0
13512,261,1,251.21,1,1,2,112,Dormant,251.21,251.21,Bronze,0,0,1
13513,127,1,205.1,2,1,1,211,Dormant,205.1,205.1,Bronze,0,0,1
13514,74,1,152.20000000000002,2,1,1,211,Dormant,152.20000000000002,152.20000000000002,Bronze,0,0,1
13515,73,4,891.12,2,4,3,243,Needs Attention,222.78,222.78,Silver,0,0,0
13516,21,3,1389.41,4,3,4,434,Loyal,463.1366666666667,463.1366666666667,Bronze,0,0,0
13517,60,3,2128.42,3,3,5,335,Loyal,709.4733333333334,709.4733333333334,Bronze,0,0,0
13518,86,1,659.44,2,1,3,213,Dormant,659.44,659.44,Bronze,0,0,1
13519,78,1,122.75,2,1,1,211,Dormant,122.75,122.75,Bronze,0,0,1
13520,59,6,3624.35,3,5,5,355,Loyal,604.0583333333333,604.0583333333333,Gold,0,0,0
13521,1,3,1093.65,5,3,4,534,Loyal,364.55,364.55,Bronze,0,0,0
13522,30,1,125.80000000000001,4,1,1,411,Potential,125.80000000000001,125.80000000000001,Bronze,0,0,0
13523,33,5,3964.88,3,4,5,345,Loyal,792.976,792.976,Silver,0,0,0
13524,41,5,680.1800000000001,3,4,3,343,Loyal,136.036,136.036,Silver,0,0,0
13525,15,2,628.78,4,2,3,423,Potential,314.39,314.39,Bronze,0,0,0
13527,34,7,2287.51,3,5,5,355,Loyal,326.7871428571429,326.7871428571429,Gold,0,0,0
13529,79,2,307.76,2,2,2,222,Needs Attention,153.88,153.88,Bronze,0,0,0
13531,205,2,483.8,1,2,2,122,Needs Attention,241.9,241.9,Bronze,0,0,0
13532,34,1,210.31,3,1,1,311,Dormant,210.31,210.31,Bronze,0,0,1
13533,183,3,270.79,1,3,2,132,Needs Attention,90.26333333333334,90.26333333333334,Bronze,0,0,0
13534,2,25,5870.08,5,5,5,555,Champions,234.8032,234.8032,Platinum,1,0,0
13536,1,7,3448.29,5,5,5,555,Champions,492.61285714285714,492.61285714285714,Gold,1,0,0
13538,43,7,1280.85,3,5,4,354,Loyal,182.97857142857143,182.97857142857143,Silver,0,0,0
13539,86,3,631.34,2,3,3,233,Needs Attention,210.4466666666667,210.4466666666667,Bronze,0,0,0
13544,40,2,291.41,3,2,2,322,Dormant,145.705,145.705,Bronze,0,0,1
13546,12,3,626.99,5,3,3,533,Loyal,208.99666666666667,208.99666666666667,Bronze,0,0,0
13548,96,2,682.41,2,2,3,223,Needs Attention,341.205,341.205,Bronze,0,0,0
13549,26,7,918.2,4,5,3,453,Loyal,131.17142857142858,131.17142857142858,Silver,0,0,0
13551,319,1,91.80000000000001,1,1,1,111,Dormant,91.80000000000001,91.80000000000001,Bronze,0,0,1
13552,66,12,3740.07,3,5,5,355,Loyal,311.6725,311.6725,Silver,0,0,0
13555,74,4,4149.28,2,4,5,245,At Risk,1037.32,1037.32,Silver,0,1,0
13557,28,2,584.0600000000001,4,2,3,423,Potential,292.03000000000003,292.03000000000003,Bronze,0,0,0
13558,6,4,605.06,5,4,3,543,Loyal,151.265,151.265,Silver,0,0,0
13560,7,1,174.37,5,1,1,511,Potential,174.37,174.37,Bronze,0,0,0
13561,216,1,141.85999999999999,1,1,1,111,Dormant,141.85999999999999,141.85999999999999,Bronze,0,0,1
13562,82,3,1799.3300000000002,2,3,4,234,Needs Attention,599.7766666666668,599.7766666666668,Bronze,0,0,0
13563,84,2,777.53,2,2,3,223,Needs Attention,388.765,388.765,Bronze,0,0,0
13564,144,3,1749.02,2,3,4,234,Needs Attention,583.0066666666667,583.0066666666667,Bronze,0,0,0
13565,19,2,240.22,4,2,1,421,Potential,120.11,120.11,Bronze,0,0,0
13566,41,2,874.71,3,2,3,323,Dormant,437.355,437.355,Bronze,0,0,1
13568,173,1,192.85,2,1,1,211,Dormant,192.85,192.85,Bronze,0,0,1
13569,17,2,373.75,4,2,2,422,Potential,186.875,186.875,Bronze,0,0,0
13570,243,1,239.49,1,1,1,111,Dormant,239.49,239.49,Bronze,0,0,1
13571,13,12,2092.32,5,5,5,555,Champions,174.36,174.36,Gold,1,0,0
13572,206,1,1384.25,1,1,4,114,Dormant,1384.25,1384.25,Bronze,0,0,1
13573,50,2,294.40000000000003,3,2,2,322,Dormant,147.20000000000002,147.20000000000002,Bronze,0,0,1
13575,23,5,732.07,4,4,3,443,Loyal,146.41400000000002,146.41400000000002,Silver,0,0,0
13576,10,18,6717.34,5,5,5,555,Champions,373.18555555555554,373.18555555555554,Platinum,1,0,0
13577,25,4,1687.6000000000001,4,4,4,444,Champions,421.90000000000003,421.90000000000003,Silver,1,0,0
13579,15,2,467.04,4,2,2,422,Potential,233.52,233.52,Bronze,0,0,0
13581,309,1,118.0,1,1,1,111,Dormant,118.0,118.0,Bronze,0,0,1
13583,156,1,781.03,2,1,3,213,Dormant,781.03,781.03,Bronze,0,0,1
13584,307,1,142.4,1,1,1,111,Dormant,142.4,142.4,Bronze,0,0,1
13587,64,1,712.4,3,1,3,313,Dormant,712.4,712.4,Bronze,0,0,1
13588,16,9,2478.95,4,5,5,455,Champions,275.43888888888887,275.43888888888887,Gold,1,0,0
13589,15,2,379.65,4,2,2,422,Potential,189.825,189.825,Bronze,0,0,0
13590,11,6,1981.92,5,5,4,554,Champions,330.32,330.32,Silver,1,0,0
13591,65,3,1117.13,3,3,4,334,Loyal,372.3766666666667,372.3766666666667,Bronze,0,0,0
13592,36,4,247.95999999999998,3,4,1,341,Dormant,61.989999999999995,61.989999999999995,Bronze,0,0,1
13593,108,5,2037.0800000000002,2,4,4,244,At Risk,407.41600000000005,407.41600000000005,Bronze,0,1,0
13594,53,1,396.97,3,1,2,312,Dormant,396.97,396.97,Bronze,0,0,1
13596,6,2,697.04,5,2,3,523,Potential,348.52,348.52,Bronze,0,0,0
13598,47,1,180.17000000000002,3,1,1,311,Dormant,180.17000000000002,180.17000000000002,Bronze,0,0,1
13599,1,21,5153.67,5,5,5,555,Champions,245.41285714285715,245.41285714285715,Platinum,1,0,0
13600,312,1,219.52,1,1,1,111,Dormant,219.52,219.52,Bronze,0,0,1
13601,45,2,693.32,3,2,3,323,Dormant,346.66,346.66,Bronze,0,0,1
13602,65,1,428.89,3,1,2,312,Dormant,428.89,428.89,Bronze,0,0,1
13603,26,1,164.34,4,1,1,411,Potential,164.34,164.34,Bronze,0,0,0
13606,29,3,280.54,4,3,2,432,Potential,93.51333333333334,93.51333333333334,Bronze,0,0,0
13607,40,1,678.01,3,1,3,313,Dormant,678.01,678.01,Bronze,0,0,1
13610,12,7,1131.88,5,5,4,554,Champions,161.69714285714286,161.69714285714286,Silver,1,0,0
13611,89,3,1171.8,2,3,4,234,Needs Attention,390.59999999999997,390.59999999999997,Bronze,0,0,0
13614,24,4,1610.46,4,4,4,444,Champions,402.615,402.615,Silver,1,0,0
13615,319,1,417.69,1,1,2,112,Dormant,417.69,417.69,Bronze,0,0,1
13617,40,3,544.18,3,3,3,333,Loyal,181.39333333333332,181.39333333333332,Bronze,0,0,0
13618,174,1,177.34,2,1,1,211,Dormant,177.34,177.34,Bronze,0,0,1
13621,117,1,213.85,2,1,1,211,Dormant,213.85,213.85,Bronze,0,0,1
13623,31,5,747.78,4,4,3,443,Loyal,149.55599999999998,149.55599999999998,Silver,0,0,0
13626,253,1,257.23,1,1,2,112,Dormant,257.23,257.23,Bronze,0,0,1
13627,59,5,1638.47,3,4,4,344,Loyal,327.694,327.694,Silver,0,0,0
13629,23,11,7792.36,4,5,5,455,Champions,708.3963636363636,708.3963636363636,Platinum,1,0,0
13630,5,7,2031.78,5,5,4,554,Champions,290.2542857142857,290.2542857142857,Gold,1,0,0
13631,100,11,3070.42,2,5,5,255,At Risk,279.1290909090909,279.1290909090909,Bronze,0,1,0
13632,25,5,2121.27,4,4,5,445,Champions,424.254,424.254,Silver,1,0,0
13634,33,5,1575.16,3,4,4,344,Loyal,315.03200000000004,315.03200000000004,Silver,0,0,0
13635,68,1,1071.03,3,1,4,314,Dormant,1071.03,1071.03,Bronze,0,0,1
13636,37,5,949.12,3,4,4,344,Loyal,189.824,189.824,Silver,0,0,0
13637,52,3,810.5,3,3,3,333,Loyal,270.1666666666667,270.1666666666667,Bronze,0,0,0
13638,16,1,122.64,4,1,1,411,Potential,122.64,122.64,Bronze,0,0,0
13639,74,1,1033.34,2,1,4,214,Dormant,1033.34,1033.34,Bronze,0,0,1
13642,216,1,354.8,1,1,2,112,Dormant,354.8,354.8,Bronze,0,0,1
13643,31,3,519.44,4,3,3,433,Loyal,173.14666666666668,173.14666666666668,Bronze,0,0,0
13644,16,4,2624.26,4,4,5,445,Champions,656.065,656.065,Silver,1,0,0
13645,120,1,252.1,2,1,2,212,Dormant,252.1,252.1,Bronze,0,0,1
13647,10,4,1678.1200000000001,5,4,4,544,Champions,419.53000000000003,419.53000000000003,Silver,1,0,0
13649,257,2,346.6,1,2,2,122,Needs Attention,173.3,173.3,Bronze,0,0,0
13650,17,6,1836.3400000000001,4,5,4,454,Champions,306.0566666666667,306.0566666666667,Silver,1,0,0
13651,35,2,94.2,3,2,1,321,Dormant,47.1,47.1,Bronze,0,0,1
13652,46,3,1095.08,3,3,4,334,Loyal,365.02666666666664,365.02666666666664,Bronze,0,0,0
13654,43,6,2707.33,3,5,5,355,Loyal,451.22166666666664,451.22166666666664,Gold,0,0,0
13655,114,2,932.97,2,2,3,223,Needs Attention,466.485,466.485,Bronze,0,0,0
13656,165,2,379.65,2,2,2,222,Needs Attention,189.825,189.825,Bronze,0,0,0
13657,11,2,382.14,5,2,2,522,Potential,191.07,191.07,Bronze,0,0,0
13658,10,5,2639.17,5,4,5,545,Champions,527.8340000000001,527.8340000000001,Silver,1,0,0
13659,206,2,1573.2,1,2,4,124,Needs Attention,786.6,786.6,Bronze,0,0,0
13662,86,3,897.76,2,3,3,233,Needs Attention,299.25333333333333,299.25333333333333,Bronze,0,0,0
13663,179,1,189.47,1,1,1,111,Dormant,189.47,189.47,Bronze,0,0,1
13666,60,3,84.65,3,3,1,331,Dormant,28.21666666666667,28.21666666666667,Bronze,0,0,1
13667,149,1,305.02,2,1,2,212,Dormant,305.02,305.02,Bronze,0,0,1
13668,3,21,6363.59,5,5,5,555,Champions,303.02809523809526,303.02809523809526,Platinum,1,0,0
13669,51,2,218.55,3,2,1,321,Dormant,109.275,109.275,Bronze,0,0,1
13670,75,1,349.7,2,1,2,212,Dormant,349.7,349.7,Bronze,0,0,1
13672,301,2,186.39000000000001,1,2,1,121,Dormant,93.19500000000001,93.19500000000001,Bronze,0,0,1
13673,19,2,396.92,4,2,2,422,Potential,198.46,198.46,Bronze,0,0,0
13675,151,2,486.82000000000005,2,2,2,222,Needs Attention,243.41000000000003,243.41000000000003,Bronze,0,0,0
13678,152,1,232.6,2,1,1,211,Dormant,232.6,232.6,Bronze,0,0,1
13680,1,4,3722.42,5,4,5,545,Champions,930.605,930.605,Silver,1,0,0
13681,18,4,827.83,4,4,3,443,Loyal,206.9575,206.9575,Silver,0,0,0
13682,187,1,59.5,1,1,1,111,Dormant,59.5,59.5,Bronze,0,0,1
13684,286,1,67.23,1,1,1,111,Dormant,67.23,67.23,Bronze,0,0,1
13685,3,7,3119.44,5,5,5,555,Champions,445.63428571428574,445.63428571428574,Gold,1,0,0
13686,183,1,72.0,1,1,1,111,Dormant,72.0,72.0,Bronze,0,0,1
13689,63,1,910.0,3,1,3,313,Dormant,910.0,910.0,Bronze,0,0,1
13690,59,1,172.25,3,1,1,311,Dormant,172.25,172.25,Bronze,0,0,1
13692,25,3,1488.32,4,3,4,434,Loyal,496.1066666666666,496.1066666666666,Bronze,0,0,0
13694,4,50,65039.62,5,5,5,555,Champions,1300.7924,1300.7924,Platinum,1,0,0
13695,31,15,2504.13,4,5,5,455,Champions,166.942,166.942,Gold,1,0,0
13697,39,1,151.3,3,1,1,311,Dormant,151.3,151.3,Bronze,0,0,1
13699,155,1,308.58000000000004,2,1,2,212,Dormant,308.58000000000004,308.58000000000004,Bronze,0,0,1
13700,26,10,2265.12,4,5,5,455,Champions,226.512,226.512,Gold,1,0,0
13703,318,1,99.5,1,1,1,111,Dormant,99.5,99.5,Bronze,0,0,1
13704,5,9,2308.06,5,5,5,555,Champions,256.4511111111111,256.4511111111111,Gold,1,0,0
13705,8,3,711.86,5,3,3,533,Loyal,237.28666666666666,237.28666666666666,Bronze,0,0,0
13706,303,1,330.79,1,1,2,112,Dormant,330.79,330.79,Bronze,0,0,1
13707,267,2,806.41,1,2,3,123,Needs Attention,403.205,403.205,Bronze,0,0,0
13708,271,1,296.88,1,1,2,112,Dormant,296.88,296.88,Bronze,0,0,1
13709,4,13,6328.05,5,5,5,555,Champions,486.7730769230769,486.7730769230769,Platinum,1,0,0
13710,32,1,180.48,4,1,1,411,Potential,180.48,180.48,Bronze,0,0,0
13711,219,2,252.06,1,2,2,122,Needs Attention,126.03,126.03,Bronze,0,0,0
13712,247,1,228.84,1,1,1,111,Dormant,228.84,228.84,Bronze,0,0,1
13715,281,5,1079.34,1,4,4,144,At Risk,215.868,215.868,Bronze,0,1,0
13716,269,1,138.28,1,1,1,111,Dormant,138.28,138.28,Bronze,0,0,1
13717,32,6,1445.01,4,5,4,454,Champions,240.835,240.835,Silver,1,0,0
13718,246,2,306.55,1,2,2,122,Needs Attention,153.275,153.275,Bronze,0,0,0
13719,15,5,1041.68,4,4,4,444,Champions,208.336,208.336,Silver,1,0,0
13720,117,4,799.9,2,4,3,243,Needs Attention,199.975,199.975,Bronze,0,0,0
13721,36,1,524.14,3,1,3,313,Dormant,524.14,524.14,Bronze,0,0,1
13722,132,3,2375.41,2,3,5,235,Needs Attention,791.8033333333333,791.8033333333333,Bronze,0,0,0
13723,217,1,199.85000000000002,1,1,1,111,Dormant,199.85000000000002,199.85000000000002,Bronze,0,0,1
13725,50,8,1980.56,3,5,4,354,Loyal,247.57,247.57,Silver,0,0,0
13726,39,2,1079.66,3,2,4,324,Dormant,539.83,539.83,Bronze,0,0,1
13727,29,2,333.48,4,2,2,422,Potential,166.74,166.74,Bronze,0,0,0
13728,37,6,1016.14,3,5,4,354,Loyal,169.35666666666665,169.35666666666665,Silver,0,0,0
13730,136,2,752.6,2,2,3,223,Needs Attention,376.3,376.3,Bronze,0,0,0
13731,219,2,610.59,1,2,3,123,Needs Attention,305.295,305.295,Bronze,0,0,0
13732,28,1,491.86,4,1,3,413,Potential,491.86,491.86,Bronze,0,0,0
13735,25,4,2885.2400000000002,4,4,5,445,Champions,721.3100000000001,721.3100000000001,Silver,1,0,0
13736,5,2,731.9,5,2,3,523,Potential,365.95,365.95,Bronze,0,0,0
13737,200,1,339.6,1,1,2,112,Dormant,339.6,339.6,Bronze,0,0,1
13739,18,1,216.9,4,1,1,411,Potential,216.9,216.9,Bronze,0,0,0
13740,241,1,350.75,1,1,2,112,Dormant,350.75,350.75,Bronze,0,0,1
13741,72,3,668.4300000000001,2,3,3,233,Needs Attention,222.81000000000003,222.81000000000003,Bronze,0,0,0
13742,17,12,3131.02,4,5,5,455,Champions,260.91833333333335,260.91833333333335,Gold,1,0,0
13743,3,7,1341.6,5,5,4,554,Champions,191.65714285714284,191.65714285714284,Silver,1,0,0
13744,95,2,1156.36,2,2,4,224,Needs Attention,578.18,578.18,Bronze,0,0,0
13745,162,1,300.04,2,1,2,212,Dormant,300.04,300.04,Bronze,0,0,1
13747,374,1,79.6,1,1,1,111,Dormant,79.6,79.6,Bronze,0,0,1
13748,96,5,948.25,2,4,4,244,At Risk,189.65,189.65,Bronze,0,1,0
13750,54,5,1647.26,3,4,4,344,Loyal,329.452,329.452,Silver,0,0,0
13751,288,1,296.25,1,1,2,112,Dormant,296.25,296.25,Bronze,0,0,1
13752,124,6,1186.28,2,5,4,254,At Risk,197.71333333333334,197.71333333333334,Bronze,0,1,0
13753,288,1,741.26,1,1,3,113,Dormant,741.26,741.26,Bronze,0,0,1
13754,152,2,282.6,2,2,2,222,Needs Attention,141.3,141.3,Bronze,0,0,0
13755,4,9,2161.35,5,5,5,555,Champions,240.14999999999998,240.14999999999998,Gold,1,0,0
13756,2,14,5189.52,5,5,5,555,Champions,370.68,370.68,Platinum,1,0,0
13758,12,7,3190.55,5,5,5,555,Champions,455.79285714285714,455.79285714285714,Gold,1,0,0
13759,33,2,659.4100000000001,3,2,3,323,Dormant,329.70500000000004,329.70500000000004,Bronze,0,0,1
13760,54,2,286.79,3,2,2,322,Dormant,143.395,143.395,Bronze,0,0,1
13761,50,2,1070.65,3,2,4,324,Dormant,535.325,535.325,Bronze,0,0,1
13762,219,1,306.72,1,1,2,112,Dormant,306.72,306.72,Bronze,0,0,1
13763,63,1,1714.96,3,1,4,314,Dormant,1714.96,1714.96,Bronze,0,0,1
13764,71,3,1521.76,3,3,4,334,Loyal,507.25333333333333,507.25333333333333,Bronze,0,0,0
13767,2,37,17220.36,5,5,5,555,Champions,465.41513513513513,465.41513513513513,Platinum,1,0,0
13769,2,10,2796.51,5,5,5,555,Champions,279.651,279.651,Gold,1,0,0
13771,64,4,2634.45,3,4,5,345,Loyal,658.6125,658.6125,Silver,0,0,0
13772,34,3,1132.13,3,3,4,334,Loyal,377.3766666666667,377.3766666666667,Bronze,0,0,0
13774,82,1,345.0,2,1,2,212,Dormant,345.0,345.0,Bronze,0,0,1
13777,1,33,25977.16,5,5,5,555,Champions,787.1866666666666,787.1866666666666,Platinum,1,0,0
13778,103,1,178.7,2,1,1,211,Dormant,178.7,178.7,Bronze,0,0,1
13780,7,2,360.01,5,2,2,522,Potential,180.005,180.005,Bronze,0,0,0
13781,251,1,127.84,1,1,1,111,Dormant,127.84,127.84,Bronze,0,0,1
13782,13,6,912.0,5,5,3,553,Loyal,152.0,152.0,Silver,0,0,0
13784,10,11,2462.79,5,5,5,555,Champions,223.89,223.89,Gold,1,0,0
13786,367,1,230.4,1,1,1,111,Dormant,230.4,230.4,Bronze,0,0,1
13787,76,2,309.04,2,2,2,222,Needs Attention,154.52,154.52,Bronze,0,0,0
13790,4,1,348.79999999999995,5,1,2,512,Potential,348.79999999999995,348.79999999999995,Bronze,0,0,0
13791,128,2,1516.0,2,2,4,224,Needs Attention,758.0,758.0,Bronze,0,0,0
13792,66,2,195.55,3,2,1,321,Dormant,97.775,97.775,Bronze,0,0,1
13798,1,57,37153.85,5,5,5,555,Champions,651.8219298245614,651.8219298245614,Platinum,1,0,0
13799,117,2,688.86,2,2,3,223,Needs Attention,344.43,344.43,Bronze,0,0,0
13800,310,1,558.32,1,1,3,113,Dormant,558.32,558.32,Bronze,0,0,1
13801,67,1,324.8,3,1,2,312,Dormant,324.8,324.8,Bronze,0,0,1
13802,139,3,4599.42,2,3,5,235,Needs Attention,1533.14,1533.14,Bronze,0,0,0
13803,255,1,277.07,1,1,2,112,Dormant,277.07,277.07,Bronze,0,0,1
13804,31,7,2635.79,4,5,5,455,Champions,376.5414285714286,376.5414285714286,Gold,1,0,0
13805,52,2,924.5999999999999,3,2,3,323,Dormant,462.29999999999995,462.29999999999995,Bronze,0,0,1
13806,64,1,256.38,3,1,2,312,Dormant,256.38,256.38,Bronze,0,0,1
13807,367,1,112.6,1,1,1,111,Dormant,112.6,112.6,Bronze,0,0,1
13808,6,5,1747.66,5,4,4,544,Champions,349.53200000000004,349.53200000000004,Silver,1,0,0
13809,305,1,155.05,1,1,1,111,Dormant,155.05,155.05,Bronze,0,0,1
13810,29,3,1499.01,4,3,4,434,Loyal,499.67,499.67,Bronze,0,0,0
13811,184,3,814.5,1,3,3,133,Needs Attention,271.5,271.5,Bronze,0,0,0
13812,42,3,539.0,3,3,3,333,Loyal,179.66666666666666,179.66666666666666,Bronze,0,0,0
13813,40,4,1366.8600000000001,3,4,4,344,Loyal,341.71500000000003,341.71500000000003,Silver,0,0,0
13814,92,2,1579.12,2,2,4,224,Needs Attention,789.56,789.56,Bronze,0,0,0
13815,22,4,4027.36,4,4,5,445,Champions,1006.84,1006.84,Silver,1,0,0
13816,24,2,571.6700000000001,4,2,3,423,Potential,285.83500000000004,285.83500000000004,Bronze,0,0,0
13817,29,2,382.98,4,2,2,422,Potential,191.49,191.49,Bronze,0,0,0
13819,302,3,1140.35,1,3,4,134,Needs Attention,380.1166666666666,380.1166666666666,Bronze,0,0,0
13821,145,2,385.64,2,2,2,222,Needs Attention,192.82,192.82,Bronze,0,0,0
13822,6,2,632.0,5,2,3,523,Potential,316.0,316.0,Bronze,0,0,0
13823,19,2,957.66,4,2,4,424,Potential,478.83,478.83,Bronze,0,0,0
13824,33,5,1698.94,3,4,4,344,Loyal,339.788,339.788,Silver,0,0,0
13826,176,1,189.5,2,1,1,211,Dormant,189.5,189.5,Bronze,0,0,1
13827,58,3,412.05,3,3,2,332,Dormant,137.35,137.35,Bronze,0,0,1
13828,22,1,209.49,4,1,1,411,Potential,209.49,209.49,Bronze,0,0,0
13831,16,6,2202.99,4,5,5,455,Champions,367.16499999999996,367.16499999999996,Gold,1,0,0
13832,19,1,52.2,4,1,1,411,Potential,52.2,52.2,Bronze,0,0,0
13833,159,1,384.8,2,1,2,212,Dormant,384.8,384.8,Bronze,0,0,1
13835,25,4,834.57,4,4,3,443,Loyal,208.6425,208.6425,Silver,0,0,0
13837,212,2,271.24,1,2,2,122,Needs Attention,135.62,135.62,Bronze,0,0,0
13838,6,4,691.73,5,4,3,543,Loyal,172.9325,172.9325,Silver,0,0,0
13841,253,1,85.0,1,1,1,111,Dormant,85.0,85.0,Bronze,0,0,1
13842,59,9,3385.62,3,5,5,355,Loyal,376.18,376.18,Gold,0,0,0
13844,11,1,361.62,5,1,2,512,Potential,361.62,361.62,Bronze,0,0,0
13845,65,1,312.98,3,1,2,312,Dormant,312.98,312.98,Bronze,0,0,1
13846,25,3,865.0600000000001,4,3,3,433,Loyal,288.35333333333335,288.35333333333335,Bronze,0,0,0
13848,92,3,1255.0,2,3,4,234,Needs Attention,418.3333333333333,418.3333333333333,Bronze,0,0,0
13849,52,2,1537.95,3,2,4,324,Dormant,768.975,768.975,Bronze,0,0,1
13850,129,1,1595.48,2,1,4,214,Dormant,1595.48,1595.48,Bronze,0,0,1
13851,96,3,2651.46,2,3,5,235,Needs Attention,883.82,883.82,Bronze,0,0,0
13853,57,1,1090.1399999999999,3,1,4,314,Dormant,1090.1399999999999,1090.1399999999999,Bronze,0,0,1
13854,9,25,8109.5199999999995,5,5,5,555,Champions,324.38079999999997,324.38079999999997,Platinum,1,0,0
13856,169,3,388.5,2,3,2,232,Needs Attention,129.5,129.5,Bronze,0,0,0
13858,57,1,216.17000000000002,3,1,1,311,Dormant,216.17000000000002,216.17000000000002,Bronze,0,0,1
13859,326,1,201.16,1,1,1,111,Dormant,201.16,201.16,Bronze,0,0,1
13860,1,5,1245.9,5,4,4,544,Champions,249.18,249.18,Silver,1,0,0
13862,18,8,2209.36,4,5,5,455,Champions,276.17,276.17,Gold,1,0,0
13863,248,1,305.78,1,1,2,112,Dormant,305.78,305.78,Bronze,0,0,1
13865,58,4,501.56,3,4,3,343,Loyal,125.39,125.39,Silver,0,0,0
13866,74,1,145.67,2,1,1,211,Dormant,145.67,145.67,Bronze,0,0,1
13867,31,3,1015.29,4,3,4,434,Loyal,338.43,338.43,Bronze,0,0,0
13868,7,2,3192.54,5,2,5,525,Potential,1596.27,1596.27,Bronze,0,0,0
13869,123,4,3104.9500000000003,2,4,5,245,At Risk,776.2375000000001,776.2375000000001,Bronze,0,1,0
13870,2,8,2770.94,5,5,5,555,Champions,346.3675,346.3675,Gold,1,0,0
13871,23,13,6403.25,4,5,5,455,Champions,492.5576923076923,492.5576923076923,Platinum,1,0,0
13873,120,3,389.6,2,3,2,232,Needs Attention,129.86666666666667,129.86666666666667,Bronze,0,0,0
13874,358,1,540.45,1,1,3,113,Dormant,540.45,540.45,Bronze,0,0,1
13875,54,5,1786.79,3,4,4,344,Loyal,357.358,357.358,Silver,0,0,0
13876,64,1,122.7,3,1,1,311,Dormant,122.7,122.7,Bronze,0,0,1
13877,86,1,117.24,2,1,1,211,Dormant,117.24,117.24,Bronze,0,0,1
13878,55,1,1281.53,3,1,4,314,Dormant,1281.53,1281.53,Bronze,0,0,1
13880,21,13,3219.77,4,5,5,455,Champions,247.67461538461538,247.67461538461538,Gold,1,0,0
13881,4,20,17159.52,5,5,5,555,Champions,857.976,857.976,Platinum,1,0,0
13882,3,5,1191.13,5,4,4,544,Champions,238.22600000000003,238.22600000000003,Silver,1,0,0
13883,11,5,2674.48,5,4,5,545,Champions,534.896,534.896,Silver,1,0,0
13884,7,5,787.6,5,4,3,543,Loyal,157.52,157.52,Silver,0,0,0
13885,189,2,506.8,1,2,3,123,Needs Attention,253.4,253.4,Bronze,0,0,0
13886,71,1,243.56,3,1,1,311,Dormant,243.56,243.56,Bronze,0,0,1
13887,204,1,349.55,1,1,2,112,Dormant,349.55,349.55,Bronze,0,0,1
13888,120,2,605.63,2,2,3,223,Needs Attention,302.815,302.815,Bronze,0,0,0
13889,93,1,416.90000000000003,2,1,2,212,Dormant,416.90000000000003,416.90000000000003,Bronze,0,0,1
13890,1,10,1883.81,5,5,4,554,Champions,188.381,188.381,Silver,1,0,0
13892,27,4,632.97,4,4,3,443,Loyal,158.2425,158.2425,Silver,0,0,0
13893,298,1,821.1,1,1,3,113,Dormant,821.1,821.1,Bronze,0,0,1
13894,24,3,564.62,4,3,3,433,Loyal,188.20666666666668,188.20666666666668,Bronze,0,0,0
13895,28,4,2593.07,4,4,5,445,Champions,648.2675,648.2675,Silver,1,0,0
13897,50,1,311.16,3,1,2,312,Dormant,311.16,311.16,Bronze,0,0,1
13898,326,1,155.93,1,1,1,111,Dormant,155.93,155.93,Bronze,0,0,1
13899,16,2,388.52,4,2,2,422,Potential,194.26,194.26,Bronze,0,0,0
13900,183,3,740.95,1,3,3,133,Needs Attention,246.98333333333335,246.98333333333335,Bronze,0,0,0
13901,72,5,2867.2000000000003,2,4,5,245,At Risk,573.44,573.44,Silver,0,1,0
13904,37,2,332.64,3,2,2,322,Dormant,166.32,166.32,Bronze,0,0,1
13908,80,4,2369.55,2,4,5,245,At Risk,592.3875,592.3875,Silver,0,1,0
13911,57,9,2580.91,3,5,5,355,Loyal,286.7677777777778,286.7677777777778,Gold,0,0,0
13914,12,2,626.45,5,2,3,523,Potential,313.225,313.225,Bronze,0,0,0
13917,50,2,272.04,3,2,2,322,Dormant,136.02,136.02,Bronze,0,0,1
13918,50,2,1212.8400000000001,3,2,4,324,Dormant,606.4200000000001,606.4200000000001,Bronze,0,0,1
13919,59,2,384.81,3,2,2,322,Dormant,192.405,192.405,Bronze,0,0,1
13922,352,1,172.25,1,1,1,111,Dormant,172.25,172.25,Bronze,0,0,1
13923,54,1,351.13,3,1,2,312,Dormant,351.13,351.13,Bronze,0,0,1
13924,2,6,1838.8500000000001,5,5,4,554,Champions,306.475,306.475,Silver,1,0,0
13925,93,4,678.25,2,4,3,243,Needs Attention,169.5625,169.5625,Bronze,0,0,0
13926,23,1,223.85000000000002,4,1,1,411,Potential,223.85000000000002,223.85000000000002,Bronze,0,0,0
13927,75,1,348.99,2,1,2,212,Dormant,348.99,348.99,Bronze,0,0,1
13928,11,4,464.57,5,4,2,542,Potential,116.1425,116.1425,Bronze,0,0,0
13929,169,2,842.65,2,2,3,223,Needs Attention,421.325,421.325,Bronze,0,0,0
13930,58,2,337.34,3,2,2,322,Dormant,168.67,168.67,Bronze,0,0,1
13931,96,2,1237.53,2,2,4,224,Needs Attention,618.765,618.765,Bronze,0,0,0
13932,295,1,307.4,1,1,2,112,Dormant,307.4,307.4,Bronze,0,0,1
13933,109,2,608.79,2,2,3,223,Needs Attention,304.395,304.395,Bronze,0,0,0
13934,264,1,922.1,1,1,3,113,Dormant,922.1,922.1,Bronze,0,0,1
13936,180,1,376.58,1,1,2,112,Dormant,376.58,376.58,Bronze,0,0,1
13937,169,1,158.85,2,1,1,211,Dormant,158.85,158.85,Bronze,0,0,1
13938,35,1,71.66,3,1,1,311,Dormant,71.66,71.66,Bronze,0,0,1
13939,23,3,568.55,4,3,3,433,Loyal,189.51666666666665,189.51666666666665,Bronze,0,0,0
13940,17,4,839.14,4,4,3,443,Loyal,209.785,209.785,Silver,0,0,0
13941,22,5,5112.96,4,4,5,445,Champions,1022.592,1022.592,Silver,1,0,0
13946,79,3,561.57,2,3,3,233,Needs Attention,187.19000000000003,187.19000000000003,Bronze,0,0,0
13947,65,1,90.60000000000001,3,1,1,311,Dormant,90.60000000000001,90.60000000000001,Bronze,0,0,1
13948,361,1,102.0,1,1,1,111,Dormant,102.0,102.0,Bronze,0,0,1
13949,3,6,2427.32,5,5,5,555,Champions,404.55333333333334,404.55333333333334,Gold,1,0,0
13950,11,4,745.0600000000001,5,4,3,543,Loyal,186.26500000000001,186.26500000000001,Silver,0,0,0
13951,176,3,674.45,2,3,3,233,Needs Attention,224.8166666666667,224.8166666666667,Bronze,0,0,0
13952,218,2,3251.071,1,2,5,125,Needs Attention,1625.5355,1625.5355,Bronze,0,0,0
13953,7,7,3515.68,5,5,5,555,Champions,502.23999999999995,502.23999999999995,Gold,1,0,0
13954,2,2,439.92,5,3,2,532,Potential,219.96,219.96,Bronze,0,0,0
13955,154,2,322.96,2,3,2,232,Needs Attention,161.48,161.48,Bronze,0,0,0
13956,5,5,1026.42,5,4,4,544,Champions,205.28400000000002,205.28400000000002,Silver,1,0,0
13959,79,3,598.2,2,3,3,233,Needs Attention,199.4,199.4,Bronze,0,0,0
13960,21,2,230.22,4,3,1,431,Potential,115.11,115.11,Bronze,0,0,0
13962,22,2,169.54999999999998,4,3,1,431,Potential,84.77499999999999,84.77499999999999,Bronze,0,0,0
13963,308,4,664.54,1,4,3,143,Needs Attention,166.135,166.135,Bronze,0,0,0
13967,146,1,80.7,2,1,1,211,Dormant,80.7,80.7,Bronze,0,0,1
13969,7,18,9053.94,5,5,5,555,Champions,502.99666666666667,502.99666666666667,Platinum,1,0,0
13971,19,8,2758.26,4,5,5,455,Champions,344.7825,344.7825,Gold,1,0,0
13972,71,2,190.25,3,3,1,331,Dormant,95.125,95.125,Bronze,0,0,1
13973,287,1,264.7,1,1,2,112,Dormant,264.7,264.7,Bronze,0,0,1
13974,49,1,413.59000000000003,3,1,2,312,Dormant,413.59000000000003,413.59000000000003,Bronze,0,0,1
13975,31,6,2526.28,4,5,5,455,Champions,421.0466666666667,421.0466666666667,Gold,1,0,0
13976,207,1,357.98,1,1,2,112,Dormant,357.98,357.98,Bronze,0,0,1
13978,15,2,196.79,4,3,1,431,Potential,98.395,98.395,Bronze,0,0,0
13979,73,1,869.87,2,1,3,213,Dormant,869.87,869.87,Bronze,0,0,1
13980,60,1,200.14,3,1,1,311,Dormant,200.14,200.14,Bronze,0,0,1
13982,39,4,1871.81,3,4,4,344,Loyal,467.9525,467.9525,Silver,0,0,0
13983,30,12,2603.43,4,5,5,455,Champions,216.9525,216.9525,Gold,1,0,0
13984,27,5,920.51,4,4,3,443,Loyal,184.102,184.102,Silver,0,0,0
13985,4,15,7060.13,5,5,5,555,Champions,470.67533333333336,470.67533333333336,Platinum,1,0,0
13986,17,1,320.46,4,1,2,412,Potential,320.46,320.46,Bronze,0,0,0
13988,20,6,4147.96,4,5,5,455,Champions,691.3266666666667,691.3266666666667,Gold,1,0,0
13989,66,2,1266.08,3,3,4,334,Loyal,633.04,633.04,Bronze,0,0,0
13990,213,1,311.3,1,1,2,112,Dormant,311.3,311.3,Bronze,0,0,1
13991,12,6,855.97,5,5,3,553,Loyal,142.66166666666666,142.66166666666666,Silver,0,0,0
13992,30,1,76.8,4,1,1,411,Potential,76.8,76.8,Bronze,0,0,0
13993,43,9,3466.36,3,5,5,355,Loyal,385.1511111111111,385.1511111111111,Gold,0,0,0
13994,4,6,2313.14,5,5,5,555,Champions,385.5233333333333,385.5233333333333,Gold,1,0,0
13995,15,5,1393.69,4,4,4,444,Champions,278.738,278.738,Silver,1,0,0
13999,10,12,3901.81,5,5,5,555,Champions,325.1508333333333,325.1508333333333,Gold,1,0,0
14000,211,1,635.66,1,1,3,113,Dormant,635.66,635.66,Bronze,0,0,1
14001,46,3,2043.0800000000002,3,3,4,334,Loyal,681.0266666666668,681.0266666666668,Bronze,0,0,0
14002,134,2,529.73,2,3,3,233,Needs Attention,264.865,264.865,Bronze,0,0,0
14004,43,7,4582.64,3,5,5,355,Loyal,654.6628571428572,654.6628571428572,Gold,0,0,0
14005,10,5,2874.72,5,4,5,545,Champions,574.944,574.944,Silver,1,0,0
14006,116,3,962.19,2,3,4,234,Needs Attention,320.73,320.73,Bronze,0,0,0
14009,198,2,695.61,1,3,3,133,Needs Attention,347.805,347.805,Bronze,0,0,0
14012,278,1,328.8,1,1,2,112,Dormant,328.8,328.8,Bronze,0,0,1
14013,110,3,473.02,2,3,2,232,Needs Attention,157.67333333333332,157.67333333333332,Bronze,0,0,0
14014,77,1,505.18,2,1,3,213,Dormant,505.18,505.18,Bronze,0,0,1
14015,53,1,917.34,3,1,3,313,Dormant,917.34,917.34,Bronze,0,0,1
14016,162,4,4341.21,2,4,5,245,At Risk,1085.3025,1085.3025,Bronze,0,1,0
14019,47,3,1421.6100000000001,3,3,4,334,Loyal,473.87000000000006,473.87000000000006,Bronze,0,0,0
14020,17,2,642.8,4,3,3,433,Loyal,321.4,321.4,Bronze,0,0,0
14021,155,3,631.9,2,3,3,233,Needs Attention,210.63333333333333,210.63333333333333,Bronze,0,0,0
14022,225,1,440.0,1,1,2,112,Dormant,440.0,440.0,Bronze,0,0,1
14023,7,2,584.07,5,3,3,533,Loyal,292.035,292.035,Bronze,0,0,0
14024,122,2,327.7,2,3,2,232,Needs Attention,163.85,163.85,Bronze,0,0,0
14027,61,1,104.82,3,1,1,311,Dormant,104.82,104.82,Bronze,0,0,1
14029,63,2,467.66,3,3,2,332,Dormant,233.83,233.83,Bronze,0,0,1
14030,18,8,2360.09,4,5,5,455,Champions,295.01125,295.01125,Gold,1,0,0
14031,7,19,17286.86,5,5,5,555,Champions,909.8347368421053,909.8347368421053,Platinum,1,0,0
14032,2,11,2975.59,5,5,5,555,Champions,270.5081818181818,270.5081818181818,Gold,1,0,0
14034,22,3,651.8199999999999,4,3,3,433,Loyal,217.2733333333333,217.2733333333333,Bronze,0,0,0
14035,29,5,1428.02,4,4,4,444,Champions,285.604,285.604,Silver,1,0,0
14036,285,1,626.65,1,1,3,113,Dormant,626.65,626.65,Bronze,0,0,1
14037,176,2,147.20000000000002,2,3,1,231,Dormant,73.60000000000001,73.60000000000001,Bronze,0,0,1
14038,78,3,1560.38,2,3,4,234,Needs Attention,520.1266666666667,520.1266666666667,Bronze,0,0,0
14039,33,1,152.2,3,1,1,311,Dormant,152.2,152.2,Bronze,0,0,1
14040,41,12,3614.92,3,5,5,355,Loyal,301.24333333333334,301.24333333333334,Gold,0,0,0
14041,266,1,141.41,1,1,1,111,Dormant,141.41,141.41,Bronze,0,0,1
14044,27,4,652.82,4,4,3,443,Loyal,163.205,163.205,Silver,0,0,0
14045,109,4,1659.75,2,4,4,244,At Risk,414.9375,414.9375,Bronze,0,1,0
14046,284,1,154.99,1,1,1,111,Dormant,154.99,154.99,Bronze,0,0,1
14047,9,5,1308.6100000000001,5,4,4,544,Champions,261.72200000000004,261.72200000000004,Silver,1,0,0
14048,305,1,409.93,1,1,2,112,Dormant,409.93,409.93,Bronze,0,0,1
14049,17,4,5681.72,4,4,5,445,Champions,1420.43,1420.43,Silver,1,0,0
14050,32,2,746.36,4,3,3,433,Loyal,373.18,373.18,Bronze,0,0,0
14051,1,23,15610.390000000001,5,5,5,555,Champions,678.7126086956522,678.7126086956522,Platinum,1,0,0
14052,20,1,225.35999999999999,4,1,1,411,Potential,225.35999999999999,225.35999999999999,Bronze,0,0,0
14053,124,2,260.25,2,3,2,232,Needs Attention,130.125,130.125,Bronze,0,0,0
14054,65,1,92.46000000000001,3,1,1,311,Dormant,92.46000000000001,92.46000000000001,Bronze,0,0,1
14055,106,1,725.6400000000001,2,1,3,213,Dormant,725.6400000000001,725.6400000000001,Bronze,0,0,1
14056,1,23,8214.65,5,5,5,555,Champions,357.1586956521739,357.1586956521739,Platinum,1,0,0
14057,24,17,6217.96,4,5,5,455,Champions,365.76235294117646,365.76235294117646,Platinum,1,0,0
14059,267,1,183.6,1,1,1,111,Dormant,183.6,183.6,Bronze,0,0,1
14060,5,19,6140.42,5,5,5,555,Champions,323.18,323.18,Platinum,1,0,0
14062,10,12,10464.85,5,5,5,555,Champions,872.0708333333333,872.0708333333333,Platinum,1,0,0
14064,29,5,1353.74,4,4,4,444,Champions,270.748,270.748,Silver,1,0,0
14066,267,1,152.55,1,1,1,111,Dormant,152.55,152.55,Bronze,0,0,1
14067,64,2,374.7,3,3,2,332,Dormant,187.35,187.35,Bronze,0,0,1
14068,320,1,265.85,1,1,2,112,Dormant,265.85,265.85,Bronze,0,0,1
14071,4,8,1438.82,5,5,4,554,Champions,179.8525,179.8525,Silver,1,0,0
14073,32,1,151.04,4,1,1,411,Potential,151.04,151.04,Bronze,0,0,0
14075,5,3,942.26,5,3,3,533,Loyal,314.08666666666664,314.08666666666664,Bronze,0,0,0
14076,129,1,122.47,2,1,1,211,Dormant,122.47,122.47,Bronze,0,0,1
14077,41,5,499.42,3,4,3,343,Loyal,99.884,99.884,Bronze,0,0,0
14078,102,6,1049.37,2,5,4,254,At Risk,174.89499999999998,174.89499999999998,Bronze,0,1,0
14079,125,1,375.1,2,1,2,212,Dormant,375.1,375.1,Bronze,0,0,1
14080,33,1,45.599999999999994,3,1,1,311,Dormant,45.599999999999994,45.599999999999994,Bronze,0,0,1
14081,302,2,934.52,1,3,3,133,Needs Attention,467.26,467.26,Bronze,0,0,0
14082,365,1,182.25,1,1,1,111,Dormant,182.25,182.25,Bronze,0,0,1
14083,4,9,1018.43,5,5,4,554,Champions,113.15888888888888,113.15888888888888,Silver,1,0,0
14085,2,18,4448.54,5,5,5,555,Champions,247.14111111111112,247.14111111111112,Gold,1,0,0
14087,3,1,194.42,5,1,1,511,Potential,194.42,194.42,Bronze,0,0,0
14088,10,13,50491.81,5,5,5,555,Champions,3883.9853846153846,3883.9853846153846,Platinum,1,0,0
14089,57,1,161.0,3,1,1,311,Dormant,161.0,161.0,Bronze,0,0,1
14090,325,1,76.32000000000001,1,1,1,111,Dormant,76.32000000000001,76.32000000000001,Bronze,0,0,1
14092,8,14,4076.9100000000003,5,5,5,555,Champions,291.20785714285716,291.20785714285716,Gold,1,0,0
14093,12,1,442.85,5,1,2,512,Potential,442.85,442.85,Bronze,0,0,0
14096,4,17,65164.79,5,5,5,555,Champions,3833.2229411764706,3833.2229411764706,Platinum,1,0,0
14098,37,1,147.35,3,1,1,311,Dormant,147.35,147.35,Bronze,0,0,1
14099,16,11,3104.17,4,5,5,455,Champions,282.1972727272727,282.1972727272727,Gold,1,0,0
14100,138,1,194.9,2,1,1,211,Dormant,194.9,194.9,Bronze,0,0,1
14101,74,6,5976.79,2,5,5,255,At Risk,996.1316666666667,996.1316666666667,Silver,0,1,0
14102,5,5,1360.28,5,4,4,544,Champions,272.056,272.056,Silver,1,0,0
14104,155,2,216.21,2,3,1,231,Dormant,108.105,108.105,Bronze,0,0,1
14105,239,1,1266.23,1,1,4,114,Dormant,1266.23,1266.23,Bronze,0,0,1
14107,52,7,2703.23,3,5,5,355,Loyal,386.17571428571426,386.17571428571426,Gold,0,0,0
14108,31,2,597.91,4,3,3,433,Loyal,298.955,298.955,Bronze,0,0,0
14109,73,1,144.2,2,1,1,211,Dormant,144.2,144.2,Bronze,0,0,1
14110,4,12,5683.15,5,5,5,555,Champions,473.5958333333333,473.5958333333333,Platinum,1,0,0
14111,14,4,692.85,4,4,3,443,Loyal,173.2125,173.2125,Silver,0,0,0
14112,23,7,2915.15,4,5,5,455,Champions,416.45,416.45,Gold,1,0,0
14113,4,4,1840.42,5,4,4,544,Champions,460.105,460.105,Silver,1,0,0
14114,274,2,386.53,1,3,2,132,Needs Attention,193.265,193.265,Bronze,0,0,0
14116,20,5,1382.74,4,4,4,444,Champions,276.548,276.548,Silver,1,0,0
14117,144,1,90.0,2,1,1,211,Dormant,90.0,90.0,Bronze,0,0,1
14121,4,4,2780.15,5,4,5,545,Champions,695.0375,695.0375,Silver,1,0,0
14124,84,1,419.58,2,1,2,212,Dormant,419.58,419.58,Bronze,0,0,1
14125,11,3,2740.43,5,3,5,535,Loyal,913.4766666666666,913.4766666666666,Bronze,0,0,0
14126,8,3,706.1300000000001,5,3,3,533,Loyal,235.3766666666667,235.3766666666667,Bronze,0,0,0
14127,123,3,709.71,2,3,3,233,Needs Attention,236.57000000000002,236.57000000000002,Bronze,0,0,0
14128,61,2,637.5,3,3,3,333,Loyal,318.75,318.75,Bronze,0,0,0
14129,2,5,1123.8600000000001,5,4,4,544,Champions,224.77200000000002,224.77200000000002,Silver,1,0,0
14130,319,1,483.86,1,1,2,112,Dormant,483.86,483.86,Bronze,0,0,1
14132,2,11,3586.03,5,5,5,555,Champions,326.00272727272727,326.00272727272727,Gold,1,0,0
14133,130,3,605.64,2,3,3,233,Needs Attention,201.88,201.88,Bronze,0,0,0
14135,2,15,4690.31,5,5,5,555,Champions,312.68733333333336,312.68733333333336,Gold,1,0,0
14138,2,2,982.38,5,3,4,534,Loyal,491.19,491.19,Bronze,0,0,0
14139,46,1,415.82,3,1,2,312,Dormant,415.82,415.82,Bronze,0,0,1
14140,4,2,935.05,5,3,3,533,Loyal,467.525,467.525,Bronze,0,0,0
14141,3,4,915.13,5,4,3,543,Loyal,228.7825,228.7825,Silver,0,0,0
14142,373,1,311.81,1,1,2,112,Dormant,311.81,311.81,Bronze,0,0,1
14143,134,1,115.8,2,1,1,211,Dormant,115.8,115.8,Bronze,0,0,1
14145,47,4,3742.2,3,4,5,345,Loyal,935.55,935.55,Silver,0,0,0
14146,9,5,4191.0,5,4,5,545,Champions,838.2,838.2,Silver,1,0,0
14147,78,2,483.4,2,3,2,232,Needs Attention,241.7,241.7,Bronze,0,0,0
14148,234,1,157.2,1,1,1,111,Dormant,157.2,157.2,Bronze,0,0,1
14149,221,1,446.62,1,1,2,112,Dormant,446.62,446.62,Bronze,0,0,1
14150,36,2,658.64,3,3,3,333,Loyal,329.32,329.32,Bronze,0,0,0
14152,75,2,621.29,2,3,3,233,Needs Attention,310.645,310.645,Bronze,0,0,0
14154,239,2,1345.62,1,3,4,134,Needs Attention,672.81,672.81,Bronze,0,0,0
14155,266,1,118.75,1,1,1,111,Dormant,118.75,118.75,Bronze,0,0,1
14156,10,55,117379.63,5,5,5,555,Champions,2134.175090909091,2134.175090909091,Platinum,1,0,0
14157,20,2,432.88,4,3,2,432,Potential,216.44,216.44,Bronze,0,0,0
14158,40,1,507.65999999999997,3,1,3,313,Dormant,507.65999999999997,507.65999999999997,Bronze,0,0,1
14159,20,11,4693.01,4,5,5,455,Champions,426.6372727272728,426.6372727272728,Gold,1,0,0
14161,216,3,1110.52,1,3,4,134,Needs Attention,370.17333333333335,370.17333333333335,Bronze,0,0,0
14162,174,2,289.36,2,3,2,232,Needs Attention,144.68,144.68,Bronze,0,0,0
14163,87,4,2445.91,2,4,5,245,At Risk,611.4775,611.4775,Silver,0,1,0
14164,71,2,1631.77,3,3,4,334,Loyal,815.885,815.885,Bronze,0,0,0
14165,276,1,122.53999999999999,1,1,1,111,Dormant,122.53999999999999,122.53999999999999,Bronze,0,0,1
14167,39,4,574.84,3,4,3,343,Loyal,143.71,143.71,Silver,0,0,0
14171,98,1,363.79,2,1,2,212,Dormant,363.79,363.79,Bronze,0,0,1
14173,11,4,450.84,5,4,2,542,Potential,112.71,112.71,Bronze,0,0,0
14174,33,1,134.46,3,1,1,311,Dormant,134.46,134.46,Bronze,0,0,1
14175,60,3,3222.3,3,3,5,335,Loyal,1074.1000000000001,1074.1000000000001,Bronze,0,0,0
14176,297,4,576.9000000000001,1,4,3,143,Needs Attention,144.22500000000002,144.22500000000002,Bronze,0,0,0
14177,86,4,559.41,2,4,3,243,Needs Attention,139.8525,139.8525,Silver,0,0,0
14178,9,7,1620.93,5,5,4,554,Champions,231.5614285714286,231.5614285714286,Silver,1,0,0
14179,41,2,719.78,3,3,3,333,Loyal,359.89,359.89,Bronze,0,0,0
14180,11,25,4748.52,5,5,5,555,Champions,189.94080000000002,189.94080000000002,Gold,1,0,0
14184,67,1,452.89,3,1,2,312,Dormant,452.89,452.89,Bronze,0,0,1
14185,331,1,197.65,1,1,1,111,Dormant,197.65,197.65,Bronze,0,0,1
14188,31,6,2054.36,4,5,4,454,Champions,342.3933333333334,342.3933333333334,Gold,1,0,0
14189,2,15,4654.08,5,5,5,555,Champions,310.272,310.272,Gold,1,0,0
14191,2,13,4684.76,5,5,5,555,Champions,360.36615384615385,360.36615384615385,Gold,1,0,0
14193,68,2,853.39,3,3,3,333,Loyal,426.695,426.695,Bronze,0,0,0
14194,5,21,11349.52,5,5,5,555,Champions,540.4533333333334,540.4533333333334,Platinum,1,0,0
14195,202,2,1012.0,1,3,4,134,Needs Attention,506.0,506.0,Bronze,0,0,0
14196,107,1,335.52,2,1,2,212,Dormant,335.52,335.52,Bronze,0,0,1
14198,18,4,701.4,4,4,3,443,Loyal,175.35,175.35,Silver,0,0,0
14199,218,1,185.39999999999998,1,1,1,111,Dormant,185.39999999999998,185.39999999999998,Bronze,0,0,1
14201,60,7,747.44,3,5,3,353,Loyal,106.77714285714286,106.77714285714286,Silver,0,0,0
14204,2,1,161.03,5,1,1,511,Potential,161.03,161.03,Bronze,0,0,0
14205,17,2,466.7,4,3,2,432,Potential,233.35,233.35,Bronze,0,0,0
14206,239,1,328.15999999999997,1,1,2,112,Dormant,328.15999999999997,328.15999999999997,Bronze,0,0,1
14208,95,1,151.74,2,1,1,211,Dormant,151.74,151.74,Bronze,0,0,1
14209,11,6,2073.43,5,5,5,555,Champions,345.57166666666666,345.57166666666666,Gold,1,0,0
14210,106,6,1905.8400000000001,2,5,4,254,At Risk,317.64000000000004,317.64000000000004,Bronze,0,1,0
14211,53,9,2241.1,3,5,5,355,Loyal,249.0111111111111,249.0111111111111,Gold,0,0,0
14212,90,1,1070.48,2,1,4,214,Dormant,1070.48,1070.48,Bronze,0,0,1
14214,31,5,1004.38,4,4,4,444,Champions,200.876,200.876,Silver,1,0,0
14215,12,6,1789.72,5,5,4,554,Champions,298.2866666666667,298.2866666666667,Silver,1,0,0
14216,3,4,1839.3,5,4,4,544,Champions,459.825,459.825,Silver,1,0,0
14217,2,17,2004.98,5,5,4,554,Champions,117.94,117.94,Gold,1,0,0
14218,43,1,169.48000000000002,3,1,1,311,Dormant,169.48000000000002,169.48000000000002,Bronze,0,0,1
14219,4,1,89.94,5,1,1,511,Potential,89.94,89.94,Bronze,0,0,0
14220,247,2,632.4000000000001,1,3,3,133,Needs Attention,316.20000000000005,316.20000000000005,Bronze,0,0,0
14221,42,9,3432.8,3,5,5,355,Loyal,381.4222222222222,381.4222222222222,Gold,0,0,0
14222,177,1,683.17,2,1,3,213,Dormant,683.17,683.17,Bronze,0,0,1
14223,92,3,991.13,2,3,4,234,Needs Attention,330.37666666666667,330.37666666666667,Bronze,0,0,0
14224,110,4,1050.1200000000001,2,4,4,244,At Risk,262.53000000000003,262.53000000000003,Bronze,0,1,0
14226,29,5,2232.19,4,4,5,445,Champions,446.438,446.438,Silver,1,0,0
14227,26,10,3350.96,4,5,5,455,Champions,335.096,335.096,Gold,1,0,0
14229,52,3,1547.2,3,3,4,334,Loyal,515.7333333333333,515.7333333333333,Bronze,0,0,0
14231,184,3,925.71,1,3,3,133,Needs Attention,308.57,308.57,Bronze,0,0,0
14232,43,5,2048.07,3,4,4,344,Loyal,409.61400000000003,409.61400000000003,Silver,0,0,0
14233,49,4,1462.72,3,4,4,344,Loyal,365.68,365.68,Silver,0,0,0
14234,22,4,775.46,4,4,3,443,Loyal,193.865,193.865,Silver,0,0,0
14235,75,5,3144.86,2,4,5,245,At Risk,628.972,628.972,Silver,0,1,0
14236,81,2,490.86,2,3,3,233,Needs Attention,245.43,245.43,Bronze,0,0,0
14237,373,1,161.0,1,1,1,111,Dormant,161.0,161.0,Bronze,0,0,1
14238,326,1,146.85,1,1,1,111,Dormant,146.85,146.85,Bronze,0,0,1
14239,43,11,2380.85,3,5,5,355,Loyal,216.4409090909091,216.4409090909091,Gold,0,0,0
14240,30,2,890.34,4,3,3,433,Loyal,445.17,445.17,Bronze,0,0,0
14241,184,1,213.70000000000002,1,1,1,111,Dormant,213.70000000000002,213.70000000000002,Bronze,0,0,1
14242,235,2,280.55,1,3,2,132,Needs Attention,140.275,140.275,Bronze,0,0,0
14243,9,10,2588.77,5,5,5,555,Champions,258.877,258.877,Gold,1,0,0
14245,220,2,1693.45,1,3,4,134,Needs Attention,846.725,846.725,Bronze,0,0,0
14246,111,3,1474.06,2,3,4,234,Needs Attention,491.3533333333333,491.3533333333333,Bronze,0,0,0
14247,278,1,136.77,1,1,1,111,Dormant,136.77,136.77,Bronze,0,0,1
14248,318,1,302.58,1,1,2,112,Dormant,302.58,302.58,Bronze,0,0,1
14250,7,3,1904.05,5,3,4,534,Loyal,634.6833333333333,634.6833333333333,Bronze,0,0,0
14251,2,5,2879.7000000000003,5,4,5,545,Champions,575.94,575.94,Silver,1,0,0
14256,260,2,969.0600000000001,1,3,4,134,Needs Attention,484.53000000000003,484.53000000000003,Bronze,0,0,0
14257,64,5,3099.7200000000003,3,4,5,345,Loyal,619.9440000000001,619.9440000000001,Silver,0,0,0
14258,9,9,12669.98,5,5,5,555,Champions,1407.7755555555555,1407.7755555555555,Gold,1,0,0
14259,142,1,120.0,2,1,1,211,Dormant,120.0,120.0,Bronze,0,0,1
14261,51,2,1163.45,3,3,4,334,Loyal,581.725,581.725,Bronze,0,0,0
14262,8,8,2618.23,5,5,5,555,Champions,327.27875,327.27875,Gold,1,0,0
14264,155,2,333.97,2,3,2,232,Needs Attention,166.985,166.985,Bronze,0,0,0
14265,109,2,530.18,2,3,3,233,Needs Attention,265.09,265.09,Bronze,0,0,0
14267,163,3,1516.24,2,3,4,234,Needs Attention,505.41333333333336,505.41333333333336,Bronze,0,0,0
14270,332,1,492.65000000000003,1,1,3,113,Dormant,492.65000000000003,492.65000000000003,Bronze,0,0,1
14271,226,1,112.32000000000001,1,1,1,111,Dormant,112.32000000000001,112.32000000000001,Bronze,0,0,1
14272,74,2,437.96,2,3,2,232,Needs Attention,218.98,218.98,Bronze,0,0,0
14273,51,4,559.97,3,4,3,343,Loyal,139.9925,139.9925,Silver,0,0,0
14276,99,3,1119.74,2,3,4,234,Needs Attention,373.24666666666667,373.24666666666667,Bronze,0,0,0
14277,15,3,4216.2,4,3,5,435,Loyal,1405.3999999999999,1405.3999999999999,Bronze,0,0,0
14280,197,1,134.04,1,1,1,111,Dormant,134.04,134.04,Bronze,0,0,1
14282,3,15,3729.34,5,5,5,555,Champions,248.62266666666667,248.62266666666667,Gold,1,0,0
14284,31,2,595.25,4,3,3,433,Loyal,297.625,297.625,Bronze,0,0,0
14285,21,4,1910.01,4,4,4,444,Champions,477.5025,477.5025,Silver,1,0,0
14286,24,3,4628.75,4,3,5,435,Loyal,1542.9166666666667,1542.9166666666667,Bronze,0,0,0
14287,8,3,176.63,5,3,1,531,Potential,58.876666666666665,58.876666666666665,Bronze,0,0,0
14288,213,1,426.6,1,1,2,112,Dormant,426.6,426.6,Bronze,0,0,1
14289,9,6,911.26,5,5,3,553,Loyal,151.87666666666667,151.87666666666667,Silver,0,0,0
14290,11,5,2314.65,5,4,5,545,Champions,462.93,462.93,Silver,1,0,0
14291,2,11,3883.25,5,5,5,555,Champions,353.02272727272725,353.02272727272725,Gold,1,0,0
14292,8,9,4871.93,5,5,5,555,Champions,541.3255555555556,541.3255555555556,Gold,1,0,0
14293,3,4,1046.56,5,4,4,544,Champions,261.64,261.64,Silver,1,0,0
14295,40,1,166.20000000000002,3,1,1,311,Dormant,166.20000000000002,166.20000000000002,Bronze,0,0,1
14297,18,4,1305.33,4,4,4,444,Champions,326.3325,326.3325,Silver,1,0,0
14298,8,44,51527.3,5,5,5,555,Champions,1171.075,1171.075,Platinum,1,0,0
14299,8,9,3965.62,5,5,5,555,Champions,440.6244444444444,440.6244444444444,Gold,1,0,0
14300,19,1,43.2,4,1,1,411,Potential,43.2,43.2,Bronze,0,0,0
14301,117,1,640.14,2,1,3,213,Dormant,640.14,640.14,Bronze,0,0,1
14304,223,1,383.45,1,1,2,112,Dormant,383.45,383.45,Bronze,0,0,1
14305,71,3,1858.96,3,3,4,334,Loyal,619.6533333333333,619.6533333333333,Bronze,0,0,0
14306,51,2,2093.32,3,3,5,335,Loyal,1046.66,1046.66,Bronze,0,0,0
14307,89,6,2995.7200000000003,2,5,5,255,At Risk,499.2866666666667,499.2866666666667,Silver,0,1,0
14309,8,9,2352.53,5,5,5,555,Champions,261.39222222222224,261.39222222222224,Gold,1,0,0
14311,243,1,310.26,1,1,2,112,Dormant,310.26,310.26,Bronze,0,0,1
14312,47,6,1611.5900000000001,3,5,4,354,Loyal,268.59833333333336,268.59833333333336,Silver,0,0,0
14314,107,1,120.0,2,1,1,211,Dormant,120.0,120.0,Bronze,0,0,1
14315,45,6,2481.13,3,5,5,355,Loyal,413.5216666666667,413.5216666666667,Gold,0,0,0
14317,65,1,508.58,3,1,3,313,Dormant,508.58,508.58,Bronze,0,0,1
14320,207,2,477.79,1,3,2,132,Needs Attention,238.895,238.895,Bronze,0,0,0
14321,11,5,1530.75,5,4,4,544,Champions,306.15,306.15,Silver,1,0,0
14323,115,2,605.0600000000001,2,3,3,233,Needs Attention,302.53000000000003,302.53000000000003,Bronze,0,0,0
14326,242,1,183.85,1,1,1,111,Dormant,183.85,183.85,Bronze,0,0,1
14327,163,1,311.65000000000003,2,1,2,212,Dormant,311.65000000000003,311.65000000000003,Bronze,0,0,1
14329,17,7,5014.84,4,5,5,455,Champions,716.4057142857143,716.4057142857143,Gold,1,0,0
14331,124,2,462.66,2,3,2,232,Needs Attention,231.33,231.33,Bronze,0,0,0
14332,23,3,866.3100000000001,4,3,3,433,Loyal,288.77000000000004,288.77000000000004,Bronze,0,0,0
14333,68,1,415.2,3,1,2,312,Dormant,415.2,415.2,Bronze,0,0,1
14334,17,8,2552.21,4,5,5,455,Champions,319.02625,319.02625,Gold,1,0,0
14335,16,2,468.26,4,3,2,432,Potential,234.13,234.13,Bronze,0,0,0
14336,17,4,1614.91,4,4,4,444,Champions,403.7275,403.7275,Silver,1,0,0
14338,161,2,588.22,2,3,3,233,Needs Attention,294.11,294.11,Bronze,0,0,0
14339,243,1,309.52000000000004,1,1,2,112,Dormant,309.52000000000004,309.52000000000004,Bronze,0,0,1
14340,219,1,134.7,1,1,1,111,Dormant,134.7,134.7,Bronze,0,0,1
14341,45,8,2182.28,3,5,5,355,Loyal,272.785,272.785,Gold,0,0,0
14342,21,4,668.5600000000001,4,4,3,443,Loyal,167.14000000000001,167.14000000000001,Silver,0,0,0
14344,127,8,889.9300000000001,2,5,3,253,Needs Attention,111.24125000000001,111.24125000000001,Bronze,0,0,0
14345,39,1,108.98,3,1,1,311,Dormant,108.98,108.98,Bronze,0,0,1
14346,121,2,1021.58,2,3,4,234,Needs Attention,510.79,510.79,Bronze,0,0,0
14348,260,1,409.57,1,1,2,112,Dormant,409.57,409.57,Bronze,0,0,1
14349,10,1,133.5,5,1,1,511,Potential,133.5,133.5,Bronze,0,0,0
14350,274,1,282.93,1,1,2,112,Dormant,282.93,282.93,Bronze,0,0,1
14351,165,1,51.0,2,1,1,211,Dormant,51.0,51.0,Bronze,0,0,1
14352,157,4,1078.96,2,4,4,244,At Risk,269.74,269.74,Bronze,0,1,0
14353,215,1,90.6,1,1,1,111,Dormant,90.6,90.6,Bronze,0,0,1
14354,6,2,163.62,5,3,1,531,Potential,81.81,81.81,Bronze,0,0,0
14355,366,1,174.4,1,1,1,111,Dormant,174.4,174.4,Bronze,0,0,1
14356,80,2,701.23,2,3,3,233,Needs Attention,350.615,350.615,Bronze,0,0,0
14357,43,1,225.77,3,1,1,311,Dormant,225.77,225.77,Bronze,0,0,1
14359,19,3,912.1800000000001,4,3,3,433,Loyal,304.06,304.06,Bronze,0,0,0
14360,32,4,2128.23,4,4,5,445,Champions,532.0575,532.0575,Silver,1,0,0
14362,22,1,161.2,4,1,1,411,Potential,161.2,161.2,Bronze,0,0,0
14364,109,8,3717.35,2,5,5,255,At Risk,464.66875,464.66875,Bronze,0,1,0
14367,8,16,9261.52,5,5,5,555,Champions,578.845,578.845,Platinum,1,0,0
14368,320,1,155.0,1,1,1,111,Dormant,155.0,155.0,Bronze,0,0,1
14371,295,1,100.5,1,1,1,111,Dormant,100.5,100.5,Bronze,0,0,1
14373,358,1,76.55,1,1,1,111,Dormant,76.55,76.55,Bronze,0,0,1
14375,185,1,257.68,1,1,2,112,Dormant,257.68,257.68,Bronze,0,0,1
14377,191,2,617.05,1,3,3,133,Needs Attention,308.525,308.525,Bronze,0,0,0
14379,44,2,348.1,3,3,2,332,Dormant,174.05,174.05,Bronze,0,0,1
14381,52,1,202.68,3,1,1,311,Dormant,202.68,202.68,Bronze,0,0,1
14382,26,1,626.07,4,1,3,413,Potential,626.07,626.07,Bronze,0,0,0
14383,38,3,1247.69,3,3,4,334,Loyal,415.8966666666667,415.8966666666667,Bronze,0,0,0
14385,9,3,202.10999999999999,5,3,1,531,Potential,67.36999999999999,67.36999999999999,Bronze,0,0,0
14386,297,1,142.4,1,1,1,111,Dormant,142.4,142.4,Bronze,0,0,1
14387,33,3,1770.56,3,3,4,334,Loyal,590.1866666666666,590.1866666666666,Bronze,0,0,0
14388,10,8,3212.84,5,5,5,555,Champions,401.605,401.605,Gold,1,0,0
14389,65,2,1043.46,3,3,4,334,Loyal,521.73,521.73,Bronze,0,0,0
14390,10,9,4652.82,5,5,5,555,Champions,516.98,516.98,Gold,1,0,0
14393,218,1,67.95,1,1,1,111,Dormant,67.95,67.95,Bronze,0,0,1
14395,2,9,3507.71,5,5,5,555,Champions,389.74555555555554,389.74555555555554,Gold,1,0,0
14396,65,2,487.99,3,3,2,332,Dormant,243.995,243.995,Bronze,0,0,1
14397,3,19,2612.96,5,5,5,555,Champions,137.52421052631578,137.52421052631578,Gold,1,0,0
14400,149,1,574.7,2,1,3,213,Dormant,574.7,574.7,Bronze,0,0,1
14401,4,13,4051.48,5,5,5,555,Champions,311.6523076923077,311.6523076923077,Gold,1,0,0
14403,130,4,1475.81,2,4,4,244,At Risk,368.9525,368.9525,Bronze,0,1,0
14404,34,6,1474.32,3,5,4,354,Loyal,245.72,245.72,Silver,0,0,0
14406,119,1,156.75,2,1,1,211,Dormant,156.75,156.75,Bronze,0,0,1
14407,107,6,2157.73,2,5,5,255,At Risk,359.62166666666667,359.62166666666667,Bronze,0,1,0
14408,11,7,2606.53,5,5,5,555,Champions,372.3614285714286,372.3614285714286,Gold,1,0,0
14409,71,6,2059.4500000000003,3,5,5,355,Loyal,343.24166666666673,343.24166666666673,Silver,0,0,0
14410,92,9,1105.07,2,5,4,254,At Risk,122.78555555555555,122.78555555555555,Bronze,0,1,0
14411,311,1,1063.0,1,1,4,114,Dormant,1063.0,1063.0,Bronze,0,0,1
14412,43,2,770.03,3,3,3,333,Loyal,385.015,385.015,Bronze,0,0,0
14413,362,1,122.7,1,1,1,111,Dormant,122.7,122.7,Bronze,0,0,1
14414,92,7,1496.98,2,5,4,254,At Risk,213.8542857142857,213.8542857142857,Bronze,0,1,0
14415,1,13,5900.28,5,5,5,555,Champions,453.86769230769227,453.86769230769227,Platinum,1,0,0
14416,22,2,490.22,4,3,3,433,Loyal,245.11,245.11,Bronze,0,0,0
14418,4,3,1937.25,5,3,4,534,Loyal,645.75,645.75,Bronze,0,0,0
14419,11,6,1058.06,5,5,4,554,Champions,176.34333333333333,176.34333333333333,Silver,1,0,0
14420,99,1,387.52,2,1,2,212,Dormant,387.52,387.52,Bronze,0,0,1
14421,57,2,813.11,3,3,3,333,Loyal,406.555,406.555,Bronze,0,0,0
14422,1,6,4263.64,5,5,5,555,Champions,710.6066666666667,710.6066666666667,Gold,1,0,0
14423,218,1,265.2,1,1,2,112,Dormant,265.2,265.2,Bronze,0,0,1
14424,18,1,322.08,4,1,2,412,Potential,322.08,322.08,Bronze,0,0,0
14426,24,10,4481.67,4,5,5,455,Champions,448.16700000000003,448.16700000000003,Gold,1,0,0
14427,50,2,363.34000000000003,3,3,2,332,Dormant,181.67000000000002,181.67000000000002,Bronze,0,0,1
14428,7,5,1244.83,5,4,4,544,Champions,248.96599999999998,248.96599999999998,Silver,1,0,0
14431,303,1,470.36,1,1,2,112,Dormant,470.36,470.36,Bronze,0,0,1
14432,10,6,2255.51,5,5,5,555,Champions,375.91833333333335,375.91833333333335,Gold,1,0,0
14434,22,6,1372.8,4,5,4,454,Champions,228.79999999999998,228.79999999999998,Silver,1,0,0
14436,99,1,89.06,2,1,1,211,Dormant,89.06,89.06,Bronze,0,0,1
14437,366,1,63.0,1,1,1,111,Dormant,63.0,63.0,Bronze,0,0,1
14438,306,1,131.9,1,1,1,111,Dormant,131.9,131.9,Bronze,0,0,1
14439,320,1,2661.24,1,1,5,115,Dormant,2661.24,2661.24,Bronze,0,0,1
14440,8,5,2357.68,5,4,5,545,Champions,471.53599999999994,471.53599999999994,Silver,1,0,0
14441,1,4,1712.89,5,4,4,544,Champions,428.2225,428.2225,Silver,1,0,0
14442,205,2,1589.82,1,3,4,134,Needs Attention,794.91,794.91,Bronze,0,0,0
14443,54,4,1420.2,3,4,4,344,Loyal,355.05,355.05,Silver,0,0,0
14446,1,4,1039.58,5,4,4,544,Champions,259.895,259.895,Silver,1,0,0
14447,19,5,1163.23,4,4,4,444,Champions,232.64600000000002,232.64600000000002,Silver,1,0,0
14448,9,2,375.35,5,3,2,532,Potential,187.675,187.675,Bronze,0,0,0
14449,19,4,907.1,4,4,3,443,Loyal,226.775,226.775,Silver,0,0,0
14450,181,3,483.25,1,3,2,132,Needs Attention,161.08333333333334,161.08333333333334,Bronze,0,0,0
14451,60,2,662.59,3,3,3,333,Loyal,331.295,331.295,Bronze,0,0,0
14452,11,2,264.44,5,3,2,532,Potential,132.22,132.22,Bronze,0,0,0
14453,190,1,119.93,1,1,1,111,Dormant,119.93,119.93,Bronze,0,0,1
14456,5,9,3062.4,5,5,5,555,Champions,340.26666666666665,340.26666666666665,Gold,1,0,0
14457,311,1,113.64,1,1,1,111,Dormant,113.64,113.64,Bronze,0,0,1
14459,155,1,1837.92,2,1,4,214,Dormant,1837.92,1837.92,Bronze,0,0,1
14460,110,3,434.34,2,3,2,232,Needs Attention,144.78,144.78,Bronze,0,0,0
14461,148,3,2103.06,2,3,5,235,Needs Attention,701.02,701.02,Bronze,0,0,0
14462,66,11,2004.02,3,5,4,354,Loyal,182.18363636363637,182.18363636363637,Silver,0,0,0
14463,98,3,529.62,2,3,3,233,Needs Attention,176.54,176.54,Bronze,0,0,0
14465,247,3,1058.6200000000001,1,3,4,134,Needs Attention,352.8733333333334,352.8733333333334,Bronze,0,0,0
14466,29,7,2272.4,4,5,5,455,Champions,324.62857142857143,324.62857142857143,Gold,1,0,0
14467,18,4,598.76,4,4,3,443,Loyal,149.69,149.69,Silver,0,0,0
14470,12,2,461.19,5,3,2,532,Potential,230.595,230.595,Bronze,0,0,0
14472,104,8,1936.84,2,5,4,254,At Risk,242.105,242.105,Bronze,0,1,0
14473,74,2,234.34,2,3,1,231,Dormant,117.17,117.17,Bronze,0,0,1
14474,46,1,547.66,3,1,3,313,Dormant,547.66,547.66,Bronze,0,0,1
14475,72,3,925.85,2,3,3,233,Needs Attention,308.6166666666667,308.6166666666667,Bronze,0,0,0
14476,257,1,215.7,1,1,1,111,Dormant,215.7,215.7,Bronze,0,0,1
14477,20,4,1309.6,4,4,4,444,Champions,327.4,327.4,Silver,1,0,0
14479,254,2,316.25,1,3,2,132,Needs Attention,158.125,158.125,Bronze,0,0,0
14480,11,1,279.05,5,1,2,512,Potential,279.05,279.05,Bronze,0,0,0
14481,165,2,636.51,2,3,3,233,Needs Attention,318.255,318.255,Bronze,0,0,0
14482,18,6,2068.15,4,5,5,455,Champions,344.69166666666666,344.69166666666666,Gold,1,0,0
14483,282,1,137.1,1,1,1,111,Dormant,137.1,137.1,Bronze,0,0,1
14484,50,1,321.92,3,1,2,312,Dormant,321.92,321.92,Bronze,0,0,1
14485,39,1,165.75,3,1,1,311,Dormant,165.75,165.75,Bronze,0,0,1
14487,27,6,1196.33,4,5,4,454,Champions,199.38833333333332,199.38833333333332,Silver,1,0,0
14488,68,1,1064.28,3,1,4,314,Dormant,1064.28,1064.28,Bronze,0,0,1
14489,207,1,463.38,1,1,2,112,Dormant,463.38,463.38,Bronze,0,0,1
14491,175,2,340.93,2,3,2,232,Needs Attention,170.465,170.465,Bronze,0,0,0
14493,7,5,2383.2400000000002,5,4,5,545,Champions,476.648,476.648,Silver,1,0,0
14494,26,1,139.56,4,1,1,411,Potential,139.56,139.56,Bronze,0,0,0
14495,51,2,123.80000000000001,3,3,1,331,Dormant,61.900000000000006,61.900000000000006,Bronze,0,0,1
14496,312,2,538.8100000000001,1,3,3,133,Needs Attention,269.40500000000003,269.40500000000003,Bronze,0,0,0
14497,309,1,475.37,1,1,2,112,Dormant,475.37,475.37,Bronze,0,0,1
14498,43,5,1957.32,3,4,4,344,Loyal,391.464,391.464,Silver,0,0,0
14499,26,3,815.32,4,3,3,433,Loyal,271.77333333333337,271.77333333333337,Bronze,0,0,0
14500,88,3,356.85,2,3,2,232,Needs Attention,118.95,118.95,Bronze,0,0,0
14501,184,2,251.21,1,3,2,132,Needs Attention,125.605,125.605,Bronze,0,0,0
14502,20,11,2470.67,4,5,5,455,Champions,224.60636363636365,224.60636363636365,Gold,1,0,0
14503,3,6,3543.26,5,5,5,555,Champions,590.5433333333334,590.5433333333334,Gold,1,0,0
14504,47,4,673.26,3,4,3,343,Loyal,168.315,168.315,Silver,0,0,0
14505,17,8,5905.64,4,5,5,455,Champions,738.205,738.205,Gold,1,0,0
14506,17,5,2012.17,4,4,4,444,Champions,402.434,402.434,Silver,1,0,0
14507,24,6,1383.18,4,5,4,454,Champions,230.53,230.53,Silver,1,0,0
14508,22,2,276.42,4,3,2,432,Potential,138.21,138.21,Bronze,0,0,0
14511,11,5,1314.81,5,4,4,544,Champions,262.962,262.962,Silver,1,0,0
14512,188,2,275.28,1,3,2,132,Needs Attention,137.64,137.64,Bronze,0,0,0
14513,101,3,455.59000000000003,2,3,2,232,Needs Attention,151.86333333333334,151.86333333333334,Bronze,0,0,0
14514,61,3,1055.35,3,3,4,334,Loyal,351.7833333333333,351.7833333333333,Bronze,0,0,0
14515,18,6,2102.09,4,5,5,455,Champions,350.34833333333336,350.34833333333336,Gold,1,0,0
14517,33,2,330.45,3,3,2,332,Dormant,165.225,165.225,Bronze,0,0,1
14518,64,1,174.37,3,1,1,311,Dormant,174.37,174.37,Bronze,0,0,1
14520,2,2,270.6,5,3,2,532,Potential,135.3,135.3,Bronze,0,0,0
14522,24,4,974.54,4,4,4,444,Champions,243.635,243.635,Silver,1,0,0
14523,108,1,241.09,2,1,1,211,Dormant,241.09,241.09,Bronze,0,0,1
14524,32,9,1867.68,4,5,4,454,Champions,207.52,207.52,Silver,1,0,0
14525,20,9,4332.2,4,5,5,455,Champions,481.35555555555555,481.35555555555555,Gold,1,0,0
14527,3,55,8508.82,5,5,5,555,Champions,154.7058181818182,154.7058181818182,Platinum,1,0,0
14528,37,1,364.21999999999997,3,1,2,312,Dormant,364.21999999999997,364.21999999999997,Bronze,0,0,1
14529,60,3,620.04,3,3,3,333,Loyal,206.67999999999998,206.67999999999998,Bronze,0,0,0
14530,26,6,2925.91,4,5,5,455,Champions,487.65166666666664,487.65166666666664,Gold,1,0,0
14532,236,4,932.85,1,4,3,143,Needs Attention,233.2125,233.2125,Bronze,0,0,0
14533,25,7,1949.72,4,5,4,454,Champions,278.5314285714286,278.5314285714286,Silver,1,0,0
14534,3,18,4447.05,5,5,5,555,Champions,247.05833333333334,247.05833333333334,Gold,1,0,0
14535,60,3,2864.19,3,3,5,335,Loyal,954.73,954.73,Bronze,0,0,0
14536,260,1,171.8,1,1,1,111,Dormant,171.8,171.8,Bronze,0,0,1
14537,58,1,355.56,3,1,2,312,Dormant,355.56,355.56,Bronze,0,0,1
14538,65,2,388.25,3,3,2,332,Dormant,194.125,194.125,Bronze,0,0,1
14539,16,2,537.48,4,3,3,433,Loyal,268.74,268.74,Bronze,0,0,0
14540,10,3,996.26,5,3,4,534,Loyal,332.08666666666664,332.08666666666664,Bronze,0,0,0
14541,59,8,1461.65,3,5,4,354,Loyal,182.70625,182.70625,Silver,0,0,0
14542,186,1,103.25,1,1,1,111,Dormant,103.25,103.25,Bronze,0,0,1
14543,29,16,3630.33,4,5,5,455,Champions,226.895625,226.895625,Gold,1,0,0
14544,24,2,2024.45,4,3,4,434,Loyal,1012.225,1012.225,Bronze,0,0,0
14546,5,5,2578.09,5,4,5,545,Champions,515.618,515.618,Silver,1,0,0
14547,4,8,4007.54,5,5,5,555,Champions,500.9425,500.9425,Gold,1,0,0
14548,151,2,652.8,2,3,3,233,Needs Attention,326.4,326.4,Bronze,0,0,0
14549,311,1,289.24,1,1,2,112,Dormant,289.24,289.24,Bronze,0,0,1
14550,11,2,765.62,5,3,3,533,Loyal,382.81,382.81,Bronze,0,0,0
14551,18,2,186.23,4,3,1,431,Potential,93.115,93.115,Bronze,0,0,0
14552,152,1,165.07,2,1,1,211,Dormant,165.07,165.07,Bronze,0,0,1
14553,19,5,859.27,4,4,3,443,Loyal,171.85399999999998,171.85399999999998,Silver,0,0,0
14554,10,4,2381.04,5,4,5,545,Champions,595.26,595.26,Silver,1,0,0
14555,57,2,324.14,3,3,2,332,Dormant,162.07,162.07,Bronze,0,0,1
14557,85,1,788.38,2,1,3,213,Dormant,788.38,788.38,Bronze,0,0,1
14560,7,22,2237.77,5,5,5,555,Champions,101.71681818181818,101.71681818181818,Gold,1,0,0
14561,76,3,1080.76,2,3,4,234,Needs Attention,360.25333333333333,360.25333333333333,Bronze,0,0,0
14562,4,18,5074.77,5,5,5,555,Champions,281.9316666666667,281.9316666666667,Platinum,1,0,0
14565,96,4,3099.12,2,4,5,245,At Risk,774.78,774.78,Bronze,0,1,0
14566,111,1,1432.0,2,1,4,214,Dormant,1432.0,1432.0,Bronze,0,0,1
14567,57,2,1530.3600000000001,3,3,4,334,Loyal,765.1800000000001,765.1800000000001,Bronze,0,0,0
14569,1,1,227.39,5,1,1,511,Potential,227.39,227.39,Bronze,0,0,0
14570,281,2,218.06,1,3,1,131,Dormant,109.03,109.03,Bronze,0,0,1
14572,3,7,2832.84,5,5,5,555,Champions,404.6914285714286,404.6914285714286,Gold,1,0,0
14573,180,9,1653.42,1,5,4,154,At Risk,183.71333333333334,183.71333333333334,Bronze,0,1,0
14576,372,1,35.400000000000006,1,1,1,111,Dormant,35.400000000000006,35.400000000000006,Bronze,0,0,1
14577,13,4,859.71,5,4,3,543,Loyal,214.9275,214.9275,Silver,0,0,0
14578,3,1,168.63,5,1,1,511,Potential,168.63,168.63,Bronze,0,0,0
14581,17,1,138.6,4,1,1,411,Potential,138.6,138.6,Bronze,0,0,0
14582,41,1,114.11,3,1,1,311,Dormant,114.11,114.11,Bronze,0,0,1
14583,6,5,1052.55,5,4,4,544,Champions,210.51,210.51,Silver,1,0,0
14584,169,4,1042.26,2,4,4,244,At Risk,260.565,260.565,Bronze,0,1,0
14585,50,1,157.05,3,1,1,311,Dormant,157.05,157.05,Bronze,0,0,1
14586,277,1,237.35999999999999,1,1,1,111,Dormant,237.35999999999999,237.35999999999999,Bronze,0,0,1
14587,19,9,1601.14,4,5,4,454,Champions,177.90444444444447,177.90444444444447,Silver,1,0,0
14589,372,1,39.75,1,1,1,111,Dormant,39.75,39.75,Bronze,0,0,1
14591,15,4,1447.14,4,4,4,444,Champions,361.785,361.785,Silver,1,0,0
14592,35,3,570.46,3,3,3,333,Loyal,190.15333333333334,190.15333333333334,Bronze,0,0,0
14593,22,3,617.99,4,3,3,433,Loyal,205.99666666666667,205.99666666666667,Bronze,0,0,0
14594,7,2,379.83,5,3,2,532,Potential,189.915,189.915,Bronze,0,0,0
14595,20,6,1740.6000000000001,4,5,4,454,Champions,290.1,290.1,Silver,1,0,0
14597,11,2,883.15,5,3,3,533,Loyal,441.575,441.575,Bronze,0,0,0
14598,44,1,221.97,3,1,1,311,Dormant,221.97,221.97,Bronze,0,0,1
14600,306,1,393.33000000000004,1,1,2,112,Dormant,393.33000000000004,393.33000000000004,Bronze,0,0,1
14601,11,1,213.96,5,1,1,511,Potential,213.96,213.96,Bronze,0,0,0
14603,275,1,660.0,1,1,3,113,Dormant,660.0,660.0,Bronze,0,0,1
14606,1,93,12156.65,5,5,5,555,Champions,130.71666666666667,130.71666666666667,Platinum,1,0,0
14607,16,14,16569.5,4,5,5,455,Champions,1183.5357142857142,1183.5357142857142,Platinum,1,0,0
14608,4,4,1785.15,5,4,4,544,Champions,446.2875,446.2875,Silver,1,0,0
14609,72,4,601.56,2,4,3,243,Needs Attention,150.39,150.39,Silver,0,0,0
14616,243,3,406.08000000000004,1,3,2,132,Needs Attention,135.36,135.36,Bronze,0,0,0
14618,9,3,553.44,5,3,3,533,Loyal,184.48000000000002,184.48000000000002,Bronze,0,0,0
14619,246,1,394.44,1,1,2,112,Dormant,394.44,394.44,Bronze,0,0,1
14620,206,2,412.78000000000003,1,3,2,132,Needs Attention,206.39000000000001,206.39000000000001,Bronze,0,0,0
14621,1,5,1788.3600000000001,5,4,4,544,Champions,357.672,357.672,Silver,1,0,0
14622,185,1,320.58000000000004,1,1,2,112,Dormant,320.58000000000004,320.58000000000004,Bronze,0,0,1
14623,32,5,889.25,4,4,3,443,Loyal,177.85,177.85,Silver,0,0,0
14624,57,2,225.85,3,3,1,331,Dormant,112.925,112.925,Bronze,0,0,1
14625,196,2,899.63,1,3,3,133,Needs Attention,449.815,449.815,Bronze,0,0,0
14626,24,4,2791.27,4,4,5,445,Champions,697.8175,697.8175,Silver,1,0,0
14628,91,2,671.96,2,3,3,233,Needs Attention,335.98,335.98,Bronze,0,0,0
14629,4,2,959.01,5,3,4,534,Loyal,479.505,479.505,Bronze,0,0,0
14631,51,3,1006.98,3,3,4,334,Loyal,335.66,335.66,Bronze,0,0,0
14632,263,1,114.56,1,1,1,111,Dormant,114.56,114.56,Bronze,0,0,1
14633,266,1,344.90000000000003,1,1,2,112,Dormant,344.90000000000003,344.90000000000003,Bronze,0,0,1
14636,36,2,609.85,3,3,3,333,Loyal,304.925,304.925,Bronze,0,0,0
14638,51,1,443.6,3,1,2,312,Dormant,443.6,443.6,Bronze,0,0,1
14639,52,6,2984.4900000000002,3,5,5,355,Loyal,497.415,497.415,Gold,0,0,0
14640,24,6,2125.08,4,5,5,455,Champions,354.18,354.18,Gold,1,0,0
14641,22,1,110.46000000000001,4,1,1,411,Potential,110.46000000000001,110.46000000000001,Bronze,0,0,0
14642,59,1,96.12,3,1,1,311,Dormant,96.12,96.12,Bronze,0,0,1
14643,170,2,693.8100000000001,2,3,3,233,Needs Attention,346.90500000000003,346.90500000000003,Bronze,0,0,0
14644,68,2,830.76,3,3,3,333,Loyal,415.38,415.38,Bronze,0,0,0
14645,157,2,597.09,2,3,3,233,Needs Attention,298.545,298.545,Bronze,0,0,0
14646,2,73,280206.02,5,5,5,555,Champions,3838.4386301369864,3838.4386301369864,Platinum,1,0,0
14647,201,1,243.22,1,1,1,111,Dormant,243.22,243.22,Bronze,0,0,1
14649,5,4,1417.29,5,4,4,544,Champions,354.3225,354.3225,Silver,1,0,0
14651,67,2,654.6,3,3,3,333,Loyal,327.3,327.3,Bronze,0,0,0
14652,77,1,114.18,2,1,1,211,Dormant,114.18,114.18,Bronze,0,0,1
14653,1,7,1947.55,5,5,4,554,Champions,278.2214285714286,278.2214285714286,Silver,1,0,0
14655,8,4,1932.23,5,4,4,544,Champions,483.0575,483.0575,Silver,1,0,0
14656,169,2,291.05,2,3,2,232,Needs Attention,145.525,145.525,Bronze,0,0,0
14657,18,4,848.22,4,4,3,443,Loyal,212.055,212.055,Silver,0,0,0
14658,5,2,247.15,5,3,1,531,Potential,123.575,123.575,Bronze,0,0,0
14659,9,9,2529.93,5,5,5,555,Champions,281.1033333333333,281.1033333333333,Gold,1,0,0
14660,87,2,285.74,2,3,2,232,Needs Attention,142.87,142.87,Bronze,0,0,0
14661,27,1,107.95,4,1,1,411,Potential,107.95,107.95,Bronze,0,0,0
14662,29,4,771.17,4,4,3,443,Loyal,192.7925,192.7925,Silver,0,0,0
14664,20,2,637.89,4,3,3,433,Loyal,318.945,318.945,Bronze,0,0,0
14665,61,5,1835.7,3,4,4,344,Loyal,367.14,367.14,Silver,0,0,0
14666,24,1,195.25,4,1,1,411,Potential,195.25,195.25,Bronze,0,0,0
14667,11,25,9241.2,5,5,5,555,Champions,369.648,369.648,Platinum,1,0,0
14669,242,3,1269.99,1,3,4,134,Needs Attention,423.33,423.33,Bronze,0,0,0
14670,280,2,411.53,1,3,2,132,Needs Attention,205.765,205.765,Bronze,0,0,0
14672,235,2,765.5500000000001,1,3,3,133,Needs Attention,382.77500000000003,382.77500000000003,Bronze,0,0,0
14673,3,5,1736.4,5,4,4,544,Champions,347.28000000000003,347.28000000000003,Silver,1,0,0
14675,16,1,604.75,4,1,3,413,Potential,604.75,604.75,Bronze,0,0,0
14676,31,6,2548.2400000000002,4,5,5,455,Champions,424.7066666666667,424.7066666666667,Gold,1,0,0
14680,25,16,28754.11,4,5,5,455,Champions,1797.131875,1797.131875,Platinum,1,0,0
14681,71,3,498.95,3,3,3,333,Loyal,166.31666666666666,166.31666666666666,Bronze,0,0,0
14682,188,2,52.0,1,3,1,131,Dormant,26.0,26.0,Bronze,0,0,1
14684,26,5,1236.28,4,4,4,444,Champions,247.256,247.256,Silver,1,0,0
14687,107,1,628.38,2,1,3,213,Dormant,628.38,628.38,Bronze,0,0,1
14688,8,21,5630.87,5,5,5,555,Champions,268.13666666666666,268.13666666666666,Platinum,1,0,0
14689,209,1,112.80000000000001,1,1,1,111,Dormant,112.80000000000001,112.80000000000001,Bronze,0,0,1
14690,44,2,371.7,3,3,2,332,Dormant,185.85,185.85,Bronze,0,0,1
14691,31,5,2114.33,4,4,5,445,Champions,422.866,422.866,Silver,1,0,0
14692,137,4,591.55,2,4,3,243,Needs Attention,147.8875,147.8875,Bronze,0,0,0
14693,265,1,172.9,1,1,1,111,Dormant,172.9,172.9,Bronze,0,0,1
14696,4,7,2078.95,5,5,5,555,Champions,296.99285714285713,296.99285714285713,Gold,1,0,0
14697,218,2,188.61,1,3,1,131,Dormant,94.305,94.305,Bronze,0,0,1
14698,2,5,1250.76,5,4,4,544,Champions,250.152,250.152,Silver,1,0,0
14699,214,1,109.13000000000001,1,1,1,111,Dormant,109.13000000000001,109.13000000000001,Bronze,0,0,1
14700,32,3,2235.3,4,3,5,435,Loyal,745.1,745.1,Bronze,0,0,0
14701,11,9,2549.37,5,5,5,555,Champions,283.2633333333333,283.2633333333333,Gold,1,0,0
14702,1,17,3292.14,5,5,5,555,Champions,193.65529411764706,193.65529411764706,Gold,1,0,0
14703,15,1,318.17,4,1,2,412,Potential,318.17,318.17,Bronze,0,0,0
14704,11,9,1546.91,5,5,4,554,Champions,171.8788888888889,171.8788888888889,Silver,1,0,0
14705,199,1,179.0,1,1,1,111,Dormant,179.0,179.0,Bronze,0,0,1
14708,3,3,1126.3700000000001,5,3,4,534,Loyal,375.4566666666667,375.4566666666667,Bronze,0,0,0
14709,15,13,4921.04,4,5,5,455,Champions,378.54153846153844,378.54153846153844,Gold,1,0,0
14710,14,4,606.13,4,4,3,443,Loyal,151.5325,151.5325,Silver,0,0,0
14711,10,11,2868.8,5,5,5,555,Champions,260.8,260.8,Gold,1,0,0
14712,29,3,917.07,4,3,3,433,Loyal,305.69,305.69,Bronze,0,0,0
14713,9,11,2666.36,5,5,5,555,Champions,242.39636363636365,242.39636363636365,Gold,1,0,0
14714,24,1,160.19,4,1,1,411,Potential,160.19,160.19,Bronze,0,0,0
14715,25,4,867.38,4,4,3,443,Loyal,216.845,216.845,Silver,0,0,0
14716,43,2,329.68,3,3,2,332,Dormant,164.84,164.84,Bronze,0,0,1
14719,2,5,1602.13,5,4,4,544,Champions,320.42600000000004,320.42600000000004,Silver,1,0,0
14720,6,3,663.81,5,3,3,533,Loyal,221.26999999999998,221.26999999999998,Bronze,0,0,0
14722,147,1,187.92,2,1,1,211,Dormant,187.92,187.92,Bronze,0,0,1
14723,10,6,1158.3,5,5,4,554,Champions,193.04999999999998,193.04999999999998,Silver,1,0,0
14725,25,1,718.08,4,1,3,413,Potential,718.08,718.08,Bronze,0,0,0
14727,274,1,268.58,1,1,2,112,Dormant,268.58,268.58,Bronze,0,0,1
14729,374,1,313.49,1,1,2,112,Dormant,313.49,313.49,Bronze,0,0,1
14730,1,8,2005.06,5,5,4,554,Champions,250.6325,250.6325,Gold,1,0,0
14731,47,3,380.02,3,3,2,332,Dormant,126.67333333333333,126.67333333333333,Bronze,0,0,1
14732,8,8,2702.4900000000002,5,5,5,555,Champions,337.81125000000003,337.81125000000003,Gold,1,0,0
14733,16,12,9585.91,4,5,5,455,Champions,798.8258333333333,798.8258333333333,Platinum,1,0,0
14735,4,32,6065.6900000000005,5,5,5,555,Champions,189.55281250000002,189.55281250000002,Platinum,1,0,0
14737,4,3,1164.55,5,3,4,534,Loyal,388.18333333333334,388.18333333333334,Bronze,0,0,0
14738,43,7,1314.45,3,5,4,354,Loyal,187.77857142857144,187.77857142857144,Silver,0,0,0
14739,4,7,3902.28,5,5,5,555,Champions,557.4685714285714,557.4685714285714,Gold,1,0,0
14740,197,3,1448.21,1,3,4,134,Needs Attention,482.7366666666667,482.7366666666667,Bronze,0,0,0
14741,12,6,1400.3400000000001,5,5,4,554,Champions,233.39000000000001,233.39000000000001,Silver,1,0,0
14744,16,7,1099.98,4,5,4,454,Champions,157.14000000000001,157.14000000000001,Silver,1,0,0
14745,113,5,1220.26,2,4,4,244,At Risk,244.052,244.052,Bronze,0,1,0
14747,249,1,328.2,1,1,2,112,Dormant,328.2,328.2,Bronze,0,0,1
14748,29,5,1415.75,4,4,4,444,Champions,283.15,283.15,Silver,1,0,0
14752,44,1,389.64000000000004,3,1,2,312,Dormant,389.64000000000004,389.64000000000004,Bronze,0,0,1
14753,87,1,563.15,2,1,3,213,Dormant,563.15,563.15,Bronze,0,0,1
14754,45,2,638.05,3,3,3,333,Loyal,319.025,319.025,Bronze,0,0,0
14755,10,11,5010.28,5,5,5,555,Champions,455.47999999999996,455.47999999999996,Platinum,1,0,0
14756,15,1,738.96,4,1,3,413,Potential,738.96,738.96,Bronze,0,0,0
14757,75,1,420.5,2,1,2,212,Dormant,420.5,420.5,Bronze,0,0,1
14758,145,4,1484.06,2,4,4,244,At Risk,371.015,371.015,Bronze,0,1,0
14759,5,3,1625.97,5,3,4,534,Loyal,541.99,541.99,Bronze,0,0,0
14760,297,1,89.2,1,1,1,111,Dormant,89.2,89.2,Bronze,0,0,1
14761,59,2,255.9,3,3,2,332,Dormant,127.95,127.95,Bronze,0,0,1
14762,264,1,300.52,1,1,2,112,Dormant,300.52,300.52,Bronze,0,0,1
14764,47,1,278.3,3,1,2,312,Dormant,278.3,278.3,Bronze,0,0,1
14765,29,3,254.11,4,3,2,432,Potential,84.70333333333333,84.70333333333333,Bronze,0,0,0
14766,8,6,2473.37,5,5,5,555,Champions,412.2283333333333,412.2283333333333,Gold,1,0,0
14768,17,2,192.60000000000002,4,3,1,431,Potential,96.30000000000001,96.30000000000001,Bronze,0,0,0
14769,3,8,10674.75,5,5,5,555,Champions,1334.34375,1334.34375,Gold,1,0,0
14770,232,2,876.4200000000001,1,3,3,133,Needs Attention,438.21000000000004,438.21000000000004,Bronze,0,0,0
14772,112,1,139.26,2,1,1,211,Dormant,139.26,139.26,Bronze,0,0,1
14775,58,3,1011.9,3,3,4,334,Loyal,337.3,337.3,Bronze,0,0,0
14776,51,11,2538.2999999999997,3,5,5,355,Loyal,230.75454545454542,230.75454545454542,Gold,0,0,0
14778,127,2,730.86,2,3,3,233,Needs Attention,365.43,365.43,Bronze,0,0,0
14779,281,3,386.15,1,3,2,132,Needs Attention,128.71666666666667,128.71666666666667,Bronze,0,0,0
14780,55,2,447.68,3,3,2,332,Dormant,223.84,223.84,Bronze,0,0,1
14782,320,1,200.10000000000002,1,1,1,111,Dormant,200.10000000000002,200.10000000000002,Bronze,0,0,1
14784,26,2,289.99,4,3,2,432,Potential,144.995,144.995,Bronze,0,0,0
14785,10,2,77.4,5,3,1,531,Potential,38.7,38.7,Bronze,0,0,0
14788,7,2,679.44,5,3,3,533,Loyal,339.72,339.72,Bronze,0,0,0
14789,29,1,197.64,4,1,1,411,Potential,197.64,197.64,Bronze,0,0,0
14790,17,4,745.06,4,4,3,443,Loyal,186.265,186.265,Silver,0,0,0
14792,64,1,6.2,3,1,1,311,Dormant,6.2,6.2,Bronze,0,0,1
14793,21,1,228.99,4,1,1,411,Potential,228.99,228.99,Bronze,0,0,0
14794,3,7,1319.91,5,5,4,554,Champions,188.55857142857144,188.55857142857144,Silver,1,0,0
14795,166,1,131.45000000000002,2,1,1,211,Dormant,131.45000000000002,131.45000000000002,Bronze,0,0,1
14796,1,17,8022.49,5,5,5,555,Champions,471.9111764705882,471.9111764705882,Platinum,1,0,0
14798,53,3,173.74,3,3,1,331,Dormant,57.913333333333334,57.913333333333334,Bronze,0,0,1
14799,51,1,157.7,3,1,1,311,Dormant,157.7,157.7,Bronze,0,0,1
14800,48,12,4339.74,3,5,5,355,Loyal,361.645,361.645,Gold,0,0,0
14801,61,1,193.14,3,1,1,311,Dormant,193.14,193.14,Bronze,0,0,1
14803,162,3,845.5500000000001,2,3,3,233,Needs Attention,281.85,281.85,Bronze,0,0,0
14804,9,1,353.27,5,1,2,512,Potential,353.27,353.27,Bronze,0,0,0
14805,15,4,554.65,4,4,3,443,Loyal,138.6625,138.6625,Silver,0,0,0
14806,75,1,193.39000000000001,2,1,1,211,Dormant,193.39000000000001,193.39000000000001,Bronze,0,0,1
14808,40,8,2741.17,3,5,5,355,Loyal,342.64625,342.64625,Gold,0,0,0
14810,41,11,2087.88,3,5,5,355,Loyal,189.80727272727273,189.80727272727273,Gold,0,0,0
14813,370,2,155.43,1,3,1,131,Dormant,77.715,77.715,Bronze,0,0,1
14815,37,2,778.5,3,3,3,333,Loyal,389.25,389.25,Bronze,0,0,0
14816,197,1,271.85,1,1,2,112,Dormant,271.85,271.85,Bronze,0,0,1
14817,200,2,1110.34,1,3,4,134,Needs Attention,555.17,555.17,Bronze,0,0,0
14818,74,3,657.8,2,3,3,233,Needs Attention,219.26666666666665,219.26666666666665,Bronze,0,0,0
14819,64,2,272.07,3,3,2,332,Dormant,136.035,136.035,Bronze,0,0,1
14820,21,4,507.29,4,4,3,443,Loyal,126.8225,126.8225,Silver,0,0,0
14821,367,1,48.800000000000004,1,1,1,111,Dormant,48.800000000000004,48.800000000000004,Bronze,0,0,1
14823,180,3,321.43,1,3,2,132,Needs Attention,107.14333333333333,107.14333333333333,Bronze,0,0,0
14824,10,4,1127.71,5,4,4,544,Champions,281.9275,281.9275,Silver,1,0,0
14825,4,12,2226.9100000000003,5,5,5,555,Champions,185.57583333333335,185.57583333333335,Gold,1,0,0
14828,197,3,2139.76,1,3,5,135,Needs Attention,713.2533333333334,713.2533333333334,Bronze,0,0,0
14829,29,4,697.55,4,4,3,443,Loyal,174.3875,174.3875,Silver,0,0,0
14830,53,1,197.13,3,1,1,311,Dormant,197.13,197.13,Bronze,0,0,1
14834,18,6,1720.3,4,5,4,454,Champions,286.71666666666664,286.71666666666664,Silver,1,0,0
14836,10,3,102.45,5,3,1,531,Potential,34.15,34.15,Bronze,0,0,0
14837,90,4,1649.5,2,4,4,244,At Risk,412.375,412.375,Bronze,0,1,0
14840,268,1,62.85,1,1,1,111,Dormant,62.85,62.85,Bronze,0,0,1
14841,53,6,3295.76,3,5,5,355,Loyal,549.2933333333334,549.2933333333334,Gold,0,0,0
14842,44,4,2824.69,3,4,5,345,Loyal,706.1725,706.1725,Silver,0,0,0
14844,64,4,3189.81,3,4,5,345,Loyal,797.4525,797.4525,Silver,0,0,0
14847,149,1,309.40000000000003,2,1,2,212,Dormant,309.40000000000003,309.40000000000003,Bronze,0,0,1
14849,22,25,7930.54,4,5,5,455,Champions,317.2216,317.2216,Platinum,1,0,0
14850,312,1,325.75,1,1,2,112,Dormant,325.75,325.75,Bronze,0,0,1
14851,23,2,511.35,4,3,3,433,Loyal,255.675,255.675,Bronze,0,0,0
14852,58,6,2836.69,3,5,5,355,Loyal,472.7816666666667,472.7816666666667,Gold,0,0,0
14853,24,2,475.8,4,3,2,432,Potential,237.9,237.9,Bronze,0,0,0
14854,78,7,2759.83,2,5,5,255,At Risk,394.26142857142855,394.26142857142855,Silver,0,1,0
14855,119,2,645.65,2,3,3,233,Needs Attention,322.825,322.825,Bronze,0,0,0
14856,36,3,1311.38,3,3,4,334,Loyal,437.1266666666667,437.1266666666667,Bronze,0,0,0
14857,60,2,1173.1200000000001,3,3,4,334,Loyal,586.5600000000001,586.5600000000001,Bronze,0,0,0
14859,13,4,1353.74,5,4,4,544,Champions,338.435,338.435,Silver,1,0,0
14860,19,1,170.32,4,1,1,411,Potential,170.32,170.32,Bronze,0,0,0
14861,52,1,125.79,3,1,1,311,Dormant,125.79,125.79,Bronze,0,0,1
14862,26,2,841.2,4,3,3,433,Loyal,420.6,420.6,Bronze,0,0,0
14863,29,1,266.76,4,1,2,412,Potential,266.76,266.76,Bronze,0,0,0
14865,7,2,52.2,5,3,1,531,Potential,26.1,26.1,Bronze,0,0,0
14866,11,12,14389.9,5,5,5,555,Champions,1199.1583333333333,1199.1583333333333,Platinum,1,0,0
14867,186,3,710.28,1,3,3,133,Needs Attention,236.76,236.76,Bronze,0,0,0
14868,3,8,2953.59,5,5,5,555,Champions,369.19875,369.19875,Gold,1,0,0
14869,9,2,725.7,5,3,3,533,Loyal,362.85,362.85,Bronze,0,0,0
14870,262,1,327.25,1,1,2,112,Dormant,327.25,327.25,Bronze,0,0,1
14871,3,4,522.38,5,4,3,543,Loyal,130.595,130.595,Silver,0,0,0
14873,210,1,519.68,1,1,3,113,Dormant,519.68,519.68,Bronze,0,0,1
14875,108,2,1465.32,2,3,4,234,Needs Attention,732.66,732.66,Bronze,0,0,0
14878,13,9,1485.54,5,5,4,554,Champions,165.06,165.06,Silver,1,0,0
14880,77,3,706.19,2,3,3,233,Needs Attention,235.39666666666668,235.39666666666668,Bronze,0,0,0
14881,20,1,255.4,4,1,2,412,Potential,255.4,255.4,Bronze,0,0,0
14882,27,2,589.7,4,3,3,433,Loyal,294.85,294.85,Bronze,0,0,0
14883,19,6,761.59,4,5,3,453,Loyal,126.93166666666667,126.93166666666667,Silver,0,0,0
14885,132,1,765.3199999999999,2,1,3,213,Dormant,765.3199999999999,765.3199999999999,Bronze,0,0,1
14886,253,1,364.8,1,1,2,112,Dormant,364.8,364.8,Bronze,0,0,1
14887,79,1,1862.0,2,1,4,214,Dormant,1862.0,1862.0,Bronze,0,0,1
14888,207,1,369.2,1,1,2,112,Dormant,369.2,369.2,Bronze,0,0,1
14889,336,1,135.9,1,1,1,111,Dormant,135.9,135.9,Bronze,0,0,1
14890,254,1,125.65,1,1,1,111,Dormant,125.65,125.65,Bronze,0,0,1
14891,148,2,554.38,2,3,3,233,Needs Attention,277.19,277.19,Bronze,0,0,0
14893,10,2,1237.8500000000001,5,3,4,534,Loyal,618.9250000000001,618.9250000000001,Bronze,0,0,0
14894,85,1,655.75,2,1,3,213,Dormant,655.75,655.75,Bronze,0,0,1
14895,8,20,11138.710000000001,5,5,5,555,Champions,556.9355,556.9355,Platinum,1,0,0
14896,205,2,468.77000000000004,1,3,2,132,Needs Attention,234.38500000000002,234.38500000000002,Bronze,0,0,0
14897,8,4,1366.38,5,4,4,544,Champions,341.595,341.595,Silver,1,0,0
14898,23,6,1303.52,4,5,4,454,Champions,217.25333333333333,217.25333333333333,Silver,1,0,0
14901,11,9,1421.29,5,5,4,554,Champions,157.92111111111112,157.92111111111112,Silver,1,0,0
14902,26,1,332.66,4,1,2,412,Potential,332.66,332.66,Bronze,0,0,0
14903,21,5,2810.63,4,4,5,445,Champions,562.126,562.126,Silver,1,0,0
14904,2,2,1025.44,5,3,4,534,Loyal,512.72,512.72,Bronze,0,0,0
14905,158,2,616.15,2,3,3,233,Needs Attention,308.075,308.075,Bronze,0,0,0
14907,3,7,3501.1,5,5,5,555,Champions,500.15714285714284,500.15714285714284,Gold,1,0,0
14908,74,1,277.8,2,1,2,212,Dormant,277.8,277.8,Bronze,0,0,1
14910,3,4,434.35,5,4,2,542,Potential,108.5875,108.5875,Bronze,0,0,0
14911,1,201,143825.06,5,5,5,555,Champions,715.5475621890547,715.5475621890547,Platinum,1,0,0
14912,17,2,867.85,4,3,3,433,Loyal,433.925,433.925,Bronze,0,0,0
14913,36,4,1227.43,3,4,4,344,Loyal,306.8575,306.8575,Silver,0,0,0
14915,91,2,307.48,2,3,2,232,Needs Attention,153.74,153.74,Bronze,0,0,0
14916,71,4,1268.98,3,4,4,344,Loyal,317.245,317.245,Silver,0,0,0
14918,116,2,1610.15,2,3,4,234,Needs Attention,805.075,805.075,Bronze,0,0,0
14920,213,2,977.77,1,3,4,134,Needs Attention,488.885,488.885,Bronze,0,0,0
14921,30,2,1316.07,4,3,4,434,Loyal,658.035,658.035,Bronze,0,0,0
14923,51,1,749.1,3,1,3,313,Dormant,749.1,749.1,Bronze,0,0,1
14924,246,1,310.05,1,1,2,112,Dormant,310.05,310.05,Bronze,0,0,1
14929,32,1,223.88,4,1,1,411,Potential,223.88,223.88,Bronze,0,0,0
14930,109,3,2372.86,2,3,5,235,Needs Attention,790.9533333333334,790.9533333333334,Bronze,0,0,0
14931,5,5,1257.68,5,4,4,544,Champions,251.536,251.536,Silver,1,0,0
14932,366,1,363.53,1,1,2,112,Dormant,363.53,363.53,Bronze,0,0,1
14934,82,2,1890.94,2,3,4,234,Needs Attention,945.47,945.47,Bronze,0,0,0
14935,297,1,1784.71,1,1,4,114,Dormant,1784.71,1784.71,Bronze,0,0,1
14936,34,8,8137.02,3,5,5,355,Loyal,1017.1275,1017.1275,Gold,0,0,0
14937,57,3,1621.88,3,3,4,334,Loyal,540.6266666666667,540.6266666666667,Bronze,0,0,0
14944,30,12,5900.25,4,5,5,455,Champions,491.6875,491.6875,Gold,1,0,0
14946,14,1,100.9,4,1,1,411,Potential,100.9,100.9,Bronze,0,0,0
14947,72,2,290.82,2,3,2,232,Needs Attention,145.41,145.41,Bronze,0,0,0
14948,23,6,1101.97,4,5,4,454,Champions,183.66166666666666,183.66166666666666,Silver,1,0,0
14950,19,1,371.2,4,1,2,412,Potential,371.2,371.2,Bronze,0,0,0
14951,79,1,311.69,2,1,2,212,Dormant,311.69,311.69,Bronze,0,0,1
14952,60,11,8099.49,3,5,5,355,Loyal,736.3172727272727,736.3172727272727,Silver,0,0,0
14953,25,1,289.82,4,1,2,412,Potential,289.82,289.82,Bronze,0,0,0
14954,12,1,336.17,5,1,2,512,Potential,336.17,336.17,Bronze,0,0,0
14957,253,1,58.49,1,1,1,111,Dormant,58.49,58.49,Bronze,0,0,1
14958,147,3,499.68,2,3,3,233,Needs Attention,166.56,166.56,Bronze,0,0,0
14959,64,4,695.42,3,4,3,343,Loyal,173.855,173.855,Silver,0,0,0
14960,8,2,221.27,5,3,1,531,Potential,110.635,110.635,Bronze,0,0,0
14961,11,9,7044.68,5,5,5,555,Champions,782.7422222222223,782.7422222222223,Gold,1,0,0
14962,271,1,126.7,1,1,1,111,Dormant,126.7,126.7,Bronze,0,0,1
14963,10,5,1487.8,5,4,4,544,Champions,297.56,297.56,Silver,1,0,0
14964,247,1,206.21,1,1,1,111,Dormant,206.21,206.21,Bronze,0,0,1
14965,96,2,599.0,2,3,3,233,Needs Attention,299.5,299.5,Bronze,0,0,0
14966,15,1,191.32,4,1,1,411,Potential,191.32,191.32,Bronze,0,0,0
14967,50,1,463.8,3,1,2,312,Dormant,463.8,463.8,Bronze,0,0,1
14968,30,1,147.59,4,1,1,411,Potential,147.59,147.59,Bronze,0,0,0
14970,68,4,1592.06,3,4,4,344,Loyal,398.015,398.015,Silver,0,0,0
14971,35,3,1116.57,3,3,4,334,Loyal,372.19,372.19,Bronze,0,0,0
14972,128,1,114.77,2,1,1,211,Dormant,114.77,114.77,Bronze,0,0,1
14973,107,3,1314.45,2,3,4,234,Needs Attention,438.15000000000003,438.15000000000003,Bronze,0,0,0
14974,37,1,114.39,3,1,1,311,Dormant,114.39,114.39,Bronze,0,0,1
14975,57,1,279.94,3,1,2,312,Dormant,279.94,279.94,Bronze,0,0,1
14976,57,7,790.86,3,5,3,353,Loyal,112.98,112.98,Silver,0,0,0
14978,72,5,1931.42,2,4,4,244,At Risk,386.284,386.284,Silver,0,1,0
14981,246,1,102.12,1,1,1,111,Dormant,102.12,102.12,Bronze,0,0,1
14984,19,2,213.27,4,3,1,431,Potential,106.635,106.635,Bronze,0,0,0
14985,198,2,296.75,1,3,2,132,Needs Attention,148.375,148.375,Bronze,0,0,0
14987,16,2,326.4,4,3,2,432,Potential,163.2,163.2,Bronze,0,0,0
14988,212,1,334.54,1,1,2,112,Dormant,334.54,334.54,Bronze,0,0,1
14995,39,2,233.23000000000002,3,3,1,331,Dormant,116.61500000000001,116.61500000000001,Bronze,0,0,1
14997,46,3,546.1999999999999,3,3,3,333,Loyal,182.06666666666663,182.06666666666663,Bronze,0,0,0
14998,170,2,429.87,2,3,2,232,Needs Attention,214.935,214.935,Bronze,0,0,0
15000,48,1,490.52,3,1,3,313,Dormant,490.52,490.52,Bronze,0,0,1
15002,116,4,1641.76,2,4,4,244,At Risk,410.44,410.44,Bronze,0,1,0
15004,147,1,1246.32,2,1,4,214,Dormant,1246.32,1246.32,Bronze,0,0,1
15005,16,28,6316.57,4,5,5,455,Champions,225.5917857142857,225.5917857142857,Platinum,1,0,0
15006,51,1,502.09,3,1,3,313,Dormant,502.09,502.09,Bronze,0,0,1
15007,159,1,156.91,2,1,1,211,Dormant,156.91,156.91,Bronze,0,0,1
15009,12,3,1261.78,5,3,4,534,Loyal,420.5933333333333,420.5933333333333,Bronze,0,0,0
15010,36,1,308.94,3,1,2,312,Dormant,308.94,308.94,Bronze,0,0,1
15012,54,2,423.04,3,3,2,332,Dormant,211.52,211.52,Bronze,0,0,1
15014,43,2,260.17,3,3,2,332,Dormant,130.085,130.085,Bronze,0,0,1
15016,173,1,170.04,2,1,1,211,Dormant,170.04,170.04,Bronze,0,0,1
15017,34,1,125.58,3,1,1,311,Dormant,125.58,125.58,Bronze,0,0,1
15018,39,3,496.21,3,3,3,333,Loyal,165.40333333333334,165.40333333333334,Bronze,0,0,0
15019,267,1,266.0,1,1,2,112,Dormant,266.0,266.0,Bronze,0,0,1
15021,9,9,1914.82,5,5,4,554,Champions,212.75777777777776,212.75777777777776,Silver,1,0,0
15022,12,4,905.04,5,4,3,543,Loyal,226.26,226.26,Silver,0,0,0
15023,3,11,6802.76,5,5,5,555,Champions,618.4327272727273,618.4327272727273,Platinum,1,0,0
15024,10,10,1661.33,5,5,4,554,Champions,166.13299999999998,166.13299999999998,Silver,1,0,0
15025,33,1,377.01,3,1,2,312,Dormant,377.01,377.01,Bronze,0,0,1
15026,80,3,469.0,2,3,2,232,Needs Attention,156.33333333333334,156.33333333333334,Bronze,0,0,0
15027,31,4,1066.15,4,4,4,444,Champions,266.5375,266.5375,Silver,1,0,0
15028,8,4,627.13,5,4,3,543,Loyal,156.7825,156.7825,Silver,0,0,0
15030,72,2,518.28,2,3,3,233,Needs Attention,259.14,259.14,Bronze,0,0,0
15031,4,4,668.14,5,4,3,543,Loyal,167.035,167.035,Silver,0,0,0
15032,256,3,4959.1,1,3,5,135,Needs Attention,1653.0333333333335,1653.0333333333335,Bronze,0,0,0
15033,5,10,2586.67,5,5,5,555,Champions,258.66700000000003,258.66700000000003,Gold,1,0,0
15034,16,8,4308.61,4,5,5,455,Champions,538.57625,538.57625,Gold,1,0,0
15035,90,1,252.73000000000002,2,1,2,212,Dormant,252.73000000000002,252.73000000000002,Bronze,0,0,1
15036,72,3,465.55,2,3,2,232,Needs Attention,155.18333333333334,155.18333333333334,Bronze,0,0,0
15038,59,6,705.49,3,5,3,353,Loyal,117.58166666666666,117.58166666666666,Silver,0,0,0
15039,10,47,19914.44,5,5,5,555,Champions,423.7114893617021,423.7114893617021,Platinum,1,0,0
15041,170,1,180.35,2,1,1,211,Dormant,180.35,180.35,Bronze,0,0,1
15042,199,1,135.93,1,1,1,111,Dormant,135.93,135.93,Bronze,0,0,1
15043,31,1,537.0,4,1,3,413,Potential,537.0,537.0,Bronze,0,0,0
15044,19,17,7700.2300000000005,4,5,5,455,Champions,452.954705882353,452.954705882353,Platinum,1,0,0
15045,152,2,735.66,2,3,3,233,Needs Attention,367.83,367.83,Bronze,0,0,0
15046,9,15,5213.7699999999995,5,5,5,555,Champions,347.58466666666664,347.58466666666664,Platinum,1,0,0
15047,270,1,343.62,1,1,2,112,Dormant,343.62,343.62,Bronze,0,0,1
15048,65,4,384.05,3,4,2,342,Dormant,96.0125,96.0125,Bronze,0,0,1
15049,274,1,121.17000000000002,1,1,1,111,Dormant,121.17000000000002,121.17000000000002,Bronze,0,0,1
15050,25,3,1782.09,4,3,4,434,Loyal,594.03,594.03,Bronze,0,0,0
15051,23,3,1391.61,4,3,4,434,Loyal,463.86999999999995,463.86999999999995,Bronze,0,0,0
15052,319,1,215.78,1,1,1,111,Dormant,215.78,215.78,Bronze,0,0,1
15053,5,3,697.79,5,3,3,533,Loyal,232.59666666666666,232.59666666666666,Bronze,0,0,0
15054,12,2,302.1,5,3,2,532,Potential,151.05,151.05,Bronze,0,0,0
15057,275,2,1489.5,1,3,4,134,Needs Attention,744.75,744.75,Bronze,0,0,0
15058,25,11,2124.99,4,5,5,455,Champions,193.18090909090907,193.18090909090907,Gold,1,0,0
15059,41,9,1337.72,3,5,4,354,Loyal,148.63555555555556,148.63555555555556,Silver,0,0,0
15060,8,4,303.09000000000003,5,4,2,542,Potential,75.77250000000001,75.77250000000001,Bronze,0,0,0
15061,4,48,54534.14,5,5,5,555,Champions,1136.1279166666666,1136.1279166666666,Platinum,1,0,0
15062,71,4,987.86,3,4,4,344,Loyal,246.965,246.965,Silver,0,0,0
15063,213,1,370.79999999999995,1,1,2,112,Dormant,370.79999999999995,370.79999999999995,Bronze,0,0,1
15065,38,4,3158.13,3,4,5,345,Loyal,789.5325,789.5325,Silver,0,0,0
15066,53,1,893.59,3,1,3,313,Dormant,893.59,893.59,Bronze,0,0,1
15067,78,3,1744.76,2,3,4,234,Needs Attention,581.5866666666667,581.5866666666667,Bronze,0,0,0
15068,46,2,553.36,3,3,3,333,Loyal,276.68,276.68,Bronze,0,0,0
15069,179,1,1109.53,2,1,4,214,Dormant,1109.53,1109.53,Bronze,0,0,1
15070,373,1,106.2,1,1,1,111,Dormant,106.2,106.2,Bronze,0,0,1
15071,94,2,982.07,2,3,4,234,Needs Attention,491.035,491.035,Bronze,0,0,0
15073,10,3,1043.41,5,3,4,534,Loyal,347.80333333333334,347.80333333333334,Bronze,0,0,0
15074,105,1,748.87,2,1,3,213,Dormant,748.87,748.87,Bronze,0,0,1
15075,78,1,773.03,2,1,3,213,Dormant,773.03,773.03,Bronze,0,0,1
15076,173,1,880.85,2,1,3,213,Dormant,880.85,880.85,Bronze,0,0,1
15078,7,32,9743.11,5,5,5,555,Champions,304.4721875,304.4721875,Platinum,1,0,0
15079,213,4,895.61,1,4,3,143,Needs Attention,223.9025,223.9025,Bronze,0,0,0
15081,22,5,504.8,4,4,3,443,Loyal,100.96000000000001,100.96000000000001,Silver,0,0,0
15083,257,1,88.2,1,1,1,111,Dormant,88.2,88.2,Bronze,0,0,1
15087,282,1,306.94,1,1,2,112,Dormant,306.94,306.94,Bronze,0,0,1
15088,21,2,1160.07,4,3,4,434,Loyal,580.035,580.035,Bronze,0,0,0
15089,10,6,2420.84,5,5,5,555,Champions,403.47333333333336,403.47333333333336,Gold,1,0,0
15090,308,1,381.32,1,1,2,112,Dormant,381.32,381.32,Bronze,0,0,1
15091,68,1,480.71,3,1,2,312,Dormant,480.71,480.71,Bronze,0,0,1
15092,215,2,457.81,1,3,2,132,Needs Attention,228.905,228.905,Bronze,0,0,0
15093,18,6,4597.02,4,5,5,455,Champions,766.1700000000001,766.1700000000001,Gold,1,0,0
15095,104,4,1370.6000000000001,2,4,4,244,At Risk,342.65000000000003,342.65000000000003,Bronze,0,1,0
15096,43,1,219.39000000000001,3,1,1,311,Dormant,219.39000000000001,219.39000000000001,Bronze,0,0,1
15097,4,1,248.08,5,1,1,511,Potential,248.08,248.08,Bronze,0,0,0
15098,182,3,39916.5,1,3,5,135,Needs Attention,13305.5,13305.5,Bronze,0,0,0
15099,84,1,410.48,2,1,2,212,Dormant,410.48,410.48,Bronze,0,0,1
15100,334,3,876.0,1,3,3,133,Needs Attention,292.0,292.0,Bronze,0,0,0
15101,9,2,317.53000000000003,5,3,2,532,Potential,158.76500000000001,158.76500000000001,Bronze,0,0,0
15103,31,2,703.36,4,3,3,433,Loyal,351.68,351.68,Bronze,0,0,0
15104,197,2,1027.44,1,3,4,134,Needs Attention,513.72,513.72,Bronze,0,0,0
15105,18,7,2298.93,4,5,5,455,Champions,328.4185714285714,328.4185714285714,Gold,1,0,0
15106,18,5,1422.52,4,4,4,444,Champions,284.504,284.504,Silver,1,0,0
15107,311,6,319.5,1,5,2,152,Needs Attention,53.25,53.25,Bronze,0,0,0
15108,142,4,1300.25,2,4,4,244,At Risk,325.0625,325.0625,Bronze,0,1,0
15109,246,1,484.95,1,1,2,112,Dormant,484.95,484.95,Bronze,0,0,1
15110,24,4,996.1,4,4,4,444,Champions,249.025,249.025,Silver,1,0,0
15111,29,3,1567.48,4,3,4,434,Loyal,522.4933333333333,522.4933333333333,Bronze,0,0,0
15113,10,3,3609.33,5,3,5,535,Loyal,1203.11,1203.11,Bronze,0,0,0
15114,30,10,2760.56,4,5,5,455,Champions,276.056,276.056,Gold,1,0,0
15115,18,1,340.11,4,1,2,412,Potential,340.11,340.11,Bronze,0,0,0
15116,18,4,1352.75,4,4,4,444,Champions,338.1875,338.1875,Silver,1,0,0
15117,15,5,1551.78,4,4,4,444,Champions,310.356,310.356,Silver,1,0,0
15118,134,1,244.8,2,1,1,211,Dormant,244.8,244.8,Bronze,0,0,1
15119,246,1,266.4,1,1,2,112,Dormant,266.4,266.4,Bronze,0,0,1
15120,134,1,358.82,2,1,2,212,Dormant,358.82,358.82,Bronze,0,0,1
15121,50,2,457.72,3,3,2,332,Dormant,228.86,228.86,Bronze,0,0,1
15122,114,3,1633.78,2,3,4,234,Needs Attention,544.5933333333334,544.5933333333334,Bronze,0,0,0
15123,7,2,2199.31,5,3,5,535,Loyal,1099.655,1099.655,Bronze,0,0,0
15124,23,2,184.19,4,3,1,431,Potential,92.095,92.095,Bronze,0,0,0
15125,25,15,11528.48,4,5,5,455,Champions,768.5653333333333,768.5653333333333,Platinum,1,0,0
15127,66,1,406.53000000000003,3,1,2,312,Dormant,406.53000000000003,406.53000000000003,Bronze,0,0,1
15128,60,4,1471.0,3,4,4,344,Loyal,367.75,367.75,Silver,0,0,0
15129,50,11,3447.4,3,5,5,355,Loyal,313.40000000000003,313.40000000000003,Gold,0,0,0
15130,170,1,330.11,2,1,2,212,Dormant,330.11,330.11,Bronze,0,0,1
15132,18,5,977.9300000000001,4,4,4,444,Champions,195.586,195.586,Silver,1,0,0
15133,128,3,982.42,2,3,4,234,Needs Attention,327.4733333333333,327.4733333333333,Bronze,0,0,0
15134,15,8,1387.99,4,5,4,454,Champions,173.49875,173.49875,Silver,1,0,0
15135,239,1,139.05,1,1,1,111,Dormant,139.05,139.05,Bronze,0,0,1
15136,3,4,1286.7,5,4,4,544,Champions,321.675,321.675,Silver,1,0,0
15139,240,2,178.96,1,3,1,131,Dormant,89.48,89.48,Bronze,0,0,1
15140,52,7,2354.25,3,5,5,355,Loyal,336.32142857142856,336.32142857142856,Gold,0,0,0
15142,46,1,498.74,3,1,3,313,Dormant,498.74,498.74,Bronze,0,0,1
15143,226,1,259.45,1,1,2,112,Dormant,259.45,259.45,Bronze,0,0,1
15144,8,17,6580.4400000000005,5,5,5,555,Champions,387.084705882353,387.084705882353,Platinum,1,0,0
15145,4,4,1194.73,5,4,4,544,Champions,298.6825,298.6825,Silver,1,0,0
15146,165,2,1327.16,2,3,4,234,Needs Attention,663.58,663.58,Bronze,0,0,0
15147,240,1,623.5,1,1,3,113,Dormant,623.5,623.5,Bronze,0,0,1
15148,11,1,301.29,5,1,2,512,Potential,301.29,301.29,Bronze,0,0,0
15149,134,1,520.8000000000001,2,1,3,213,Dormant,520.8000000000001,520.8000000000001,Bronze,0,0,1
15150,17,10,5314.47,4,5,5,455,Champions,531.447,531.447,Gold,1,0,0
15152,10,13,4745.69,5,5,5,555,Champions,365.0530769230769,365.0530769230769,Gold,1,0,0
15153,31,1,329.25,4,1,2,412,Potential,329.25,329.25,Bronze,0,0,0
15154,75,1,296.42,2,1,2,212,Dormant,296.42,296.42,Bronze,0,0,1
15156,1,3,961.49,5,3,4,534,Loyal,320.49666666666667,320.49666666666667,Bronze,0,0,0
15157,4,3,1936.07,5,3,4,534,Loyal,645.3566666666667,645.3566666666667,Bronze,0,0,0
15158,45,1,401.40000000000003,3,1,2,312,Dormant,401.40000000000003,401.40000000000003,Bronze,0,0,1
15159,2,30,18641.010000000002,5,5,5,555,Champions,621.3670000000001,621.3670000000001,Platinum,1,0,0
15160,357,1,158.16,1,1,1,111,Dormant,158.16,158.16,Bronze,0,0,1
15163,18,2,304.47,4,3,2,432,Potential,152.235,152.235,Bronze,0,0,0
15164,69,3,843.05,3,3,3,333,Loyal,281.01666666666665,281.01666666666665,Bronze,0,0,0
15165,373,1,487.75,1,1,2,112,Dormant,487.75,487.75,Bronze,0,0,1
15167,321,1,163.0,1,1,1,111,Dormant,163.0,163.0,Bronze,0,0,1
15168,26,1,106.56,4,1,1,411,Potential,106.56,106.56,Bronze,0,0,0
15171,331,1,1289.5,1,1,4,114,Dormant,1289.5,1289.5,Bronze,0,0,1
15172,9,5,1624.05,5,4,4,544,Champions,324.81,324.81,Silver,1,0,0
15174,323,1,135.75,1,1,1,111,Dormant,135.75,135.75,Bronze,0,0,1
15175,72,1,224.14,2,1,1,211,Dormant,224.14,224.14,Bronze,0,0,1
15178,260,1,40.5,1,1,1,111,Dormant,40.5,40.5,Bronze,0,0,1
15179,18,5,2206.9500000000003,4,4,5,445,Champions,441.39000000000004,441.39000000000004,Silver,1,0,0
15180,367,1,87.5,1,1,1,111,Dormant,87.5,87.5,Bronze,0,0,1
15181,66,3,689.48,3,3,3,333,Loyal,229.82666666666668,229.82666666666668,Bronze,0,0,0
15182,154,2,622.85,2,3,3,233,Needs Attention,311.425,311.425,Bronze,0,0,0
15184,29,2,406.76,4,3,2,432,Potential,203.38,203.38,Bronze,0,0,0
15185,70,1,310.62,3,1,2,312,Dormant,310.62,310.62,Bronze,0,0,1
15186,14,2,411.41,4,3,2,432,Potential,205.705,205.705,Bronze,0,0,0
15187,2,16,4777.18,5,5,5,555,Champions,298.57375,298.57375,Gold,1,0,0
15189,1,41,16225.39,5,5,5,555,Champions,395.74121951219513,395.74121951219513,Platinum,1,0,0
15192,120,3,1044.32,2,3,4,234,Needs Attention,348.1066666666666,348.1066666666666,Bronze,0,0,0
15193,61,1,499.32,3,1,3,313,Dormant,499.32,499.32,Bronze,0,0,1
15194,3,15,7616.53,5,5,5,555,Champions,507.76866666666666,507.76866666666666,Platinum,1,0,0
15195,3,1,3861.0,5,1,5,515,Potential,3861.0,3861.0,Bronze,0,0,0
15197,11,3,1079.61,5,3,4,534,Loyal,359.86999999999995,359.86999999999995,Bronze,0,0,0
15198,92,2,193.64,2,3,1,231,Dormant,96.82,96.82,Bronze,0,0,1
15199,59,4,1268.7,3,4,4,344,Loyal,317.175,317.175,Silver,0,0,0
15201,87,5,1236.54,2,4,4,244,At Risk,247.308,247.308,Silver,0,1,0
15203,26,6,1827.8,4,5,4,454,Champions,304.6333333333333,304.6333333333333,Silver,1,0,0
15204,357,1,316.58,1,1,2,112,Dormant,316.58,316.58,Bronze,0,0,1
15205,85,2,653.24,2,3,3,233,Needs Attention,326.62,326.62,Bronze,0,0,0
15206,10,4,420.3,5,4,2,542,Potential,105.075,105.075,Bronze,0,0,0
15208,1,5,870.12,5,4,3,543,Loyal,174.024,174.024,Silver,0,0,0
15210,225,1,331.18,1,1,2,112,Dormant,331.18,331.18,Bronze,0,0,1
15211,60,2,894.4100000000001,3,3,3,333,Loyal,447.20500000000004,447.20500000000004,Bronze,0,0,0
15212,241,1,101.8,1,1,1,111,Dormant,101.8,101.8,Bronze,0,0,1
15213,319,2,328.35,1,3,2,132,Needs Attention,164.175,164.175,Bronze,0,0,0
15214,2,8,1661.44,5,5,4,554,Champions,207.68,207.68,Silver,1,0,0
15215,47,3,734.94,3,3,3,333,Loyal,244.98000000000002,244.98000000000002,Bronze,0,0,0
15216,88,1,96.6,2,1,1,211,Dormant,96.6,96.6,Bronze,0,0,1
15218,11,11,5756.89,5,5,5,555,Champions,523.3536363636364,523.3536363636364,Platinum,1,0,0
15219,176,1,305.75,2,1,2,212,Dormant,305.75,305.75,Bronze,0,0,1
15220,52,6,1778.96,3,5,4,354,Loyal,296.49333333333334,296.49333333333334,Silver,0,0,0
15221,366,1,403.25,1,1,2,112,Dormant,403.25,403.25,Bronze,0,0,1
15222,319,1,585.0,1,1,3,113,Dormant,585.0,585.0,Bronze,0,0,1
15223,226,2,755.75,1,3,3,133,Needs Attention,377.875,377.875,Bronze,0,0,0
15224,358,2,322.08,1,3,2,132,Needs Attention,161.04,161.04,Bronze,0,0,0
15225,234,1,409.40000000000003,1,1,2,112,Dormant,409.40000000000003,409.40000000000003,Bronze,0,0,1
15226,311,1,154.41,1,1,1,111,Dormant,154.41,154.41,Bronze,0,0,1
15227,37,5,1219.4,3,4,4,344,Loyal,243.88000000000002,243.88000000000002,Silver,0,0,0
15228,66,4,3386.71,3,4,5,345,Loyal,846.6775,846.6775,Silver,0,0,0
15230,239,2,429.6,1,3,2,132,Needs Attention,214.8,214.8,Bronze,0,0,0
15232,113,2,612.06,2,3,3,233,Needs Attention,306.03,306.03,Bronze,0,0,0
15234,277,1,197.0,1,1,1,111,Dormant,197.0,197.0,Bronze,0,0,1
15235,218,12,2247.51,1,5,5,155,At Risk,187.29250000000002,187.29250000000002,Bronze,0,1,0
15236,299,1,321.05,1,1,2,112,Dormant,321.05,321.05,Bronze,0,0,1
15237,2,4,1412.32,5,4,4,544,Champions,353.08,353.08,Silver,1,0,0
15238,29,3,1071.99,4,3,4,434,Loyal,357.33,357.33,Bronze,0,0,0
15239,10,2,780.59,5,3,3,533,Loyal,390.295,390.295,Bronze,0,0,0
15240,45,5,1706.57,3,4,4,344,Loyal,341.31399999999996,341.31399999999996,Silver,0,0,0
15241,67,8,1756.44,3,5,4,354,Loyal,219.555,219.555,Silver,0,0,0
15243,74,1,316.68,2,1,2,212,Dormant,316.68,316.68,Bronze,0,0,1
15244,65,2,631.57,3,3,3,333,Loyal,315.785,315.785,Bronze,0,0,0
15245,134,3,2515.84,2,3,5,235,Needs Attention,838.6133333333333,838.6133333333333,Bronze,0,0,0
15246,238,2,514.15,1,3,3,133,Needs Attention,257.075,257.075,Bronze,0,0,0
15247,122,1,356.0,2,1,2,212,Dormant,356.0,356.0,Bronze,0,0,1
15249,32,13,6688.46,4,5,5,455,Champions,514.496923076923,514.496923076923,Gold,1,0,0
15251,9,11,10484.99,5,5,5,555,Champions,953.180909090909,953.180909090909,Platinum,1,0,0
15252,36,2,740.78,3,3,3,333,Loyal,370.39,370.39,Bronze,0,0,0
15253,16,5,918.2,4,4,3,443,Loyal,183.64000000000001,183.64000000000001,Silver,0,0,0
15254,127,1,300.36,2,1,2,212,Dormant,300.36,300.36,Bronze,0,0,1
15255,67,1,890.85,3,1,3,313,Dormant,890.85,890.85,Bronze,0,0,1
15256,149,1,98.45,2,1,1,211,Dormant,98.45,98.45,Bronze,0,0,1
15257,283,1,317.15,1,1,2,112,Dormant,317.15,317.15,Bronze,0,0,1
15258,169,2,623.16,2,3,3,233,Needs Attention,311.58,311.58,Bronze,0,0,0
15260,100,7,1810.77,2,5,4,254,At Risk,258.68142857142857,258.68142857142857,Bronze,0,1,0
15261,135,1,254.82,2,1,2,212,Dormant,254.82,254.82,Bronze,0,0,1
15262,324,1,178.95000000000002,1,1,1,111,Dormant,178.95000000000002,178.95000000000002,Bronze,0,0,1
15263,107,1,156.51,2,1,1,211,Dormant,156.51,156.51,Bronze,0,0,1
15264,64,1,393.74,3,1,2,312,Dormant,393.74,393.74,Bronze,0,0,1
15265,151,2,1506.1200000000001,2,3,4,234,Needs Attention,753.0600000000001,753.0600000000001,Bronze,0,0,0
15266,338,1,119.3,1,1,1,111,Dormant,119.3,119.3,Bronze,0,0,1
15267,22,5,1717.36,4,4,4,444,Champions,343.472,343.472,Silver,1,0,0
15269,24,1,408.8,4,1,2,412,Potential,408.8,408.8,Bronze,0,0,0
15270,16,7,2379.49,4,5,5,455,Champions,339.9271428571428,339.9271428571428,Gold,1,0,0
15271,7,15,2507.07,5,5,5,555,Champions,167.138,167.138,Gold,1,0,0
15272,57,2,721.94,3,3,3,333,Loyal,360.97,360.97,Bronze,0,0,0
15274,4,2,716.57,5,3,3,533,Loyal,358.285,358.285,Bronze,0,0,0
15275,38,1,615.14,3,1,3,313,Dormant,615.14,615.14,Bronze,0,0,1
15276,66,1,135.31,3,1,1,311,Dormant,135.31,135.31,Bronze,0,0,1
15277,47,1,255.89999999999998,3,1,2,312,Dormant,255.89999999999998,255.89999999999998,Bronze,0,0,1
15279,355,1,290.51,1,1,2,112,Dormant,290.51,290.51,Bronze,0,0,1
15280,172,1,113.12,2,1,1,211,Dormant,113.12,113.12,Bronze,0,0,1
15281,59,9,2332.15,3,5,5,355,Loyal,259.1277777777778,259.1277777777778,Gold,0,0,0
15286,50,1,240.55,3,1,1,311,Dormant,240.55,240.55,Bronze,0,0,1
15287,22,2,486.69,4,3,2,432,Potential,243.345,243.345,Bronze,0,0,0
15288,43,5,2306.52,3,4,5,345,Loyal,461.304,461.304,Silver,0,0,0
15289,29,3,939.78,4,3,3,433,Loyal,313.26,313.26,Bronze,0,0,0
15290,5,18,7943.22,5,5,5,555,Champions,441.29,441.29,Platinum,1,0,0
15291,26,15,4668.3,4,5,5,455,Champions,311.22,311.22,Gold,1,0,0
15292,201,1,180.94,1,1,1,111,Dormant,180.94,180.94,Bronze,0,0,1
15296,51,6,3672.86,3,5,5,355,Loyal,612.1433333333333,612.1433333333333,Gold,0,0,0
15297,10,3,641.94,5,3,3,533,Loyal,213.98000000000002,213.98000000000002,Bronze,0,0,0
15298,2,12,4799.9,5,5,5,555,Champions,399.9916666666666,399.9916666666666,Gold,1,0,0
15299,67,7,4507.01,3,5,5,355,Loyal,643.8585714285715,643.8585714285715,Silver,0,0,0
15300,64,1,496.44,3,1,3,313,Dormant,496.44,496.44,Bronze,0,0,1
15301,51,12,5070.35,3,5,5,355,Loyal,422.5291666666667,422.5291666666667,Gold,0,0,0
15303,290,1,574.02,1,1,3,113,Dormant,574.02,574.02,Bronze,0,0,1
15304,61,8,694.4,3,5,3,353,Loyal,86.8,86.8,Silver,0,0,0
15306,64,3,1174.3500000000001,3,3,4,334,Loyal,391.45000000000005,391.45000000000005,Bronze,0,0,0
15307,96,1,205.3,2,1,1,211,Dormant,205.3,205.3,Bronze,0,0,1
15308,274,1,310.47,1,1,2,112,Dormant,310.47,310.47,Bronze,0,0,1
15311,1,91,60767.9,5,5,5,555,Champions,667.7791208791209,667.7791208791209,Platinum,1,0,0
15312,75,4,924.85,2,4,3,243,Needs Attention,231.2125,231.2125,Silver,0,0,0
15313,110,1,52.0,2,1,1,211,Dormant,52.0,52.0,Bronze,0,0,1
15314,199,1,327.97,1,1,2,112,Dormant,327.97,327.97,Bronze,0,0,1
15315,64,2,570.5,3,3,3,333,Loyal,285.25,285.25,Bronze,0,0,0
15316,327,1,165.0,1,1,1,111,Dormant,165.0,165.0,Bronze,0,0,1
15318,4,1,312.62,5,1,2,512,Potential,312.62,312.62,Bronze,0,0,0
15319,284,1,204.5,1,1,1,111,Dormant,204.5,204.5,Bronze,0,0,1
15320,44,1,267.13,3,1,2,312,Dormant,267.13,267.13,Bronze,0,0,1
15321,71,3,2748.31,3,3,5,335,Loyal,916.1033333333334,916.1033333333334,Bronze,0,0,0
15322,86,1,679.68,2,1,3,213,Dormant,679.68,679.68,Bronze,0,0,1
15325,104,1,162.29,2,1,1,211,Dormant,162.29,162.29,Bronze,0,0,1
15326,334,1,311.71,1,1,2,112,Dormant,311.71,311.71,Bronze,0,0,1
15327,53,1,208.75,3,1,1,311,Dormant,208.75,208.75,Bronze,0,0,1
15329,39,3,1049.7,3,3,4,334,Loyal,349.90000000000003,349.90000000000003,Bronze,0,0,0
15330,32,2,714.9599999999999,4,3,3,433,Loyal,357.47999999999996,357.47999999999996,Bronze,0,0,0
15332,366,4,1661.06,1,4,4,144,At Risk,415.265,415.265,Bronze,0,1,0
15333,208,1,1028.56,1,1,4,114,Dormant,1028.56,1028.56,Bronze,0,0,1
15334,157,3,351.67,2,3,2,232,Needs Attention,117.22333333333334,117.22333333333334,Bronze,0,0,0
15335,54,1,173.97,3,1,1,311,Dormant,173.97,173.97,Bronze,0,0,1
15339,66,2,574.07,3,3,3,333,Loyal,287.035,287.035,Bronze,0,0,0
15341,81,1,2020.52,2,1,4,214,Dormant,2020.52,2020.52,Bronze,0,0,1
15342,130,1,406.09000000000003,2,1,2,212,Dormant,406.09000000000003,406.09000000000003,Bronze,0,0,1
15343,87,1,364.5,2,1,2,212,Dormant,364.5,364.5,Bronze,0,0,1
15344,1,3,563.94,5,3,3,533,Loyal,187.98000000000002,187.98000000000002,Bronze,0,0,0
15345,46,1,393.54,3,1,2,312,Dormant,393.54,393.54,Bronze,0,0,1
15346,333,1,252.42000000000002,1,1,2,112,Dormant,252.42000000000002,252.42000000000002,Bronze,0,0,1
15347,366,1,201.60000000000002,1,1,1,111,Dormant,201.60000000000002,201.60000000000002,Bronze,0,0,1
15348,72,1,158.04,2,1,1,211,Dormant,158.04,158.04,Bronze,0,0,1
15349,158,2,473.81,2,3,2,232,Needs Attention,236.905,236.905,Bronze,0,0,0
15350,373,1,115.65,1,1,1,111,Dormant,115.65,115.65,Bronze,0,0,1
15351,12,7,1960.11,5,5,4,554,Champions,280.0157142857143,280.0157142857143,Silver,1,0,0
15353,255,2,777.02,1,3,3,133,Needs Attention,388.51,388.51,Bronze,0,0,0
15355,29,2,277.05,4,3,2,432,Potential,138.525,138.525,Bronze,0,0,0
15356,31,10,2766.5,4,5,5,455,Champions,276.65,276.65,Gold,1,0,0
15358,5,22,8347.2,5,5,5,555,Champions,379.41818181818184,379.41818181818184,Platinum,1,0,0
15360,40,1,427.93,3,1,2,312,Dormant,427.93,427.93,Bronze,0,0,1
15361,362,1,418.92,1,1,2,112,Dormant,418.92,418.92,Bronze,0,0,1
15363,373,1,326.0,1,1,2,112,Dormant,326.0,326.0,Bronze,0,0,1
15364,96,2,913.19,2,3,3,233,Needs Attention,456.595,456.595,Bronze,0,0,0
15365,26,7,2314.32,4,5,5,455,Champions,330.6171428571429,330.6171428571429,Gold,1,0,0
15366,75,2,602.51,2,3,3,233,Needs Attention,301.255,301.255,Bronze,0,0,0
15367,57,4,1877.5900000000001,3,4,4,344,Loyal,469.39750000000004,469.39750000000004,Silver,0,0,0
15368,21,1,446.94000000000005,4,1,2,412,Potential,446.94000000000005,446.94000000000005,Bronze,0,0,0
15370,41,7,2386.05,3,5,5,355,Loyal,340.86428571428576,340.86428571428576,Gold,0,0,0
15372,137,1,2007.4,2,1,4,214,Dormant,2007.4,2007.4,Bronze,0,0,1
15373,8,12,2415.91,5,5,5,555,Champions,201.32583333333332,201.32583333333332,Gold,1,0,0
15374,129,1,168.0,2,1,1,211,Dormant,168.0,168.0,Bronze,0,0,1
15376,40,3,1233.3600000000001,3,3,4,334,Loyal,411.12000000000006,411.12000000000006,Bronze,0,0,0
15379,169,7,3703.29,2,5,5,255,At Risk,529.0414285714286,529.0414285714286,Bronze,0,1,0
15380,9,5,1690.26,5,4,4,544,Champions,338.052,338.052,Silver,1,0,0
15381,214,2,596.85,1,3,3,133,Needs Attention,298.425,298.425,Bronze,0,0,0
15382,15,6,5955.71,4,5,5,455,Champions,992.6183333333333,992.6183333333333,Gold,1,0,0
15384,170,2,642.41,2,3,3,233,Needs Attention,321.205,321.205,Bronze,0,0,0
15385,40,1,316.88,3,1,2,312,Dormant,316.88,316.88,Bronze,0,0,1
15386,186,1,394.14,1,1,2,112,Dormant,394.14,394.14,Bronze,0,0,1
15388,270,1,140.54,1,1,1,111,Dormant,140.54,140.54,Bronze,0,0,1
15389,172,1,500.0,2,1,3,213,Dormant,500.0,500.0,Bronze,0,0,1
15392,5,4,1535.53,5,4,4,544,Champions,383.8825,383.8825,Silver,1,0,0
15393,16,2,231.86,4,3,1,431,Potential,115.93,115.93,Bronze,0,0,0
15394,10,4,2183.54,5,4,5,545,Champions,545.885,545.885,Silver,1,0,0
15395,326,1,107.45,1,1,1,111,Dormant,107.45,107.45,Bronze,0,0,1
15396,113,1,288.18,2,1,2,212,Dormant,288.18,288.18,Bronze,0,0,1
15397,290,1,94.0,1,1,1,111,Dormant,94.0,94.0,Bronze,0,0,1
15398,16,2,1345.53,4,3,4,434,Loyal,672.765,672.765,Bronze,0,0,0
15399,1,3,815.77,5,3,3,533,Loyal,271.92333333333335,271.92333333333335,Bronze,0,0,0
15400,92,5,716.2,2,4,3,243,Needs Attention,143.24,143.24,Bronze,0,0,0
15402,149,2,626.77,2,3,3,233,Needs Attention,313.385,313.385,Bronze,0,0,0
15405,189,1,349.1,1,1,2,112,Dormant,349.1,349.1,Bronze,0,0,1
15406,31,2,510.71000000000004,4,3,3,433,Loyal,255.35500000000002,255.35500000000002,Bronze,0,0,0
15407,34,4,1056.44,3,4,4,344,Loyal,264.11,264.11,Silver,0,0,0
15408,264,1,267.18,1,1,2,112,Dormant,267.18,267.18,Bronze,0,0,1
15410,84,8,3450.84,2,5,5,255,At Risk,431.355,431.355,Silver,0,1,0
15411,26,4,1358.88,4,4,4,444,Champions,339.72,339.72,Silver,1,0,0
15412,171,1,190.53,2,1,1,211,Dormant,190.53,190.53,Bronze,0,0,1
15414,10,3,774.9000000000001,5,3,3,533,Loyal,258.3,258.3,Bronze,0,0,0
15415,313,1,572.8100000000001,1,1,3,113,Dormant,572.8100000000001,572.8100000000001,Bronze,0,0,1
15416,65,4,3984.32,3,4,5,345,Loyal,996.08,996.08,Silver,0,0,0
15417,85,1,508.8,2,1,3,213,Dormant,508.8,508.8,Bronze,0,0,1
15419,25,1,135.86,4,1,1,411,Potential,135.86,135.86,Bronze,0,0,0
15421,59,4,950.36,3,4,4,344,Loyal,237.59,237.59,Silver,0,0,0
15422,323,2,97.7,1,3,1,131,Dormant,48.85,48.85,Bronze,0,0,1
15423,38,1,43.5,3,1,1,311,Dormant,43.5,43.5,Bronze,0,0,1
15424,254,2,383.34,1,3,2,132,Needs Attention,191.67,191.67,Bronze,0,0,0
15426,19,5,1447.39,4,4,4,444,Champions,289.478,289.478,Silver,1,0,0
15427,33,3,1483.14,3,3,4,334,Loyal,494.38000000000005,494.38000000000005,Bronze,0,0,0
15428,15,1,93.78,4,1,1,411,Potential,93.78,93.78,Bronze,0,0,0
15429,27,2,397.35,4,3,2,432,Potential,198.675,198.675,Bronze,0,0,0
15432,23,1,171.19000000000003,4,1,1,411,Potential,171.19000000000003,171.19000000000003,Bronze,0,0,0
15433,214,2,533.3,1,3,3,133,Needs Attention,266.65,266.65,Bronze,0,0,0
15434,8,5,1041.48,5,4,4,544,Champions,208.296,208.296,Silver,1,0,0
15435,22,1,149.29,4,1,1,411,Potential,149.29,149.29,Bronze,0,0,0
15436,12,3,1122.53,5,3,4,534,Loyal,374.1766666666667,374.1766666666667,Bronze,0,0,0
15437,262,1,200.16,1,1,1,111,Dormant,200.16,200.16,Bronze,0,0,1
15438,131,1,156.57999999999998,2,1,1,211,Dormant,156.57999999999998,156.57999999999998,Bronze,0,0,1
15440,55,3,383.68,3,3,2,332,Dormant,127.89333333333333,127.89333333333333,Bronze,0,0,1
15442,249,1,594.0,1,1,3,113,Dormant,594.0,594.0,Bronze,0,0,1
15443,2,7,3236.91,5,5,5,555,Champions,462.4157142857143,462.4157142857143,Gold,1,0,0
15444,9,2,1418.26,5,3,4,534,Loyal,709.13,709.13,Bronze,0,0,0
15445,264,1,113.5,1,1,1,111,Dormant,113.5,113.5,Bronze,0,0,1
15447,331,1,155.17000000000002,1,1,1,111,Dormant,155.17000000000002,155.17000000000002,Bronze,0,0,1
15448,313,1,494.64,1,1,3,113,Dormant,494.64,494.64,Bronze,0,0,1
15449,26,3,974.52,4,3,4,434,Loyal,324.84,324.84,Bronze,0,0,0
15450,30,1,429.84,4,1,2,412,Potential,429.84,429.84,Bronze,0,0,0
15452,30,3,538.73,4,3,3,433,Loyal,179.57666666666668,179.57666666666668,Bronze,0,0,0
15453,2,7,1388.37,5,5,4,554,Champions,198.3385714285714,198.3385714285714,Silver,1,0,0
15454,362,1,179.1,1,1,1,111,Dormant,179.1,179.1,Bronze,0,0,1
15456,283,3,447.22,1,3,2,132,Needs Attention,149.07333333333335,149.07333333333335,Bronze,0,0,0
15457,262,1,237.07,1,1,1,111,Dormant,237.07,237.07,Bronze,0,0,1
15458,25,1,161.64,4,1,1,411,Potential,161.64,161.64,Bronze,0,0,0
15460,354,1,216.76,1,1,1,111,Dormant,216.76,216.76,Bronze,0,0,1
15462,94,3,234.6,2,3,1,231,Dormant,78.2,78.2,Bronze,0,0,1
15463,29,1,126.14,4,1,1,411,Potential,126.14,126.14,Bronze,0,0,0
15464,338,1,1048.85,1,1,4,114,Dormant,1048.85,1048.85,Bronze,0,0,1
15465,20,18,7354.62,4,5,5,455,Champions,408.59,408.59,Platinum,1,0,0
15466,85,1,334.53,2,1,2,212,Dormant,334.53,334.53,Bronze,0,0,1
15467,9,3,524.88,5,3,3,533,Loyal,174.96,174.96,Bronze,0,0,0
15468,51,2,467.51,3,3,2,332,Dormant,233.755,233.755,Bronze,0,0,1
15469,50,2,538.55,3,3,3,333,Loyal,269.275,269.275,Bronze,0,0,0
15471,2,1,469.48,5,1,2,512,Potential,469.48,469.48,Bronze,0,0,0
15472,113,1,371.56,2,1,2,212,Dormant,371.56,371.56,Bronze,0,0,1
15473,14,7,1771.2,4,5,4,454,Champions,253.02857142857144,253.02857142857144,Silver,1,0,0
15475,77,1,454.11,2,1,2,212,Dormant,454.11,454.11,Bronze,0,0,1
15478,40,2,1441.42,3,3,4,334,Loyal,720.71,720.71,Bronze,0,0,0
15480,116,1,905.5,2,1,3,213,Dormant,905.5,905.5,Bronze,0,0,1
15482,16,12,11054.96,4,5,5,455,Champions,921.2466666666666,921.2466666666666,Platinum,1,0,0
15483,161,4,233.81,2,4,1,241,Dormant,58.4525,58.4525,Bronze,0,0,1
15484,1,4,3594.31,5,4,5,545,Champions,898.5775,898.5775,Silver,1,0,0
15485,30,3,2575.0,4,3,5,435,Loyal,858.3333333333334,858.3333333333334,Bronze,0,0,0
15488,93,1,91.32000000000001,2,1,1,211,Dormant,91.32000000000001,91.32000000000001,Bronze,0,0,1
15489,23,3,1134.28,4,3,4,434,Loyal,378.0933333333333,378.0933333333333,Bronze,0,0,0
15491,95,6,3100.09,2,5,5,255,At Risk,516.6816666666667,516.6816666666667,Bronze,0,1,0
15492,28,2,659.46,4,3,3,433,Loyal,329.73,329.73,Bronze,0,0,0
15493,33,5,2001.8,3,4,4,344,Loyal,400.36,400.36,Silver,0,0,0
15494,21,2,1299.23,4,3,4,434,Loyal,649.615,649.615,Bronze,0,0,0
15497,18,2,1262.2,4,3,4,434,Loyal,631.1,631.1,Bronze,0,0,0
15498,3,27,13316.4,5,5,5,555,Champions,493.2,493.2,Platinum,1,0,0
15500,8,4,1131.56,5,4,4,544,Champions,282.89,282.89,Silver,1,0,0
15502,16,12,10384.93,4,5,5,455,Champions,865.4108333333334,865.4108333333334,Platinum,1,0,0
15503,363,1,147.09,1,1,1,111,Dormant,147.09,147.09,Bronze,0,0,1
15504,81,1,52.83,2,1,1,211,Dormant,52.83,52.83,Bronze,0,0,1
15505,53,5,3610.96,3,4,5,345,Loyal,722.192,722.192,Silver,0,0,0
15506,23,3,979.26,4,3,4,434,Loyal,326.42,326.42,Bronze,0,0,0
15507,172,1,492.36,2,1,3,213,Dormant,492.36,492.36,Bronze,0,0,1
15508,189,6,1000.27,1,5,4,154,At Risk,166.71166666666667,166.71166666666667,Bronze,0,1,0
15510,331,1,250.0,1,1,1,111,Dormant,250.0,250.0,Bronze,0,0,1
15511,12,5,909.23,5,4,3,543,Loyal,181.846,181.846,Silver,0,0,0
15512,156,2,121.0,2,3,1,231,Dormant,60.5,60.5,Bronze,0,0,1
15513,33,19,14758.22,3,5,5,355,Loyal,776.7484210526316,776.7484210526316,Gold,0,0,0
15514,12,11,4139.46,5,5,5,555,Champions,376.31454545454545,376.31454545454545,Gold,1,0,0
15516,45,3,62.43,3,3,1,331,Dormant,20.81,20.81,Bronze,0,0,1
15517,233,1,267.03,1,1,2,112,Dormant,267.03,267.03,Bronze,0,0,1
15518,64,8,1942.45,3,5,4,354,Loyal,242.80625,242.80625,Silver,0,0,0
15520,2,1,343.5,5,1,2,512,Potential,343.5,343.5,Bronze,0,0,0
15521,40,8,3000.2,3,5,5,355,Loyal,375.025,375.025,Gold,0,0,0
15522,33,2,398.84,3,3,2,332,Dormant,199.42,199.42,Bronze,0,0,1
15523,84,1,412.01000000000005,2,1,2,212,Dormant,412.01000000000005,412.01000000000005,Bronze,0,0,1
15524,25,1,440.0,4,1,2,412,Potential,440.0,440.0,Bronze,0,0,0
15525,2,3,825.92,5,3,3,533,Loyal,275.3066666666667,275.3066666666667,Bronze,0,0,0
15526,33,2,148.44,3,3,1,331,Dormant,74.22,74.22,Bronze,0,0,1
15527,19,8,2429.78,4,5,5,455,Champions,303.7225,303.7225,Gold,1,0,0
15528,254,1,229.33,1,1,1,111,Dormant,229.33,229.33,Bronze,0,0,1
15529,23,11,3995.23,4,5,5,455,Champions,363.20272727272726,363.20272727272726,Gold,1,0,0
15530,22,4,1502.3500000000001,4,4,4,444,Champions,375.58750000000003,375.58750000000003,Silver,1,0,0
15531,8,2,2007.44,5,3,4,534,Loyal,1003.72,1003.72,Bronze,0,0,0
15532,25,4,1580.93,4,4,4,444,Champions,395.2325,395.2325,Silver,1,0,0
15533,19,3,807.57,4,3,3,433,Loyal,269.19,269.19,Bronze,0,0,0
15535,173,4,536.4,2,4,3,243,Needs Attention,134.1,134.1,Bronze,0,0,0
15537,163,1,110.92,2,1,1,211,Dormant,110.92,110.92,Bronze,0,0,1
15539,7,1,538.46,5,1,3,513,Potential,538.46,538.46,Bronze,0,0,0
15540,11,1,213.3,5,1,1,511,Potential,213.3,213.3,Bronze,0,0,0
15541,114,1,85.13000000000001,2,1,1,211,Dormant,85.13000000000001,85.13000000000001,Bronze,0,0,1
15543,288,1,127.86,1,1,1,111,Dormant,127.86,127.86,Bronze,0,0,1
15544,9,9,3546.71,5,5,5,555,Champions,394.0788888888889,394.0788888888889,Gold,1,0,0
15545,54,2,292.71999999999997,3,3,2,332,Dormant,146.35999999999999,146.35999999999999,Bronze,0,0,1
15547,7,14,4954.84,5,5,5,555,Champions,353.9171428571429,353.9171428571429,Gold,1,0,0
15549,77,3,1693.26,2,3,4,234,Needs Attention,564.42,564.42,Bronze,0,0,0
15550,4,4,575.63,5,4,3,543,Loyal,143.9075,143.9075,Silver,0,0,0
15551,37,1,436.06,3,1,2,312,Dormant,436.06,436.06,Bronze,0,0,1
15552,217,1,90.12,1,1,1,111,Dormant,90.12,90.12,Bronze,0,0,1
15553,60,1,437.23,3,1,2,312,Dormant,437.23,437.23,Bronze,0,0,1
15554,278,1,217.2,1,1,1,111,Dormant,217.2,217.2,Bronze,0,0,1
15555,12,16,4805.17,5,5,5,555,Champions,300.323125,300.323125,Gold,1,0,0
15556,24,1,279.77,4,1,2,412,Potential,279.77,279.77,Bronze,0,0,0
15557,29,1,473.65000000000003,4,1,2,412,Potential,473.65000000000003,473.65000000000003,Bronze,0,0,0
15561,12,4,800.5899999999999,5,4,3,543,Loyal,200.14749999999998,200.14749999999998,Silver,0,0,0
15562,352,1,134.55,1,1,1,111,Dormant,134.55,134.55,Bronze,0,0,1
15563,22,4,1400.44,4,4,4,444,Champions,350.11,350.11,Silver,1,0,0
15565,50,2,173.16000000000003,3,3,1,331,Dormant,86.58000000000001,86.58000000000001,Bronze,0,0,1
15567,19,1,186.01,4,1,1,411,Potential,186.01,186.01,Bronze,0,0,0
15568,3,3,758.29,5,3,3,533,Loyal,252.76333333333332,252.76333333333332,Bronze,0,0,0
15569,104,5,1375.71,2,4,4,244,At Risk,275.142,275.142,Bronze,0,1,0
15570,7,12,4165.52,5,5,5,555,Champions,347.1266666666667,347.1266666666667,Gold,1,0,0
15571,12,4,650.4300000000001,5,4,3,543,Loyal,162.60750000000002,162.60750000000002,Silver,0,0,0
15572,5,7,2552.86,5,5,5,555,Champions,364.69428571428574,364.69428571428574,Gold,1,0,0
15573,32,2,607.45,4,3,3,433,Loyal,303.725,303.725,Bronze,0,0,0
15574,178,4,702.25,2,4,3,243,Needs Attention,175.5625,175.5625,Bronze,0,0,0
15576,38,1,940.67,3,1,3,313,Dormant,940.67,940.67,Bronze,0,0,1
15577,151,3,258.88,2,3,2,232,Needs Attention,86.29333333333334,86.29333333333334,Bronze,0,0,0
15578,162,1,127.1,2,1,1,211,Dormant,127.1,127.1,Bronze,0,0,1
15579,69,2,348.6,3,3,2,332,Dormant,174.3,174.3,Bronze,0,0,1
15581,121,13,3679.9700000000003,2,5,5,255,At Risk,283.0746153846154,283.0746153846154,Bronze,0,1,0
15582,25,3,682.9100000000001,4,3,3,433,Loyal,227.63666666666668,227.63666666666668,Bronze,0,0,0
15584,24,4,725.11,4,4,3,443,Loyal,181.2775,181.2775,Silver,0,0,0
15585,177,1,455.3,2,1,2,212,Dormant,455.3,455.3,Bronze,0,0,1
15587,50,4,913.68,3,4,3,343,Loyal,228.42,228.42,Silver,0,0,0
15589,256,3,478.53,1,3,2,132,Needs Attention,159.51,159.51,Bronze,0,0,0
15592,47,1,388.58,3,1,2,312,Dormant,388.58,388.58,Bronze,0,0,1
15593,71,1,199.8,3,1,1,311,Dormant,199.8,199.8,Bronze,0,0,1
15594,16,5,1771.78,4,4,4,444,Champions,354.356,354.356,Silver,1,0,0
15596,101,5,1406.59,2,4,4,244,At Risk,281.318,281.318,Bronze,0,1,0
15597,35,1,324.57,3,1,2,312,Dormant,324.57,324.57,Bronze,0,0,1
15598,53,1,240.68,3,1,1,311,Dormant,240.68,240.68,Bronze,0,0,1
15599,27,2,761.74,4,3,3,433,Loyal,380.87,380.87,Bronze,0,0,0
15601,11,14,6776.56,5,5,5,555,Champions,484.04,484.04,Platinum,1,0,0
15602,8,9,1297.8700000000001,5,5,4,554,Champions,144.20777777777778,144.20777777777778,Silver,1,0,0
15603,79,1,48.480000000000004,2,1,1,211,Dormant,48.480000000000004,48.480000000000004,Bronze,0,0,1
15604,52,1,216.39000000000001,3,1,1,311,Dormant,216.39000000000001,216.39000000000001,Bronze,0,0,1
15605,36,5,1198.23,3,4,4,344,Loyal,239.64600000000002,239.64600000000002,Silver,0,0,0
15606,61,9,2920.16,3,5,5,355,Loyal,324.4622222222222,324.4622222222222,Silver,0,0,0
15607,337,1,104.76,1,1,1,111,Dormant,104.76,104.76,Bronze,0,0,1
15608,28,4,1093.68,4,4,4,444,Champions,273.42,273.42,Silver,1,0,0
15609,184,1,298.48,1,1,2,112,Dormant,298.48,298.48,Bronze,0,0,1
15610,52,1,112.46000000000001,3,1,1,311,Dormant,112.46000000000001,112.46000000000001,Bronze,0,0,1
15611,10,13,1591.45,5,5,4,554,Champions,122.41923076923078,122.41923076923078,Silver,1,0,0
15612,36,2,195.15,3,3,1,331,Dormant,97.575,97.575,Bronze,0,0,1
15615,10,23,10399.74,5,5,5,555,Champions,452.1626086956522,452.1626086956522,Platinum,1,0,0
15618,33,4,776.851,3,4,3,343,Loyal,194.21275,194.21275,Silver,0,0,0
15619,11,1,336.4,5,1,2,512,Potential,336.4,336.4,Bronze,0,0,0
15620,57,3,1553.18,3,3,4,334,Loyal,517.7266666666667,517.7266666666667,Bronze,0,0,0
15621,4,4,1293.03,5,4,4,544,Champions,323.2575,323.2575,Silver,1,0,0
15622,43,9,3709.56,3,5,5,355,Loyal,412.17333333333335,412.17333333333335,Gold,0,0,0
15623,141,1,301.03000000000003,2,1,2,212,Dormant,301.03000000000003,301.03000000000003,Bronze,0,0,1
15624,117,4,588.13,2,4,3,243,Needs Attention,147.0325,147.0325,Bronze,0,0,0
15625,104,4,1534.26,2,4,4,244,At Risk,383.565,383.565,Bronze,0,1,0
15626,75,2,675.8,2,3,3,233,Needs Attention,337.9,337.9,Bronze,0,0,0
15628,5,9,2870.2400000000002,5,5,5,555,Champions,318.91555555555556,318.91555555555556,Gold,1,0,0
15630,45,2,1186.35,3,3,4,334,Loyal,593.175,593.175,Bronze,0,0,0
15632,16,8,3285.31,4,5,5,455,Champions,410.66375,410.66375,Gold,1,0,0
15634,17,1,243.55,4,1,1,411,Potential,243.55,243.55,Bronze,0,0,0
15636,90,2,724.76,2,3,3,233,Needs Attention,362.38,362.38,Bronze,0,0,0
15637,53,1,223.36,3,1,1,311,Dormant,223.36,223.36,Bronze,0,0,1
15639,134,1,425.32,2,1,2,212,Dormant,425.32,425.32,Bronze,0,0,1
15640,4,15,12515.66,5,5,5,555,Champions,834.3773333333334,834.3773333333334,Platinum,1,0,0
15641,105,4,1887.2,2,4,4,244,At Risk,471.8,471.8,Bronze,0,1,0
15643,192,3,664.0,1,3,3,133,Needs Attention,221.33333333333334,221.33333333333334,Bronze,0,0,0
15644,166,4,813.0,2,4,3,243,Needs Attention,203.25,203.25,Bronze,0,0,0
15645,19,1,612.01,4,1,3,413,Potential,612.01,612.01,Bronze,0,0,0
15646,158,3,447.64000000000004,2,3,2,232,Needs Attention,149.21333333333334,149.21333333333334,Bronze,0,0,0
15648,204,2,657.35,1,3,3,133,Needs Attention,328.675,328.675,Bronze,0,0,0
15649,336,2,816.0,1,3,3,133,Needs Attention,408.0,408.0,Bronze,0,0,0
15651,37,3,646.3,3,3,3,333,Loyal,215.4333333333333,215.4333333333333,Bronze,0,0,0
15652,91,1,337.74,2,1,2,212,Dormant,337.74,337.74,Bronze,0,0,1
15653,93,2,877.44,2,3,3,233,Needs Attention,438.72,438.72,Bronze,0,0,0
15654,9,2,922.53,5,3,3,533,Loyal,461.265,461.265,Bronze,0,0,0
15655,243,1,560.6700000000001,1,1,3,113,Dormant,560.6700000000001,560.6700000000001,Bronze,0,0,1
15656,45,4,748.5,3,4,3,343,Loyal,187.125,187.125,Silver,0,0,0
15657,23,1,30.0,4,1,1,411,Potential,30.0,30.0,Bronze,0,0,0
15658,190,5,1024.1000000000001,1,4,4,144,At Risk,204.82000000000002,204.82000000000002,Bronze,0,1,0
15659,44,1,306.45,3,1,2,312,Dormant,306.45,306.45,Bronze,0,0,1
15660,25,9,1600.86,4,5,4,454,Champions,177.87333333333333,177.87333333333333,Silver,1,0,0
15661,317,2,309.8,1,3,2,132,Needs Attention,154.9,154.9,Bronze,0,0,0
15663,106,1,138.14,2,1,1,211,Dormant,138.14,138.14,Bronze,0,0,1
15664,51,1,386.43,3,1,2,312,Dormant,386.43,386.43,Bronze,0,0,1
15665,168,2,2242.01,2,3,5,235,Needs Attention,1121.005,1121.005,Bronze,0,0,0
15667,40,1,301.32000000000005,3,1,2,312,Dormant,301.32000000000005,301.32000000000005,Bronze,0,0,1
15668,218,1,76.32000000000001,1,1,1,111,Dormant,76.32000000000001,76.32000000000001,Bronze,0,0,1
15669,40,4,684.34,3,4,3,343,Loyal,171.085,171.085,Silver,0,0,0
15670,297,1,173.05,1,1,1,111,Dormant,173.05,173.05,Bronze,0,0,1
15671,19,7,2657.13,4,5,5,455,Champions,379.59000000000003,379.59000000000003,Gold,1,0,0
15673,88,4,2881.02,2,4,5,245,At Risk,720.255,720.255,Silver,0,1,0
15674,73,5,2446.6,2,4,5,245,At Risk,489.32,489.32,Silver,0,1,0
15675,81,3,323.69,2,3,2,232,Needs Attention,107.89666666666666,107.89666666666666,Bronze,0,0,0
15676,19,3,3435.76,4,3,5,435,Loyal,1145.2533333333333,1145.2533333333333,Bronze,0,0,0
15677,49,1,657.23,3,1,3,313,Dormant,657.23,657.23,Bronze,0,0,1
15678,53,1,352.7,3,1,2,312,Dormant,352.7,352.7,Bronze,0,0,1
15679,24,4,781.28,4,4,3,443,Loyal,195.32,195.32,Silver,0,0,0
15680,9,3,1333.68,5,3,4,534,Loyal,444.56,444.56,Bronze,0,0,0
15681,25,5,1426.16,4,4,4,444,Champions,285.232,285.232,Silver,1,0,0
15683,117,1,193.75,2,1,1,211,Dormant,193.75,193.75,Bronze,0,0,1
15687,9,9,2993.1,5,5,5,555,Champions,332.56666666666666,332.56666666666666,Gold,1,0,0
15689,120,2,254.1,2,3,2,232,Needs Attention,127.05,127.05,Bronze,0,0,0
15690,4,2,239.76,5,3,1,531,Potential,119.88,119.88,Bronze,0,0,0
15691,252,1,136.8,1,1,1,111,Dormant,136.8,136.8,Bronze,0,0,1
15692,28,1,191.04,4,1,1,411,Potential,191.04,191.04,Bronze,0,0,0
15694,1,14,6479.4,5,5,5,555,Champions,462.8142857142857,462.8142857142857,Platinum,1,0,0
15695,267,2,409.98,1,3,2,132,Needs Attention,204.99,204.99,Bronze,0,0,0
15696,33,8,2736.46,3,5,5,355,Loyal,342.0575,342.0575,Gold,0,0,0
15699,18,1,309.65,4,1,2,412,Potential,309.65,309.65,Bronze,0,0,0
15700,172,2,696.68,2,3,3,233,Needs Attention,348.34,348.34,Bronze,0,0,0
15701,2,4,1542.14,5,4,4,544,Champions,385.535,385.535,Silver,1,0,0
15703,265,1,211.5,1,1,1,111,Dormant,211.5,211.5,Bronze,0,0,1
15704,140,4,2293.62,2,4,5,245,At Risk,573.405,573.405,Bronze,0,1,0
15705,201,1,143.1,1,1,1,111,Dormant,143.1,143.1,Bronze,0,0,1
15706,64,4,1060.56,3,4,4,344,Loyal,265.14,265.14,Silver,0,0,0
15707,35,4,945.58,3,4,4,344,Loyal,236.395,236.395,Silver,0,0,0
15708,41,7,3364.2400000000002,3,5,5,355,Loyal,480.6057142857143,480.6057142857143,Gold,0,0,0
15709,284,1,133.25,1,1,1,111,Dormant,133.25,133.25,Bronze,0,0,1
15712,9,5,1072.3600000000001,5,4,4,544,Champions,214.47200000000004,214.47200000000004,Silver,1,0,0
15713,143,2,356.7,2,3,2,232,Needs Attention,178.35,178.35,Bronze,0,0,0
15714,12,2,330.88,5,3,2,532,Potential,165.44,165.44,Bronze,0,0,0
15716,146,4,1118.81,2,4,4,244,At Risk,279.7025,279.7025,Bronze,0,1,0
15717,234,1,150.3,1,1,1,111,Dormant,150.3,150.3,Bronze,0,0,1
15719,33,13,5045.61,3,5,5,355,Loyal,388.1238461538461,388.1238461538461,Gold,0,0,0
15720,24,1,598.73,4,1,3,413,Potential,598.73,598.73,Bronze,0,0,0
15721,12,1,507.08000000000004,5,1,3,513,Potential,507.08000000000004,507.08000000000004,Bronze,0,0,0
15722,36,5,2222.56,3,4,5,345,Loyal,444.512,444.512,Silver,0,0,0
15723,365,1,203.10000000000002,1,1,1,111,Dormant,203.10000000000002,203.10000000000002,Bronze,0,0,1
15724,201,2,218.25,1,3,1,131,Dormant,109.125,109.125,Bronze,0,0,1
15725,15,1,415.25,4,1,2,412,Potential,415.25,415.25,Bronze,0,0,0
15727,17,7,5178.96,4,5,5,455,Champions,739.8514285714285,739.8514285714285,Gold,1,0,0
15729,213,1,85.0,1,1,1,111,Dormant,85.0,85.0,Bronze,0,0,1
15730,66,3,1120.88,3,3,4,334,Loyal,373.6266666666667,373.6266666666667,Bronze,0,0,0
15732,212,2,294.12,1,3,2,132,Needs Attention,147.06,147.06,Bronze,0,0,0
15733,283,1,162.3,1,1,1,111,Dormant,162.3,162.3,Bronze,0,0,1
15734,115,2,1339.45,2,3,4,234,Needs Attention,669.725,669.725,Bronze,0,0,0
15737,15,8,1205.1200000000001,4,5,4,454,Champions,150.64000000000001,150.64000000000001,Silver,1,0,0
15738,19,16,4812.42,4,5,5,455,Champions,300.77625,300.77625,Gold,1,0,0
15739,66,1,449.12,3,1,2,312,Dormant,449.12,449.12,Bronze,0,0,1
15740,49,1,154.88,3,1,1,311,Dormant,154.88,154.88,Bronze,0,0,1
15743,16,4,784.46,4,4,3,443,Loyal,196.115,196.115,Silver,0,0,0
15744,78,1,34.8,2,1,1,211,Dormant,34.8,34.8,Bronze,0,0,1
15745,19,4,1094.5900000000001,4,4,4,444,Champions,273.64750000000004,273.64750000000004,Silver,1,0,0
15746,134,1,196.88,2,1,1,211,Dormant,196.88,196.88,Bronze,0,0,1
15747,13,3,974.04,5,3,4,534,Loyal,324.68,324.68,Bronze,0,0,0
15748,40,1,149.31,3,1,1,311,Dormant,149.31,149.31,Bronze,0,0,1
15749,235,3,44534.3,1,3,5,135,Needs Attention,14844.766666666668,14844.766666666668,Bronze,0,0,0
15750,3,8,2465.48,5,5,5,555,Champions,308.185,308.185,Gold,1,0,0
15752,40,7,2637.38,3,5,5,355,Loyal,376.7685714285714,376.7685714285714,Gold,0,0,0
15753,305,1,79.2,1,1,1,111,Dormant,79.2,79.2,Bronze,0,0,1
15754,51,3,458.57,3,3,2,332,Dormant,152.85666666666665,152.85666666666665,Bronze,0,0,1
15755,10,6,2364.25,5,5,5,555,Champions,394.0416666666667,394.0416666666667,Gold,1,0,0
15756,61,4,532.96,3,4,3,343,Loyal,133.24,133.24,Silver,0,0,0
15757,66,2,714.42,3,3,3,333,Loyal,357.21,357.21,Bronze,0,0,0
15758,25,1,205.25,4,2,1,421,Potential,205.25,205.25,Bronze,0,0,0
15759,218,3,253.04000000000002,1,3,2,132,Needs Attention,84.34666666666668,84.34666666666668,Bronze,0,0,0
15762,65,2,583.75,3,3,3,333,Loyal,291.875,291.875,Bronze,0,0,0
15763,32,2,1086.92,4,3,4,434,Loyal,543.46,543.46,Bronze,0,0,0
15764,88,6,3279.9700000000003,2,5,5,255,At Risk,546.6616666666667,546.6616666666667,Silver,0,1,0
15766,64,1,315.06,3,2,2,322,Dormant,315.06,315.06,Bronze,0,0,1
15768,116,3,621.83,2,4,3,243,Needs Attention,207.27666666666667,207.27666666666667,Bronze,0,0,0
15769,7,26,56252.72,5,5,5,555,Champions,2163.566153846154,2163.566153846154,Platinum,1,0,0
15773,6,1,635.6800000000001,5,2,3,523,Potential,635.6800000000001,635.6800000000001,Bronze,0,0,0
15774,69,1,270.8,3,2,2,322,Dormant,270.8,270.8,Bronze,0,0,1
15775,245,1,104.9,1,2,1,121,Dormant,104.9,104.9,Bronze,0,0,1
15776,133,1,241.62,2,2,1,221,Dormant,241.62,241.62,Bronze,0,0,1
15777,241,4,1047.1100000000001,1,4,4,144,At Risk,261.77750000000003,261.77750000000003,Bronze,0,1,0
15780,184,3,475.28000000000003,1,4,2,142,Needs Attention,158.42666666666668,158.42666666666668,Bronze,0,0,0
15781,25,3,345.46000000000004,4,4,2,442,Potential,115.15333333333335,115.15333333333335,Bronze,0,0,0
15782,10,3,2614.74,5,4,5,545,Champions,871.5799999999999,871.5799999999999,Bronze,1,0,0
15783,11,1,246.3,5,2,1,521,Potential,246.3,246.3,Bronze,0,0,0
15785,33,5,2328.9700000000003,3,4,5,345,Loyal,465.79400000000004,465.79400000000004,Silver,0,0,0
15786,46,3,4932.2,3,4,5,345,Loyal,1644.0666666666666,1644.0666666666666,Bronze,0,0,0
15787,26,3,948.05,4,4,4,444,Champions,316.01666666666665,316.01666666666665,Bronze,1,0,0
15789,358,1,351.3,1,2,2,122,Needs Attention,351.3,351.3,Bronze,0,0,0
15790,10,1,220.85,5,2,1,521,Potential,220.85,220.85,Bronze,0,0,0
15791,44,2,1612.69,3,3,4,334,Loyal,806.345,806.345,Bronze,0,0,0
15793,15,3,965.61,4,4,4,444,Champions,321.87,321.87,Bronze,1,0,0
15795,150,1,610.01,2,2,3,223,Needs Attention,610.01,610.01,Bronze,0,0,0
15796,1,8,2711.56,5,5,5,555,Champions,338.945,338.945,Gold,1,0,0
15797,113,4,2207.4,2,4,5,245,At Risk,551.85,551.85,Bronze,0,1,0
15799,76,3,884.14,2,4,3,243,Needs Attention,294.7133333333333,294.7133333333333,Bronze,0,0,0
15800,107,2,699.08,2,3,3,233,Needs Attention,349.54,349.54,Bronze,0,0,0
15801,46,3,1063.95,3,4,4,344,Loyal,354.65000000000003,354.65000000000003,Bronze,0,0,0
15802,143,1,451.42,2,2,2,222,Needs Attention,451.42,451.42,Bronze,0,0,0
15803,51,1,415.82000000000005,3,2,2,322,Dormant,415.82000000000005,415.82000000000005,Bronze,0,0,1
15804,1,13,4206.39,5,5,5,555,Champions,323.5684615384616,323.5684615384616,Gold,1,0,0
15805,23,17,5528.4800000000005,4,5,5,455,Champions,325.204705882353,325.204705882353,Platinum,1,0,0
15806,46,3,784.58,3,4,3,343,Loyal,261.5266666666667,261.5266666666667,Bronze,0,0,0
15807,50,3,903.9,3,4,3,343,Loyal,301.3,301.3,Bronze,0,0,0
15808,306,4,3734.9700000000003,1,4,5,145,At Risk,933.7425000000001,933.7425000000001,Bronze,0,1,0
15809,36,5,515.77,3,4,3,343,Loyal,103.154,103.154,Silver,0,0,0
15810,79,4,1391.98,2,4,4,244,At Risk,347.995,347.995,Silver,0,1,0
15811,22,6,2218.62,4,5,5,455,Champions,369.77,369.77,Gold,1,0,0
15812,107,5,1801.14,2,4,4,244,At Risk,360.228,360.228,Bronze,0,1,0
15813,208,2,1303.9099999999999,1,3,4,134,Needs Attention,651.9549999999999,651.9549999999999,Bronze,0,0,0
15814,17,4,1945.3300000000002,4,4,4,444,Champions,486.33250000000004,486.33250000000004,Silver,1,0,0
15815,64,5,2100.6,3,4,5,345,Loyal,420.12,420.12,Silver,0,0,0
15819,49,4,1905.45,3,4,4,344,Loyal,476.3625,476.3625,Silver,0,0,0
15820,320,1,206.98,1,2,1,121,Dormant,206.98,206.98,Bronze,0,0,1
15821,44,2,570.96,3,3,3,333,Loyal,285.48,285.48,Bronze,0,0,0
15822,3,2,885.47,5,3,3,533,Loyal,442.735,442.735,Bronze,0,0,0
15823,372,1,15.0,1,2,1,121,Dormant,15.0,15.0,Bronze,0,0,1
15825,172,1,532.94,2,2,3,223,Needs Attention,532.94,532.94,Bronze,0,0,0
15826,56,3,1654.31,3,4,4,344,Loyal,551.4366666666666,551.4366666666666,Bronze,0,0,0
15827,73,14,1836.09,2,5,4,254,At Risk,131.1492857142857,131.1492857142857,Silver,0,1,0
15829,99,2,636.14,2,3,3,233,Needs Attention,318.07,318.07,Bronze,0,0,0
15830,38,1,576.0,3,2,3,323,Dormant,576.0,576.0,Bronze,0,0,1
15831,58,3,801.76,3,4,3,343,Loyal,267.25333333333333,267.25333333333333,Bronze,0,0,0
15832,254,1,836.79,1,2,3,123,Needs Attention,836.79,836.79,Bronze,0,0,0
15834,70,4,2233.75,3,4,5,345,Loyal,558.4375,558.4375,Silver,0,0,0
15835,44,4,954.09,3,4,4,344,Loyal,238.5225,238.5225,Silver,0,0,0
15836,50,1,137.37,3,2,1,321,Dormant,137.37,137.37,Bronze,0,0,1
15837,65,1,391.98,3,2,2,322,Dormant,391.98,391.98,Bronze,0,0,1
15838,11,19,33643.08,5,5,5,555,Champions,1770.6884210526316,1770.6884210526316,Platinum,1,0,0
15839,33,3,1048.49,3,4,4,344,Loyal,349.49666666666667,349.49666666666667,Bronze,0,0,0
15840,59,2,355.56,3,3,2,332,Dormant,177.78,177.78,Bronze,0,0,1
15841,73,4,1224.06,2,4,4,244,At Risk,306.015,306.015,Silver,0,1,0
15843,304,1,118.95,1,2,1,121,Dormant,118.95,118.95,Bronze,0,0,1
15844,46,1,130.73999999999998,3,2,1,321,Dormant,130.73999999999998,130.73999999999998,Bronze,0,0,1
15845,18,8,3711.77,4,5,5,455,Champions,463.97125,463.97125,Gold,1,0,0
15847,38,2,389.27,3,3,2,332,Dormant,194.635,194.635,Bronze,0,0,1
15850,19,2,238.85,4,3,1,431,Potential,119.425,119.425,Bronze,0,0,0
15852,187,2,160.71,1,3,1,131,Dormant,80.355,80.355,Bronze,0,0,1
15853,52,1,110.8,3,2,1,321,Dormant,110.8,110.8,Bronze,0,0,1
15854,4,12,2974.65,5,5,5,555,Champions,247.88750000000002,247.88750000000002,Gold,1,0,0
15855,137,5,712.24,2,4,3,243,Needs Attention,142.448,142.448,Bronze,0,0,0
15856,4,27,16387.57,5,5,5,555,Champions,606.947037037037,606.947037037037,Platinum,1,0,0
15857,19,1,297.0,4,2,2,422,Potential,297.0,297.0,Bronze,0,0,0
15858,16,5,1438.85,4,4,4,444,Champions,287.77,287.77,Silver,1,0,0
15860,41,8,977.21,3,5,4,354,Loyal,122.15125,122.15125,Silver,0,0,0
15861,12,8,3165.36,5,5,5,555,Champions,395.67,395.67,Gold,1,0,0
15862,8,4,832.88,5,4,3,543,Loyal,208.22,208.22,Silver,0,0,0
15863,26,2,68.84,4,3,1,431,Potential,34.42,34.42,Bronze,0,0,0
15864,22,6,1936.32,4,5,4,454,Champions,322.71999999999997,322.71999999999997,Silver,1,0,0
15865,41,3,895.13,3,4,3,343,Loyal,298.37666666666667,298.37666666666667,Bronze,0,0,0
15866,101,1,230.53,2,2,1,221,Dormant,230.53,230.53,Bronze,0,0,1
15867,5,15,3812.64,5,5,5,555,Champions,254.176,254.176,Gold,1,0,0
15869,277,2,149.64,1,3,1,131,Dormant,74.82,74.82,Bronze,0,0,1
15870,33,1,354.09000000000003,3,2,2,322,Dormant,354.09000000000003,354.09000000000003,Bronze,0,0,1
15872,15,2,360.93,4,3,2,432,Potential,180.465,180.465,Bronze,0,0,0
15874,64,7,4405.88,3,5,5,355,Loyal,629.4114285714286,629.4114285714286,Silver,0,0,0
15877,2,2,493.28,5,3,3,533,Loyal,246.64,246.64,Bronze,0,0,0
15880,369,1,343.28,1,2,2,122,Needs Attention,343.28,343.28,Bronze,0,0,0
15881,312,5,501.39,1,4,3,143,Needs Attention,100.27799999999999,100.27799999999999,Bronze,0,0,0
15882,199,4,516.36,1,4,3,143,Needs Attention,129.09,129.09,Bronze,0,0,0
15883,2,2,396.48,5,3,2,532,Potential,198.24,198.24,Bronze,0,0,0
15885,93,3,379.35,2,4,2,242,Needs Attention,126.45,126.45,Bronze,0,0,0
15886,60,1,181.09,3,2,1,321,Dormant,181.09,181.09,Bronze,0,0,1
15888,81,1,168.31,2,2,1,221,Dormant,168.31,168.31,Bronze,0,0,1
15889,157,2,446.87,2,3,2,232,Needs Attention,223.435,223.435,Bronze,0,0,0
15891,227,1,524.52,1,2,3,123,Needs Attention,524.52,524.52,Bronze,0,0,0
15894,253,2,263.55,1,3,2,132,Needs Attention,131.775,131.775,Bronze,0,0,0
15895,150,1,179.17,2,2,1,221,Dormant,179.17,179.17,Bronze,0,0,1
15897,194,2,222.05,1,3,1,131,Dormant,111.025,111.025,Bronze,0,0,1
15898,1,5,1388.88,5,4,4,544,Champions,277.776,277.776,Silver,1,0,0
15899,369,1,56.25,1,2,1,121,Dormant,56.25,56.25,Bronze,0,0,1
15900,24,1,351.11,4,2,2,422,Potential,351.11,351.11,Bronze,0,0,0
15901,17,3,363.88,4,4,2,442,Potential,121.29333333333334,121.29333333333334,Bronze,0,0,0
15903,10,7,5126.76,5,5,5,555,Champions,732.3942857142857,732.3942857142857,Gold,1,0,0
15904,8,1,164.68,5,2,1,521,Potential,164.68,164.68,Bronze,0,0,0
15906,20,7,1567.69,4,5,4,454,Champions,223.9557142857143,223.9557142857143,Silver,1,0,0
15907,4,3,967.45,5,4,4,544,Champions,322.48333333333335,322.48333333333335,Bronze,1,0,0
15909,174,1,191.94,2,2,1,221,Dormant,191.94,191.94,Bronze,0,0,1
15910,1,8,1232.18,5,5,4,554,Champions,154.0225,154.0225,Silver,1,0,0
15912,178,2,264.62,2,3,2,232,Needs Attention,132.31,132.31,Bronze,0,0,0
15916,16,8,1528.09,4,5,4,454,Champions,191.01125,191.01125,Silver,1,0,0
15917,248,1,123.1,1,2,1,121,Dormant,123.1,123.1,Bronze,0,0,1
15918,191,2,334.23,1,3,2,132,Needs Attention,167.115,167.115,Bronze,0,0,0
15919,20,2,639.89,4,3,3,433,Loyal,319.945,319.945,Bronze,0,0,0
15920,154,4,167.5,2,4,1,241,Dormant,41.875,41.875,Bronze,0,0,1
15921,173,1,336.03000000000003,2,2,2,222,Needs Attention,336.03000000000003,336.03000000000003,Bronze,0,0,0
15922,373,1,369.5,1,2,2,122,Needs Attention,369.5,369.5,Bronze,0,0,0
15923,373,1,127.08,1,2,1,121,Dormant,127.08,127.08,Bronze,0,0,1
15925,194,1,207.15,1,2,1,121,Dormant,207.15,207.15,Bronze,0,0,1
15930,67,1,426.63,3,2,2,322,Dormant,426.63,426.63,Bronze,0,0,1
15932,4,8,2495.87,5,5,5,555,Champions,311.98375,311.98375,Gold,1,0,0
15933,21,3,1107.46,4,4,4,444,Champions,369.15333333333336,369.15333333333336,Bronze,1,0,0
15935,239,2,416.86,1,3,2,132,Needs Attention,208.43,208.43,Bronze,0,0,0
15937,64,1,145.35000000000002,3,2,1,321,Dormant,145.35000000000002,145.35000000000002,Bronze,0,0,1
15938,112,5,404.58000000000004,2,4,2,242,Needs Attention,80.91600000000001,80.91600000000001,Bronze,0,0,0
15939,90,15,6115.01,2,5,5,255,At Risk,407.6673333333334,407.6673333333334,Bronze,0,1,0
15940,311,1,35.8,1,2,1,121,Dormant,35.8,35.8,Bronze,0,0,1
15942,134,1,337.44,2,2,2,222,Needs Attention,337.44,337.44,Bronze,0,0,0
15944,277,1,325.1,1,2,2,122,Needs Attention,325.1,325.1,Bronze,0,0,0
15945,365,1,181.0,1,2,1,121,Dormant,181.0,181.0,Bronze,0,0,1
15947,83,1,1708.24,2,2,4,224,Needs Attention,1708.24,1708.24,Bronze,0,0,0
15948,8,2,955.24,5,3,4,534,Loyal,477.62,477.62,Bronze,0,0,0
15949,17,2,364.72,4,3,2,432,Potential,182.36,182.36,Bronze,0,0,0
15950,32,4,1765.51,4,4,4,444,Champions,441.3775,441.3775,Silver,1,0,0
15951,9,2,708.22,5,3,3,533,Loyal,354.11,354.11,Bronze,0,0,0
15952,34,4,806.57,3,4,3,343,Loyal,201.6425,201.6425,Silver,0,0,0
15953,15,8,1659.3799999999999,4,5,4,454,Champions,207.42249999999999,207.42249999999999,Silver,1,0,0
15955,24,14,4416.26,4,5,5,455,Champions,315.44714285714286,315.44714285714286,Gold,1,0,0
15957,32,1,428.89,4,2,2,422,Potential,428.89,428.89,Bronze,0,0,0
15958,74,1,104.35,2,2,1,221,Dormant,104.35,104.35,Bronze,0,0,1
15963,20,2,470.76,4,3,2,432,Potential,235.38,235.38,Bronze,0,0,0
15965,17,4,845.64,4,4,3,443,Loyal,211.41,211.41,Silver,0,0,0
15967,23,2,418.83,4,3,2,432,Potential,209.415,209.415,Bronze,0,0,0
15969,3,3,666.1,5,4,3,543,Loyal,222.03333333333333,222.03333333333333,Bronze,0,0,0
15970,304,1,314.09999999999997,1,2,2,122,Needs Attention,314.09999999999997,314.09999999999997,Bronze,0,0,0
15971,18,12,4199.85,4,5,5,455,Champions,349.9875,349.9875,Gold,1,0,0
15973,367,1,307.82000000000005,1,2,2,122,Needs Attention,307.82000000000005,307.82000000000005,Bronze,0,0,0
15974,39,7,3442.15,3,5,5,355,Loyal,491.7357142857143,491.7357142857143,Gold,0,0,0
15975,84,1,371.01,2,2,2,222,Needs Attention,371.01,371.01,Bronze,0,0,0
15976,165,2,430.94,2,3,2,232,Needs Attention,215.47,215.47,Bronze,0,0,0
15977,17,2,1054.73,4,3,4,434,Loyal,527.365,527.365,Bronze,0,0,0
15978,77,1,1098.78,2,2,4,224,Needs Attention,1098.78,1098.78,Bronze,0,0,0
15980,89,3,2398.86,2,4,5,245,At Risk,799.62,799.62,Bronze,0,1,0
15981,25,8,3408.48,4,5,5,455,Champions,426.06,426.06,Gold,1,0,0
15983,22,4,1475.02,4,4,4,444,Champions,368.755,368.755,Silver,1,0,0
15984,3,10,2837.67,5,5,5,555,Champions,283.767,283.767,Gold,1,0,0
15985,123,2,1142.42,2,3,4,234,Needs Attention,571.21,571.21,Bronze,0,0,0
15986,30,1,168.12,4,2,1,421,Potential,168.12,168.12,Bronze,0,0,0
15987,12,7,1451.28,5,5,4,554,Champions,207.32571428571427,207.32571428571427,Silver,1,0,0
15988,19,1,158.03,4,2,1,421,Potential,158.03,158.03,Bronze,0,0,0
15990,44,2,792.11,3,3,3,333,Loyal,396.055,396.055,Bronze,0,0,0
15992,4,1,41.989999999999995,5,2,1,521,Potential,41.989999999999995,41.989999999999995,Bronze,0,0,0
15993,9,7,2797.57,5,5,5,555,Champions,399.65285714285716,399.65285714285716,Gold,1,0,0
15994,55,1,427.07,3,2,2,322,Dormant,427.07,427.07,Bronze,0,0,1
15996,88,6,1060.68,2,5,4,254,At Risk,176.78,176.78,Silver,0,1,0
15998,37,5,3089.97,3,4,5,345,Loyal,617.9939999999999,617.9939999999999,Silver,0,0,0
16000,3,3,12393.7,5,4,5,545,Champions,4131.233333333334,4131.233333333334,Bronze,1,0,0
16003,30,5,2735.37,4,4,5,445,Champions,547.074,547.074,Silver,1,0,0
16005,12,4,615.39,5,4,3,543,Loyal,153.8475,153.8475,Silver,0,0,0
16006,211,1,101.4,1,2,1,121,Dormant,101.4,101.4,Bronze,0,0,1
16007,48,4,1701.94,3,4,4,344,Loyal,425.485,425.485,Silver,0,0,0
16008,24,3,478.78,4,4,2,442,Potential,159.59333333333333,159.59333333333333,Bronze,0,0,0
16009,22,4,992.71,4,4,4,444,Champions,248.1775,248.1775,Silver,1,0,0
16010,246,3,407.5,1,4,2,142,Needs Attention,135.83333333333334,135.83333333333334,Bronze,0,0,0
16011,8,16,3362.71,5,5,5,555,Champions,210.169375,210.169375,Gold,1,0,0
16012,35,3,1415.29,3,4,4,344,Loyal,471.7633333333333,471.7633333333333,Bronze,0,0,0
16013,4,47,37130.6,5,5,5,555,Champions,790.0127659574467,790.0127659574467,Platinum,1,0,0
16014,38,3,662.38,3,4,3,343,Loyal,220.79333333333332,220.79333333333332,Bronze,0,0,0
16015,4,3,705.39,5,4,3,543,Loyal,235.13,235.13,Bronze,0,0,0
16016,3,8,1508.76,5,5,4,554,Champions,188.595,188.595,Silver,1,0,0
16017,47,1,211.88,3,2,1,321,Dormant,211.88,211.88,Bronze,0,0,1
16018,39,2,408.9,3,3,2,332,Dormant,204.45,204.45,Bronze,0,0,1
16019,47,9,3786.24,3,5,5,355,Loyal,420.6933333333333,420.6933333333333,Gold,0,0,0
16020,17,3,851.01,4,4,3,443,Loyal,283.67,283.67,Bronze,0,0,0
16022,260,1,628.28,1,2,3,123,Needs Attention,628.28,628.28,Bronze,0,0,0
16023,46,3,719.81,3,4,3,343,Loyal,239.93666666666664,239.93666666666664,Bronze,0,0,0
16024,12,1,251.24,5,2,2,522,Potential,251.24,251.24,Bronze,0,0,0
16025,30,1,439.65999999999997,4,2,2,422,Potential,439.65999999999997,439.65999999999997,Bronze,0,0,0
16026,43,1,236.09,3,2,1,321,Dormant,236.09,236.09,Bronze,0,0,1
16027,92,6,934.62,2,5,3,253,Needs Attention,155.77,155.77,Bronze,0,0,0
16029,39,63,81024.84,3,5,5,355,Loyal,1286.1085714285714,1286.1085714285714,Gold,0,0,0
16030,310,1,331.24,1,2,2,122,Needs Attention,331.24,331.24,Bronze,0,0,0
16031,92,2,548.94,2,3,3,233,Needs Attention,274.47,274.47,Bronze,0,0,0
16033,6,20,8816.4,5,5,5,555,Champions,440.82,440.82,Platinum,1,0,0
16034,196,3,437.70000000000005,1,4,2,142,Needs Attention,145.9,145.9,Bronze,0,0,0
16036,87,2,758.9200000000001,2,3,3,233,Needs Attention,379.46000000000004,379.46000000000004,Bronze,0,0,0
16037,270,3,855.02,1,4,3,143,Needs Attention,285.00666666666666,285.00666666666666,Bronze,0,0,0
16038,8,3,471.78,5,4,2,542,Potential,157.26,157.26,Bronze,0,0,0
16040,65,3,1313.55,3,4,4,344,Loyal,437.84999999999997,437.84999999999997,Bronze,0,0,0
16041,31,3,3166.4,4,4,5,445,Champions,1055.4666666666667,1055.4666666666667,Bronze,1,0,0
16042,22,5,1197.27,4,4,4,444,Champions,239.454,239.454,Silver,1,0,0
16043,38,4,773.99,3,4,3,343,Loyal,193.4975,193.4975,Silver,0,0,0
16045,120,4,1340.7,2,4,4,244,At Risk,335.175,335.175,Bronze,0,1,0
16048,373,2,256.44,1,3,2,132,Needs Attention,128.22,128.22,Bronze,0,0,0
16049,40,3,1111.79,3,4,4,344,Loyal,370.59666666666664,370.59666666666664,Bronze,0,0,0
16050,174,1,137.9,2,2,1,221,Dormant,137.9,137.9,Bronze,0,0,1
16052,54,1,362.06,3,2,2,322,Dormant,362.06,362.06,Bronze,0,0,1
16053,33,2,1511.95,3,3,4,334,Loyal,755.975,755.975,Bronze,0,0,0
16054,145,1,783.9,2,2,3,223,Needs Attention,783.9,783.9,Bronze,0,0,0
16055,221,1,134.8,1,2,1,121,Dormant,134.8,134.8,Bronze,0,0,1
16056,45,1,664.85,3,2,3,323,Dormant,664.85,664.85,Bronze,0,0,1
16057,16,7,2263.12,4,5,5,455,Champions,323.30285714285714,323.30285714285714,Gold,1,0,0
16059,66,6,1459.8600000000001,3,5,4,354,Loyal,243.31000000000003,243.31000000000003,Silver,0,0,0
16062,10,4,1153.62,5,4,4,544,Champions,288.405,288.405,Silver,1,0,0
16063,260,1,335.32,1,2,2,122,Needs Attention,335.32,335.32,Bronze,0,0,0
16065,365,1,372.09,1,2,2,122,Needs Attention,372.09,372.09,Bronze,0,0,0
16066,17,5,1521.87,4,4,4,444,Champions,304.37399999999997,304.37399999999997,Silver,1,0,0
16070,22,2,852.15,4,3,3,433,Loyal,426.075,426.075,Bronze,0,0,0
16071,45,1,326.24,3,2,2,322,Dormant,326.24,326.24,Bronze,0,0,1
16072,288,1,584.3199999999999,1,2,3,123,Needs Attention,584.3199999999999,584.3199999999999,Bronze,0,0,0
16073,297,1,122.4,1,2,1,121,Dormant,122.4,122.4,Bronze,0,0,1
16076,3,10,2234.73,5,5,5,555,Champions,223.473,223.473,Gold,1,0,0
16078,284,1,79.2,1,2,1,121,Dormant,79.2,79.2,Bronze,0,0,1
16079,17,3,1352.0,4,4,4,444,Champions,450.6666666666667,450.6666666666667,Bronze,1,0,0
16080,82,2,217.16,2,3,1,231,Dormant,108.58,108.58,Bronze,0,0,1
16081,56,5,2806.9,3,4,5,345,Loyal,561.38,561.38,Silver,0,0,0
16083,101,2,1317.62,2,3,4,234,Needs Attention,658.81,658.81,Bronze,0,0,0
16084,299,1,436.18,1,2,2,122,Needs Attention,436.18,436.18,Bronze,0,0,0
16085,23,5,981.51,4,4,4,444,Champions,196.302,196.302,Silver,1,0,0
16086,59,5,1121.39,3,4,4,344,Loyal,224.27800000000002,224.27800000000002,Silver,0,0,0
16091,155,2,315.06,2,3,2,232,Needs Attention,157.53,157.53,Bronze,0,0,0
16092,115,3,817.86,2,4,3,243,Needs Attention,272.62,272.62,Bronze,0,0,0
16093,107,1,17.0,2,2,1,221,Dormant,17.0,17.0,Bronze,0,0,1
16094,12,4,1078.23,5,4,4,544,Champions,269.5575,269.5575,Silver,1,0,0
16096,264,1,320.62,1,2,2,122,Needs Attention,320.62,320.62,Bronze,0,0,0
16097,240,1,185.04999999999998,1,2,1,121,Dormant,185.04999999999998,185.04999999999998,Bronze,0,0,1
16098,88,7,2005.63,2,5,4,254,At Risk,286.5185714285714,286.5185714285714,Silver,0,1,0
16099,50,3,731.9,3,4,3,343,Loyal,243.96666666666667,243.96666666666667,Bronze,0,0,0
16101,71,1,1290.7,3,2,4,324,Dormant,1290.7,1290.7,Bronze,0,0,1
16102,42,3,1842.14,3,4,4,344,Loyal,614.0466666666667,614.0466666666667,Bronze,0,0,0
16103,7,6,1429.64,5,5,4,554,Champions,238.27333333333334,238.27333333333334,Silver,1,0,0
16104,62,1,302.36,3,2,2,322,Dormant,302.36,302.36,Bronze,0,0,1
16105,249,1,336.96,1,2,2,122,Needs Attention,336.96,336.96,Bronze,0,0,0
16106,66,1,108.38,3,2,1,321,Dormant,108.38,108.38,Bronze,0,0,1
16107,18,7,3204.1600000000003,4,5,5,455,Champions,457.7371428571429,457.7371428571429,Gold,1,0,0
16108,85,1,842.5,2,2,3,223,Needs Attention,842.5,842.5,Bronze,0,0,0
16109,219,2,611.88,1,3,3,133,Needs Attention,305.94,305.94,Bronze,0,0,0
16110,45,3,1337.48,3,4,4,344,Loyal,445.82666666666665,445.82666666666665,Bronze,0,0,0
16112,143,4,195.74,2,4,1,241,Dormant,48.935,48.935,Bronze,0,0,1
16113,183,1,161.38,1,2,1,121,Dormant,161.38,161.38,Bronze,0,0,1
16114,171,1,135.75000000000003,2,2,1,221,Dormant,135.75000000000003,135.75000000000003,Bronze,0,0,1
16115,10,8,1667.97,5,5,4,554,Champions,208.49625,208.49625,Silver,1,0,0
16116,212,1,612.78,1,2,3,123,Needs Attention,612.78,612.78,Bronze,0,0,0
16117,190,1,232.21,1,2,1,121,Dormant,232.21,232.21,Bronze,0,0,1
16119,8,2,423.36,5,3,2,532,Potential,211.68,211.68,Bronze,0,0,0
16120,59,4,1309.14,3,4,4,344,Loyal,327.285,327.285,Silver,0,0,0
16121,57,2,867.11,3,3,3,333,Loyal,433.555,433.555,Bronze,0,0,0
16122,73,4,684.42,2,4,3,243,Needs Attention,171.105,171.105,Silver,0,0,0
16123,52,1,307.78000000000003,3,2,2,322,Dormant,307.78000000000003,307.78000000000003,Bronze,0,0,1
16124,317,1,249.0,1,2,1,121,Dormant,249.0,249.0,Bronze,0,0,1
16125,367,1,289.35,1,2,2,122,Needs Attention,289.35,289.35,Bronze,0,0,0
16126,29,4,6287.77,4,4,5,445,Champions,1571.9425,1571.9425,Silver,1,0,0
16127,39,1,656.25,3,2,3,323,Dormant,656.25,656.25,Bronze,0,0,1
16128,18,5,1880.22,4,4,4,444,Champions,376.044,376.044,Silver,1,0,0
16131,52,6,3506.54,3,5,5,355,Loyal,584.4233333333333,584.4233333333333,Gold,0,0,0
16133,4,33,14589.04,5,5,5,555,Champions,442.09212121212124,442.09212121212124,Platinum,1,0,0
16134,22,2,618.09,4,3,3,433,Loyal,309.045,309.045,Bronze,0,0,0
16135,263,1,517.55,1,2,3,123,Needs Attention,517.55,517.55,Bronze,0,0,0
16136,60,3,709.38,3,4,3,343,Loyal,236.46,236.46,Bronze,0,0,0
16139,19,3,635.4100000000001,4,4,3,443,Loyal,211.80333333333337,211.80333333333337,Bronze,0,0,0
16140,66,2,725.1800000000001,3,3,3,333,Loyal,362.59000000000003,362.59000000000003,Bronze,0,0,0
16141,88,1,620.4,2,2,3,223,Needs Attention,620.4,620.4,Bronze,0,0,0
16142,250,1,535.34,1,2,3,123,Needs Attention,535.34,535.34,Bronze,0,0,0
16143,3,6,2424.94,5,5,5,555,Champions,404.1566666666667,404.1566666666667,Gold,1,0,0
16144,247,1,175.2,1,2,1,121,Dormant,175.2,175.2,Bronze,0,0,1
16145,9,11,3799.4900000000002,5,5,5,555,Champions,345.40818181818184,345.40818181818184,Gold,1,0,0
16146,157,3,734.13,2,4,3,243,Needs Attention,244.71,244.71,Bronze,0,0,0
16147,134,1,375.0,2,2,2,222,Needs Attention,375.0,375.0,Bronze,0,0,0
16148,296,1,76.32000000000001,1,2,1,121,Dormant,76.32000000000001,76.32000000000001,Bronze,0,0,1
16149,5,2,280.52,5,3,2,532,Potential,140.26,140.26,Bronze,0,0,0
16150,43,5,2053.02,3,4,4,344,Loyal,410.604,410.604,Silver,0,0,0
16152,269,1,1829.04,1,2,4,124,Needs Attention,1829.04,1829.04,Bronze,0,0,0
16153,50,5,1824.23,3,4,4,344,Loyal,364.846,364.846,Silver,0,0,0
16156,9,9,3122.04,5,5,5,555,Champions,346.8933333333333,346.8933333333333,Gold,1,0,0
16157,16,3,656.69,4,4,3,443,Loyal,218.89666666666668,218.89666666666668,Bronze,0,0,0
16159,282,1,348.2,1,2,2,122,Needs Attention,348.2,348.2,Bronze,0,0,0
16160,65,2,1025.44,3,3,4,334,Loyal,512.72,512.72,Bronze,0,0,0
16161,2,19,5575.56,5,5,5,555,Champions,293.4505263157895,293.4505263157895,Platinum,1,0,0
16162,252,1,37.4,1,2,1,121,Dormant,37.4,37.4,Bronze,0,0,1
16163,232,2,856.6,1,3,3,133,Needs Attention,428.3,428.3,Bronze,0,0,0
16164,17,3,822.48,4,4,3,443,Loyal,274.16,274.16,Bronze,0,0,0
16168,11,27,3787.6,5,5,5,555,Champions,140.28148148148148,140.28148148148148,Gold,1,0,0
16169,8,4,1822.97,5,4,4,544,Champions,455.7425,455.7425,Silver,1,0,0
16170,51,6,1885.05,3,5,4,354,Loyal,314.175,314.175,Silver,0,0,0
16171,59,1,73.19999999999999,3,2,1,321,Dormant,73.19999999999999,73.19999999999999,Bronze,0,0,1
16172,95,5,1140.21,2,4,4,244,At Risk,228.042,228.042,Bronze,0,1,0
16173,16,6,1418.32,4,5,4,454,Champions,236.38666666666666,236.38666666666666,Silver,1,0,0
16174,126,3,1009.55,2,4,4,244,At Risk,336.51666666666665,336.51666666666665,Bronze,0,1,0
16175,94,4,1037.5900000000001,2,4,4,244,At Risk,259.39750000000004,259.39750000000004,Bronze,0,1,0
16177,50,1,331.95,3,2,2,322,Dormant,331.95,331.95,Bronze,0,0,1
16178,138,1,197.9,2,2,1,221,Dormant,197.9,197.9,Bronze,0,0,1
16179,61,1,215.83,3,2,1,321,Dormant,215.83,215.83,Bronze,0,0,1
16180,100,8,10254.18,2,5,5,255,At Risk,1281.7725,1281.7725,Bronze,0,1,0
16181,73,1,305.54,2,2,2,222,Needs Attention,305.54,305.54,Bronze,0,0,0
16182,72,4,6617.65,2,4,5,245,At Risk,1654.4125,1654.4125,Silver,0,1,0
16183,67,1,338.71000000000004,3,2,2,322,Dormant,338.71000000000004,338.71000000000004,Bronze,0,0,1
16184,64,6,1158.79,3,5,4,354,Loyal,193.13166666666666,193.13166666666666,Silver,0,0,0
16185,17,2,529.41,4,3,3,433,Loyal,264.705,264.705,Bronze,0,0,0
16186,23,12,4006.94,4,5,5,455,Champions,333.9116666666667,333.9116666666667,Gold,1,0,0
16187,32,15,6911.4400000000005,4,5,5,455,Champions,460.7626666666667,460.7626666666667,Gold,1,0,0
16188,45,4,981.86,3,4,4,344,Loyal,245.465,245.465,Silver,0,0,0
16189,16,2,215.48,4,3,1,431,Potential,107.74,107.74,Bronze,0,0,0
16190,40,1,215.08,3,2,1,321,Dormant,215.08,215.08,Bronze,0,0,1
16191,3,13,5180.52,5,5,5,555,Champions,398.5015384615385,398.5015384615385,Platinum,1,0,0
16193,237,1,314.45,1,2,2,122,Needs Attention,314.45,314.45,Bronze,0,0,0
16198,75,1,400.68100000000004,2,2,2,222,Needs Attention,400.68100000000004,400.68100000000004,Bronze,0,0,0
16200,4,2,1080.6200000000001,5,3,4,534,Loyal,540.3100000000001,540.3100000000001,Bronze,0,0,0
16201,3,4,1863.47,5,4,4,544,Champions,465.8675,465.8675,Silver,1,0,0
16202,361,1,365.27,1,2,2,122,Needs Attention,365.27,365.27,Bronze,0,0,0
16203,59,4,592.9,3,4,3,343,Loyal,148.225,148.225,Silver,0,0,0
16204,23,1,405.71,4,2,2,422,Potential,405.71,405.71,Bronze,0,0,0
16205,31,4,761.38,4,4,3,443,Loyal,190.345,190.345,Silver,0,0,0
16206,55,4,537.0600000000001,3,4,3,343,Loyal,134.26500000000001,134.26500000000001,Silver,0,0,0
16207,25,1,394.38,4,2,2,422,Potential,394.38,394.38,Bronze,0,0,0
16208,45,2,664.26,3,3,3,333,Loyal,332.13,332.13,Bronze,0,0,0
16209,89,5,2262.62,2,4,5,245,At Risk,452.524,452.524,Silver,0,1,0
16210,2,18,21086.3,5,5,5,555,Champions,1171.461111111111,1171.461111111111,Platinum,1,0,0
16211,89,1,547.02,2,2,3,223,Needs Attention,547.02,547.02,Bronze,0,0,0
16212,19,2,690.34,4,3,3,433,Loyal,345.17,345.17,Bronze,0,0,0
16213,79,1,159.0,2,2,1,221,Dormant,159.0,159.0,Bronze,0,0,1
16214,171,3,1062.75,2,4,4,244,At Risk,354.25,354.25,Bronze,0,1,0
16215,81,1,242.35,2,2,1,221,Dormant,242.35,242.35,Bronze,0,0,1
16216,267,1,914.9300000000001,1,2,3,123,Needs Attention,914.9300000000001,914.9300000000001,Bronze,0,0,0
16217,235,2,304.25,1,3,2,132,Needs Attention,152.125,152.125,Bronze,0,0,0
16218,30,7,3084.68,4,5,5,455,Champions,440.6685714285714,440.6685714285714,Gold,1,0,0
16221,37,3,864.86,3,4,3,343,Loyal,288.2866666666667,288.2866666666667,Bronze,0,0,0
16222,318,1,846.72,1,2,3,123,Needs Attention,846.72,846.72,Bronze,0,0,0
16224,57,4,1295.3,3,4,4,344,Loyal,323.825,323.825,Silver,0,0,0
16225,45,5,1096.32,3,4,4,344,Loyal,219.26399999999998,219.26399999999998,Silver,0,0,0
16226,203,3,255.12,1,4,2,142,Needs Attention,85.04,85.04,Bronze,0,0,0
16227,225,1,314.22,1,2,2,122,Needs Attention,314.22,314.22,Bronze,0,0,0
16229,87,2,1010.6,2,3,4,234,Needs Attention,505.3,505.3,Bronze,0,0,0
16230,190,2,542.03,1,3,3,133,Needs Attention,271.015,271.015,Bronze,0,0,0
16232,44,4,990.88,3,4,4,344,Loyal,247.72,247.72,Silver,0,0,0
16233,71,3,536.6800000000001,3,4,3,343,Loyal,178.89333333333335,178.89333333333335,Bronze,0,0,0
16235,41,5,867.3100000000001,3,4,3,343,Loyal,173.46200000000002,173.46200000000002,Silver,0,0,0
16236,78,1,432.2,2,2,2,222,Needs Attention,432.2,432.2,Bronze,0,0,0
16239,57,2,414.2,3,3,2,332,Dormant,207.1,207.1,Bronze,0,0,1
16240,24,2,3718.8,4,3,5,435,Loyal,1859.4,1859.4,Bronze,0,0,0
16241,10,13,2607.87,5,5,5,555,Champions,200.6053846153846,200.6053846153846,Gold,1,0,0
16242,8,7,3603.21,5,5,5,555,Champions,514.7442857142858,514.7442857142858,Gold,1,0,0
16243,34,2,409.1,3,3,2,332,Dormant,204.55,204.55,Bronze,0,0,1
16244,212,2,1522.75,1,3,4,134,Needs Attention,761.375,761.375,Bronze,0,0,0
16245,24,3,1413.66,4,4,4,444,Champions,471.22,471.22,Bronze,1,0,0
16247,170,1,114.56,2,2,1,221,Dormant,114.56,114.56,Bronze,0,0,1
16248,62,1,152.94,3,2,1,321,Dormant,152.94,152.94,Bronze,0,0,1
16249,53,5,1800.07,3,4,4,344,Loyal,360.014,360.014,Silver,0,0,0
16250,261,2,389.44,1,3,2,132,Needs Attention,194.72,194.72,Bronze,0,0,0
16253,67,2,3683.86,3,3,5,335,Loyal,1841.93,1841.93,Bronze,0,0,0
16255,17,8,2619.91,4,5,5,455,Champions,327.48875,327.48875,Gold,1,0,0
16256,267,1,752.4300000000001,1,2,3,123,Needs Attention,752.4300000000001,752.4300000000001,Bronze,0,0,0
16257,177,1,46.95,2,2,1,221,Dormant,46.95,46.95,Bronze,0,0,1
16258,45,5,5203.51,3,4,5,345,Loyal,1040.702,1040.702,Silver,0,0,0
16260,51,1,1035.45,3,2,4,324,Dormant,1035.45,1035.45,Bronze,0,0,1
16261,17,4,746.83,4,4,3,443,Loyal,186.7075,186.7075,Silver,0,0,0
16265,9,9,5447.0,5,5,5,555,Champions,605.2222222222222,605.2222222222222,Gold,1,0,0
16266,74,7,861.89,2,5,3,253,Needs Attention,123.12714285714286,123.12714285714286,Silver,0,0,0
16268,71,2,667.65,3,3,3,333,Loyal,333.825,333.825,Bronze,0,0,0
16270,353,1,1141.24,1,2,4,124,Needs Attention,1141.24,1141.24,Bronze,0,0,0
16271,3,5,1429.24,5,4,4,544,Champions,285.848,285.848,Silver,1,0,0
16272,117,1,411.7,2,2,2,222,Needs Attention,411.7,411.7,Bronze,0,0,0
16274,373,1,357.95,1,2,2,122,Needs Attention,357.95,357.95,Bronze,0,0,0
16275,197,1,559.87,1,2,3,123,Needs Attention,559.87,559.87,Bronze,0,0,0
16276,177,1,810.6,2,2,3,223,Needs Attention,810.6,810.6,Bronze,0,0,0
16278,100,1,566.38,2,2,3,223,Needs Attention,566.38,566.38,Bronze,0,0,0
16279,21,3,1509.58,4,4,4,444,Champions,503.1933333333333,503.1933333333333,Bronze,1,0,0
16281,72,1,2062.06,2,2,5,225,Needs Attention,2062.06,2062.06,Bronze,0,0,0
16282,340,1,168.3,1,2,1,121,Dormant,168.3,168.3,Bronze,0,0,1
16283,6,5,1570.81,5,4,4,544,Champions,314.162,314.162,Silver,1,0,0
16284,31,2,823.97,4,3,3,433,Loyal,411.985,411.985,Bronze,0,0,0
16287,170,1,142.5,2,2,1,221,Dormant,142.5,142.5,Bronze,0,0,1
16292,122,1,302.25,2,2,2,222,Needs Attention,302.25,302.25,Bronze,0,0,0
16293,22,10,2248.9900000000002,4,5,5,455,Champions,224.89900000000003,224.89900000000003,Gold,1,0,0
16295,10,4,1328.55,5,4,4,544,Champions,332.1375,332.1375,Silver,1,0,0
16297,269,1,301.9,1,2,2,122,Needs Attention,301.9,301.9,Bronze,0,0,0
16298,23,3,598.2,4,4,3,443,Loyal,199.4,199.4,Bronze,0,0,0
16302,127,1,233.22,2,2,1,221,Dormant,233.22,233.22,Bronze,0,0,1
16303,26,3,5360.63,4,4,5,445,Champions,1786.8766666666668,1786.8766666666668,Bronze,1,0,0
16305,139,1,361.22,2,2,2,222,Needs Attention,361.22,361.22,Bronze,0,0,0
16306,214,6,632.27,1,5,3,153,Needs Attention,105.37833333333333,105.37833333333333,Bronze,0,0,0
16308,38,4,2560.0,3,4,5,345,Loyal,640.0,640.0,Silver,0,0,0
16309,106,2,706.57,2,3,3,233,Needs Attention,353.285,353.285,Bronze,0,0,0
16311,18,2,616.26,4,3,3,433,Loyal,308.13,308.13,Bronze,0,0,0
16313,3,2,274.15000000000003,5,3,2,532,Potential,137.07500000000002,137.07500000000002,Bronze,0,0,0
16315,331,1,226.37,1,2,1,121,Dormant,226.37,226.37,Bronze,0,0,1
16316,64,8,2938.91,3,5,5,355,Loyal,367.36375,367.36375,Silver,0,0,0
16317,120,3,1341.65,2,4,4,244,At Risk,447.2166666666667,447.2166666666667,Bronze,0,1,0
16318,35,1,328.15000000000003,3,2,2,322,Dormant,328.15000000000003,328.15000000000003,Bronze,0,0,1
16319,218,1,404.40000000000003,1,2,2,122,Needs Attention,404.40000000000003,404.40000000000003,Bronze,0,0,0
16320,172,2,1038.46,2,3,4,234,Needs Attention,519.23,519.23,Bronze,0,0,0
16321,72,5,373.65000000000003,2,4,2,242,Needs Attention,74.73,74.73,Bronze,0,0,0
16322,1,2,326.75,5,3,2,532,Potential,163.375,163.375,Bronze,0,0,0
16323,196,1,207.50000000000003,1,2,1,121,Dormant,207.50000000000003,207.50000000000003,Bronze,0,0,1
16324,128,3,428.68,2,4,2,242,Needs Attention,142.89333333333335,142.89333333333335,Bronze,0,0,0
16325,47,3,594.24,3,4,3,343,Loyal,198.08,198.08,Bronze,0,0,0
16326,6,14,3110.96,5,5,5,555,Champions,222.21142857142857,222.21142857142857,Gold,1,0,0
16327,14,6,3844.2200000000003,4,5,5,455,Champions,640.7033333333334,640.7033333333334,Gold,1,0,0
16330,18,3,251.91,4,4,2,442,Potential,83.97,83.97,Bronze,0,0,0
16332,28,7,1593.2,4,5,4,454,Champions,227.6,227.6,Silver,1,0,0
16333,8,22,26626.8,5,5,5,555,Champions,1210.3090909090909,1210.3090909090909,Platinum,1,0,0
16337,37,1,151.05,3,2,1,321,Dormant,151.05,151.05,Bronze,0,0,1
16338,157,1,214.8,2,2,1,221,Dormant,214.8,214.8,Bronze,0,0,1
16339,284,1,109.95,1,2,1,121,Dormant,109.95,109.95,Bronze,0,0,1
16340,107,1,549.07,2,2,3,223,Needs Attention,549.07,549.07,Bronze,0,0,0
16341,25,4,1971.8700000000001,4,4,4,444,Champions,492.96750000000003,492.96750000000003,Silver,1,0,0
16342,75,4,322.41,2,4,2,242,Needs Attention,80.6025,80.6025,Bronze,0,0,0
16343,16,2,370.48,4,3,2,432,Potential,185.24,185.24,Bronze,0,0,0
16344,158,1,101.10000000000001,2,2,1,221,Dormant,101.10000000000001,101.10000000000001,Bronze,0,0,1
16345,44,1,575.41,3,2,3,323,Dormant,575.41,575.41,Bronze,0,0,1
16347,11,2,887.65,5,3,3,533,Loyal,443.825,443.825,Bronze,0,0,0
16348,32,7,1469.45,4,5,4,454,Champions,209.92142857142858,209.92142857142858,Silver,1,0,0
16349,291,1,53.5,1,2,1,121,Dormant,53.5,53.5,Bronze,0,0,1
16350,21,4,1116.47,4,4,4,444,Champions,279.1175,279.1175,Silver,1,0,0
16351,333,1,153.9,1,2,1,121,Dormant,153.9,153.9,Bronze,0,0,1
16352,18,2,494.44,4,3,3,433,Loyal,247.22,247.22,Bronze,0,0,0
16353,4,23,6675.71,5,5,5,555,Champions,290.24826086956523,290.24826086956523,Platinum,1,0,0
16354,63,2,395.8,3,3,2,332,Dormant,197.9,197.9,Bronze,0,0,1
16356,198,3,211.77,1,4,1,141,Dormant,70.59,70.59,Bronze,0,0,1
16357,33,3,658.88,3,4,3,343,Loyal,219.62666666666667,219.62666666666667,Bronze,0,0,0
16358,1,4,2027.5,5,4,4,544,Champions,506.875,506.875,Silver,1,0,0
16359,7,9,1750.92,5,5,4,554,Champions,194.54666666666668,194.54666666666668,Silver,1,0,0
16360,5,6,3512.53,5,5,5,555,Champions,585.4216666666667,585.4216666666667,Gold,1,0,0
16361,10,4,896.66,5,4,3,543,Loyal,224.165,224.165,Silver,0,0,0
16362,32,5,734.77,4,4,3,443,Loyal,146.954,146.954,Silver,0,0,0
16363,53,1,109.36000000000001,3,2,1,321,Dormant,109.36000000000001,109.36000000000001,Bronze,0,0,1
16364,12,2,707.04,5,3,3,533,Loyal,353.52,353.52,Bronze,0,0,0
16365,18,9,1540.42,4,5,4,454,Champions,171.1577777777778,171.1577777777778,Silver,1,0,0
16366,19,1,327.3,4,2,2,422,Potential,327.3,327.3,Bronze,0,0,0
16367,37,2,804.49,3,3,3,333,Loyal,402.245,402.245,Bronze,0,0,0
16368,2,2,497.43,5,3,3,533,Loyal,248.715,248.715,Bronze,0,0,0
16369,18,3,1553.66,4,4,4,444,Champions,517.8866666666667,517.8866666666667,Bronze,1,0,0
16370,82,4,1320.56,2,4,4,244,At Risk,330.14,330.14,Silver,0,1,0
16372,33,2,367.93,3,3,2,332,Dormant,183.965,183.965,Bronze,0,0,1
16374,66,2,473.03,3,3,2,332,Dormant,236.515,236.515,Bronze,0,0,1
16376,9,2,987.01,5,3,4,534,Loyal,493.505,493.505,Bronze,0,0,0
16377,267,1,676.2,1,2,3,123,Needs Attention,676.2,676.2,Bronze,0,0,0
16378,247,3,362.95,1,4,2,142,Needs Attention,120.98333333333333,120.98333333333333,Bronze,0,0,0
16379,4,4,2157.4,5,4,5,545,Champions,539.35,539.35,Silver,1,0,0
16380,61,1,1780.59,3,2,4,324,Dormant,1780.59,1780.59,Bronze,0,0,1
16383,75,2,668.36,2,3,3,233,Needs Attention,334.18,334.18,Bronze,0,0,0
16384,90,2,584.5,2,3,3,233,Needs Attention,292.25,292.25,Bronze,0,0,0
16385,60,3,555.89,3,4,3,343,Loyal,185.29666666666665,185.29666666666665,Bronze,0,0,0
16386,29,2,317.2,4,3,2,432,Potential,158.6,158.6,Bronze,0,0,0
16387,323,1,94.36,1,2,1,121,Dormant,94.36,94.36,Bronze,0,0,1
16389,53,4,1382.0700000000002,3,4,4,344,Loyal,345.51750000000004,345.51750000000004,Silver,0,0,0
16392,270,1,221.19,1,2,1,121,Dormant,221.19,221.19,Bronze,0,0,1
16393,2,13,3046.21,5,5,5,555,Champions,234.32384615384615,234.32384615384615,Gold,1,0,0
16394,57,5,1555.34,3,4,4,344,Loyal,311.068,311.068,Silver,0,0,0
16395,61,5,1486.9,3,4,4,344,Loyal,297.38,297.38,Silver,0,0,0
16398,154,2,1705.8,2,3,4,234,Needs Attention,852.9,852.9,Bronze,0,0,0
16399,19,2,408.57,4,3,2,432,Potential,204.285,204.285,Bronze,0,0,0
16400,95,1,303.93,2,2,2,222,Needs Attention,303.93,303.93,Bronze,0,0,0
16401,1,12,4098.32,5,5,5,555,Champions,341.52666666666664,341.52666666666664,Gold,1,0,0
16402,265,2,299.6,1,3,2,132,Needs Attention,149.8,149.8,Bronze,0,0,0
16403,312,1,177.5,1,2,1,121,Dormant,177.5,177.5,Bronze,0,0,1
16404,70,1,443.05,3,2,2,322,Dormant,443.05,443.05,Bronze,0,0,1
16405,302,2,167.25,1,3,1,131,Dormant,83.625,83.625,Bronze,0,0,1
16406,19,1,163.07,4,2,1,421,Potential,163.07,163.07,Bronze,0,0,0
16407,13,10,2126.93,5,5,5,555,Champions,212.69299999999998,212.69299999999998,Gold,1,0,0
16409,36,5,2028.88,3,4,4,344,Loyal,405.776,405.776,Silver,0,0,0
16411,19,2,214.65,4,3,1,431,Potential,107.325,107.325,Bronze,0,0,0
16412,54,1,151.83,3,2,1,321,Dormant,151.83,151.83,Bronze,0,0,1
16413,57,1,262.2,3,2,2,322,Dormant,262.2,262.2,Bronze,0,0,1
16414,22,2,126.25,4,3,1,431,Potential,63.125,63.125,Bronze,0,0,0
16415,44,1,210.35,3,2,1,321,Dormant,210.35,210.35,Bronze,0,0,1
16416,27,3,1051.4,4,4,4,444,Champions,350.4666666666667,350.4666666666667,Bronze,1,0,0
16418,45,3,675.27,3,4,3,343,Loyal,225.09,225.09,Bronze,0,0,0
16419,113,6,972.23,2,5,4,254,At Risk,162.03833333333333,162.03833333333333,Bronze,0,1,0
16422,17,51,34684.4,4,5,5,455,Champions,680.086274509804,680.086274509804,Platinum,1,0,0
16423,25,1,346.12,4,2,2,422,Potential,346.12,346.12,Bronze,0,0,0
16424,191,1,133.56,1,2,1,121,Dormant,133.56,133.56,Bronze,0,0,1
16425,302,1,302.7,1,2,2,122,Needs Attention,302.7,302.7,Bronze,0,0,0
16426,2,10,1908.25,5,5,4,554,Champions,190.825,190.825,Silver,1,0,0
16427,263,2,241.06,1,3,1,131,Dormant,120.53,120.53,Bronze,0,0,1
16429,106,1,284.55,2,2,2,222,Needs Attention,284.55,284.55,Bronze,0,0,0
16430,57,1,300.85,3,2,2,322,Dormant,300.85,300.85,Bronze,0,0,1
16431,213,3,642.81,1,4,3,143,Needs Attention,214.26999999999998,214.26999999999998,Bronze,0,0,0
16432,64,1,287.40000000000003,3,2,2,322,Dormant,287.40000000000003,287.40000000000003,Bronze,0,0,1
16433,28,1,184.26,4,2,1,421,Potential,184.26,184.26,Bronze,0,0,0
16434,29,7,1522.25,4,5,4,454,Champions,217.46428571428572,217.46428571428572,Silver,1,0,0
16438,6,5,798.35,5,4,3,543,Loyal,159.67000000000002,159.67000000000002,Silver,0,0,0
16440,8,5,3640.67,5,4,5,545,Champions,728.134,728.134,Silver,1,0,0
16441,67,2,381.2,3,3,2,332,Dormant,190.6,190.6,Bronze,0,0,1
16442,2,3,616.79,5,4,3,543,Loyal,205.59666666666666,205.59666666666666,Bronze,0,0,0
16444,46,4,654.67,3,4,3,343,Loyal,163.6675,163.6675,Silver,0,0,0
16445,34,1,230.51,3,2,1,321,Dormant,230.51,230.51,Bronze,0,0,1
16446,1,2,168472.5,5,3,5,535,Loyal,84236.25,84236.25,Bronze,0,0,0
16447,136,1,259.01,2,2,2,222,Needs Attention,259.01,259.01,Bronze,0,0,0
16448,198,1,188.89000000000001,1,2,1,121,Dormant,188.89000000000001,188.89000000000001,Bronze,0,0,1
16449,198,2,707.69,1,3,3,133,Needs Attention,353.845,353.845,Bronze,0,0,0
16450,150,1,311.92,2,2,2,222,Needs Attention,311.92,311.92,Bronze,0,0,0
16451,88,1,266.97,2,2,2,222,Needs Attention,266.97,266.97,Bronze,0,0,0
16454,45,2,6.9,3,3,1,331,Dormant,3.45,3.45,Bronze,0,0,1
16455,64,7,1841.18,3,5,4,354,Loyal,263.0257142857143,263.0257142857143,Silver,0,0,0
16456,99,5,2158.37,2,4,5,245,At Risk,431.674,431.674,Bronze,0,1,0
16457,218,1,208.36,1,2,1,121,Dormant,208.36,208.36,Bronze,0,0,1
16458,3,18,3482.7400000000002,5,5,5,555,Champions,193.48555555555558,193.48555555555558,Gold,1,0,0
16460,28,3,814.72,4,4,3,443,Loyal,271.5733333333333,271.5733333333333,Bronze,0,0,0
16461,178,1,151.42,2,2,1,221,Dormant,151.42,151.42,Bronze,0,0,1
16462,74,3,136.0,2,4,1,241,Dormant,45.333333333333336,45.333333333333336,Bronze,0,0,1
16463,21,4,1422.4,4,4,4,444,Champions,355.6,355.6,Silver,1,0,0
16464,20,3,1314.68,4,4,4,444,Champions,438.2266666666667,438.2266666666667,Bronze,1,0,0
16466,34,7,1603.46,3,5,4,354,Loyal,229.06571428571428,229.06571428571428,Silver,0,0,0
16468,74,1,74.9,2,2,1,221,Dormant,74.9,74.9,Bronze,0,0,1
16469,24,4,650.43,4,4,3,443,Loyal,162.6075,162.6075,Silver,0,0,0
16470,52,4,762.39,3,4,3,343,Loyal,190.5975,190.5975,Silver,0,0,0
16471,275,1,223.95000000000002,1,2,1,121,Dormant,223.95000000000002,223.95000000000002,Bronze,0,0,1
16473,165,3,316.11,2,4,2,242,Needs Attention,105.37,105.37,Bronze,0,0,0
16474,7,7,1871.5,5,5,4,554,Champions,267.35714285714283,267.35714285714283,Silver,1,0,0
16475,88,4,544.3,2,4,3,243,Needs Attention,136.075,136.075,Silver,0,0,0
16477,64,7,2494.46,3,5,5,355,Loyal,356.3514285714286,356.3514285714286,Silver,0,0,0
16478,25,3,331.0,4,4,2,442,Potential,110.33333333333333,110.33333333333333,Bronze,0,0,0
16479,10,2,300.83,5,3,2,532,Potential,150.415,150.415,Bronze,0,0,0
16480,76,1,769.29,2,2,3,223,Needs Attention,769.29,769.29,Bronze,0,0,0
16482,16,1,220.62,4,2,1,421,Potential,220.62,220.62,Bronze,0,0,0
16483,192,1,139.35,1,2,1,121,Dormant,139.35,139.35,Bronze,0,0,1
16484,174,2,404.3,2,3,2,232,Needs Attention,202.15,202.15,Bronze,0,0,0
16485,77,1,363.65,2,2,2,222,Needs Attention,363.65,363.65,Bronze,0,0,0
16488,33,3,498.8,3,4,3,343,Loyal,166.26666666666668,166.26666666666668,Bronze,0,0,0
16491,47,1,731.5,3,2,3,323,Dormant,731.5,731.5,Bronze,0,0,1
16493,80,4,1351.63,2,4,4,244,At Risk,337.9075,337.9075,Silver,0,1,0
16494,297,1,826.53,1,2,3,123,Needs Attention,826.53,826.53,Bronze,0,0,0
16495,3,3,684.41,5,4,3,543,Loyal,228.13666666666666,228.13666666666666,Bronze,0,0,0
16496,9,3,1599.52,5,4,4,544,Champions,533.1733333333333,533.1733333333333,Bronze,1,0,0
16497,50,6,2965.69,3,5,5,355,Loyal,494.2816666666667,494.2816666666667,Gold,0,0,0
16498,161,2,100.97,2,3,1,231,Dormant,50.485,50.485,Bronze,0,0,1
16499,360,2,365.45,1,3,2,132,Needs Attention,182.725,182.725,Bronze,0,0,0
16500,5,6,400.86,5,5,2,552,Potential,66.81,66.81,Bronze,0,0,0
16503,107,4,1431.93,2,4,4,244,At Risk,357.9825,357.9825,Bronze,0,1,0
16504,25,1,484.38,4,2,2,422,Potential,484.38,484.38,Bronze,0,0,0
16505,32,1,777.6,4,2,3,423,Potential,777.6,777.6,Bronze,0,0,0
16506,20,2,90.30000000000001,4,3,1,431,Potential,45.150000000000006,45.150000000000006,Bronze,0,0,0
16509,297,1,363.70000000000005,1,2,2,122,Needs Attention,363.70000000000005,363.70000000000005,Bronze,0,0,0
16510,372,1,248.1,1,2,1,121,Dormant,248.1,248.1,Bronze,0,0,1
16511,22,3,950.26,4,4,4,444,Champions,316.75333333333333,316.75333333333333,Bronze,1,0,0
16513,5,4,874.59,5,4,3,543,Loyal,218.6475,218.6475,Silver,0,0,0
16515,52,5,1627.13,3,4,4,344,Loyal,325.42600000000004,325.42600000000004,Silver,0,0,0
16516,30,1,101.69999999999999,4,2,1,421,Potential,101.69999999999999,101.69999999999999,Bronze,0,0,0
16517,277,1,162.70000000000002,1,2,1,121,Dormant,162.70000000000002,162.70000000000002,Bronze,0,0,1
16518,61,2,484.32,3,3,2,332,Dormant,242.16,242.16,Bronze,0,0,1
16519,25,2,215.07999999999998,4,3,1,431,Potential,107.53999999999999,107.53999999999999,Bronze,0,0,0
16520,186,3,1046.57,1,4,4,144,At Risk,348.8566666666666,348.8566666666666,Bronze,0,1,0
16523,2,21,9418.470000000001,5,5,5,555,Champions,448.4985714285715,448.4985714285715,Platinum,1,0,0
16525,2,26,13027.45,5,5,5,555,Champions,501.0557692307693,501.0557692307693,Platinum,1,0,0
16526,172,1,290.36,2,2,2,222,Needs Attention,290.36,290.36,Bronze,0,0,0
16527,81,1,228.06,2,2,1,221,Dormant,228.06,228.06,Bronze,0,0,1
16528,4,1,244.41,5,2,1,521,Potential,244.41,244.41,Bronze,0,0,0
16529,190,1,455.25,1,2,2,122,Needs Attention,455.25,455.25,Bronze,0,0,0
16531,22,7,1244.59,4,5,4,454,Champions,177.79857142857142,177.79857142857142,Silver,1,0,0
16532,18,3,6748.8,4,4,5,445,Champions,2249.6,2249.6,Bronze,1,0,0
16533,19,3,1095.56,4,4,4,444,Champions,365.18666666666667,365.18666666666667,Bronze,1,0,0
16535,5,1,593.75,5,2,3,523,Potential,593.75,593.75,Bronze,0,0,0
16536,110,1,548.97,2,2,3,223,Needs Attention,548.97,548.97,Bronze,0,0,0
16539,3,4,1388.81,5,4,4,544,Champions,347.2025,347.2025,Silver,1,0,0
16542,54,1,119.62,3,2,1,321,Dormant,119.62,119.62,Bronze,0,0,1
16545,165,1,339.3,2,2,2,222,Needs Attention,339.3,339.3,Bronze,0,0,0
16546,291,2,787.15,1,3,3,133,Needs Attention,393.575,393.575,Bronze,0,0,0
16549,10,10,4154.64,5,5,5,555,Champions,415.46400000000006,415.46400000000006,Gold,1,0,0
16550,109,5,2298.97,2,4,5,245,At Risk,459.794,459.794,Bronze,0,1,0
16551,96,3,922.12,2,4,3,243,Needs Attention,307.37333333333333,307.37333333333333,Bronze,0,0,0
16552,243,2,379.73,1,3,2,132,Needs Attention,189.865,189.865,Bronze,0,0,0
16553,163,12,5719.82,2,5,5,255,At Risk,476.65166666666664,476.65166666666664,Bronze,0,1,0
16554,42,3,837.1,3,4,3,343,Loyal,279.03333333333336,279.03333333333336,Bronze,0,0,0
16555,35,2,285.89,3,3,2,332,Dormant,142.945,142.945,Bronze,0,0,1
16556,67,7,3313.79,3,5,5,355,Loyal,473.3985714285714,473.3985714285714,Silver,0,0,0
16557,24,2,281.85,4,3,2,432,Potential,140.925,140.925,Bronze,0,0,0
16558,1,20,8338.49,5,5,5,555,Champions,416.92449999999997,416.92449999999997,Platinum,1,0,0
16560,27,2,841.41,4,3,3,433,Loyal,420.705,420.705,Bronze,0,0,0
16561,6,2,511.12,5,3,3,533,Loyal,255.56,255.56,Bronze,0,0,0
16563,54,1,1077.74,3,2,4,324,Dormant,1077.74,1077.74,Bronze,0,0,1
16565,364,1,173.7,1,2,1,121,Dormant,173.7,173.7,Bronze,0,0,1
16566,15,5,614.66,4,4,3,443,Loyal,122.93199999999999,122.93199999999999,Silver,0,0,0
16567,194,2,865.6,1,3,3,133,Needs Attention,432.8,432.8,Bronze,0,0,0
16569,3,1,124.2,5,2,1,521,Potential,124.2,124.2,Bronze,0,0,0
16570,15,10,3738.4,4,5,5,455,Champions,373.84000000000003,373.84000000000003,Gold,1,0,0
16571,27,3,1421.69,4,4,4,444,Champions,473.8966666666667,473.8966666666667,Bronze,1,0,0
16572,127,3,1009.6,2,4,4,244,At Risk,336.53333333333336,336.53333333333336,Bronze,0,1,0
16573,85,2,663.61,2,3,3,233,Needs Attention,331.805,331.805,Bronze,0,0,0
16574,71,1,451.44,3,2,2,322,Dormant,451.44,451.44,Bronze,0,0,1
16581,183,1,105.84,1,2,1,121,Dormant,105.84,105.84,Bronze,0,0,1
16582,113,1,313.62,2,2,2,222,Needs Attention,313.62,313.62,Bronze,0,0,0
16583,374,1,233.45,1,2,1,121,Dormant,233.45,233.45,Bronze,0,0,1
16584,80,2,936.08,2,3,3,233,Needs Attention,468.04,468.04,Bronze,0,0,0
16586,249,1,463.95,1,2,2,122,Needs Attention,463.95,463.95,Bronze,0,0,0
16587,232,1,225.15,1,2,1,121,Dormant,225.15,225.15,Bronze,0,0,1
16589,71,3,459.24,3,4,2,342,Dormant,153.08,153.08,Bronze,0,0,1
16591,69,1,213.5,3,2,1,321,Dormant,213.5,213.5,Bronze,0,0,1
16592,4,16,4113.68,5,5,5,555,Champions,257.105,257.105,Gold,1,0,0
16593,51,3,330.03,3,4,2,342,Dormant,110.00999999999999,110.00999999999999,Bronze,0,0,1
16594,75,1,181.09,2,2,1,221,Dormant,181.09,181.09,Bronze,0,0,1
16595,61,1,360.16,3,2,2,322,Dormant,360.16,360.16,Bronze,0,0,1
16596,16,2,250.15,4,3,1,431,Potential,125.075,125.075,Bronze,0,0,0
16597,4,1,90.04,5,2,1,521,Potential,90.04,90.04,Bronze,0,0,0
16598,286,1,145.05,1,2,1,121,Dormant,145.05,145.05,Bronze,0,0,1
16600,4,6,813.52,5,5,3,553,Loyal,135.58666666666667,135.58666666666667,Silver,0,0,0
16601,41,1,244.8,3,2,1,321,Dormant,244.8,244.8,Bronze,0,0,1
16602,36,1,528.08,3,2,3,323,Dormant,528.08,528.08,Bronze,0,0,1
16603,75,2,482.47,2,3,2,232,Needs Attention,241.235,241.235,Bronze,0,0,0
16607,18,14,3347.71,4,5,5,455,Champions,239.12214285714285,239.12214285714285,Gold,1,0,0
16609,15,7,5493.46,4,5,5,455,Champions,784.78,784.78,Gold,1,0,0
16610,219,1,75.66,1,2,1,121,Dormant,75.66,75.66,Bronze,0,0,1
16611,186,1,129.49,1,2,1,121,Dormant,129.49,129.49,Bronze,0,0,1
16612,33,4,1187.66,3,4,4,344,Loyal,296.915,296.915,Silver,0,0,0
16613,70,1,618.59,3,2,3,323,Dormant,618.59,618.59,Bronze,0,0,1
16614,183,1,506.19,1,2,3,123,Needs Attention,506.19,506.19,Bronze,0,0,0
16616,15,2,500.42,4,3,3,433,Loyal,250.21,250.21,Bronze,0,0,0
16617,236,1,151.85,1,2,1,121,Dormant,151.85,151.85,Bronze,0,0,1
16618,31,5,2647.59,4,4,5,445,Champions,529.518,529.518,Silver,1,0,0
16619,264,1,226.21,1,2,1,121,Dormant,226.21,226.21,Bronze,0,0,1
16620,4,2,178.96,5,3,1,531,Potential,89.48,89.48,Bronze,0,0,0
16621,52,4,813.48,3,4,3,343,Loyal,203.37,203.37,Silver,0,0,0
16623,246,1,129.45000000000002,1,2,1,121,Dormant,129.45000000000002,129.45000000000002,Bronze,0,0,1
16624,81,2,810.57,2,3,3,233,Needs Attention,405.285,405.285,Bronze,0,0,0
16625,275,1,333.08,1,2,2,122,Needs Attention,333.08,333.08,Bronze,0,0,0
16626,1,17,4413.1,5,5,5,555,Champions,259.59411764705885,259.59411764705885,Gold,1,0,0
16627,79,1,322.8,2,2,2,222,Needs Attention,322.8,322.8,Bronze,0,0,0
16628,30,5,2188.05,4,4,5,445,Champions,437.61,437.61,Silver,1,0,0
16629,74,2,417.73,2,3,2,232,Needs Attention,208.865,208.865,Bronze,0,0,0
16633,17,6,2883.1,4,5,5,455,Champions,480.51666666666665,480.51666666666665,Gold,1,0,0
16634,223,2,217.9,1,3,1,131,Dormant,108.95,108.95,Bronze,0,0,1
16637,32,4,1154.47,4,4,4,444,Champions,288.6175,288.6175,Silver,1,0,0
16638,23,10,1680.72,4,5,4,454,Champions,168.072,168.072,Silver,1,0,0
16639,31,3,1257.51,4,4,4,444,Champions,419.17,419.17,Bronze,1,0,0
16641,106,1,231.1,2,2,1,221,Dormant,231.1,231.1,Bronze,0,0,1
16642,5,2,688.33,5,3,3,533,Loyal,344.165,344.165,Bronze,0,0,0
16643,246,1,487.51,1,2,2,122,Needs Attention,487.51,487.51,Bronze,0,0,0
16644,178,2,833.78,2,3,3,233,Needs Attention,416.89,416.89,Bronze,0,0,0
16647,170,2,214.06,2,3,1,231,Dormant,107.03,107.03,Bronze,0,0,1
16648,43,1,290.66,3,2,2,322,Dormant,290.66,290.66,Bronze,0,0,1
16650,72,1,518.42,2,2,3,223,Needs Attention,518.42,518.42,Bronze,0,0,0
16652,59,7,6773.97,3,5,5,355,Loyal,967.71,967.71,Gold,0,0,0
16653,16,2,1212.66,4,3,4,434,Loyal,606.33,606.33,Bronze,0,0,0
16654,141,4,601.27,2,4,3,243,Needs Attention,150.3175,150.3175,Bronze,0,0,0
16655,18,6,3794.52,4,5,5,455,Champions,632.42,632.42,Gold,1,0,0
16656,22,15,8625.8,4,5,5,455,Champions,575.0533333333333,575.0533333333333,Platinum,1,0,0
16657,10,4,933.62,5,4,3,543,Loyal,233.405,233.405,Silver,0,0,0
16658,368,1,123.24,1,2,1,121,Dormant,123.24,123.24,Bronze,0,0,1
16659,189,1,39.12,1,2,1,121,Dormant,39.12,39.12,Bronze,0,0,1
16660,16,4,1267.65,4,4,4,444,Champions,316.9125,316.9125,Silver,1,0,0
16665,362,1,135.4,1,2,1,121,Dormant,135.4,135.4,Bronze,0,0,1
16666,19,1,118.98,4,2,1,421,Potential,118.98,118.98,Bronze,0,0,0
16667,68,2,570.13,3,3,3,333,Loyal,285.065,285.065,Bronze,0,0,0
16668,15,6,306.72,4,5,2,452,Potential,51.120000000000005,51.120000000000005,Bronze,0,0,0
16669,24,3,1374.87,4,4,4,444,Champions,458.28999999999996,458.28999999999996,Bronze,1,0,0
16670,17,11,4095.9,4,5,5,455,Champions,372.3545454545455,372.3545454545455,Gold,1,0,0
16671,28,3,1692.27,4,4,4,444,Champions,564.09,564.09,Bronze,1,0,0
16672,2,20,8134.9400000000005,5,5,5,555,Champions,406.747,406.747,Platinum,1,0,0
16674,55,2,319.61,3,3,2,332,Dormant,159.805,159.805,Bronze,0,0,1
16676,34,4,1592.12,3,4,4,344,Loyal,398.03,398.03,Silver,0,0,0
16678,3,12,3109.99,5,5,5,555,Champions,259.1658333333333,259.1658333333333,Gold,1,0,0
16679,366,1,129.75,1,2,1,121,Dormant,129.75,129.75,Bronze,0,0,1
16680,43,1,183.7,3,2,1,321,Dormant,183.7,183.7,Bronze,0,0,1
16681,73,6,1770.3400000000001,2,5,4,254,At Risk,295.0566666666667,295.0566666666667,Silver,0,1,0
16682,5,5,1028.0,5,4,4,544,Champions,205.6,205.6,Silver,1,0,0
16684,4,28,66653.56,5,5,5,555,Champions,2380.4842857142858,2380.4842857142858,Platinum,1,0,0
16685,61,2,324.24,3,3,2,332,Dormant,162.12,162.12,Bronze,0,0,1
16686,47,7,3062.83,3,5,5,355,Loyal,437.54714285714283,437.54714285714283,Gold,0,0,0
16688,1,4,1260.8600000000001,5,4,4,544,Champions,315.21500000000003,315.21500000000003,Silver,1,0,0
16689,76,2,422.6,2,3,2,232,Needs Attention,211.3,211.3,Bronze,0,0,0
16690,72,2,225.58,2,3,1,231,Dormant,112.79,112.79,Bronze,0,0,1
16692,256,2,1276.0,1,3,4,134,Needs Attention,638.0,638.0,Bronze,0,0,0
16693,69,2,482.01,3,3,2,332,Dormant,241.005,241.005,Bronze,0,0,1
16696,135,4,657.9,2,4,3,243,Needs Attention,164.475,164.475,Bronze,0,0,0
16697,241,1,112.75,1,2,1,121,Dormant,112.75,112.75,Bronze,0,0,1
16698,227,2,1998.0,1,3,4,134,Needs Attention,999.0,999.0,Bronze,0,0,0
16700,9,13,5076.55,5,5,5,555,Champions,390.50384615384615,390.50384615384615,Platinum,1,0,0
16701,9,13,5398.3,5,5,5,555,Champions,415.25384615384615,415.25384615384615,Platinum,1,0,0
16705,1,20,14034.99,5,5,5,555,Champions,701.7495,701.7495,Platinum,1,0,0
16706,37,3,531.35,3,4,3,343,Loyal,177.11666666666667,177.11666666666667,Bronze,0,0,0
16708,46,1,656.63,3,2,3,323,Dormant,656.63,656.63,Bronze,0,0,1
16709,85,5,3029.87,2,4,5,245,At Risk,605.9739999999999,605.9739999999999,Silver,0,1,0
16710,19,10,2483.04,4,5,5,455,Champions,248.304,248.304,Gold,1,0,0
16711,3,5,1651.03,5,4,4,544,Champions,330.206,330.206,Silver,1,0,0
16712,9,11,3645.43,5,5,5,555,Champions,331.40272727272725,331.40272727272725,Gold,1,0,0
16713,19,15,6923.13,4,5,5,455,Champions,461.54200000000003,461.54200000000003,Platinum,1,0,0
16714,219,3,1161.53,1,4,4,144,At Risk,387.1766666666667,387.1766666666667,Bronze,0,1,0
16715,78,1,301.71999999999997,2,2,2,222,Needs Attention,301.71999999999997,301.71999999999997,Bronze,0,0,0
16716,267,2,901.2,1,3,3,133,Needs Attention,450.6,450.6,Bronze,0,0,0
16717,24,6,3858.38,4,5,5,455,Champions,643.0633333333334,643.0633333333334,Gold,1,0,0
16718,369,1,623.75,1,2,3,123,Needs Attention,623.75,623.75,Bronze,0,0,0
16719,15,7,1790.42,4,5,4,454,Champions,255.77428571428572,255.77428571428572,Silver,1,0,0
16720,26,1,155.24,4,2,1,421,Potential,155.24,155.24,Bronze,0,0,0
16721,262,1,292.47,1,2,2,122,Needs Attention,292.47,292.47,Bronze,0,0,0
16722,17,13,4730.81,4,5,5,455,Champions,363.90846153846155,363.90846153846155,Gold,1,0,0
16723,91,2,589.15,2,3,3,233,Needs Attention,294.575,294.575,Bronze,0,0,0
16725,302,7,781.02,1,5,3,153,Needs Attention,111.57428571428571,111.57428571428571,Bronze,0,0,0
16726,26,5,1382.02,4,4,4,444,Champions,276.404,276.404,Silver,1,0,0
16727,364,1,272.82,1,2,2,122,Needs Attention,272.82,272.82,Bronze,0,0,0
16728,46,4,1054.67,3,4,4,344,Loyal,263.6675,263.6675,Silver,0,0,0
16729,38,21,7239.92,3,5,5,355,Loyal,344.7580952380952,344.7580952380952,Gold,0,0,0
16730,52,3,743.11,3,4,3,343,Loyal,247.70333333333335,247.70333333333335,Bronze,0,0,0
16732,32,1,603.75,4,2,3,423,Potential,603.75,603.75,Bronze,0,0,0
16734,52,3,650.51,3,4,3,343,Loyal,216.83666666666667,216.83666666666667,Bronze,0,0,0
16735,79,5,2300.56,2,4,5,245,At Risk,460.11199999999997,460.11199999999997,Silver,0,1,0
16737,53,1,417.6,3,2,2,322,Dormant,417.6,417.6,Bronze,0,0,1
16738,298,1,3.75,1,2,1,121,Dormant,3.75,3.75,Bronze,0,0,1
16739,177,1,323.0,2,2,2,222,Needs Attention,323.0,323.0,Bronze,0,0,0
16742,47,1,464.9,3,2,2,322,Dormant,464.9,464.9,Bronze,0,0,1
16743,29,7,2238.09,4,5,5,455,Champions,319.7271428571429,319.7271428571429,Gold,1,0,0
16744,11,7,1304.76,5,5,4,554,Champions,186.3942857142857,186.3942857142857,Silver,1,0,0
16745,87,17,7194.3,2,5,5,255,At Risk,423.1941176470588,423.1941176470588,Silver,0,1,0
16746,5,18,6697.66,5,5,5,555,Champions,372.09222222222223,372.09222222222223,Platinum,1,0,0
16747,38,2,836.0600000000001,3,3,3,333,Loyal,418.03000000000003,418.03000000000003,Bronze,0,0,0
16748,18,5,1515.9,4,4,4,444,Champions,303.18,303.18,Silver,1,0,0
16750,45,5,623.93,3,4,3,343,Loyal,124.78599999999999,124.78599999999999,Silver,0,0,0
16751,31,1,1764.72,4,2,4,424,Potential,1764.72,1764.72,Bronze,0,0,0
16752,373,1,207.5,1,2,1,121,Dormant,207.5,207.5,Bronze,0,0,1
16753,58,1,223.92000000000002,3,2,1,321,Dormant,223.92000000000002,223.92000000000002,Bronze,0,0,1
16754,372,1,2002.4,1,2,4,124,Needs Attention,2002.4,2002.4,Bronze,0,0,0
16755,114,3,1496.83,2,4,4,244,At Risk,498.9433333333333,498.9433333333333,Bronze,0,1,0
16756,215,1,239.4,1,2,1,121,Dormant,239.4,239.4,Bronze,0,0,1
16757,319,1,106.83000000000001,1,2,1,121,Dormant,106.83000000000001,106.83000000000001,Bronze,0,0,1
16758,65,1,369.34000000000003,3,2,2,322,Dormant,369.34000000000003,369.34000000000003,Bronze,0,0,1
16759,8,3,789.79,5,4,3,543,Loyal,263.2633333333333,263.2633333333333,Bronze,0,0,0
16761,97,1,316.62,2,2,2,222,Needs Attention,316.62,316.62,Bronze,0,0,0
16762,20,3,1501.38,4,4,4,444,Champions,500.46000000000004,500.46000000000004,Bronze,1,0,0
16763,199,1,611.8499999999999,1,2,3,123,Needs Attention,611.8499999999999,611.8499999999999,Bronze,0,0,0
16764,4,13,2799.25,5,5,5,555,Champions,215.32692307692307,215.32692307692307,Gold,1,0,0
16765,294,1,34.0,1,2,1,121,Dormant,34.0,34.0,Bronze,0,0,1
16766,273,2,1145.6,1,3,4,134,Needs Attention,572.8,572.8,Bronze,0,0,0
16767,31,11,5580.6,4,5,5,455,Champions,507.32727272727277,507.32727272727277,Gold,1,0,0
16768,48,3,478.09000000000003,3,4,2,342,Dormant,159.36333333333334,159.36333333333334,Bronze,0,0,1
16769,260,1,380.39,1,2,2,122,Needs Attention,380.39,380.39,Bronze,0,0,0
16770,58,5,770.1,3,4,3,343,Loyal,154.02,154.02,Silver,0,0,0
16771,33,5,2246.81,3,4,5,345,Loyal,449.36199999999997,449.36199999999997,Silver,0,0,0
16773,57,1,171.59,3,2,1,321,Dormant,171.59,171.59,Bronze,0,0,1
16774,68,4,661.52,3,4,3,343,Loyal,165.38,165.38,Silver,0,0,0
16775,10,11,1695.66,5,5,4,554,Champions,154.1509090909091,154.1509090909091,Silver,1,0,0
16776,60,1,388.28,3,2,2,322,Dormant,388.28,388.28,Bronze,0,0,1
16777,80,2,226.35,2,3,1,231,Dormant,113.175,113.175,Bronze,0,0,1
16778,74,2,245.94,2,3,1,231,Dormant,122.97,122.97,Bronze,0,0,1
16779,2,22,10629.72,5,5,5,555,Champions,483.16909090909087,483.16909090909087,Platinum,1,0,0
16780,100,2,425.19,2,3,2,232,Needs Attention,212.595,212.595,Bronze,0,0,0
16781,372,1,311.25,1,2,2,122,Needs Attention,311.25,311.25,Bronze,0,0,0
16782,10,13,2279.9,5,5,5,555,Champions,175.37692307692308,175.37692307692308,Gold,1,0,0
16784,20,1,107.6,4,2,1,421,Potential,107.6,107.6,Bronze,0,0,0
16788,123,2,597.48,2,3,3,233,Needs Attention,298.74,298.74,Bronze,0,0,0
16789,8,1,80.80000000000001,5,2,1,521,Potential,80.80000000000001,80.80000000000001,Bronze,0,0,0
16790,4,6,1545.6200000000001,5,5,4,554,Champions,257.60333333333335,257.60333333333335,Silver,1,0,0
16791,29,7,1721.78,4,5,4,454,Champions,245.96857142857144,245.96857142857144,Silver,1,0,0
16792,282,2,110.38,1,3,1,131,Dormant,55.19,55.19,Bronze,0,0,1
16793,57,1,243.84,3,2,1,321,Dormant,243.84,243.84,Bronze,0,0,1
16794,1,10,1222.71,5,5,4,554,Champions,122.271,122.271,Silver,1,0,0
16795,365,1,414.88,1,2,2,122,Needs Attention,414.88,414.88,Bronze,0,0,0
16796,89,1,305.62,2,2,2,222,Needs Attention,305.62,305.62,Bronze,0,0,0
16800,11,1,1201.49,5,2,4,524,Potential,1201.49,1201.49,Bronze,0,0,0
16801,163,4,1619.73,2,4,4,244,At Risk,404.9325,404.9325,Bronze,0,1,0
16803,65,1,332.3,3,2,2,322,Dormant,332.3,332.3,Bronze,0,0,1
16804,23,3,536.99,4,4,3,443,Loyal,178.99666666666667,178.99666666666667,Bronze,0,0,0
16805,174,2,460.59000000000003,2,3,2,232,Needs Attention,230.29500000000002,230.29500000000002,Bronze,0,0,0
16806,103,4,801.49,2,4,3,243,Needs Attention,200.3725,200.3725,Bronze,0,0,0
16807,143,3,1121.59,2,4,4,244,At Risk,373.8633333333333,373.8633333333333,Bronze,0,1,0
16808,99,2,288.42,2,3,2,232,Needs Attention,144.21,144.21,Bronze,0,0,0
16809,23,5,914.69,4,4,3,443,Loyal,182.93800000000002,182.93800000000002,Silver,0,0,0
16810,192,1,309.54,1,2,2,122,Needs Attention,309.54,309.54,Bronze,0,0,0
16811,5,2,547.07,5,3,3,533,Loyal,273.535,273.535,Bronze,0,0,0
16812,361,1,479.35,1,2,2,122,Needs Attention,479.35,479.35,Bronze,0,0,0
16813,8,10,1692.98,5,5,4,554,Champions,169.298,169.298,Silver,1,0,0
16814,14,21,6509.1,4,5,5,455,Champions,309.95714285714286,309.95714285714286,Platinum,1,0,0
16816,103,4,417.06,2,4,2,242,Needs Attention,104.265,104.265,Bronze,0,0,0
16817,3,9,1604.75,5,5,4,554,Champions,178.30555555555554,178.30555555555554,Silver,1,0,0
16818,11,11,3349.57,5,5,5,555,Champions,304.50636363636363,304.50636363636363,Gold,1,0,0
16820,96,1,497.61,2,2,3,223,Needs Attention,497.61,497.61,Bronze,0,0,0
16823,227,1,358.38,1,2,2,122,Needs Attention,358.38,358.38,Bronze,0,0,0
16824,16,2,460.64,4,3,2,432,Potential,230.32,230.32,Bronze,0,0,0
16825,39,2,775.18,3,3,3,333,Loyal,387.59,387.59,Bronze,0,0,0
16826,51,1,341.7,3,2,2,322,Dormant,341.7,341.7,Bronze,0,0,1
16828,93,2,128.5,2,3,1,231,Dormant,64.25,64.25,Bronze,0,0,1
16829,157,1,197.22,2,2,1,221,Dormant,197.22,197.22,Bronze,0,0,1
16830,39,1,325.91,3,2,2,322,Dormant,325.91,325.91,Bronze,0,0,1
16832,184,3,199.15,1,4,1,141,Dormant,66.38333333333334,66.38333333333334,Bronze,0,0,1
16833,1,4,1106.53,5,4,4,544,Champions,276.6325,276.6325,Silver,1,0,0
16834,228,1,413.46,1,2,2,122,Needs Attention,413.46,413.46,Bronze,0,0,0
16835,128,2,180.85,2,3,1,231,Dormant,90.425,90.425,Bronze,0,0,1
16836,40,2,251.87,3,3,2,332,Dormant,125.935,125.935,Bronze,0,0,1
16837,31,11,3170.98,4,5,5,455,Champions,288.2709090909091,288.2709090909091,Gold,1,0,0
16838,197,2,588.85,1,3,3,133,Needs Attention,294.425,294.425,Bronze,0,0,0
16839,9,34,16594.35,5,5,5,555,Champions,488.06911764705876,488.06911764705876,Platinum,1,0,0
16841,37,6,1869.82,3,5,4,354,Loyal,311.63666666666666,311.63666666666666,Silver,0,0,0
16842,101,3,1264.19,2,4,4,244,At Risk,421.3966666666667,421.3966666666667,Bronze,0,1,0
16843,43,16,10196.57,3,5,5,355,Loyal,637.285625,637.285625,Gold,0,0,0
16846,50,1,214.32,3,2,1,321,Dormant,214.32,214.32,Bronze,0,0,1
16847,43,1,193.44,3,2,1,321,Dormant,193.44,193.44,Bronze,0,0,1
16848,53,1,281.42,3,2,2,322,Dormant,281.42,281.42,Bronze,0,0,1
16849,187,1,124.57,1,2,1,121,Dormant,124.57,124.57,Bronze,0,0,1
16850,334,1,332.41,1,2,2,122,Needs Attention,332.41,332.41,Bronze,0,0,0
16851,4,3,342.45,5,4,2,542,Potential,114.14999999999999,114.14999999999999,Bronze,0,0,0
16852,10,2,144.91,5,3,1,531,Potential,72.455,72.455,Bronze,0,0,0
16855,24,2,328.40000000000003,4,3,2,432,Potential,164.20000000000002,164.20000000000002,Bronze,0,0,0
16856,15,1,35.400000000000006,4,2,1,421,Potential,35.400000000000006,35.400000000000006,Bronze,0,0,0
16858,369,1,375.69000000000005,1,2,2,122,Needs Attention,375.69000000000005,375.69000000000005,Bronze,0,0,0
16859,145,2,747.81,2,3,3,233,Needs Attention,373.905,373.905,Bronze,0,0,0
16861,60,2,173.76,3,3,1,331,Dormant,86.88,86.88,Bronze,0,0,1
16863,31,2,502.8,4,3,3,433,Loyal,251.4,251.4,Bronze,0,0,0
16866,141,3,207.74,2,4,1,241,Dormant,69.24666666666667,69.24666666666667,Bronze,0,0,1
16869,23,4,825.4200000000001,4,4,3,443,Loyal,206.35500000000002,206.35500000000002,Silver,0,0,0
16871,22,6,2812.34,4,5,5,455,Champions,468.72333333333336,468.72333333333336,Gold,1,0,0
16872,77,3,680.02,2,4,3,243,Needs Attention,226.67333333333332,226.67333333333332,Bronze,0,0,0
16873,5,6,7123.62,5,5,5,555,Champions,1187.27,1187.27,Gold,1,0,0
16875,67,5,2095.53,3,4,5,345,Loyal,419.10600000000005,419.10600000000005,Silver,0,0,0
16877,12,6,853.72,5,5,3,553,Loyal,142.28666666666666,142.28666666666666,Silver,0,0,0
16878,84,1,13.3,2,2,1,221,Dormant,13.3,13.3,Bronze,0,0,1
16880,31,7,1519.08,4,5,4,454,Champions,217.01142857142855,217.01142857142855,Silver,1,0,0
16881,67,1,432.0,3,2,2,322,Dormant,432.0,432.0,Bronze,0,0,1
16882,67,3,705.12,3,4,3,343,Loyal,235.04,235.04,Bronze,0,0,0
16883,187,2,276.73,1,3,2,132,Needs Attention,138.365,138.365,Bronze,0,0,0
16884,38,2,429.84,3,3,2,332,Dormant,214.92,214.92,Bronze,0,0,1
16885,15,3,471.51,4,4,2,442,Potential,157.17,157.17,Bronze,0,0,0
16887,35,1,194.88,3,2,1,321,Dormant,194.88,194.88,Bronze,0,0,1
16889,195,3,1578.67,1,4,4,144,At Risk,526.2233333333334,526.2233333333334,Bronze,0,1,0
16891,2,5,809.7,5,4,3,543,Loyal,161.94,161.94,Silver,0,0,0
16892,1,5,525.54,5,4,3,543,Loyal,105.10799999999999,105.10799999999999,Silver,0,0,0
16893,367,1,145.93,1,2,1,121,Dormant,145.93,145.93,Bronze,0,0,1
16895,65,1,219.14,3,2,1,321,Dormant,219.14,219.14,Bronze,0,0,1
16897,299,2,289.78,1,3,2,132,Needs Attention,144.89,144.89,Bronze,0,0,0
16898,26,3,508.81,4,4,3,443,Loyal,169.60333333333332,169.60333333333332,Bronze,0,0,0
16899,8,6,1281.56,5,5,4,554,Champions,213.59333333333333,213.59333333333333,Silver,1,0,0
16900,17,3,887.11,4,4,3,443,Loyal,295.7033333333333,295.7033333333333,Bronze,0,0,0
16902,116,1,1706.88,2,2,4,224,Needs Attention,1706.88,1706.88,Bronze,0,0,0
16903,29,1,373.24,4,2,2,422,Potential,373.24,373.24,Bronze,0,0,0
16904,4,16,3754.27,5,5,5,555,Champions,234.641875,234.641875,Gold,1,0,0
16905,5,7,3102.43,5,5,5,555,Champions,443.2042857142857,443.2042857142857,Gold,1,0,0
16906,82,4,579.77,2,4,3,243,Needs Attention,144.9425,144.9425,Silver,0,0,0
16907,29,5,981.65,4,4,4,444,Champions,196.32999999999998,196.32999999999998,Silver,1,0,0
16909,72,1,379.14,2,2,2,222,Needs Attention,379.14,379.14,Bronze,0,0,0
16910,4,8,1510.06,5,5,4,554,Champions,188.7575,188.7575,Silver,1,0,0
16912,29,11,2575.38,4,5,5,455,Champions,234.12545454545455,234.12545454545455,Gold,1,0,0
16913,290,1,113.44,1,2,1,121,Dormant,113.44,113.44,Bronze,0,0,1
16914,36,1,208.46,3,2,1,321,Dormant,208.46,208.46,Bronze,0,0,1
16915,9,6,621.6800000000001,5,5,3,553,Loyal,103.61333333333334,103.61333333333334,Silver,0,0,0
16916,24,2,576.26,4,3,3,433,Loyal,288.13,288.13,Bronze,0,0,0
16917,277,1,391.52,1,2,2,122,Needs Attention,391.52,391.52,Bronze,0,0,0
16918,50,6,1068.82,3,5,4,354,Loyal,178.13666666666666,178.13666666666666,Silver,0,0,0
16919,156,11,2596.45,2,5,5,255,At Risk,236.04090909090908,236.04090909090908,Bronze,0,1,0
16921,61,1,169.79,3,2,1,321,Dormant,169.79,169.79,Bronze,0,0,1
16923,12,19,7247.61,5,5,5,555,Champions,381.4531578947368,381.4531578947368,Platinum,1,0,0
16924,21,3,846.75,4,4,3,443,Loyal,282.25,282.25,Bronze,0,0,0
16926,371,1,230.25,1,2,1,121,Dormant,230.25,230.25,Bronze,0,0,1
16927,116,3,543.05,2,4,3,243,Needs Attention,181.01666666666665,181.01666666666665,Bronze,0,0,0
16928,80,17,2847.6,2,5,5,255,At Risk,167.50588235294117,167.50588235294117,Silver,0,1,0
16929,4,7,1295.39,5,5,4,554,Champions,185.0557142857143,185.0557142857143,Silver,1,0,0
16930,26,3,380.55,4,4,2,442,Potential,126.85000000000001,126.85000000000001,Bronze,0,0,0
16931,5,21,4604.22,5,5,5,555,Champions,219.24857142857144,219.24857142857144,Gold,1,0,0
16932,53,1,161.94,3,2,1,321,Dormant,161.94,161.94,Bronze,0,0,1
16933,1,2,563.23,5,3,3,533,Loyal,281.615,281.615,Bronze,0,0,0
16934,55,2,950.9300000000001,3,3,4,334,Loyal,475.46500000000003,475.46500000000003,Bronze,0,0,0
16936,26,1,262.68,4,2,2,422,Potential,262.68,262.68,Bronze,0,0,0
16938,9,4,2736.38,5,4,5,545,Champions,684.095,684.095,Silver,1,0,0
16940,52,3,3049.88,3,4,5,345,Loyal,1016.6266666666667,1016.6266666666667,Bronze,0,0,0
16942,13,9,1920.59,5,5,4,554,Champions,213.39888888888888,213.39888888888888,Silver,1,0,0
16943,212,3,816.73,1,4,3,143,Needs Attention,272.24333333333334,272.24333333333334,Bronze,0,0,0
16945,22,19,4345.5,4,5,5,455,Champions,228.71052631578948,228.71052631578948,Gold,1,0,0
16947,236,1,406.48,1,2,2,122,Needs Attention,406.48,406.48,Bronze,0,0,0
16948,139,3,435.02,2,4,2,242,Needs Attention,145.00666666666666,145.00666666666666,Bronze,0,0,0
16949,4,6,1286.27,5,5,4,554,Champions,214.37833333333333,214.37833333333333,Silver,1,0,0
16950,57,3,1178.56,3,4,4,344,Loyal,392.8533333333333,392.8533333333333,Bronze,0,0,0
16951,135,3,1277.75,2,4,4,244,At Risk,425.9166666666667,425.9166666666667,Bronze,0,1,0
16952,109,2,167.61,2,3,1,231,Dormant,83.805,83.805,Bronze,0,0,1
16953,30,1,20.8,4,2,1,421,Potential,20.8,20.8,Bronze,0,0,0
16954,1,9,2085.08,5,5,5,555,Champions,231.67555555555555,231.67555555555555,Gold,1,0,0
16955,185,4,518.67,1,4,3,143,Needs Attention,129.6675,129.6675,Bronze,0,0,0
16956,18,1,308.74,4,2,2,422,Potential,308.74,308.74,Bronze,0,0,0
16957,239,2,416.64,1,3,2,132,Needs Attention,208.32,208.32,Bronze,0,0,0
16959,87,1,117.35000000000001,2,2,1,221,Dormant,117.35000000000001,117.35000000000001,Bronze,0,0,1
16960,39,3,507.05,3,4,3,343,Loyal,169.01666666666668,169.01666666666668,Bronze,0,0,0
16961,116,1,234.17000000000002,2,2,1,221,Dormant,234.17000000000002,234.17000000000002,Bronze,0,0,1
16963,187,1,110.55000000000001,1,2,1,121,Dormant,110.55000000000001,110.55000000000001,Bronze,0,0,1
16965,227,1,201.19,1,2,1,121,Dormant,201.19,201.19,Bronze,0,0,1
16966,8,7,2154.97,5,5,5,555,Champions,307.8528571428571,307.8528571428571,Gold,1,0,0
16967,189,1,319.02,1,2,2,122,Needs Attention,319.02,319.02,Bronze,0,0,0
16968,4,2,439.43,5,3,2,532,Potential,219.715,219.715,Bronze,0,0,0
16969,39,3,650.41,3,4,3,343,Loyal,216.8033333333333,216.8033333333333,Bronze,0,0,0
16971,38,1,357.21,3,2,2,322,Dormant,357.21,357.21,Bronze,0,0,1
16976,267,1,251.51999999999998,1,2,2,122,Needs Attention,251.51999999999998,251.51999999999998,Bronze,0,0,0
16978,78,1,344.33,2,2,2,222,Needs Attention,344.33,344.33,Bronze,0,0,0
16979,4,6,1852.0,5,5,4,554,Champions,308.6666666666667,308.6666666666667,Silver,1,0,0
16980,255,2,1078.96,1,3,4,134,Needs Attention,539.48,539.48,Bronze,0,0,0
16982,61,1,384.06,3,2,2,322,Dormant,384.06,384.06,Bronze,0,0,1
16983,13,7,1931.25,5,5,4,554,Champions,275.89285714285717,275.89285714285717,Silver,1,0,0
16984,88,2,4481.35,2,3,5,235,Needs Attention,2240.675,2240.675,Bronze,0,0,0
16985,17,10,5464.12,4,5,5,455,Champions,546.412,546.412,Gold,1,0,0
16986,30,2,1873.2,4,3,4,434,Loyal,936.6,936.6,Bronze,0,0,0
16987,3,7,1625.05,5,5,4,554,Champions,232.15,232.15,Silver,1,0,0
16988,5,1,126.12,5,2,1,521,Potential,126.12,126.12,Bronze,0,0,0
16989,7,6,1133.25,5,5,4,554,Champions,188.875,188.875,Silver,1,0,0
16990,219,1,179.0,1,2,1,121,Dormant,179.0,179.0,Bronze,0,0,1
16992,11,5,1614.31,5,4,4,544,Champions,322.86199999999997,322.86199999999997,Silver,1,0,0
16996,30,6,1456.96,4,5,4,454,Champions,242.82666666666668,242.82666666666668,Silver,1,0,0
16997,288,3,702.0,1,4,3,143,Needs Attention,234.0,234.0,Bronze,0,0,0
16998,150,4,295.0,2,4,2,242,Needs Attention,73.75,73.75,Bronze,0,0,0
16999,23,2,484.82,4,3,2,432,Potential,242.41,242.41,Bronze,0,0,0
17001,1,11,3989.57,5,5,5,555,Champions,362.6881818181818,362.6881818181818,Gold,1,0,0
17002,86,3,1493.73,2,4,4,244,At Risk,497.91,497.91,Bronze,0,1,0
17004,46,2,1412.94,3,3,4,334,Loyal,706.47,706.47,Bronze,0,0,0
17006,5,4,781.78,5,4,3,543,Loyal,195.445,195.445,Silver,0,0,0
17007,51,6,889.9300000000001,3,5,3,353,Loyal,148.3216666666667,148.3216666666667,Silver,0,0,0
17010,18,1,195.36,4,2,1,421,Potential,195.36,195.36,Bronze,0,0,0
17011,30,1,270.9,4,2,2,422,Potential,270.9,270.9,Bronze,0,0,0
17014,8,3,586.33,5,4,3,543,Loyal,195.44333333333336,195.44333333333336,Bronze,0,0,0
17015,29,3,1842.56,4,4,4,444,Champions,614.1866666666666,614.1866666666666,Bronze,1,0,0
17017,3,20,8694.26,5,5,5,555,Champions,434.713,434.713,Platinum,1,0,0
17018,41,2,920.1,3,3,3,333,Loyal,460.05,460.05,Bronze,0,0,0
17019,11,4,1272.61,5,4,4,544,Champions,318.1525,318.1525,Silver,1,0,0
17022,31,1,71.0,4,2,1,421,Potential,71.0,71.0,Bronze,0,0,0
17024,45,3,95.85,3,4,1,341,Dormant,31.95,31.95,Bronze,0,0,1
17025,61,3,357.77,3,4,2,342,Dormant,119.25666666666666,119.25666666666666,Bronze,0,0,1
17026,185,2,154.83,1,3,1,131,Dormant,77.415,77.415,Bronze,0,0,1
17027,79,6,890.29,2,5,3,253,Needs Attention,148.38166666666666,148.38166666666666,Silver,0,0,0
17029,111,2,716.0,2,3,3,233,Needs Attention,358.0,358.0,Bronze,0,0,0
17030,64,1,146.87,3,2,1,321,Dormant,146.87,146.87,Bronze,0,0,1
17031,12,2,380.35,5,3,2,532,Potential,190.175,190.175,Bronze,0,0,0
17033,86,3,1030.14,2,4,4,244,At Risk,343.38000000000005,343.38000000000005,Bronze,0,1,0
17034,16,3,745.52,4,4,3,443,Loyal,248.50666666666666,248.50666666666666,Bronze,0,0,0
17035,246,2,433.53000000000003,1,3,2,132,Needs Attention,216.76500000000001,216.76500000000001,Bronze,0,0,0
17037,88,1,1267.32,2,2,4,224,Needs Attention,1267.32,1267.32,Bronze,0,0,0
17038,30,1,112.4,4,2,1,421,Potential,112.4,112.4,Bronze,0,0,0
17040,138,1,449.73,2,2,2,222,Needs Attention,449.73,449.73,Bronze,0,0,0
17041,27,3,1081.57,4,4,4,444,Champions,360.5233333333333,360.5233333333333,Bronze,1,0,0
17042,3,5,1044.38,5,4,4,544,Champions,208.87600000000003,208.87600000000003,Silver,1,0,0
17043,32,4,1735.18,4,4,4,444,Champions,433.795,433.795,Silver,1,0,0
17044,25,1,948.48,4,2,4,424,Potential,948.48,948.48,Bronze,0,0,0
17045,113,3,339.44,2,4,2,242,Needs Attention,113.14666666666666,113.14666666666666,Bronze,0,0,0
17046,157,1,642.02,2,2,3,223,Needs Attention,642.02,642.02,Bronze,0,0,0
17047,85,3,1100.9,2,4,4,244,At Risk,366.9666666666667,366.9666666666667,Bronze,0,1,0
17048,118,3,925.35,2,4,3,243,Needs Attention,308.45,308.45,Bronze,0,0,0
17049,3,9,5659.9800000000005,5,5,5,555,Champions,628.8866666666668,628.8866666666668,Gold,1,0,0
17050,96,6,3228.84,2,5,5,255,At Risk,538.14,538.14,Bronze,0,1,0
17051,194,1,247.14,1,2,1,121,Dormant,247.14,247.14,Bronze,0,0,1
17052,28,1,413.75,4,2,2,422,Potential,413.75,413.75,Bronze,0,0,0
17053,131,1,498.48,2,2,3,223,Needs Attention,498.48,498.48,Bronze,0,0,0
17054,28,5,1356.33,4,4,4,444,Champions,271.26599999999996,271.26599999999996,Silver,1,0,0
17058,82,3,1179.89,2,4,4,244,At Risk,393.2966666666667,393.2966666666667,Bronze,0,1,0
17059,30,5,3095.04,4,4,5,445,Champions,619.008,619.008,Silver,1,0,0
17060,266,1,234.24,1,2,1,121,Dormant,234.24,234.24,Bronze,0,0,1
17061,74,11,5232.2300000000005,2,5,5,255,At Risk,475.65727272727275,475.65727272727275,Silver,0,1,0
17062,314,4,538.37,1,4,3,143,Needs Attention,134.5925,134.5925,Bronze,0,0,0
17063,21,7,1461.14,4,5,4,454,Champions,208.73428571428573,208.73428571428573,Silver,1,0,0
17064,59,3,859.35,3,4,3,343,Loyal,286.45,286.45,Bronze,0,0,0
17068,12,21,4552.14,5,5,5,555,Champions,216.76857142857145,216.76857142857145,Gold,1,0,0
17069,28,9,2709.7000000000003,4,5,5,455,Champions,301.0777777777778,301.0777777777778,Gold,1,0,0
17070,114,1,312.14,2,2,2,222,Needs Attention,312.14,312.14,Bronze,0,0,0
17071,28,9,2429.03,4,5,5,455,Champions,269.89222222222224,269.89222222222224,Gold,1,0,0
17073,18,4,1446.09,4,4,4,444,Champions,361.5225,361.5225,Silver,1,0,0
17075,18,4,834.12,4,4,3,443,Loyal,208.53,208.53,Silver,0,0,0
17076,36,3,841.0799999999999,3,4,3,343,Loyal,280.35999999999996,280.35999999999996,Bronze,0,0,0
17078,36,2,378.2,3,3,2,332,Dormant,189.1,189.1,Bronze,0,0,1
17079,78,1,118.80000000000001,2,2,1,221,Dormant,118.80000000000001,118.80000000000001,Bronze,0,0,1
17080,22,2,287.62,4,3,2,432,Potential,143.81,143.81,Bronze,0,0,0
17081,25,2,290.16,4,3,2,432,Potential,145.08,145.08,Bronze,0,0,0
17082,33,2,2003.8500000000001,3,3,4,334,Loyal,1001.9250000000001,1001.9250000000001,Bronze,0,0,0
17083,109,3,1405.78,2,4,4,244,At Risk,468.5933333333333,468.5933333333333,Bronze,0,1,0
17084,35,2,2949.75,3,3,5,335,Loyal,1474.875,1474.875,Bronze,0,0,0
17085,123,5,1566.65,2,4,4,244,At Risk,313.33000000000004,313.33000000000004,Bronze,0,1,0
17086,7,6,2050.08,5,5,4,554,Champions,341.68,341.68,Gold,1,0,0
17088,28,4,1991.01,4,4,4,444,Champions,497.7525,497.7525,Silver,1,0,0
17090,4,7,2043.95,5,5,4,554,Champions,291.99285714285713,291.99285714285713,Gold,1,0,0
17091,3,9,3827.76,5,5,5,555,Champions,425.3066666666667,425.3066666666667,Gold,1,0,0
17092,50,4,1777.78,3,4,4,344,Loyal,444.445,444.445,Silver,0,0,0
17094,322,1,302.0,1,2,2,122,Needs Attention,302.0,302.0,Bronze,0,0,0
17095,23,3,1324.16,4,4,4,444,Champions,441.3866666666667,441.3866666666667,Bronze,1,0,0
17096,15,4,1022.13,4,4,4,444,Champions,255.5325,255.5325,Silver,1,0,0
17097,2,8,954.42,5,5,4,554,Champions,119.3025,119.3025,Silver,1,0,0
17100,18,2,971.74,4,3,4,434,Loyal,485.87,485.87,Bronze,0,0,0
17101,10,4,1621.73,5,4,4,544,Champions,405.4325,405.4325,Silver,1,0,0
17102,262,1,25.5,1,2,1,121,Dormant,25.5,25.5,Bronze,0,0,1
17105,159,2,665.78,2,3,3,233,Needs Attention,332.89,332.89,Bronze,0,0,0
17107,33,6,10815.43,3,5,5,355,Loyal,1802.5716666666667,1802.5716666666667,Gold,0,0,0
17109,29,6,885.04,4,5,3,453,Loyal,147.50666666666666,147.50666666666666,Silver,0,0,0
17110,165,1,163.29999999999998,2,2,1,221,Dormant,163.29999999999998,163.29999999999998,Bronze,0,0,1
17111,47,1,248.61,3,2,1,321,Dormant,248.61,248.61,Bronze,0,0,1
17114,6,8,808.62,5,5,3,553,Loyal,101.0775,101.0775,Silver,0,0,0
17115,8,3,837.5,5,4,3,543,Loyal,279.1666666666667,279.1666666666667,Bronze,0,0,0
17117,288,1,116.2,1,2,1,121,Dormant,116.2,116.2,Bronze,0,0,1
17118,318,1,157.02,1,2,1,121,Dormant,157.02,157.02,Bronze,0,0,1
17119,3,2,606.91,5,3,3,533,Loyal,303.455,303.455,Bronze,0,0,0
17120,233,1,307.46,1,2,2,122,Needs Attention,307.46,307.46,Bronze,0,0,0
17122,119,1,138.32,2,2,1,221,Dormant,138.32,138.32,Bronze,0,0,1
17123,162,1,345.3,2,2,2,222,Needs Attention,345.3,345.3,Bronze,0,0,0
17124,185,1,298.89,1,2,2,122,Needs Attention,298.89,298.89,Bronze,0,0,0
17125,50,1,259.35,3,2,2,322,Dormant,259.35,259.35,Bronze,0,0,1
17126,152,5,1004.75,2,4,4,244,At Risk,200.95,200.95,Bronze,0,1,0
17128,335,1,157.09,1,2,1,121,Dormant,157.09,157.09,Bronze,0,0,1
17131,5,5,2463.17,5,4,5,545,Champions,492.634,492.634,Silver,1,0,0
17133,16,7,4892.240000000001,4,5,5,455,Champions,698.8914285714287,698.8914285714287,Gold,1,0,0
17134,107,2,425.0,2,3,2,232,Needs Attention,212.5,212.5,Bronze,0,0,0
17135,16,7,1139.73,4,5,4,454,Champions,162.81857142857143,162.81857142857143,Silver,1,0,0
17138,276,1,380.5,1,2,2,122,Needs Attention,380.5,380.5,Bronze,0,0,0
17139,16,12,10668.47,4,5,5,455,Champions,889.0391666666666,889.0391666666666,Platinum,1,0,0
17140,247,1,465.32,1,2,2,122,Needs Attention,465.32,465.32,Bronze,0,0,0
17142,239,1,579.0,1,2,3,123,Needs Attention,579.0,579.0,Bronze,0,0,0
17144,1,2,984.57,5,3,4,534,Loyal,492.285,492.285,Bronze,0,0,0
17146,106,3,749.78,2,4,3,243,Needs Attention,249.92666666666665,249.92666666666665,Bronze,0,0,0
17147,23,4,1714.59,4,4,4,444,Champions,428.6475,428.6475,Silver,1,0,0
17148,52,1,124.88,3,2,1,321,Dormant,124.88,124.88,Bronze,0,0,1
17152,195,3,1689.5,1,4,4,144,At Risk,563.1666666666666,563.1666666666666,Bronze,0,1,0
17153,24,1,213.78,4,2,1,421,Potential,213.78,213.78,Bronze,0,0,0
17154,75,1,329.34,2,2,2,222,Needs Attention,329.34,329.34,Bronze,0,0,0
17155,18,2,251.7,4,3,2,432,Potential,125.85,125.85,Bronze,0,0,0
17157,8,2,319.0,5,3,2,532,Potential,159.5,159.5,Bronze,0,0,0
17158,32,3,1266.97,4,4,4,444,Champions,422.3233333333333,422.3233333333333,Bronze,1,0,0
17159,22,3,1538.88,4,4,4,444,Champions,512.96,512.96,Bronze,1,0,0
17160,31,6,3518.03,4,5,5,455,Champions,586.3383333333334,586.3383333333334,Gold,1,0,0
17162,29,10,1715.46,4,5,4,454,Champions,171.546,171.546,Silver,1,0,0
17163,22,2,293.1,4,3,2,432,Potential,146.55,146.55,Bronze,0,0,0
17164,33,7,2467.35,3,5,5,355,Loyal,352.4785714285714,352.4785714285714,Gold,0,0,0
17165,284,1,158.68,1,2,1,121,Dormant,158.68,158.68,Bronze,0,0,1
17166,39,2,206.34,3,3,1,331,Dormant,103.17,103.17,Bronze,0,0,1
17169,58,2,835.78,3,3,3,333,Loyal,417.89,417.89,Bronze,0,0,0
17171,289,1,224.91,1,2,1,121,Dormant,224.91,224.91,Bronze,0,0,1
17172,79,1,317.76,2,2,2,222,Needs Attention,317.76,317.76,Bronze,0,0,0
17173,5,8,3766.6,5,5,5,555,Champions,470.825,470.825,Gold,1,0,0
17174,218,1,59.9,1,2,1,121,Dormant,59.9,59.9,Bronze,0,0,1
17175,44,4,1443.69,3,4,4,344,Loyal,360.9225,360.9225,Silver,0,0,0
17176,202,1,306.13,1,2,2,122,Needs Attention,306.13,306.13,Bronze,0,0,0
17179,178,3,711.79,2,4,3,243,Needs Attention,237.26333333333332,237.26333333333332,Bronze,0,0,0
17180,56,4,796.03,3,4,3,343,Loyal,199.0075,199.0075,Silver,0,0,0
17181,57,2,239.92000000000002,3,3,1,331,Dormant,119.96000000000001,119.96000000000001,Bronze,0,0,1
17183,8,6,3347.31,5,5,5,555,Champions,557.885,557.885,Gold,1,0,0
17186,47,2,144.0,3,3,1,331,Dormant,72.0,72.0,Bronze,0,0,1
17187,227,1,203.95,1,2,1,121,Dormant,203.95,203.95,Bronze,0,0,1
17188,11,7,2474.23,5,5,5,555,Champions,353.4614285714286,353.4614285714286,Gold,1,0,0
17189,106,2,384.4,2,3,2,232,Needs Attention,192.2,192.2,Bronze,0,0,0
17190,59,2,444.74,3,3,2,332,Dormant,222.37,222.37,Bronze,0,0,1
17191,28,7,2095.13,4,5,5,455,Champions,299.30428571428575,299.30428571428575,Gold,1,0,0
17193,36,7,1699.3,3,5,4,354,Loyal,242.75714285714284,242.75714285714284,Silver,0,0,0
17194,274,2,262.62,1,3,2,132,Needs Attention,131.31,131.31,Bronze,0,0,0
17197,30,1,1013.01,4,2,4,424,Potential,1013.01,1013.01,Bronze,0,0,0
17198,24,3,692.22,4,4,3,443,Loyal,230.74,230.74,Bronze,0,0,0
17201,54,1,342.63,3,2,2,322,Dormant,342.63,342.63,Bronze,0,0,1
17203,36,6,3563.85,3,5,5,355,Loyal,593.975,593.975,Gold,0,0,0
17204,175,4,1564.56,2,4,4,244,At Risk,391.14,391.14,Bronze,0,1,0
17205,54,1,384.08,3,2,2,322,Dormant,384.08,384.08,Bronze,0,0,1
17206,53,1,204.24,3,2,1,321,Dormant,204.24,204.24,Bronze,0,0,1
17211,27,8,2317.2200000000003,4,5,5,455,Champions,289.65250000000003,289.65250000000003,Gold,1,0,0
17212,253,1,226.85,1,2,1,121,Dormant,226.85,226.85,Bronze,0,0,1
17213,40,7,2781.23,3,5,5,355,Loyal,397.31857142857143,397.31857142857143,Gold,0,0,0
17214,60,6,1069.1200000000001,3,5,4,354,Loyal,178.1866666666667,178.1866666666667,Silver,0,0,0
17217,234,1,113.5,1,2,1,121,Dormant,113.5,113.5,Bronze,0,0,1
17218,4,10,1960.72,5,5,4,554,Champions,196.072,196.072,Silver,1,0,0
17219,32,1,114.23,4,2,1,421,Potential,114.23,114.23,Bronze,0,0,0
17220,24,14,3198.25,4,5,5,455,Champions,228.44642857142858,228.44642857142858,Gold,1,0,0
17221,7,2,335.13,5,3,2,532,Potential,167.565,167.565,Bronze,0,0,0
17222,65,1,354.15,3,2,2,322,Dormant,354.15,354.15,Bronze,0,0,1
17223,310,2,426.79,1,3,2,132,Needs Attention,213.395,213.395,Bronze,0,0,0
17226,309,1,393.49,1,2,2,122,Needs Attention,393.49,393.49,Bronze,0,0,0
17227,19,6,939.32,4,5,3,453,Loyal,156.55333333333334,156.55333333333334,Silver,0,0,0
17228,16,8,1906.09,4,5,4,454,Champions,238.26125,238.26125,Silver,1,0,0
17229,96,2,318.76,2,3,2,232,Needs Attention,159.38,159.38,Bronze,0,0,0
17230,264,8,3638.41,1,5,5,155,At Risk,454.80125,454.80125,Bronze,0,1,0
17231,12,10,3174.32,5,5,5,555,Champions,317.432,317.432,Gold,1,0,0
17232,3,2,421.52,5,3,2,532,Potential,210.76,210.76,Bronze,0,0,0
17233,35,1,190.88,3,2,1,321,Dormant,190.88,190.88,Bronze,0,0,1
17234,183,1,149.89,1,2,1,121,Dormant,149.89,149.89,Bronze,0,0,1
17235,25,2,550.0600000000001,4,3,3,433,Loyal,275.03000000000003,275.03000000000003,Bronze,0,0,0
17236,13,6,916.13,5,5,3,553,Loyal,152.68833333333333,152.68833333333333,Silver,0,0,0
17237,11,2,314.69,5,3,2,532,Potential,157.345,157.345,Bronze,0,0,0
17238,3,17,3744.65,5,5,5,555,Champions,220.2735294117647,220.2735294117647,Gold,1,0,0
17239,313,1,382.5,1,2,2,122,Needs Attention,382.5,382.5,Bronze,0,0,0
17242,108,2,1135.04,2,3,4,234,Needs Attention,567.52,567.52,Bronze,0,0,0
17243,1,26,8676.85,5,5,5,555,Champions,333.725,333.725,Platinum,1,0,0
17244,53,1,954.9,3,2,4,324,Dormant,954.9,954.9,Bronze,0,0,1
17245,205,1,171.45000000000002,1,2,1,121,Dormant,171.45000000000002,171.45000000000002,Bronze,0,0,1
17247,15,1,282.19,4,2,2,422,Potential,282.19,282.19,Bronze,0,0,0
17248,120,1,318.65,2,2,2,222,Needs Attention,318.65,318.65,Bronze,0,0,0
17250,4,2,384.52,5,3,2,532,Potential,192.26,192.26,Bronze,0,0,0
17251,363,1,283.28000000000003,1,2,2,122,Needs Attention,283.28000000000003,283.28000000000003,Bronze,0,0,0
17252,117,2,353.86,2,3,2,232,Needs Attention,176.93,176.93,Bronze,0,0,0
17253,18,1,178.26,4,2,1,421,Potential,178.26,178.26,Bronze,0,0,0
17254,5,2,272.44,5,3,2,532,Potential,136.22,136.22,Bronze,0,0,0
17255,41,2,298.41,3,3,2,332,Dormant,149.205,149.205,Bronze,0,0,1
17256,107,2,240.0,2,3,1,231,Dormant,120.0,120.0,Bronze,0,0,1
17259,148,2,603.37,2,3,3,233,Needs Attention,301.685,301.685,Bronze,0,0,0
17262,52,5,1253.3600000000001,3,4,4,344,Loyal,250.67200000000003,250.67200000000003,Silver,0,0,0
17263,208,1,63.440000000000005,1,2,1,121,Dormant,63.440000000000005,63.440000000000005,Bronze,0,0,1
17265,139,2,562.9,2,3,3,233,Needs Attention,281.45,281.45,Bronze,0,0,0
17266,2,3,310.64,5,4,2,542,Potential,103.54666666666667,103.54666666666667,Bronze,0,0,0
17267,127,2,317.62,2,3,2,232,Needs Attention,158.81,158.81,Bronze,0,0,0
17268,108,4,763.64,2,4,3,243,Needs Attention,190.91,190.91,Bronze,0,0,0
17272,42,4,2148.63,3,4,5,345,Loyal,537.1575,537.1575,Silver,0,0,0
17274,35,1,111.98,3,2,1,321,Dormant,111.98,111.98,Bronze,0,0,1
17277,228,2,1065.3500000000001,1,3,4,134,Needs Attention,532.6750000000001,532.6750000000001,Bronze,0,0,0
17278,241,1,246.04000000000002,1,2,1,121,Dormant,246.04000000000002,246.04000000000002,Bronze,0,0,1
17279,58,1,187.82999999999998,3,2,1,321,Dormant,187.82999999999998,187.82999999999998,Bronze,0,0,1
17282,130,3,1703.41,2,4,4,244,At Risk,567.8033333333334,567.8033333333334,Bronze,0,1,0
17284,60,6,1652.58,3,5,4,354,Loyal,275.43,275.43,Silver,0,0,0
17286,22,1,153.92,4,2,1,421,Potential,153.92,153.92,Bronze,0,0,0
17287,26,7,1064.11,4,5,4,454,Champions,152.01571428571427,152.01571428571427,Silver,1,0,0
17288,9,7,1419.73,5,5,4,554,Champions,202.81857142857143,202.81857142857143,Silver,1,0,0
17289,32,3,944.41,4,4,4,444,Champions,314.80333333333334,314.80333333333334,Bronze,1,0,0
17290,4,2,525.24,5,3,3,533,Loyal,262.62,262.62,Bronze,0,0,0
17291,308,1,550.8000000000001,1,2,3,123,Needs Attention,550.8000000000001,550.8000000000001,Bronze,0,0,0
17293,8,9,1875.11,5,5,4,554,Champions,208.34555555555553,208.34555555555553,Silver,1,0,0
17295,29,3,556.95,4,4,3,443,Loyal,185.65,185.65,Bronze,0,0,0
17297,17,1,131.78,4,2,1,421,Potential,131.78,131.78,Bronze,0,0,0
17298,101,2,498.42,2,3,3,233,Needs Attention,249.21,249.21,Bronze,0,0,0
17299,12,4,669.11,5,4,3,543,Loyal,167.2775,167.2775,Silver,0,0,0
17301,21,1,197.63,4,2,1,421,Potential,197.63,197.63,Bronze,0,0,0
17302,15,5,1135.63,4,4,4,444,Champions,227.12600000000003,227.12600000000003,Silver,1,0,0
17303,361,1,250.04,1,2,1,121,Dormant,250.04,250.04,Bronze,0,0,1
17306,11,19,8631.31,5,5,5,555,Champions,454.2794736842105,454.2794736842105,Platinum,1,0,0
17309,95,1,82.75,2,2,1,221,Dormant,82.75,82.75,Bronze,0,0,1
17311,78,2,1384.85,2,3,4,234,Needs Attention,692.425,692.425,Bronze,0,0,0
17312,139,3,644.3,2,4,3,243,Needs Attention,214.76666666666665,214.76666666666665,Bronze,0,0,0
17313,31,1,2328.84,4,2,5,425,Potential,2328.84,2328.84,Bronze,0,0,0
17314,25,8,2527.92,4,5,5,455,Champions,315.99,315.99,Gold,1,0,0
17315,2,38,6292.26,5,5,5,555,Champions,165.58578947368423,165.58578947368423,Platinum,1,0,0
17317,46,3,2600.34,3,4,5,345,Loyal,866.7800000000001,866.7800000000001,Bronze,0,0,0
17320,100,3,1200.6200000000001,2,4,4,244,At Risk,400.2066666666667,400.2066666666667,Bronze,0,1,0
17321,8,2,700.86,5,3,3,533,Loyal,350.43,350.43,Bronze,0,0,0
17323,15,7,921.0699999999999,4,5,3,453,Loyal,131.58142857142857,131.58142857142857,Silver,0,0,0
17324,18,4,990.23,4,4,4,444,Champions,247.5575,247.5575,Silver,1,0,0
17325,280,1,96.8,1,2,1,121,Dormant,96.8,96.8,Bronze,0,0,1
17329,14,2,523.11,4,3,3,433,Loyal,261.555,261.555,Bronze,0,0,0
17330,23,2,363.9,4,3,2,432,Potential,181.95,181.95,Bronze,0,0,0
17331,124,1,175.2,2,2,1,221,Dormant,175.2,175.2,Bronze,0,0,1
17333,86,1,494.25,2,2,3,223,Needs Attention,494.25,494.25,Bronze,0,0,0
17334,302,2,307.02000000000004,1,3,2,132,Needs Attention,153.51000000000002,153.51000000000002,Bronze,0,0,0
17337,151,4,2027.8700000000001,2,4,4,244,At Risk,506.96750000000003,506.96750000000003,Bronze,0,1,0
17338,17,8,6643.93,4,5,5,455,Champions,830.49125,830.49125,Gold,1,0,0
17339,94,2,243.36,2,3,1,231,Dormant,121.68,121.68,Bronze,0,0,1
17340,30,11,12353.29,4,5,5,455,Champions,1123.0263636363636,1123.0263636363636,Gold,1,0,0
17341,157,3,781.36,2,4,3,243,Needs Attention,260.4533333333333,260.4533333333333,Bronze,0,0,0
17343,355,1,193.64,1,2,1,121,Dormant,193.64,193.64,Bronze,0,0,1
17344,46,1,160.57,3,2,1,321,Dormant,160.57,160.57,Bronze,0,0,1
17345,15,4,537.74,4,4,3,443,Loyal,134.435,134.435,Silver,0,0,0
17346,4,15,2676.56,5,5,5,555,Champions,178.43733333333333,178.43733333333333,Gold,1,0,0
17347,86,1,228.96,2,2,1,221,Dormant,228.96,228.96,Bronze,0,0,1
17348,15,5,1159.52,4,4,4,444,Champions,231.904,231.904,Silver,1,0,0
17349,179,1,110.75,2,2,1,221,Dormant,110.75,110.75,Bronze,0,0,1
17350,8,4,1286.07,5,4,4,544,Champions,321.5175,321.5175,Silver,1,0,0
17351,36,3,587.15,3,4,3,343,Loyal,195.71666666666667,195.71666666666667,Bronze,0,0,0
17353,129,2,1740.0,2,3,4,234,Needs Attention,870.0,870.0,Bronze,0,0,0
17354,51,1,1393.06,3,2,4,324,Dormant,1393.06,1393.06,Bronze,0,0,1
17356,312,1,178.22,1,2,1,121,Dormant,178.22,178.22,Bronze,0,0,1
17357,24,2,388.14,4,3,2,432,Potential,194.07,194.07,Bronze,0,0,0
17358,303,2,365.85,1,3,2,132,Needs Attention,182.925,182.925,Bronze,0,0,0
17359,11,1,127.86,5,2,1,521,Potential,127.86,127.86,Bronze,0,0,0
17360,17,3,585.79,4,4,3,443,Loyal,195.26333333333332,195.26333333333332,Bronze,0,0,0
17361,49,3,488.2,3,4,2,342,Dormant,162.73333333333332,162.73333333333332,Bronze,0,0,1
17362,239,2,312.23,1,3,2,132,Needs Attention,156.115,156.115,Bronze,0,0,0
17364,1,11,4481.18,5,5,5,555,Champions,407.38000000000005,407.38000000000005,Gold,1,0,0
17365,13,8,4801.56,5,5,5,555,Champions,600.195,600.195,Gold,1,0,0
17367,238,1,168.4,1,2,1,121,Dormant,168.4,168.4,Bronze,0,0,1
17368,23,8,1912.67,4,5,4,454,Champions,239.08375,239.08375,Silver,1,0,0
17370,73,4,446.18,2,4,2,242,Needs Attention,111.545,111.545,Bronze,0,0,0
17371,17,3,423.89,4,4,2,442,Potential,141.29666666666665,141.29666666666665,Bronze,0,0,0
17372,41,8,1342.68,3,5,4,354,Loyal,167.835,167.835,Silver,0,0,0
17373,40,4,646.92,3,4,3,343,Loyal,161.73,161.73,Silver,0,0,0
17374,219,2,495.77,1,3,3,133,Needs Attention,247.885,247.885,Bronze,0,0,0
17375,199,3,400.1,1,4,2,142,Needs Attention,133.36666666666667,133.36666666666667,Bronze,0,0,0
17376,71,2,203.2,3,3,1,331,Dormant,101.6,101.6,Bronze,0,0,1
17377,24,20,4100.92,4,5,5,455,Champions,205.046,205.046,Gold,1,0,0
17379,11,1,404.66,5,2,2,522,Potential,404.66,404.66,Bronze,0,0,0
17381,9,29,20275.61,5,5,5,555,Champions,699.1589655172414,699.1589655172414,Platinum,1,0,0
17382,65,1,65.4,3,2,1,321,Dormant,65.4,65.4,Bronze,0,0,1
17383,4,1,199.29,5,2,1,521,Potential,199.29,199.29,Bronze,0,0,0
17384,19,2,336.4,4,3,2,432,Potential,168.2,168.2,Bronze,0,0,0
17385,15,1,261.11,4,2,2,422,Potential,261.11,261.11,Bronze,0,0,0
17386,8,6,2686.42,5,5,5,555,Champions,447.7366666666667,447.7366666666667,Gold,1,0,0
17387,20,2,784.11,4,3,3,433,Loyal,392.055,392.055,Bronze,0,0,0
17388,78,4,1259.56,2,4,4,244,At Risk,314.89,314.89,Silver,0,1,0
17389,1,34,31833.68,5,5,5,555,Champions,936.2847058823529,936.2847058823529,Platinum,1,0,0
17391,164,2,508.8,2,3,3,233,Needs Attention,254.4,254.4,Bronze,0,0,0
17392,307,2,457.91,1,3,2,132,Needs Attention,228.955,228.955,Bronze,0,0,0
17394,219,1,203.86999999999998,1,2,1,121,Dormant,203.86999999999998,203.86999999999998,Bronze,0,0,1
17396,39,8,7330.8,3,5,5,355,Loyal,916.35,916.35,Gold,0,0,0
17397,22,2,696.41,4,3,3,433,Loyal,348.205,348.205,Bronze,0,0,0
17398,115,3,653.38,2,4,3,243,Needs Attention,217.79333333333332,217.79333333333332,Bronze,0,0,0
17400,126,5,2129.96,2,4,5,245,At Risk,425.992,425.992,Bronze,0,1,0
17402,5,13,2633.85,5,5,5,555,Champions,202.60384615384615,202.60384615384615,Gold,1,0,0
17403,36,1,281.62,3,2,2,322,Dormant,281.62,281.62,Bronze,0,0,1
17404,4,15,31906.82,5,5,5,555,Champions,2127.1213333333335,2127.1213333333335,Platinum,1,0,0
17405,1,3,1031.41,5,4,4,544,Champions,343.80333333333334,343.80333333333334,Bronze,1,0,0
17406,333,3,2200.42,1,4,5,145,At Risk,733.4733333333334,733.4733333333334,Bronze,0,1,0
17408,163,1,32.65,2,2,1,221,Dormant,32.65,32.65,Bronze,0,0,1
17409,185,2,771.85,1,3,3,133,Needs Attention,385.925,385.925,Bronze,0,0,0
17410,16,5,1214.72,4,4,4,444,Champions,242.94400000000002,242.94400000000002,Silver,1,0,0
17411,12,3,778.94,5,4,3,543,Loyal,259.6466666666667,259.6466666666667,Bronze,0,0,0
17412,3,7,1258.06,5,5,4,554,Champions,179.72285714285712,179.72285714285712,Silver,1,0,0
17414,44,2,778.0,3,3,3,333,Loyal,389.0,389.0,Bronze,0,0,0
17415,80,1,507.84,2,2,3,223,Needs Attention,507.84,507.84,Bronze,0,0,0
17416,30,7,6893.42,4,5,5,455,Champions,984.7742857142857,984.7742857142857,Gold,1,0,0
17418,42,2,463.46000000000004,3,3,2,332,Dormant,231.73000000000002,231.73000000000002,Bronze,0,0,1
17419,11,12,4226.57,5,5,5,555,Champions,352.21416666666664,352.21416666666664,Gold,1,0,0
17420,50,3,598.83,3,4,3,343,Loyal,199.61,199.61,Bronze,0,0,0
17422,16,6,1979.37,4,5,4,454,Champions,329.895,329.895,Silver,1,0,0
17423,46,2,698.41,3,3,3,333,Loyal,349.205,349.205,Bronze,0,0,0
17425,19,2,759.1700000000001,4,3,3,433,Loyal,379.58500000000004,379.58500000000004,Bronze,0,0,0
17426,8,6,5037.26,5,5,5,555,Champions,839.5433333333334,839.5433333333334,Gold,1,0,0
17427,72,1,100.8,2,2,1,221,Dormant,100.8,100.8,Bronze,0,0,1
17428,1,28,17256.85,5,5,5,555,Champions,616.3160714285714,616.3160714285714,Platinum,1,0,0
17429,128,3,524.9200000000001,2,4,3,243,Needs Attention,174.97333333333336,174.97333333333336,Bronze,0,0,0
17430,33,2,265.76,3,3,2,332,Dormant,132.88,132.88,Bronze,0,0,1
17431,313,1,403.3,1,2,2,122,Needs Attention,403.3,403.3,Bronze,0,0,0
17432,18,2,365.76,4,3,2,432,Potential,182.88,182.88,Bronze,0,0,0
17433,88,1,303.16,2,2,2,222,Needs Attention,303.16,303.16,Bronze,0,0,0
17434,2,7,2373.82,5,5,5,555,Champions,339.1171428571429,339.1171428571429,Gold,1,0,0
17436,2,2,216.3,5,3,1,531,Potential,108.15,108.15,Bronze,0,0,0
17438,254,1,388.45000000000005,1,2,2,122,Needs Attention,388.45000000000005,388.45000000000005,Bronze,0,0,0
17440,157,3,186.42000000000002,2,4,1,241,Dormant,62.14000000000001,62.14000000000001,Bronze,0,0,1
17442,37,6,2248.56,3,5,5,355,Loyal,374.76,374.76,Gold,0,0,0
17443,220,1,534.24,1,2,3,123,Needs Attention,534.24,534.24,Bronze,0,0,0
17444,148,3,2940.04,2,4,5,245,At Risk,980.0133333333333,980.0133333333333,Bronze,0,1,0
17446,177,2,120.89999999999999,2,3,1,231,Dormant,60.449999999999996,60.449999999999996,Bronze,0,0,1
17447,40,2,541.53,3,3,3,333,Loyal,270.765,270.765,Bronze,0,0,0
17449,2,7,2520.86,5,5,5,555,Champions,360.1228571428572,360.1228571428572,Gold,1,0,0
17450,8,46,194550.79,5,5,5,555,Champions,4229.365,4229.365,Platinum,1,0,0
17451,1,7,1721.4,5,5,4,554,Champions,245.91428571428574,245.91428571428574,Silver,1,0,0
17453,18,2,486.72,4,3,2,432,Potential,243.36,243.36,Bronze,0,0,0
17454,192,4,517.53,1,4,3,143,Needs Attention,129.3825,129.3825,Bronze,0,0,0
17455,204,1,131.7,1,2,1,121,Dormant,131.7,131.7,Bronze,0,0,1
17456,365,1,249.86,1,2,1,121,Dormant,249.86,249.86,Bronze,0,0,1
17457,127,5,1737.7,2,4,4,244,At Risk,347.54,347.54,Bronze,0,1,0
17458,15,1,316.5,4,2,2,422,Potential,316.5,316.5,Bronze,0,0,0
17459,43,2,657.3,3,3,3,333,Loyal,328.65,328.65,Bronze,0,0,0
17460,94,6,622.4300000000001,2,5,3,253,Needs Attention,103.73833333333334,103.73833333333334,Bronze,0,0,0
17461,23,3,757.46,4,4,3,443,Loyal,252.48666666666668,252.48666666666668,Bronze,0,0,0
17462,60,2,675.69,3,3,3,333,Loyal,337.845,337.845,Bronze,0,0,0
17463,16,5,1896.41,4,4,4,444,Champions,379.28200000000004,379.28200000000004,Silver,1,0,0
17464,158,1,289.96000000000004,2,2,2,222,Needs Attention,289.96000000000004,289.96000000000004,Bronze,0,0,0
17466,10,2,763.28,5,3,3,533,Loyal,381.64,381.64,Bronze,0,0,0
17468,10,2,137.0,5,3,1,531,Potential,68.5,68.5,Bronze,0,0,0
17469,16,5,1870.97,4,4,4,444,Champions,374.194,374.194,Silver,1,0,0
17470,45,5,1125.07,3,4,4,344,Loyal,225.01399999999998,225.01399999999998,Silver,0,0,0
17472,191,3,710.29,1,4,3,143,Needs Attention,236.76333333333332,236.76333333333332,Bronze,0,0,0
17475,79,1,194.37,2,2,1,221,Dormant,194.37,194.37,Bronze,0,0,1
17480,78,1,511.82,2,2,3,223,Needs Attention,511.82,511.82,Bronze,0,0,0
17481,4,4,1255.59,5,4,4,544,Champions,313.8975,313.8975,Silver,1,0,0
17483,65,3,414.04,3,4,2,342,Dormant,138.01333333333335,138.01333333333335,Bronze,0,0,1
17486,261,1,396.87,1,2,2,122,Needs Attention,396.87,396.87,Bronze,0,0,0
17489,59,2,376.64,3,3,2,332,Dormant,188.32,188.32,Bronze,0,0,1
17490,1,7,2092.32,5,5,5,555,Champions,298.90285714285716,298.90285714285716,Gold,1,0,0
17491,1,10,3558.87,5,5,5,555,Champions,355.887,355.887,Gold,1,0,0
17492,248,1,374.57,1,2,2,122,Needs Attention,374.57,374.57,Bronze,0,0,0
17495,8,2,497.56,5,3,3,533,Loyal,248.78,248.78,Bronze,0,0,0
17496,359,1,271.05,1,2,2,122,Needs Attention,271.05,271.05,Bronze,0,0,0
17498,76,1,272.21999999999997,2,2,2,222,Needs Attention,272.21999999999997,272.21999999999997,Bronze,0,0,0
17499,290,1,622.88,1,2,3,123,Needs Attention,622.88,622.88,Bronze,0,0,0
17500,17,3,1138.0,4,4,4,444,Champions,379.3333333333333,379.3333333333333,Bronze,1,0,0
17501,221,2,288.6,1,3,2,132,Needs Attention,144.3,144.3,Bronze,0,0,0
17502,9,4,689.1,5,4,3,543,Loyal,172.275,172.275,Silver,0,0,0
17503,3,2,558.96,5,3,3,533,Loyal,279.48,279.48,Bronze,0,0,0
17504,206,9,2997.03,1,5,5,155,At Risk,333.00333333333333,333.00333333333333,Bronze,0,1,0
17505,162,2,1145.8400000000001,2,3,4,234,Needs Attention,572.9200000000001,572.9200000000001,Bronze,0,0,0
17506,76,1,302.2,2,2,2,222,Needs Attention,302.2,302.2,Bronze,0,0,0
17507,262,2,605.58,1,3,3,133,Needs Attention,302.79,302.79,Bronze,0,0,0
17508,281,1,387.31,1,2,2,122,Needs Attention,387.31,387.31,Bronze,0,0,0
17509,58,8,6115.14,3,5,5,355,Loyal,764.3925,764.3925,Gold,0,0,0
17510,25,1,308.48,4,2,2,422,Potential,308.48,308.48,Bronze,0,0,0
17511,3,31,91062.38,5,5,5,555,Champions,2937.496129032258,2937.496129032258,Platinum,1,0,0
17512,29,10,2924.9900000000002,4,5,5,455,Champions,292.499,292.499,Gold,1,0,0
17513,72,1,513.2,2,2,3,223,Needs Attention,513.2,513.2,Bronze,0,0,0
17514,128,1,208.65,2,2,1,221,Dormant,208.65,208.65,Bronze,0,0,1
17515,31,4,639.02,4,4,3,443,Loyal,159.755,159.755,Silver,0,0,0
17516,15,5,768.08,4,4,3,443,Loyal,153.616,153.616,Silver,0,0,0
17517,309,1,153.94,1,2,1,121,Dormant,153.94,153.94,Bronze,0,0,1
17519,17,6,1844.02,4,5,4,454,Champions,307.33666666666664,307.33666666666664,Silver,1,0,0
17520,54,1,546.81,3,2,3,323,Dormant,546.81,546.81,Bronze,0,0,1
17521,30,3,723.21,4,4,3,443,Loyal,241.07000000000002,241.07000000000002,Bronze,0,0,0
17522,2,5,1070.71,5,4,4,544,Champions,214.142,214.142,Silver,1,0,0
17523,11,4,652.74,5,4,3,543,Loyal,163.185,163.185,Silver,0,0,0
17524,361,1,145.0,1,2,1,121,Dormant,145.0,145.0,Bronze,0,0,1
17525,360,1,422.7,1,2,2,122,Needs Attention,422.7,422.7,Bronze,0,0,0
17526,5,4,1195.8999999999999,5,4,4,544,Champions,298.97499999999997,298.97499999999997,Silver,1,0,0
17527,54,4,939.37,3,4,3,343,Loyal,234.8425,234.8425,Silver,0,0,0
17528,1,8,3628.5,5,5,5,555,Champions,453.5625,453.5625,Gold,1,0,0
17530,1,10,2385.0,5,5,5,555,Champions,238.5,238.5,Gold,1,0,0
17531,190,1,296.7,1,2,2,122,Needs Attention,296.7,296.7,Bronze,0,0,0
17534,54,1,223.36,3,2,1,321,Dormant,223.36,223.36,Bronze,0,0,1
17535,280,1,164.4,1,2,1,121,Dormant,164.4,164.4,Bronze,0,0,1
17536,177,1,76.5,2,2,1,221,Dormant,76.5,76.5,Bronze,0,0,1
17537,30,2,897.62,4,3,3,433,Loyal,448.81,448.81,Bronze,0,0,0
17538,26,1,98.42,4,2,1,421,Potential,98.42,98.42,Bronze,0,0,0
17540,25,2,578.9,4,3,3,433,Loyal,289.45,289.45,Bronze,0,0,0
17542,270,1,170.75,1,2,1,121,Dormant,170.75,170.75,Bronze,0,0,1
17545,43,3,645.96,3,4,3,343,Loyal,215.32000000000002,215.32000000000002,Bronze,0,0,0
17548,234,1,103.3,1,2,1,121,Dormant,103.3,103.3,Bronze,0,0,1
17549,24,2,148.86,4,3,1,431,Potential,74.43,74.43,Bronze,0,0,0
17550,197,3,267.16,1,4,2,142,Needs Attention,89.05333333333334,89.05333333333334,Bronze,0,0,0
17551,359,1,306.84,1,2,2,122,Needs Attention,306.84,306.84,Bronze,0,0,0
17552,60,4,930.41,3,4,3,343,Loyal,232.6025,232.6025,Silver,0,0,0
17553,130,1,1487.6,2,2,4,224,Needs Attention,1487.6,1487.6,Bronze,0,0,0
17554,1,5,1952.45,5,4,4,544,Champions,390.49,390.49,Silver,1,0,0
17555,20,2,483.26,4,3,2,432,Potential,241.63,241.63,Bronze,0,0,0
17556,206,1,157.9,1,2,1,121,Dormant,157.9,157.9,Bronze,0,0,1
17557,14,3,541.46,4,4,3,443,Loyal,180.48666666666668,180.48666666666668,Bronze,0,0,0
17560,95,4,854.95,2,4,3,243,Needs Attention,213.7375,213.7375,Bronze,0,0,0
17561,19,1,167.62,4,2,1,421,Potential,167.62,167.62,Bronze,0,0,0
17562,14,7,1122.38,4,5,4,454,Champions,160.34,160.34,Silver,1,0,0
17564,24,3,454.01,4,4,2,442,Potential,151.33666666666667,151.33666666666667,Bronze,0,0,0
17566,8,2,901.21,5,3,3,533,Loyal,450.605,450.605,Bronze,0,0,0
17567,7,8,4331.48,5,5,5,555,Champions,541.435,541.435,Gold,1,0,0
17569,332,1,344.14,1,2,2,122,Needs Attention,344.14,344.14,Bronze,0,0,0
17571,50,4,1498.51,3,4,4,344,Loyal,374.6275,374.6275,Silver,0,0,0
17572,71,4,226.75000000000003,3,4,1,341,Dormant,56.68750000000001,56.68750000000001,Bronze,0,0,1
17573,29,3,380.6,4,4,2,442,Potential,126.86666666666667,126.86666666666667,Bronze,0,0,0
17574,243,1,185.65,1,2,1,121,Dormant,185.65,185.65,Bronze,0,0,1
17576,8,19,3622.68,5,5,5,555,Champions,190.66736842105263,190.66736842105263,Gold,1,0,0
17578,218,1,143.45999999999998,1,2,1,121,Dormant,143.45999999999998,143.45999999999998,Bronze,0,0,1
17579,5,3,448.90000000000003,5,4,2,542,Potential,149.63333333333335,149.63333333333335,Bronze,0,0,0
17580,253,3,215.72,1,4,1,141,Dormant,71.90666666666667,71.90666666666667,Bronze,0,0,1
17581,1,25,11045.04,5,5,5,555,Champions,441.8016,441.8016,Platinum,1,0,0
17582,236,1,175.27,1,2,1,121,Dormant,175.27,175.27,Bronze,0,0,1
17584,7,2,1242.3,5,3,4,534,Loyal,621.15,621.15,Bronze,0,0,0
17585,109,4,1133.07,2,4,4,244,At Risk,283.2675,283.2675,Bronze,0,1,0
17588,100,3,1240.2,2,4,4,244,At Risk,413.40000000000003,413.40000000000003,Bronze,0,1,0
17589,60,4,2404.17,3,4,5,345,Loyal,601.0425,601.0425,Silver,0,0,0
17590,2,3,1479.22,5,4,4,544,Champions,493.0733333333333,493.0733333333333,Bronze,1,0,0
17591,73,7,2225.9700000000003,2,5,5,255,At Risk,317.9957142857143,317.9957142857143,Silver,0,1,0
17593,4,5,3927.34,5,4,5,545,Champions,785.4680000000001,785.4680000000001,Silver,1,0,0
17594,85,2,993.1800000000001,2,3,4,234,Needs Attention,496.59000000000003,496.59000000000003,Bronze,0,0,0
17595,12,2,388.79,5,3,2,532,Potential,194.395,194.395,Bronze,0,0,0
17596,23,7,2827.93,4,5,5,455,Champions,403.98999999999995,403.98999999999995,Gold,1,0,0
17597,214,1,2044.3700000000001,1,2,4,124,Needs Attention,2044.3700000000001,2044.3700000000001,Bronze,0,0,0
17600,18,1,161.67000000000002,4,2,1,421,Potential,161.67000000000002,161.67000000000002,Bronze,0,0,0
17601,239,1,116.00999999999999,1,2,1,121,Dormant,116.00999999999999,116.00999999999999,Bronze,0,0,1
17602,2,6,5102.97,5,5,5,555,Champions,850.495,850.495,Gold,1,0,0
17603,78,1,394.72,2,2,2,222,Needs Attention,394.72,394.72,Bronze,0,0,0
17604,217,2,309.36,1,3,2,132,Needs Attention,154.68,154.68,Bronze,0,0,0
17608,33,2,193.42,4,3,1,431,Potential,96.71,96.71,Bronze,0,0,0
17609,41,5,1112.22,3,4,4,344,Loyal,222.44400000000002,222.44400000000002,Silver,0,0,0
17611,7,15,3984.22,5,5,5,555,Champions,265.61466666666666,265.61466666666666,Gold,1,0,0
17612,53,6,2048.45,3,5,4,354,Loyal,341.4083333333333,341.4083333333333,Gold,0,0,0
17613,23,14,4559.150000000001,4,5,5,455,Champions,325.65357142857147,325.65357142857147,Gold,1,0,0
17614,57,1,390.07,3,2,2,322,Dormant,390.07,390.07,Bronze,0,0,1
17615,130,3,329.6,2,4,2,242,Needs Attention,109.86666666666667,109.86666666666667,Bronze,0,0,0
17616,174,3,571.1999999999999,2,4,3,243,Needs Attention,190.39999999999998,190.39999999999998,Bronze,0,0,0
17618,6,3,971.58,5,4,4,544,Champions,323.86,323.86,Bronze,1,0,0
17619,312,1,218.52,1,2,1,121,Dormant,218.52,218.52,Bronze,0,0,1
17620,60,1,81.44,3,2,1,321,Dormant,81.44,81.44,Bronze,0,0,1
17621,21,3,1379.9,4,4,4,444,Champions,459.9666666666667,459.9666666666667,Bronze,1,0,0
17623,33,1,527.05,4,2,3,423,Potential,527.05,527.05,Bronze,0,0,0
17624,15,2,843.48,4,3,3,433,Loyal,421.74,421.74,Bronze,0,0,0
17625,18,4,2047.0,4,4,4,444,Champions,511.75,511.75,Silver,1,0,0
17628,81,1,75.75,2,2,1,221,Dormant,75.75,75.75,Bronze,0,0,1
17629,6,8,1814.1200000000001,5,5,4,554,Champions,226.76500000000001,226.76500000000001,Silver,1,0,0
17630,170,2,503.6,2,3,3,233,Needs Attention,251.8,251.8,Bronze,0,0,0
17631,2,3,528.33,5,4,3,543,Loyal,176.11,176.11,Bronze,0,0,0
17633,31,4,1324.84,4,4,4,444,Champions,331.21,331.21,Silver,1,0,0
17634,36,9,2361.9700000000003,3,5,5,355,Loyal,262.4411111111111,262.4411111111111,Gold,0,0,0
17636,19,1,285.56,4,2,2,422,Potential,285.56,285.56,Bronze,0,0,0
17637,31,2,547.0600000000001,4,3,3,433,Loyal,273.53000000000003,273.53000000000003,Bronze,0,0,0
17639,276,1,108.5,1,2,1,121,Dormant,108.5,108.5,Bronze,0,0,1
17640,87,1,621.66,2,2,3,223,Needs Attention,621.66,621.66,Bronze,0,0,0
17642,120,2,712.29,2,3,3,233,Needs Attention,356.145,356.145,Bronze,0,0,0
17643,373,1,101.55,1,2,1,121,Dormant,101.55,101.55,Bronze,0,0,1
17644,1,11,2895.64,5,5,5,555,Champions,263.24,263.24,Gold,1,0,0
17646,219,3,1008.39,1,4,4,144,At Risk,336.13,336.13,Bronze,0,1,0
17647,65,1,133.06,3,2,1,321,Dormant,133.06,133.06,Bronze,0,0,1
17648,61,4,1797.5,3,4,4,344,Loyal,449.375,449.375,Silver,0,0,0
17649,138,1,868.49,2,2,3,223,Needs Attention,868.49,868.49,Bronze,0,0,0
17650,21,1,166.07999999999998,4,2,1,421,Potential,166.07999999999998,166.07999999999998,Bronze,0,0,0
17651,12,10,3945.0,5,5,5,555,Champions,394.5,394.5,Gold,1,0,0
17652,25,12,4867.72,4,5,5,455,Champions,405.6433333333334,405.6433333333334,Gold,1,0,0
17653,37,4,1207.56,3,4,4,344,Loyal,301.89,301.89,Silver,0,0,0
17654,277,1,117.55,1,2,1,121,Dormant,117.55,117.55,Bronze,0,0,1
17655,11,7,2638.94,5,5,5,555,Champions,376.99142857142857,376.99142857142857,Gold,1,0,0
17656,73,5,1674.69,2,4,4,244,At Risk,334.938,334.938,Silver,0,1,0
17658,26,2,595.42,4,3,3,433,Loyal,297.71,297.71,Bronze,0,0,0
17659,17,12,2999.46,4,5,5,455,Champions,249.955,249.955,Gold,1,0,0
17660,141,1,196.0,2,2,1,221,Dormant,196.0,196.0,Bronze,0,0,1
17663,26,7,1802.91,4,5,4,454,Champions,257.55857142857144,257.55857142857144,Silver,1,0,0
17664,19,2,604.64,4,3,3,433,Loyal,302.32,302.32,Bronze,0,0,0
17666,4,2,728.16,5,3,3,533,Loyal,364.08,364.08,Bronze,0,0,0
17667,66,5,2055.51,3,4,4,344,Loyal,411.10200000000003,411.10200000000003,Silver,0,0,0
17668,1,2,347.75,5,3,2,532,Potential,173.875,173.875,Bronze,0,0,0
17669,43,7,3406.7200000000003,3,5,5,355,Loyal,486.67428571428576,486.67428571428576,Gold,0,0,0
17670,228,1,205.7,1,2,1,121,Dormant,205.7,205.7,Bronze,0,0,1
17671,16,4,1572.71,4,4,4,444,Champions,393.1775,393.1775,Silver,1,0,0
17672,50,2,3178.17,3,3,5,335,Loyal,1589.085,1589.085,Bronze,0,0,0
17673,2,6,1629.12,5,5,4,554,Champions,271.52,271.52,Silver,1,0,0
17674,74,2,551.04,2,3,3,233,Needs Attention,275.52,275.52,Bronze,0,0,0
17675,1,31,20374.28,5,5,5,555,Champions,657.2348387096774,657.2348387096774,Platinum,1,0,0
17676,4,6,1387.68,5,5,4,554,Champions,231.28,231.28,Silver,1,0,0
17677,2,30,16363.23,5,5,5,555,Champions,545.441,545.441,Platinum,1,0,0
17678,264,1,298.11,1,2,2,122,Needs Attention,298.11,298.11,Bronze,0,0,0
17679,53,2,1992.1100000000001,3,3,4,334,Loyal,996.0550000000001,996.0550000000001,Bronze,0,0,0
17680,24,1,184.4,4,2,1,421,Potential,184.4,184.4,Bronze,0,0,0
17682,10,6,2474.33,5,5,5,555,Champions,412.3883333333333,412.3883333333333,Gold,1,0,0
17684,44,1,239.41,3,2,1,321,Dormant,239.41,239.41,Bronze,0,0,1
17685,17,7,3191.53,4,5,5,455,Champions,455.9328571428572,455.9328571428572,Gold,1,0,0
17686,7,7,5739.46,5,5,5,555,Champions,819.9228571428572,819.9228571428572,Gold,1,0,0
17690,30,15,4757.95,4,5,5,455,Champions,317.19666666666666,317.19666666666666,Gold,1,0,0
17691,358,2,290.40000000000003,1,3,2,132,Needs Attention,145.20000000000002,145.20000000000002,Bronze,0,0,0
17692,127,4,740.94,2,4,3,243,Needs Attention,185.235,185.235,Bronze,0,0,0
17693,137,1,200.47,2,2,1,221,Dormant,200.47,200.47,Bronze,0,0,1
17694,142,1,283.12,2,2,2,222,Needs Attention,283.12,283.12,Bronze,0,0,0
17695,132,2,765.34,2,3,3,233,Needs Attention,382.67,382.67,Bronze,0,0,0
17696,38,8,2285.71,3,5,5,355,Loyal,285.71375,285.71375,Gold,0,0,0
17697,236,1,338.95,1,2,2,122,Needs Attention,338.95,338.95,Bronze,0,0,0
17698,261,1,154.95,1,2,1,121,Dormant,154.95,154.95,Bronze,0,0,1
17700,17,4,2534.64,4,4,5,445,Champions,633.66,633.66,Silver,1,0,0
17701,253,1,417.95,1,2,2,122,Needs Attention,417.95,417.95,Bronze,0,0,0
17702,30,4,1824.37,4,4,4,444,Champions,456.0925,456.0925,Silver,1,0,0
17703,35,3,798.74,3,4,3,343,Loyal,266.24666666666667,266.24666666666667,Bronze,0,0,0
17704,169,2,885.19,2,3,3,233,Needs Attention,442.595,442.595,Bronze,0,0,0
17705,3,9,1823.52,5,5,4,554,Champions,202.61333333333334,202.61333333333334,Silver,1,0,0
17706,4,17,10504.49,5,5,5,555,Champions,617.9111764705882,617.9111764705882,Platinum,1,0,0
17707,185,2,152.4,1,3,1,131,Dormant,76.2,76.2,Bronze,0,0,1
17708,188,2,267.08,1,3,2,132,Needs Attention,133.54,133.54,Bronze,0,0,0
17709,170,1,137.45,2,2,1,221,Dormant,137.45,137.45,Bronze,0,0,1
17711,11,2,385.1,5,3,2,532,Potential,192.55,192.55,Bronze,0,0,0
17712,45,1,522.91,3,2,3,323,Dormant,522.91,522.91,Bronze,0,0,1
17714,321,1,153.0,1,2,1,121,Dormant,153.0,153.0,Bronze,0,0,1
17715,201,1,326.4,1,2,2,122,Needs Attention,326.4,326.4,Bronze,0,0,0
17716,23,11,5655.99,4,5,5,455,Champions,514.180909090909,514.180909090909,Platinum,1,0,0
17718,232,1,139.35,1,2,1,121,Dormant,139.35,139.35,Bronze,0,0,1
17719,38,15,5396.04,3,5,5,355,Loyal,359.736,359.736,Gold,0,0,0
17720,26,4,1195.94,4,4,4,444,Champions,298.985,298.985,Silver,1,0,0
17722,96,4,2424.04,2,4,5,245,At Risk,606.01,606.01,Bronze,0,1,0
17723,127,6,3276.4000000000005,2,5,5,255,At Risk,546.0666666666667,546.0666666666667,Bronze,0,1,0
17724,71,3,1033.0,3,4,4,344,Loyal,344.3333333333333,344.3333333333333,Bronze,0,0,0
17725,16,11,3439.08,4,5,5,455,Champions,312.64363636363635,312.64363636363635,Gold,1,0,0
17727,15,1,1060.25,4,2,4,424,Potential,1060.25,1060.25,Bronze,0,0,0
17728,4,3,2876.01,5,4,5,545,Champions,958.6700000000001,958.6700000000001,Bronze,1,0,0
17730,3,13,5298.4800000000005,5,5,5,555,Champions,407.5753846153847,407.5753846153847,Platinum,1,0,0
17731,79,4,1240.11,2,4,4,244,At Risk,310.0275,310.0275,Silver,0,1,0
17732,373,1,303.97,1,2,2,122,Needs Attention,303.97,303.97,Bronze,0,0,0
17733,39,2,692.19,3,3,3,333,Loyal,346.095,346.095,Bronze,0,0,0
17734,54,3,700.63,3,4,3,343,Loyal,233.54333333333332,233.54333333333332,Bronze,0,0,0
17735,2,19,13110.02,5,5,5,555,Champions,690.001052631579,690.001052631579,Platinum,1,0,0
17736,9,3,377.44,5,4,2,542,Potential,125.81333333333333,125.81333333333333,Bronze,0,0,0
17737,9,2,168.24,5,3,1,531,Potential,84.12,84.12,Bronze,0,0,0
17738,19,4,1879.05,4,4,4,444,Champions,469.7625,469.7625,Silver,1,0,0
17739,12,7,2791.35,5,5,5,555,Champions,398.7642857142857,398.7642857142857,Gold,1,0,0
17742,113,2,355.11,2,3,2,232,Needs Attention,177.555,177.555,Bronze,0,0,0
17744,4,6,2322.4,5,5,5,555,Champions,387.06666666666666,387.06666666666666,Gold,1,0,0
17746,240,1,110.25,1,2,1,121,Dormant,110.25,110.25,Bronze,0,0,1
17747,113,1,71.4,2,2,1,221,Dormant,71.4,71.4,Bronze,0,0,1
17749,178,2,674.52,2,3,3,233,Needs Attention,337.26,337.26,Bronze,0,0,0
17750,5,9,1797.57,5,5,4,554,Champions,199.73,199.73,Silver,1,0,0
17752,359,1,80.64,1,2,1,121,Dormant,80.64,80.64,Bronze,0,0,1
17754,1,5,1772.26,5,4,4,544,Champions,354.452,354.452,Silver,1,0,0
17757,1,30,5605.29,5,5,5,555,Champions,186.843,186.843,Platinum,1,0,0
17758,19,8,3456.7,4,5,5,455,Champions,432.0875,432.0875,Gold,1,0,0
17759,17,3,834.99,4,4,3,443,Loyal,278.33,278.33,Bronze,0,0,0
17760,22,2,287.59,4,3,2,432,Potential,143.795,143.795,Bronze,0,0,0
17761,33,1,712.78,4,2,3,423,Potential,712.78,712.78,Bronze,0,0,0
17763,263,1,15.0,1,2,1,121,Dormant,15.0,15.0,Bronze,0,0,1
17764,51,2,818.82,3,3,3,333,Loyal,409.41,409.41,Bronze,0,0,0
17765,159,3,371.88,2,4,2,242,Needs Attention,123.96,123.96,Bronze,0,0,0
17767,15,1,271.2,4,2,2,422,Potential,271.2,271.2,Bronze,0,0,0
17768,8,3,2273.1800000000003,5,4,5,545,Champions,757.7266666666668,757.7266666666668,Bronze,1,0,0
17769,13,10,3997.98,5,5,5,555,Champions,399.798,399.798,Gold,1,0,0
17770,199,5,1143.27,1,4,4,144,At Risk,228.654,228.654,Bronze,0,1,0
17771,57,2,245.81,3,3,1,331,Dormant,122.905,122.905,Bronze,0,0,1
17772,11,2,182.77,5,3,1,531,Potential,91.385,91.385,Bronze,0,0,0
17774,97,4,1225.41,2,4,4,244,At Risk,306.3525,306.3525,Bronze,0,1,0
17775,255,1,56.4,1,2,1,121,Dormant,56.4,56.4,Bronze,0,0,1
17777,25,3,665.86,4,4,3,443,Loyal,221.95333333333335,221.95333333333335,Bronze,0,0,0
17779,21,3,658.57,4,4,3,443,Loyal,219.52333333333334,219.52333333333334,Bronze,0,0,0
17781,159,2,188.02,2,3,1,231,Dormant,94.01,94.01,Bronze,0,0,1
17783,72,2,283.47,2,3,2,232,Needs Attention,141.735,141.735,Bronze,0,0,0
17785,53,1,131.94,3,2,1,321,Dormant,131.94,131.94,Bronze,0,0,1
17786,85,2,278.74,2,3,2,232,Needs Attention,139.37,139.37,Bronze,0,0,0
17787,153,4,1865.19,2,4,4,244,At Risk,466.2975,466.2975,Bronze,0,1,0
17788,74,2,1117.9,2,3,4,234,Needs Attention,558.95,558.95,Bronze,0,0,0
17789,281,1,225.9,1,2,1,121,Dormant,225.9,225.9,Bronze,0,0,1
17790,27,14,1965.55,4,5,4,454,Champions,140.39642857142857,140.39642857142857,Silver,1,0,0
17791,30,1,106.1,4,2,1,421,Potential,106.1,106.1,Bronze,0,0,0
17793,25,1,323.04,4,2,2,422,Potential,323.04,323.04,Bronze,0,0,0
17795,180,2,350.39,1,3,2,132,Needs Attention,175.195,175.195,Bronze,0,0,0
17796,40,4,697.9,3,4,3,343,Loyal,174.475,174.475,Silver,0,0,0
17797,22,3,780.43,4,4,3,443,Loyal,260.1433333333333,260.1433333333333,Bronze,0,0,0
17799,22,10,3055.93,4,5,5,455,Champions,305.59299999999996,305.59299999999996,Gold,1,0,0
17800,37,9,1199.01,3,5,4,354,Loyal,133.22333333333333,133.22333333333333,Silver,0,0,0
17802,82,3,1285.04,2,4,4,244,At Risk,428.34666666666664,428.34666666666664,Bronze,0,1,0
17805,74,1,512.31,2,2,3,223,Needs Attention,512.31,512.31,Bronze,0,0,0
17806,11,1,546.04,5,2,3,523,Potential,546.04,546.04,Bronze,0,0,0
17809,16,12,5411.91,4,5,5,455,Champions,450.9925,450.9925,Platinum,1,0,0
17811,4,39,7837.7300000000005,5,5,5,555,Champions,200.9674358974359,200.9674358974359,Platinum,1,0,0
17812,13,4,732.16,5,4,3,543,Loyal,183.04,183.04,Silver,0,0,0
17813,14,5,1770.88,4,4,4,444,Champions,354.17600000000004,354.17600000000004,Silver,1,0,0
17816,37,4,36.56,3,4,1,341,Dormant,9.14,9.14,Bronze,0,0,1
17817,4,3,387.68,5,4,2,542,Potential,129.22666666666666,129.22666666666666,Bronze,0,0,0
17819,72,7,3704.87,2,5,5,255,At Risk,529.2671428571429,529.2671428571429,Silver,0,1,0
17824,51,1,298.4,3,2,2,322,Dormant,298.4,298.4,Bronze,0,0,1
17827,5,5,1995.46,5,4,4,544,Champions,399.092,399.092,Silver,1,0,0
17828,23,4,1820.09,4,4,4,444,Champions,455.0225,455.0225,Silver,1,0,0
17829,299,1,889.24,1,2,3,123,Needs Attention,889.24,889.24,Bronze,0,0,0
17830,2,3,398.7,5,4,2,542,Potential,132.9,132.9,Bronze,0,0,0
17831,33,1,35.400000000000006,4,2,1,421,Potential,35.400000000000006,35.400000000000006,Bronze,0,0,0
17832,50,1,155.37,3,2,1,321,Dormant,155.37,155.37,Bronze,0,0,1
17835,3,3,350.64,5,4,2,542,Potential,116.88,116.88,Bronze,0,0,0
17836,47,1,110.21000000000001,3,2,1,321,Dormant,110.21000000000001,110.21000000000001,Bronze,0,0,1
17837,42,8,1593.38,3,5,4,354,Loyal,199.1725,199.1725,Silver,0,0,0
17838,27,5,2779.3,4,4,5,445,Champions,555.86,555.86,Silver,1,0,0
17839,42,1,338.8,3,2,2,322,Dormant,338.8,338.8,Bronze,0,0,1
17841,2,124,40991.57,5,5,5,555,Champions,330.5771774193548,330.5771774193548,Platinum,1,0,0
17843,303,1,205.48,1,2,1,121,Dormant,205.48,205.48,Bronze,0,0,1
17844,107,1,51.559999999999995,2,2,1,221,Dormant,51.559999999999995,51.559999999999995,Bronze,0,0,1
17846,85,1,2033.1,2,2,4,224,Needs Attention,2033.1,2033.1,Bronze,0,0,0
17848,81,9,901.2,2,5,3,253,Needs Attention,100.13333333333334,100.13333333333334,Silver,0,0,0
17849,218,4,605.8000000000001,1,4,3,143,Needs Attention,151.45000000000002,151.45000000000002,Bronze,0,0,0
17850,372,34,5391.21,1,5,5,155,At Risk,158.565,158.565,Bronze,0,1,0
17852,12,2,114.34,5,3,1,531,Potential,57.17,57.17,Bronze,0,0,0
17854,185,2,311.26,1,3,2,132,Needs Attention,155.63,155.63,Bronze,0,0,0
17855,373,1,208.97,1,2,1,121,Dormant,208.97,208.97,Bronze,0,0,1
17856,2,4,1418.03,5,4,4,544,Champions,354.5075,354.5075,Silver,1,0,0
17857,4,23,26879.04,5,5,5,555,Champions,1168.6539130434783,1168.6539130434783,Platinum,1,0,0
17858,6,12,5155.66,5,5,5,555,Champions,429.6383333333333,429.6383333333333,Platinum,1,0,0
17859,305,1,148.21,1,2,1,121,Dormant,148.21,148.21,Bronze,0,0,1
17860,369,1,252.8,1,2,2,122,Needs Attention,252.8,252.8,Bronze,0,0,0
17861,3,8,2100.8,5,5,5,555,Champions,262.6,262.6,Gold,1,0,0
17862,324,1,330.9,1,2,2,122,Needs Attention,330.9,330.9,Bronze,0,0,0
17863,59,6,3160.0,3,5,5,355,Loyal,526.6666666666666,526.6666666666666,Gold,0,0,0
17864,13,3,597.5,5,4,3,543,Loyal,199.16666666666666,199.16666666666666,Bronze,0,0,0
17865,31,20,10526.32,4,5,5,455,Champions,526.316,526.316,Gold,1,0,0
17866,143,1,329.65000000000003,2,2,2,222,Needs Attention,329.65000000000003,329.65000000000003,Bronze,0,0,0
17867,30,6,1197.1000000000001,4,5,4,454,Champions,199.51666666666668,199.51666666666668,Silver,1,0,0
17869,107,5,428.18,2,4,2,242,Needs Attention,85.636,85.636,Bronze,0,0,0
17870,2,12,1894.35,5,5,4,554,Champions,157.86249999999998,157.86249999999998,Silver,1,0,0
17871,205,1,155.9,1,2,1,121,Dormant,155.9,155.9,Bronze,0,0,1
17873,80,5,1859.16,2,4,4,244,At Risk,371.832,371.832,Silver,0,1,0
17874,185,6,683.46,1,5,3,153,Needs Attention,113.91000000000001,113.91000000000001,Bronze,0,0,0
17877,170,1,237.61,2,2,1,221,Dormant,237.61,237.61,Bronze,0,0,1
17878,44,1,379.45,3,2,2,322,Dormant,379.45,379.45,Bronze,0,0,1
17879,174,1,178.52,2,2,1,221,Dormant,178.52,178.52,Bronze,0,0,1
17880,365,1,458.92,1,2,2,122,Needs Attention,458.92,458.92,Bronze,0,0,0
17881,304,1,133.35,1,2,1,121,Dormant,133.35,133.35,Bronze,0,0,1
17883,3,4,671.77,5,4,3,543,Loyal,167.9425,167.9425,Silver,0,0,0
17884,4,4,717.45,5,4,3,543,Loyal,179.3625,179.3625,Silver,0,0,0
17885,12,1,190.19,5,2,1,521,Potential,190.19,190.19,Bronze,0,0,0
17886,32,3,899.61,4,4,3,443,Loyal,299.87,299.87,Bronze,0,0,0
17887,129,1,111.35,2,2,1,221,Dormant,111.35,111.35,Bronze,0,0,1
17888,21,8,726.05,4,5,3,453,Loyal,90.75625,90.75625,Silver,0,0,0
17889,212,2,203.87,1,3,1,131,Dormant,101.935,101.935,Bronze,0,0,1
17890,323,2,602.09,1,3,3,133,Needs Attention,301.045,301.045,Bronze,0,0,0
17891,162,1,203.85999999999999,2,2,1,221,Dormant,203.85999999999999,203.85999999999999,Bronze,0,0,1
17892,56,3,244.1,3,4,1,341,Dormant,81.36666666666666,81.36666666666666,Bronze,0,0,1
17893,225,1,112.25,1,2,1,121,Dormant,112.25,112.25,Bronze,0,0,1
17894,72,8,1119.81,2,5,4,254,At Risk,139.97625,139.97625,Silver,0,1,0
17895,44,1,98.0,3,2,1,321,Dormant,98.0,98.0,Bronze,0,0,1
17896,23,1,256.32,4,2,2,422,Potential,256.32,256.32,Bronze,0,0,0
17897,173,3,566.6,2,4,3,243,Needs Attention,188.86666666666667,188.86666666666667,Bronze,0,0,0
17898,85,2,152.06,2,3,1,231,Dormant,76.03,76.03,Bronze,0,0,1
17899,159,1,155.8,2,2,1,221,Dormant,155.8,155.8,Bronze,0,0,1
17900,190,2,112.19999999999999,1,3,1,131,Dormant,56.099999999999994,56.099999999999994,Bronze,0,0,1
17901,29,1,110.38,4,2,1,421,Potential,110.38,110.38,Bronze,0,0,0
17904,21,1,191.67000000000002,4,2,1,421,Potential,191.67000000000002,191.67000000000002,Bronze,0,0,0
17905,71,4,800.24,3,4,3,343,Loyal,200.06,200.06,Silver,0,0,0
17906,247,1,72.9,1,2,1,121,Dormant,72.9,72.9,Bronze,0,0,1
17908,374,1,243.28,1,2,1,121,Dormant,243.28,243.28,Bronze,0,0,1
17911,9,1,366.23,5,2,2,522,Potential,366.23,366.23,Bronze,0,0,0
17912,310,5,311.01,1,4,2,142,Needs Attention,62.202,62.202,Bronze,0,0,0
17913,59,2,411.6,3,3,2,332,Dormant,205.8,205.8,Bronze,0,0,1
17914,4,1,336.43,5,2,2,522,Potential,336.43,336.43,Bronze,0,0,0
17917,45,3,341.28,3,4,2,342,Dormant,113.75999999999999,113.75999999999999,Bronze,0,0,1
17919,88,1,1304.04,2,2,4,224,Needs Attention,1304.04,1304.04,Bronze,0,0,0
17920,4,17,4204.1,5,5,5,555,Champions,247.3,247.3,Gold,1,0,0
17921,64,4,826.52,3,4,3,343,Loyal,206.63,206.63,Silver,0,0,0
17923,282,1,207.50000000000003,1,2,1,121,Dormant,207.50000000000003,207.50000000000003,Bronze,0,0,1
17924,12,7,2962.5,5,5,5,555,Champions,423.2142857142857,423.2142857142857,Gold,1,0,0
17925,373,1,244.08,1,2,1,121,Dormant,244.08,244.08,Bronze,0,0,1
17926,133,2,397.29,2,3,2,232,Needs Attention,198.645,198.645,Bronze,0,0,0
17928,45,2,212.54,3,3,1,331,Dormant,106.27,106.27,Bronze,0,0,1
17929,11,4,843.0,5,4,3,543,Loyal,210.75,210.75,Silver,0,0,0
17930,36,5,1740.48,3,4,4,344,Loyal,348.096,348.096,Silver,0,0,0
17931,134,2,408.36,2,3,2,232,Needs Attention,204.18,204.18,Bronze,0,0,0
17932,29,3,1331.57,4,4,4,444,Champions,443.8566666666666,443.8566666666666,Bronze,1,0,0
17934,52,2,704.25,3,3,3,333,Loyal,352.125,352.125,Bronze,0,0,0
17935,138,2,145.79,2,3,1,231,Dormant,72.895,72.895,Bronze,0,0,1
17936,5,1,389.84,5,2,2,522,Potential,389.84,389.84,Bronze,0,0,0
17937,9,7,4301.22,5,5,5,555,Champions,614.46,614.46,Gold,1,0,0
17939,160,1,99.14,2,2,1,221,Dormant,99.14,99.14,Bronze,0,0,1
17940,49,10,4106.4400000000005,3,5,5,355,Loyal,410.64400000000006,410.64400000000006,Gold,0,0,0
17941,131,1,304.56,2,2,2,222,Needs Attention,304.56,304.56,Bronze,0,0,0
17942,8,1,77.50000000000001,5,2,1,521,Potential,77.50000000000001,77.50000000000001,Bronze,0,0,0
17946,233,2,149.57999999999998,1,3,1,131,Dormant,74.78999999999999,74.78999999999999,Bronze,0,0,1
17947,37,1,176.68,3,2,1,321,Dormant,176.68,176.68,Bronze,0,0,1
17948,147,1,358.56000000000006,2,2,2,222,Needs Attention,358.56000000000006,358.56000000000006,Bronze,0,0,0
17949,1,45,58510.48,5,5,5,555,Champions,1300.232888888889,1300.232888888889,Platinum,1,0,0
17950,72,3,482.2,2,4,2,242,Needs Attention,160.73333333333332,160.73333333333332,Bronze,0,0,0
17951,40,3,1008.5400000000001,3,4,4,344,Loyal,336.18,336.18,Bronze,0,0,0
17954,5,12,2332.72,5,5,5,555,Champions,194.39333333333332,194.39333333333332,Gold,1,0,0
17955,199,4,557.3,1,4,3,143,Needs Attention,139.325,139.325,Bronze,0,0,0
17956,249,1,12.75,1,2,1,121,Dormant,12.75,12.75,Bronze,0,0,1
17957,66,1,111.68,3,2,1,321,Dormant,111.68,111.68,Bronze,0,0,1
17958,117,1,508.46000000000004,2,2,3,223,Needs Attention,508.46000000000004,508.46000000000004,Bronze,0,0,0
17960,171,1,73.78,2,2,1,221,Dormant,73.78,73.78,Bronze,0,0,1
17961,21,39,1296.44,4,5,4,454,Champions,33.242051282051285,33.242051282051285,Silver,1,0,0
17962,142,1,102.83,2,2,1,221,Dormant,102.83,102.83,Bronze,0,0,1
17964,32,2,471.7,4,3,2,432,Potential,235.85,235.85,Bronze,0,0,0
17965,38,14,2622.57,3,5,5,355,Loyal,187.32642857142858,187.32642857142858,Gold,0,0,0
17966,38,5,1098.43,3,4,4,344,Loyal,219.686,219.686,Silver,0,0,0
17967,372,1,123.07,1,2,1,121,Dormant,123.07,123.07,Bronze,0,0,1
17968,374,1,277.35,1,2,2,122,Needs Attention,277.35,277.35,Bronze,0,0,0
17969,166,2,228.2,2,3,1,231,Dormant,114.1,114.1,Bronze,0,0,1
17970,211,1,582.59,1,2,3,123,Needs Attention,582.59,582.59,Bronze,0,0,0
17972,242,1,136.04,1,2,1,121,Dormant,136.04,136.04,Bronze,0,0,1
17973,52,1,337.04,3,2,2,322,Dormant,337.04,337.04,Bronze,0,0,1
17974,25,3,740.79,4,4,3,443,Loyal,246.92999999999998,246.92999999999998,Bronze,0,0,0
17975,15,13,4488.81,4,5,5,455,Champions,345.29307692307697,345.29307692307697,Gold,1,0,0
17976,372,1,353.19,1,2,2,122,Needs Attention,353.19,353.19,Bronze,0,0,0
17977,29,1,288.14,4,2,2,422,Potential,288.14,288.14,Bronze,0,0,0
17978,365,1,300.91999999999996,1,2,2,122,Needs Attention,300.91999999999996,300.91999999999996,Bronze,0,0,0
17979,36,4,757.71,3,4,3,343,Loyal,189.4275,189.4275,Silver,0,0,0
17980,166,3,811.45,2,4,3,243,Needs Attention,270.48333333333335,270.48333333333335,Bronze,0,0,0
17984,145,1,152.68,2,2,1,221,Dormant,152.68,152.68,Bronze,0,0,1
17985,22,1,634.95,4,2,3,423,Potential,634.95,634.95,Bronze,0,0,0
17986,56,1,20.8,3,2,1,321,Dormant,20.8,20.8,Bronze,0,0,1
17987,185,1,198.57,1,2,1,121,Dormant,198.57,198.57,Bronze,0,0,1
17988,12,7,201.12,5,5,1,551,Potential,28.731428571428573,28.731428571428573,Bronze,0,0,0
17990,237,3,630.84,1,4,3,143,Needs Attention,210.28,210.28,Bronze,0,0,0
17991,225,2,93.35,1,3,1,131,Dormant,46.675,46.675,Bronze,0,0,1
17994,122,4,678.49,2,4,3,243,Needs Attention,169.6225,169.6225,Bronze,0,0,0
17995,282,1,76.1,1,2,1,121,Dormant,76.1,76.1,Bronze,0,0,1
17997,74,8,1970.67,2,5,4,254,At Risk,246.33375,246.33375,Silver,0,1,0
17999,37,2,382.06,3,3,2,332,Dormant,191.03,191.03,Bronze,0,0,1
18001,12,2,417.23,5,3,2,532,Potential,208.615,208.615,Bronze,0,0,0
18004,362,1,169.47,1,2,1,121,Dormant,169.47,169.47,Bronze,0,0,1
18005,4,2,249.72,5,3,1,531,Potential,124.86,124.86,Bronze,0,0,0
18006,23,1,444.68,4,2,2,422,Potential,444.68,444.68,Bronze,0,0,0
18008,70,9,2116.19,3,5,5,355,Loyal,235.13222222222223,235.13222222222223,Silver,0,0,0
18009,235,1,257.34,1,2,2,122,Needs Attention,257.34,257.34,Bronze,0,0,0
18010,257,1,174.8,1,2,1,121,Dormant,174.8,174.8,Bronze,0,0,1
18011,373,1,102.78999999999999,1,2,1,121,Dormant,102.78999999999999,102.78999999999999,Bronze,0,0,1
18013,155,2,187.29,2,3,1,231,Dormant,93.645,93.645,Bronze,0,0,1
18014,28,1,166.42,4,2,1,421,Potential,166.42,166.42,Bronze,0,0,0
18015,4,1,120.03,5,2,1,521,Potential,120.03,120.03,Bronze,0,0,0
18016,32,5,1483.56,4,4,4,444,Champions,296.712,296.712,Silver,1,0,0
18017,81,3,523.0,2,4,3,243,Needs Attention,174.33333333333334,174.33333333333334,Bronze,0,0,0
18018,108,2,122.14,2,3,1,231,Dormant,61.07,61.07,Bronze,0,0,1
18019,52,1,38.45,3,2,1,321,Dormant,38.45,38.45,Bronze,0,0,1
18022,36,1,668.11,3,2,3,323,Dormant,668.11,668.11,Bronze,0,0,1
18024,153,2,389.78,2,3,2,232,Needs Attention,194.89,194.89,Bronze,0,0,0
18027,99,1,115.31,2,2,1,221,Dormant,115.31,115.31,Bronze,0,0,1
18030,4,2,230.64999999999998,5,3,1,531,Potential,115.32499999999999,115.32499999999999,Bronze,0,0,0
18032,334,1,73.5,1,2,1,121,Dormant,73.5,73.5,Bronze,0,0,1
18033,65,1,97.97,3,2,1,321,Dormant,97.97,97.97,Bronze,0,0,1
18034,22,2,422.88,4,3,2,432,Potential,211.44,211.44,Bronze,0,0,0
18035,36,3,730.4,3,4,3,343,Loyal,243.46666666666667,243.46666666666667,Bronze,0,0,0
18036,32,3,405.62,4,4,2,442,Potential,135.20666666666668,135.20666666666668,Bronze,0,0,0
18037,154,6,70.02,2,5,1,251,Dormant,11.67,11.67,Bronze,0,0,1
18040,19,2,357.20000000000005,4,3,2,432,Potential,178.60000000000002,178.60000000000002,Bronze,0,0,0
18041,12,21,4183.39,5,5,5,555,Champions,199.20904761904762,199.20904761904762,Gold,1,0,0
18042,54,1,165.04999999999998,3,2,1,321,Dormant,165.04999999999998,165.04999999999998,Bronze,0,0,1
18043,25,3,559.51,4,4,3,443,Loyal,186.50333333333333,186.50333333333333,Bronze,0,0,0
18044,4,10,2088.6,5,5,5,555,Champions,208.85999999999999,208.85999999999999,Gold,1,0,0
18045,45,1,189.4,3,2,1,321,Dormant,189.4,189.4,Bronze,0,0,1
18048,203,2,172.29000000000002,1,3,1,131,Dormant,86.14500000000001,86.14500000000001,Bronze,0,0,1
18050,359,1,74.4,1,2,1,121,Dormant,74.4,74.4,Bronze,0,0,1
18053,71,1,300.02,3,2,2,322,Dormant,300.02,300.02,Bronze,0,0,1
18055,7,10,6784.1900000000005,5,5,5,555,Champions,678.4190000000001,678.4190000000001,Gold,1,0,0
18056,288,1,363.65,1,2,2,122,Needs Attention,363.65,363.65,Bronze,0,0,0
18058,10,1,170.16,5,2,1,521,Potential,170.16,170.16,Bronze,0,0,0
18059,23,3,306.46,4,4,2,442,Potential,102.15333333333332,102.15333333333332,Bronze,0,0,0
18061,22,10,2119.41,4,5,5,455,Champions,211.94099999999997,211.94099999999997,Gold,1,0,0
18062,173,3,720.52,2,4,3,243,Needs Attention,240.17333333333332,240.17333333333332,Bronze,0,0,0
18064,133,2,814.0,2,3,3,233,Needs Attention,407.0,407.0,Bronze,0,0,0
18065,6,14,2392.83,5,5,5,555,Champions,170.91642857142855,170.91642857142855,Gold,1,0,0
18066,75,1,318.0,2,2,2,222,Needs Attention,318.0,318.0,Bronze,0,0,0
18067,40,1,396.33,3,2,2,322,Dormant,396.33,396.33,Bronze,0,0,1
18068,289,1,101.7,1,2,1,121,Dormant,101.7,101.7,Bronze,0,0,1
18069,26,5,2036.67,4,4,4,444,Champions,407.334,407.334,Silver,1,0,0
18071,258,2,453.0,1,3,2,132,Needs Attention,226.5,226.5,Bronze,0,0,0
18072,186,1,247.44,1,2,1,121,Dormant,247.44,247.44,Bronze,0,0,1
18073,114,12,3877.5200000000004,2,5,5,255,At Risk,323.1266666666667,323.1266666666667,Bronze,0,1,0
18074,374,1,489.6,1,2,2,122,Needs Attention,489.6,489.6,Bronze,0,0,0
18075,23,10,2611.75,4,5,5,455,Champions,261.175,261.175,Gold,1,0,0
18077,8,11,2633.01,5,5,5,555,Champions,239.36454545454546,239.36454545454546,Gold,1,0,0
18078,217,2,336.13,1,3,2,132,Needs Attention,168.065,168.065,Bronze,0,0,0
18079,45,4,3651.97,3,4,5,345,Loyal,912.9925,912.9925,Silver,0,0,0
18080,19,2,1231.5,4,3,4,434,Loyal,615.75,615.75,Bronze,0,0,0
18081,36,3,343.45,3,4,2,342,Dormant,114.48333333333333,114.48333333333333,Bronze,0,0,1
18082,26,1,703.37,4,2,3,423,Potential,703.37,703.37,Bronze,0,0,0
18084,16,1,90.48,4,2,1,421,Potential,90.48,90.48,Bronze,0,0,0
18085,330,2,689.95,1,3,3,133,Needs Attention,344.975,344.975,Bronze,0,0,0
18086,274,1,101.34,1,2,1,121,Dormant,101.34,101.34,Bronze,0,0,1
18087,98,2,4055.7200000000003,2,3,5,235,Needs Attention,2027.8600000000001,2027.8600000000001,Bronze,0,0,0
18088,61,1,167.67000000000002,3,2,1,321,Dormant,167.67000000000002,167.67000000000002,Bronze,0,0,1
18092,2,11,9068.26,5,5,5,555,Champions,824.3872727272727,824.3872727272727,Platinum,1,0,0
18093,93,4,2106.52,2,4,5,245,At Risk,526.63,526.63,Bronze,0,1,0
18094,82,7,3017.3,2,5,5,255,At Risk,431.04285714285714,431.04285714285714,Silver,0,1,0
18095,313,2,580.05,1,3,3,133,Needs Attention,290.025,290.025,Bronze,0,0,0
18096,12,3,911.15,5,4,3,543,Loyal,303.71666666666664,303.71666666666664,Bronze,0,0,0
18097,8,6,2697.8,5,5,5,555,Champions,449.6333333333334,449.6333333333334,Gold,1,0,0
18099,127,1,168.31,2,2,1,221,Dormant,168.31,168.31,Bronze,0,0,1
18101,11,2,223.65,5,3,1,531,Potential,111.825,111.825,Bronze,0,0,0
18102,1,60,259657.3,5,5,5,555,Champions,4327.621666666667,4327.621666666667,Platinum,1,0,0
18104,37,1,754.64,3,2,3,323,Dormant,754.64,754.64,Bronze,0,0,1
18105,38,1,113.48000000000002,3,2,1,321,Dormant,113.48000000000002,113.48000000000002,Bronze,0,0,1
18106,330,1,430.7,1,2,2,122,Needs Attention,430.7,430.7,Bronze,0,0,0
18108,254,1,271.0,1,2,2,122,Needs Attention,271.0,271.0,Bronze,0,0,0
18109,2,26,8052.97,5,5,5,555,Champions,309.7296153846154,309.7296153846154,Platinum,1,0,0
18110,20,1,236.3,4,2,1,421,Potential,236.3,236.3,Bronze,0,0,0
18112,12,2,352.69,5,3,2,532,Potential,176.345,176.345,Bronze,0,0,0
18113,369,1,76.32000000000001,1,2,1,121,Dormant,76.32000000000001,76.32000000000001,Bronze,0,0,1
18114,290,1,220.1,1,2,1,121,Dormant,220.1,220.1,Bronze,0,0,1
18116,68,8,1418.03,3,5,4,354,Loyal,177.25375,177.25375,Silver,0,0,0
18117,26,1,320.71999999999997,4,2,2,422,Potential,320.71999999999997,320.71999999999997,Bronze,0,0,0
18118,11,26,5653.82,5,5,5,555,Champions,217.45461538461538,217.45461538461538,Platinum,1,0,0
18119,368,1,181.12,1,2,1,121,Dormant,181.12,181.12,Bronze,0,0,1
18120,214,1,111.15,1,2,1,121,Dormant,111.15,111.15,Bronze,0,0,1
18121,149,2,673.1,2,3,3,233,Needs Attention,336.55,336.55,Bronze,0,0,0
18122,8,6,1826.21,5,5,4,554,Champions,304.36833333333334,304.36833333333334,Silver,1,0,0
18123,24,2,589.4399999999999,4,3,3,433,Loyal,294.71999999999997,294.71999999999997,Bronze,0,0,0
18125,30,4,1142.99,4,4,4,444,Champions,285.7475,285.7475,Silver,1,0,0
18126,61,1,206.83,3,2,1,321,Dormant,206.83,206.83,Bronze,0,0,1
18127,19,3,348.73,4,4,2,442,Potential,116.24333333333334,116.24333333333334,Bronze,0,0,0
18129,243,1,112.55000000000001,1,2,1,121,Dormant,112.55000000000001,112.55000000000001,Bronze,0,0,1
18130,15,3,1059.39,4,4,4,444,Champions,353.13000000000005,353.13000000000005,Bronze,1,0,0
18133,212,1,931.5,1,2,3,123,Needs Attention,931.5,931.5,Bronze,0,0,0
18135,29,5,681.91,4,4,3,443,Loyal,136.382,136.382,Silver,0,0,0
18136,63,3,784.33,3,4,3,343,Loyal,261.4433333333333,261.4433333333333,Bronze,0,0,0
18138,295,1,152.65,1,2,1,121,Dormant,152.65,152.65,Bronze,0,0,1
18139,18,6,8438.34,4,5,5,455,Champions,1406.39,1406.39,Gold,1,0,0
18142,157,2,1019.52,2,3,4,234,Needs Attention,509.76,509.76,Bronze,0,0,0
18143,117,2,1000.16,2,3,4,234,Needs Attention,500.08,500.08,Bronze,0,0,0
18144,8,12,2888.75,5,5,5,555,Champions,240.72916666666666,240.72916666666666,Gold,1,0,0
18145,13,4,2861.55,5,4,5,545,Champions,715.3875,715.3875,Silver,1,0,0
18146,141,2,160.35,2,3,1,231,Dormant,80.175,80.175,Bronze,0,0,1
18147,46,2,179.34,3,3,1,331,Dormant,89.67,89.67,Bronze,0,0,1
18149,51,3,612.0799999999999,3,4,3,343,Loyal,204.02666666666664,204.02666666666664,Bronze,0,0,0
18150,32,3,566.58,4,4,3,443,Loyal,188.86,188.86,Bronze,0,0,0
18151,135,2,653.35,2,3,3,233,Needs Attention,326.675,326.675,Bronze,0,0,0
18154,3,2,399.19,5,3,2,532,Potential,199.595,199.595,Bronze,0,0,0
18155,75,3,371.62,2,4,2,242,Needs Attention,123.87333333333333,123.87333333333333,Bronze,0,0,0
18156,13,2,734.94,5,3,3,533,Loyal,367.47,367.47,Bronze,0,0,0
18158,9,2,453.4,5,3,2,532,Potential,226.7,226.7,Bronze,0,0,0
18159,301,1,530.15,1,2,3,123,Needs Attention,530.15,530.15,Bronze,0,0,0
18160,57,2,638.0600000000001,3,3,3,333,Loyal,319.03000000000003,319.03000000000003,Bronze,0,0,0
18161,15,5,1618.69,4,4,4,444,Champions,323.738,323.738,Silver,1,0,0
18164,37,1,399.65,3,2,2,322,Dormant,399.65,399.65,Bronze,0,0,1
18165,177,1,302.46,2,2,2,222,Needs Attention,302.46,302.46,Bronze,0,0,0
18167,23,3,1384.8600000000001,4,4,4,444,Champions,461.62000000000006,461.62000000000006,Bronze,1,0,0
18168,176,6,1169.94,2,5,4,254,At Risk,194.99,194.99,Bronze,0,1,0
18169,61,1,202.65,3,2,1,321,Dormant,202.65,202.65,Bronze,0,0,1
18170,33,3,980.3100000000001,4,4,4,444,Champions,326.77000000000004,326.77000000000004,Bronze,1,0,0
18171,59,5,1231.31,3,4,4,344,Loyal,246.262,246.262,Silver,0,0,0
18172,15,20,7561.68,4,5,5,455,Champions,378.084,378.084,Platinum,1,0,0
18173,87,4,2106.84,2,4,5,245,At Risk,526.71,526.71,Silver,0,1,0
18174,7,1,104.0,5,2,1,521,Potential,104.0,104.0,Bronze,0,0,0
18176,358,1,476.35,1,2,2,122,Needs Attention,476.35,476.35,Bronze,0,0,0
18177,31,6,1341.42,4,5,4,454,Champions,223.57000000000002,223.57000000000002,Silver,1,0,0
18178,129,4,1590.81,2,4,4,244,At Risk,397.7025,397.7025,Bronze,0,1,0
18179,9,6,1793.17,5,5,4,554,Champions,298.8616666666667,298.8616666666667,Silver,1,0,0
18180,5,6,1843.75,5,5,4,554,Champions,307.2916666666667,307.2916666666667,Silver,1,0,0
18181,24,1,382.8,4,2,2,422,Potential,382.8,382.8,Bronze,0,0,0
18183,227,2,632.07,1,3,3,133,Needs Attention,316.035,316.035,Bronze,0,0,0
18184,15,1,49.8,4,2,1,421,Potential,49.8,49.8,Bronze,0,0,0
18185,249,1,304.25,1,2,2,122,Needs Attention,304.25,304.25,Bronze,0,0,0
18188,15,3,2001.04,4,4,4,444,Champions,667.0133333333333,667.0133333333333,Bronze,1,0,0
18189,78,2,1090.24,2,3,4,234,Needs Attention,545.12,545.12,Bronze,0,0,0
18190,192,2,284.46000000000004,1,3,2,132,Needs Attention,142.23000000000002,142.23000000000002,Bronze,0,0,0
18191,262,1,207.8,1,2,1,121,Dormant,207.8,207.8,Bronze,0,0,1
18192,72,1,957.97,2,2,4,224,Needs Attention,957.97,957.97,Bronze,0,0,0
18193,165,1,243.76,2,2,1,221,Dormant,243.76,243.76,Bronze,0,0,1
18194,82,1,973.84,2,2,4,224,Needs Attention,973.84,973.84,Bronze,0,0,0
18196,95,2,689.13,2,3,3,233,Needs Attention,344.565,344.565,Bronze,0,0,0
18198,4,17,5425.56,5,5,5,555,Champions,319.15058823529415,319.15058823529415,Platinum,1,0,0
18200,106,1,163.8,2,2,1,221,Dormant,163.8,163.8,Bronze,0,0,1
18202,200,3,1396.99,1,4,4,144,At Risk,465.66333333333336,465.66333333333336,Bronze,0,1,0
18203,157,1,160.42000000000002,2,2,1,221,Dormant,160.42000000000002,160.42000000000002,Bronze,0,0,1
18204,71,3,1993.7,3,4,4,344,Loyal,664.5666666666667,664.5666666666667,Bronze,0,0,0
18205,36,2,517.36,3,3,3,333,Loyal,258.68,258.68,Bronze,0,0,0
18209,29,1,139.10000000000002,4,2,1,421,Potential,139.10000000000002,139.10000000000002,Bronze,0,0,0
18210,2,6,2621.38,5,5,5,555,Champions,436.8966666666667,436.8966666666667,Gold,1,0,0
18211,26,5,600.07,4,4,3,443,Loyal,120.01400000000001,120.01400000000001,Silver,0,0,0
18212,326,1,248.42,1,2,1,121,Dormant,248.42,248.42,Bronze,0,0,1
18213,237,1,232.48000000000002,1,2,1,121,Dormant,232.48000000000002,232.48000000000002,Bronze,0,0,1
18215,89,1,299.34000000000003,2,2,2,222,Needs Attention,299.34000000000003,299.34000000000003,Bronze,0,0,0
18216,31,1,481.75,4,2,2,422,Potential,481.75,481.75,Bronze,0,0,0
18217,29,2,621.75,4,3,3,433,Loyal,310.875,310.875,Bronze,0,0,0
18218,211,2,662.08,1,3,3,133,Needs Attention,331.04,331.04,Bronze,0,0,0
18219,3,10,2069.77,5,5,5,555,Champions,206.977,206.977,Gold,1,0,0
18220,227,1,305.28,1,2,2,122,Needs Attention,305.28,305.28,Bronze,0,0,0
18221,22,5,1041.61,4,4,4,444,Champions,208.32199999999997,208.32199999999997,Silver,1,0,0
18222,93,1,443.0,2,2,2,222,Needs Attention,443.0,443.0,Bronze,0,0,0
18223,5,14,6484.54,5,5,5,555,Champions,463.18142857142857,463.18142857142857,Platinum,1,0,0
18224,264,1,158.95000000000002,1,2,1,121,Dormant,158.95000000000002,158.95000000000002,Bronze,0,0,1
18225,3,12,5509.12,5,5,5,555,Champions,459.0933333333333,459.0933333333333,Platinum,1,0,0
18226,44,11,5228.05,3,5,5,355,Loyal,475.27727272727276,475.27727272727276,Gold,0,0,0
18227,218,1,93.75,1,2,1,121,Dormant,93.75,93.75,Bronze,0,0,1
18228,57,2,779.9,3,3,3,333,Loyal,389.95,389.95,Bronze,0,0,0
18229,12,20,7276.9,5,5,5,555,Champions,363.84499999999997,363.84499999999997,Platinum,1,0,0
18230,9,7,2810.2000000000003,5,5,5,555,Champions,401.4571428571429,401.4571428571429,Gold,1,0,0
18231,192,5,2083.27,1,4,5,145,At Risk,416.654,416.654,Bronze,0,1,0
18232,82,4,592.97,2,4,3,243,Needs Attention,148.2425,148.2425,Silver,0,0,0
18233,326,1,440.0,1,2,2,122,Needs Attention,440.0,440.0,Bronze,0,0,0
18235,72,3,1796.48,3,4,4,344,Loyal,598.8266666666667,598.8266666666667,Bronze,0,0,0
18236,30,6,882.24,4,5,3,453,Loyal,147.04,147.04,Silver,0,0,0
18237,3,5,987.1,5,4,4,544,Champions,197.42000000000002,197.42000000000002,Silver,1,0,0
18239,219,5,1561.6100000000001,1,4,4,144,At Risk,312.322,312.322,Bronze,0,1,0
18240,46,1,422.58,3,2,2,322,Dormant,422.58,422.58,Bronze,0,0,1
18241,10,17,2073.09,5,5,5,555,Champions,121.9464705882353,121.9464705882353,Gold,1,0,0
18242,72,4,2232.4900000000002,3,4,5,345,Loyal,558.1225000000001,558.1225000000001,Silver,0,0,0
18245,7,7,2567.06,5,5,5,555,Champions,366.72285714285715,366.72285714285715,Gold,1,0,0
18246,24,2,596.1,4,3,3,433,Loyal,298.05,298.05,Bronze,0,0,0
18248,123,2,804.02,2,3,3,233,Needs Attention,402.01,402.01,Bronze,0,0,0
18249,17,1,95.34,4,2,1,421,Potential,95.34,95.34,Bronze,0,0,0
18250,310,1,349.27,1,2,2,122,Needs Attention,349.27,349.27,Bronze,0,0,0
18251,87,1,4314.72,2,2,5,225,Needs Attention,4314.72,4314.72,Bronze,0,0,0
18252,51,2,526.67,3,3,3,333,Loyal,263.335,263.335,Bronze,0,0,0
18255,89,1,103.30000000000001,2,2,1,221,Dormant,103.30000000000001,103.30000000000001,Bronze,0,0,1
18257,39,8,2337.63,3,5,5,355,Loyal,292.20375,292.20375,Gold,0,0,0
18259,25,3,2338.6,4,4,5,445,Champions,779.5333333333333,779.5333333333333,Bronze,1,0,0
18260,173,6,2643.2000000000003,2,5,5,255,At Risk,440.53333333333336,440.53333333333336,Bronze,0,1,0
18261,43,2,324.24,3,3,2,332,Dormant,162.12,162.12,Bronze,0,0,1
18262,140,1,149.48,2,2,1,221,Dormant,149.48,149.48,Bronze,0,0,1
18263,26,3,1213.16,4,4,4,444,Champions,404.3866666666667,404.3866666666667,Bronze,1,0,0
18265,72,2,801.51,3,3,3,333,Loyal,400.755,400.755,Bronze,0,0,0
18268,134,1,25.5,2,2,1,221,Dormant,25.5,25.5,Bronze,0,0,1
18269,366,1,168.60000000000002,1,2,1,121,Dormant,168.60000000000002,168.60000000000002,Bronze,0,0,1
18270,38,2,283.15000000000003,3,3,2,332,Dormant,141.57500000000002,141.57500000000002,Bronze,0,0,1
18272,3,6,3078.58,5,5,5,555,Champions,513.0966666666667,513.0966666666667,Gold,1,0,0
18273,2,3,204.0,5,4,1,541,Potential,68.0,68.0,Bronze,0,0,0
18274,30,1,175.92,4,2,1,421,Potential,175.92,175.92,Bronze,0,0,0
18276,44,1,335.86,3,2,2,322,Dormant,335.86,335.86,Bronze,0,0,1
18277,58,1,110.38,3,2,1,321,Dormant,110.38,110.38,Bronze,0,0,1
18278,74,1,173.9,2,2,1,221,Dormant,173.9,173.9,Bronze,0,0,1
18280,278,1,180.60000000000002,1,2,1,121,Dormant,180.60000000000002,180.60000000000002,Bronze,0,0,1
18281,181,1,80.82,1,2,1,121,Dormant,80.82,80.82,Bronze,0,0,1
18282,8,2,178.05,5,3,1,531,Potential,89.025,89.025,Bronze,0,0,0
18283,4,16,2094.88,5,5,5,555,Champions,130.93,130.93,Gold,1,0,0
18287,43,3,1837.28,3,4,4,344,Loyal,612.4266666666666,612.4266666666666,Bronze,0,0,0
