CustomerID,Recency,Frequency,Monetary,Customer_Lifetime,Purchase_Frequency,Repeat_Rate,Churn_Risk,Engagement_Score,Days_Since_First,Average_Basket_Size
12346,2.3345741373435525,-0.9552142636712971,3.7062247576371363,-0.9880647720874756,-0.8204247009218442,-1.3804199638603631,1.1374284698424082,-0.9723285328619485,0.8712079620459973,6.828298262973277
12347,-0.9053403195403357,1.074425194724936,1.4118434139658396,1.7765770783561585,0.17953304746669005,0.7244172253228549,-1.4455657467137322,0.9154068628095805,1.2190402984260504,0.9057938853086372
12348,-0.17535959314365723,0.3863044476016779,0.7164888970385849,1.1479050959265102,-0.13165489190862548,0.7244172253228549,0.6971453647476117,0.1527534436627907,1.142686858732868,1.4699737345064512
12349,-0.7353448079137119,-0.9552142636712971,0.6987393956420775,-0.9880647720874756,-0.8204247009218442,-1.3804199638603631,-0.9465782276062956,0.6182334938494987,-1.7332927030436698,1.553147028631465
12350,2.1745783616949654,-0.9552142636712971,-0.6189621995772402,-0.9880647720874756,-0.8204247009218442,-1.3804199638603631,1.1374284698424082,-2.0841213694696967,0.7354685137025618,0.26849390534908824
12352,-0.5653492962870882,1.2468684386726134,0.9807530389309995,0.981269148776483,0.49183779833472074,0.7244172253228549,-0.4475907084988595,0.5893105691702447,0.6251802119235206,-0.9144791690972895
12353,1.114606348023076,-0.9552142636712971,-1.6651527513281688,-0.9880647720874756,-0.8204247009218442,-1.3804199638603631,1.1374284698424082,-1.1122724668650805,-0.16380533157269778,-2.215030098646801
12354,1.3945989554081033,-0.9552142636712971,0.3113164548768808,-0.9880647720874756,-0.8204247009218442,-1.3804199638603631,1.1374284698424082,-1.353822652783953,0.0737387030283142,1.3604114063521617
12355,1.2146037078034428,-0.9552142636712971,-0.36704268534959555,-0.9880647720874756,-0.8204247009218442,-1.3804199638603631,1.1374284698424082,-1.1982670124019743,-0.07896817635805065,0.48602612030178444
12356,-0.6953458640015652,0.05960546552681911,1.072166366005457,1.2993923206083533,-0.369769664152571,0.7244172253228549,-0.8291693995810168,0.6316238735057886,0.8712079620459973,1.3611060193233055
12357,-0.5953485042211982,-0.9552142636712971,1.7019399059577833,-0.9880647720874756,-0.8204247009218442,-1.3804199638603631,-0.5356473295178191,0.5622556354127365,-1.6145206857431638,3.1641297214854465
12358,-0.9053403195403357,-0.3615827770984007,0.37403843277933535,0.14051505179225454,-0.36286162230998326,0.7244172253228549,-1.4455657467137322,0.7815571531525259,-0.6134422542103276,-0.240612633975855
12359,-0.345355104770281,0.3863044476016779,1.7227876375624651,1.0873102060537732,-0.11196386344573976,0.7244172253228549,0.19815784564017558,0.3842229887596131,0.9221102551747855,1.0646811313763582
12360,-0.4053535206385011,0.05960546552681911,1.0287659978857018,0.13294069055816238,0.02846838690587006,0.7244172253228549,0.02204460360225668,0.36219342999330933,-0.18925647813709193,1.0169220286533935
12361,1.9445844342001213,-0.9552142636712971,-1.067156470331932,-0.9880647720874756,-0.8204247009218442,-1.3804199638603631,1.1374284698424082,-1.8747435767138347,0.5403430567088734,-0.5798948302215583
12362,-0.8953405835622991,1.5406654655354899,1.5651014053126442,1.2236487082674319,0.8127488116399967,0.7244172253228549,-1.416213539707412,0.9706354004854227,0.6166964964020558,0.40456366924730097
12363,0.17463116608762697,-0.3615827770984007,-0.22129943482556674,0.011750910812688004,-0.3130703905466348,0.7244172253228549,1.1374284698424082,-0.22281850458046143,0.15857585824296133,0.3069496844516885
12364,-0.8453419036721156,0.3863044476016779,0.46704700202031074,-0.20033120374189214,0.7236783201912479,0.7244172253228549,-1.2694525046758134,0.7616445058540392,-0.9443071595474514,0.9827582790631946
12365,1.9845833781122681,-0.3615827770984007,-0.1021502899670142,-0.9880647720874756,-0.8204247009218442,0.7244172253228549,1.1374284698424082,-1.8876973527452972,0.5742779187947323,-0.6290969629912271
12367,-0.8853408475842623,-0.9552142636712971,-1.159837140090883,-0.9880647720874756,-0.8204247009218442,-1.3804199638603631,-1.3868613327010924,0.7302998666025534,-1.8605484358656406,0.12547386744738664
12370,-0.4153532566165378,0.3863044476016779,1.256642164456396,1.3524128492469982,-0.18281754283021995,0.7244172253228549,-0.007307603404062988,0.40235156185125076,1.1596542897757975,1.4756234229945686
12371,-0.47535167248475796,-0.3615827770984007,0.755630558813062,-0.8820237148101855,1.9199034251945408,0.7244172253228549,-0.1834208454419816,0.39748036303145856,-1.3854603666636165,0.7154243589041588
12372,-0.2053588010777673,0.05960546552681911,0.4578803159556508,0.7085921443491656,-0.23078737034635377,0.7244172253228549,0.6090887437286524,0.1557190610458809,0.6251802119235206,0.5938851571024419
12373,2.184578097673002,-0.9552142636712971,-0.5503971048155197,-0.9880647720874756,-0.8204247009218442,-1.3804199638603631,1.1374284698424082,-2.092832890281145,0.7439522292240266,0.26849390534908824
12374,-0.6753463920454919,-0.9552142636712971,0.014569212366769852,-0.9880647720874756,-0.8204247009218442,-1.3804199638603631,-0.7704649855683771,0.5463721069408934,-1.6823904099148814,0.876676132684218
12375,-0.8153426957380054,-0.3615827770984007,-0.3703314380988366,-0.3290953447214587,-0.08871137244830361,0.7244172253228549,-1.1813958836568539,0.6870585230173503,-1.0630791768479575,-0.6042225289216073
12377,2.2245770415851487,-0.3615827770984007,0.6379412185868837,-0.6926646839578818,0.602716236965679,0.7244172253228549,1.1374284698424082,-2.09248223883448,1.117235712168474,1.2323839740874074
12378,0.3746258856483608,-0.9552142636712971,1.354207388002105,-0.9880647720874756,-0.8204247009218442,-1.3804199638603631,1.1374284698424082,-0.3667861814852601,-0.7916002801610865,3.088464091776932
12379,-0.1053614412974004,-0.3615827770984007,0.1235960626180742,-0.3215209834873665,-0.09584693797306118,0.7244172253228549,0.9026108137918503,0.03987747006848515,-0.45225165930249805,0.3042467142850273
12380,-0.7053455999796019,0.3863044476016779,1.047287700594385,0.2541304703036368,0.27077502111017787,0.7244172253228549,-0.8585216065873364,0.6558854722364802,-0.3165122109590626,0.6628658319333341
12381,-0.8753411116062256,0.6532369520997158,0.7374686635736019,-0.11701323016687852,0.9621739407281177,0.7244172253228549,-1.3575091256947727,0.8144576205142708,-0.8764374353757337,0.05047031862289365
12383,0.9246113644403788,0.6532369520997158,0.7397268157817323,0.2768535540059132,0.5240234597907494,0.7244172253228549,1.1374284698424082,-0.8425932935760931,1.0917845656040799,0.7553851037436707
12384,-0.6353474481333451,-0.3615827770984007,-0.17483775605902452,-0.2912235385509979,-0.1230410383884666,0.7244172253228549,-0.6530561575430981,0.5234382080656985,-0.8594700043328043,-0.9815824855736611
12386,2.4545709690799926,-0.3615827770984007,-0.47313765791452395,-0.7684082962988033,0.9511694192575065,0.7244172253228549,1.1374284698424082,-2.324317847501895,1.2190402984260504,0.150630989740531
12388,-0.7653440158478221,0.8789251688960825,1.0634175822381535,1.3675615717151826,0.16136589225485956,0.7244172253228549,-1.0346348486252552,0.7449873352429527,0.879691677567462,0.5027395786454958
12390,-0.1253609132534738,-0.9552142636712971,-0.22441182068610765,-0.9880647720874756,-0.8204247009218442,-1.3804199638603631,0.8439063997792103,0.03686113367851884,-1.2157860562343223,0.9116159721820034
12391,-0.7053455999796019,-0.9552142636712971,-0.36447309198428984,-0.9880647720874756,-0.8204247009218442,-1.3804199638603631,-0.8585216065873364,0.5693701248744599,-1.7078415564792757,0.7320971287034029
12393,-0.2053588010777673,0.3863044476016779,0.6154038246150974,0.981269148776483,-0.07897412851140034,0.7244172253228549,0.6090887437286524,0.17685574021813122,0.9305939706962503,0.3069496844516885
12394,-0.28535668890206084,-0.3615827770984007,0.44207651187206687,0.17081249672862311,-0.37647167837913303,0.7244172253228549,0.3742710876780942,0.21247635664504283,-0.0535170297936565,1.0755195605302048
12395,-0.7353448079137119,1.7852452398084835,1.1286985610690166,1.6705360210788684,0.7171285899835752,0.7244172253228549,-0.9465782276062956,0.8201140406138887,1.2529751605119093,0.1475174413212768
12397,-0.5653492962870882,-0.3615827770984007,0.9496558251186266,-0.2382030099123529,-0.16599530792849665,0.7244172253228549,-0.4475907084988595,0.48888865142124666,-0.749181702553763,1.5540223673352058
12398,-0.4653519365067213,-0.9552142636712971,0.641613453441085,-0.9880647720874756,-0.8204247009218442,-1.3804199638603631,-0.15406863843566193,0.36766591399673365,-1.5042323839641225,2.429519373723968
12399,0.2646287898899572,0.3863044476016779,0.3325607791120429,0.08749452315360949,0.4040794803157309,0.7244172253228549,1.1374284698424082,-0.26360630065786483,0.3282501686722556,0.7116849440867379
12401,2.1045802098487085,-0.9552142636712971,-1.707807294273016,-0.9880647720874756,-0.8204247009218442,-1.3804199638603631,1.1374284698424082,-2.0237747828795105,0.6760825050523088,-2.834449638066094
12402,2.3045749294094424,-0.9552142636712971,-0.9308178639629089,-0.9880647720874756,-0.8204247009218442,-1.3804199638603631,1.1374284698424082,-2.2055860554629994,0.8457568154816031,-0.5443773744085973
12403,-0.42535299259457454,-0.9552142636712971,-0.42377598402448796,-0.9880647720874756,-0.8204247009218442,-1.3804199638603631,-0.03665981041038266,0.3110494856252886,-1.4702975218782637,-0.5213168375334848
12405,0.5646208692310579,-0.9552142636712971,0.6771209816468954,-0.9880647720874756,-0.8204247009218442,-1.3804199638603631,1.1374284698424082,-0.5793602895154589,-0.630409685253257,1.8915321601066046
12406,-0.7053455999796019,-0.3615827770984007,1.226853945195335,0.23140738660136032,-0.394216743645058,0.7244172253228549,-0.8585216065873364,0.6342495084731865,-0.33347964200199204,1.9566606933059076
12407,-0.42535299259457454,0.6532369520997158,0.6760654279957411,0.6328485320082442,0.2858026680411806,0.7244172253228549,-0.03665981041038266,0.39792567315173516,0.345217599715185,0.6685275615832125
12408,-0.5953485042211982,0.6532369520997158,1.0936799650762783,0.7313152280514421,0.00946127826626002,0.7244172253228549,-0.5356473295178191,0.5737731628205409,0.3112827376293262,0.6630615468543981
12409,-0.13536064923151048,0.05960546552681911,2.162102529221574,-0.2079055649759843,0.3156925761936896,0.7244172253228549,0.8145541927728907,0.25142195311221394,-0.34196335752345675,2.74277530988066
12410,2.1645786257169286,-0.3615827770984007,-0.040304177044463416,-0.9880647720874756,-0.8204247009218442,0.7244172253228549,1.1374284698424082,-2.052559899226667,0.7269847981810972,-0.4178979372620306
12412,-0.17535959314365723,0.05960546552681911,0.4130775790891971,-0.27607481608281365,0.4006819485928732,0.7244172253228549,0.6971453647476117,0.12693422991927755,-0.46073537482396276,0.6414557691838544
12413,-0.25535748096795075,0.05960546552681911,0.030623015576599005,1.0570127611174045,-0.32155498131921045,0.7244172253228549,0.4623277086970535,0.19290428932933879,0.9645288327821091,-0.5289504245702125
12414,1.2446029157375529,0.05960546552681911,-0.20646794238648308,-0.2836491773169058,0.42136065068688316,0.7244172253228549,1.1374284698424082,-1.1912493285322951,0.7354685137025618,-0.4765889042531565
12415,-0.6853461280235285,2.555485194733606,4.089098373859291,1.3827102941833669,1.402181642726505,0.7244172253228549,-0.799817192574697,2.9194896449312195,0.9730125483035739,3.504845328719667
12417,-0.8953405835622991,1.4011241767997944,1.2794980922437462,1.693259104781145,0.4706091242062962,0.7244172253228549,-1.416213539707412,0.9283213115483795,1.142686858732868,0.12193415949563803
12418,0.20463037402173703,-0.9552142636712971,-0.06916989886128724,-0.9880647720874756,-0.8204247009218442,-1.3804199638603631,1.1374284698424082,-0.26500187254898666,-0.9358234440259867,1.0687579895145949
12420,-0.28535668890206084,-0.9552142636712971,-0.1545875996621648,-0.9880647720874756,-0.8204247009218442,-1.3804199638603631,0.3742710876780942,0.18499040307670528,-1.3515255045777577,0.8863150824210384
12421,-0.7653440158478221,0.3863044476016779,0.08031000296181567,1.3069666818424455,-0.17358078003150867,0.7244172253228549,-1.0346348486252552,0.6797027109595479,0.8118219533957443,-0.267501382947513
12422,0.03463486239511329,0.05960546552681911,0.07687759802100734,0.7464639505196264,-0.23997680428767415,0.7244172253228549,1.1374284698424082,-0.07333406807215581,0.8627242465245325,-0.24653171617336758
12423,-0.9153400555183724,1.2468684386726134,0.7434762121608898,1.6781103823129606,0.34396868095476524,0.7244172253228549,-1.4749179537200516,0.9009356431221972,1.1087519966470092,0.08910041709437413
12424,0.7046171729235716,-0.3615827770984007,0.7002800108774175,-0.9880647720874756,-0.8204247009218442,0.7244172253228549,1.1374284698424082,-0.6909457200416909,-0.511637667952751,0.9635336748446752
12425,-0.14536038520954717,-0.9552142636712971,0.050385536557672,-0.9880647720874756,-0.8204247009218442,-1.3804199638603631,0.785201985766571,0.05899882242607173,-1.2327534872772516,1.2871678924288315
12426,1.0246087242207458,-0.9552142636712971,-0.17829073391283512,-0.9880647720874756,-0.8204247009218442,-1.3804199638603631,1.1374284698424082,-1.0213263698687682,-0.2401587712658802,0.5657549078393991
12427,-0.7053455999796019,0.05960546552681911,0.09856248367486486,1.6553872986106843,-0.4257579962167542,0.7244172253228549,-0.8585216065873364,0.6082977156024527,1.261458876033374,0.15476881038439794
12428,-0.6653466560674551,1.4011241767997944,1.8992969152172443,0.9585460650742066,0.49973549618605567,0.7244172253228549,-0.7411127785620575,0.7871476330868807,0.5148919101444793,1.0297981832386902
12429,-0.8353421676940789,0.3863044476016779,1.301268275103472,1.7084078272493293,-0.2582266551391152,0.7244172253228549,-1.2401002976694935,0.7923708050792865,1.210556582904586,1.0195250278359544
12430,-0.49535114444083134,-0.9552142636712971,-0.8294645672136798,-0.9880647720874756,-0.8204247009218442,-1.3804199638603631,-0.24212525945462107,0.37268712793351466,-1.5296835305285166,-0.3044003242090173
12431,-0.5653492962870882,2.0892449239230517,1.7369930519054975,1.5720693250356705,1.0933813765961526,0.7244172253228549,-0.4475907084988595,0.7698630396257565,1.2784263070763036,0.2500801651464499
12432,-0.49535114444083134,0.6532369520997158,1.539293440067032,-0.010972172889588442,0.12615681346113924,0.7244172253228549,-0.24212525945462107,0.5172757998101163,-0.4352842282595686,0.9339026123409591
12433,-0.9153400555183724,1.074425194724936,2.3123744937890036,1.8295976069948037,0.022674597068935008,0.7244172253228549,-1.4749179537200516,1.0731479925700496,1.2699425915548388,2.56915778605816
12434,-0.07536223336329032,-0.3615827770984007,0.07942373126175259,0.3374484438786504,-0.42783287848325874,0.7244172253228549,0.9906674348108093,0.01150322087454738,0.3112827376293262,0.26849390534908824
12435,-0.1253609132534738,-0.3615827770984007,1.8865457875394949,0.4359151399218483,-0.4511278359936225,0.7244172253228549,0.8439063997792103,0.17261161189879523,0.3791524618010439,2.092154462730169
12436,0.07463380630726006,-0.9552142636712971,-0.28565887932622225,-0.9880647720874756,-0.8204247009218442,-1.3804199638603631,1.1374284698424082,-0.14793414877713276,-1.046111745805028,0.34411413542538216
12437,-0.9053403195403357,2.3408466559766334,1.5221510545291004,1.5039000739288413,1.227391549667324,0.7244172253228549,-1.4455657467137322,1.1071347636755293,0.9136265396533209,0.05545110962736881
12438,-0.7853434878038954,-0.3615827770984007,1.0987006679650526,-0.04126961782595703,-0.28769525660959294,0.7244172253228549,-1.0933392626378946,0.6995696163561582,-0.7067631249464394,1.4789058063076015
12441,2.744563312443056,-0.9552142636712971,-1.1383638592446061,-0.9880647720874756,-0.8204247009218442,-1.3804199638603631,1.1374284698424082,-2.6115167565506536,1.2190402984260504,-0.267501382947513
12442,-0.8953405835622991,-0.9552142636712971,-1.14518162259322,-0.9880647720874756,-0.8204247009218442,-1.3804199638603631,-1.416213539707412,0.7395579561799134,-1.869032151387105,0.18129405122264516
12444,-0.7153453359576386,0.6532369520997158,1.5307835260656797,0.14051505179225454,0.6457234084718455,0.7244172253228549,-0.8878738135936562,0.718932318043847,-0.44376794378103335,0.4419892592463929
12445,-0.7053455999796019,-0.9552142636712971,-1.346240441148535,-0.9880647720874756,-0.8204247009218442,-1.3804199638603631,-0.8585216065873364,0.5640045431853659,-1.7078415564792757,-0.9990138022557798
12446,-0.345355104770281,-0.9552142636712971,0.25244506503585584,-0.9880647720874756,-0.8204247009218442,-1.3804199638603631,0.19815784564017558,0.2468133402588837,-1.402427797706546,0.905344761450499
12447,1.5045960511665069,-0.9552142636712971,-0.3380570057913547,-0.9880647720874756,-0.8204247009218442,-1.3804199638603631,1.1374284698424082,-1.4649701826298756,0.16705957376442604,0.2286538199639716
12448,-0.4853514084627947,-0.9552142636712971,-0.38441824291822546,-0.9880647720874756,-0.8204247009218442,-1.3804199638603631,-0.21277305244830141,0.3666437343261604,-1.521199815007052,0.4997194792733506
12449,-0.7053455999796019,0.3863044476016779,1.3657597282233311,0.2541304703036368,0.2654127385271785,0.7244172253228549,-0.8585216065873364,0.6778806052358834,-0.3080284954375979,1.0166850885404912
12450,0.6346190210773148,-0.3615827770984007,-1.0345886056659306,-0.8593006311079091,1.7161694892255979,0.7244172253228549,1.1374284698424082,-0.6521109397544335,-0.4268005127381039,-0.9644214327759761
12451,-0.8153426957380054,0.6532369520997158,2.000427014737321,1.3827102941833669,-0.013123117169033144,0.7244172253228549,-1.1813958836568539,0.8770238057761959,0.8627242465245325,2.3649917774704177
12452,-0.7553442798697854,-0.3615827770984007,-0.4184696573179272,-0.9880647720874756,-0.8204247009218442,0.7244172253228549,-1.0052826416189355,0.6313794054253697,-1.750260134086599,-0.5619936465148555
12453,0.41462482956050756,-0.9552142636712971,-0.024697892183045876,-0.9880647720874756,-0.8204247009218442,-1.3804199638603631,1.1374284698424082,-0.4577035682274527,-0.7576654180752277,1.2347216005807595
12454,-0.36535457672635435,-0.9552142636712971,1.2527422422884857,-0.9880647720874756,-0.8204247009218442,-1.3804199638603631,0.13945343162753596,0.3066123367143629,-1.4193952287494753,2.068771020499572
12455,-0.1953590650997306,0.8789251688960825,0.9682264071623882,0.7010177831150736,0.46268765893351954,0.7244172253228549,0.6384409507349721,0.21508602212044695,0.6251802119235206,0.8963992801654633
12456,-0.4853514084627947,0.05960546552681911,1.170361382834635,0.6025510870718755,-0.19355751272395488,0.7244172253228549,-0.21277305244830141,0.4443469055969004,0.2688641600220026,1.3898930045565963
12457,-0.26535721694598746,1.074425194724936,0.9341100748765044,0.3147253601763739,0.9584899708460772,0.7244172253228549,0.4329755016907335,0.29430682742471076,0.13312471167856718,-0.2726979452305149
12458,-0.215358537055804,-0.3615827770984007,0.20768445070504069,0.625274170774152,-0.49174545586408996,0.7244172253228549,0.5797365367223325,0.14270604635052017,0.523375625665944,0.5441778944971072
12461,0.014635390439039907,-0.3615827770984007,0.0996006215961298,-0.5336030980419467,0.19094887587899637,0.7244172253228549,1.1374284698424082,-0.0710138223748171,-0.5795073921244688,-0.08015499040005432
12462,-0.7353448079137119,-0.3615827770984007,0.3885513175762943,1.1630538183946946,-0.570781110301535,0.7244172253228549,-0.9465782276062956,0.6254025230123254,0.6760825050523088,0.6076866542850984
12463,-0.39535378466046445,0.3863044476016779,0.4859917539016403,0.4359151399218483,0.15531463907174475,0.7244172253228549,0.05139681060857664,0.34787931710958886,0.15857585824296133,0.2515948636150456
12464,-0.8253424317160422,1.2468684386726134,0.4034140351554218,1.2766692369060768,0.3550572146483435,0.7244172253228549,-1.2107480906631736,0.8074741173899638,0.7269847981810972,-2.5874596875334923
12465,-0.7553442798697854,-0.3615827770984007,0.013777748674131559,0.16323813549453098,-0.3711262499010365,0.7244172253228549,-1.0052826416189355,0.6364849737357153,-0.46073537482396276,0.4837273329060535
12468,0.9546105723744889,-0.3615827770984007,0.00012473505372667906,-0.01854653412368059,-0.29887570632002874,0.7244172253228549,1.1374284698424082,-0.9380023666707777,0.7863708068313501,0.1873260319993053
12471,-0.9053403195403357,3.057582165231702,2.625249451475796,1.7538539946538823,1.5384575942200072,0.7244172253228549,-1.4455657467137322,1.5485009687277198,1.2020728673831211,0.6310299552111531
12472,-0.6053482401992349,1.074425194724936,1.7473024794817706,1.5569206025674862,0.24705896362357996,0.7244172253228549,-0.5649995365241388,0.6762796847832664,1.23600772946898,1.4837113090795229
12473,-0.6353474481333451,0.6532369520997158,1.340186780327252,0.23898174783545245,0.2816626601958108,0.7244172253228549,-0.6530561575430981,0.6278015815318156,-0.2656099178302743,1.2687533897836063
12474,-0.7553442798697854,2.3408466559766334,1.8390382066514455,1.3751359329492747,1.5032113751355614,0.7244172253228549,-1.0052826416189355,1.0087609543138025,0.9051428241318561,0.6129319328480486
12475,-0.38535404868242773,-0.9552142636712971,-0.006609518266952898,-0.9880647720874756,-0.8204247009218442,-1.3804199638603631,0.0807490176148963,0.2790686285720169,-1.4363626597924049,1.3707851067754198
12476,-0.7653440158478221,1.6680566812978321,1.7763251204199106,1.6250898536743157,0.6183392001908397,0.7244172253228549,-1.0346348486252552,0.893481352284496,1.1681380052972623,0.3846563727012963
12477,-0.6953458640015652,0.8789251688960825,2.3030377811999494,1.1176076509901416,0.2527590441530633,0.7244172253228549,-0.8291693995810168,0.8515765467490198,0.6675987895308442,1.5136278283732898
12478,-0.8853408475842623,-0.9552142636712971,-0.054565264145496,-0.9880647720874756,-0.8204247009218442,-1.3804199638603631,-1.3868613327010924,0.7386899265346671,-1.8605484358656406,0.467500738359897
12479,-0.8153426957380054,-0.9552142636712971,-0.2577888650316912,-0.9880647720874756,-0.8204247009218442,-1.3804199638603631,-1.1813958836568539,0.671726024031299,-1.8011624272153874,1.0074046378297004
12480,-0.6453471841113817,0.3863044476016779,1.1951121552306176,1.337264126778814,-0.1809914702572267,0.7244172253228549,-0.6824083645494178,0.6097704888501492,0.9560451172606445,1.1210814568627359
12481,-0.6953458640015652,1.5406654655354899,1.6195030542610644,1.6023667699720392,0.37094757345694396,0.7244172253228549,-0.8291693995810168,0.7925726131523171,1.210556582904586,0.838595145259363
12483,-0.7553442798697854,1.2468684386726134,0.974044269094007,1.4508795452901961,0.4319704248891608,0.7244172253228549,-1.0052826416189355,0.7638855323236581,0.9814962638250385,-0.11715130845080617
12484,-0.5953485042211982,0.8789251688960825,1.4534806777894849,1.3069666818424455,0.17998466414088696,0.7244172253228549,-0.5356473295178191,0.6173330877575789,0.9560451172606445,0.9490188359348859
12488,-0.8253424317160422,0.05960546552681911,0.45825978889134167,-0.49573129187148596,0.7924924541404285,0.7244172253228549,-1.2107480906631736,0.7265208282719278,-1.2497209183201812,0.14647764252880008
12489,2.4345714971239194,-0.9552142636712971,-0.6177065016987459,-0.9880647720874756,-0.8204247009218442,-1.3804199638603631,1.1374284698424082,-2.3234769091748824,0.9560451172606445,-0.4231067267954814
12490,-0.8753411116062256,1.5406654655354899,1.5937445913712531,1.4660282677583805,0.6914926587352195,0.7244172253228549,-1.3575091256947727,0.9553635722607311,0.9051428241318561,0.7553851037436707
12491,-0.5353500883529781,-0.9552142636712971,-0.3653172101465962,-0.9880647720874756,-0.8204247009218442,-1.3804199638603631,-0.35953408747990034,0.41285472002726514,-1.5636183926143754,0.5742693016175449
12492,-0.29535642488009756,-0.3615827770984007,-0.8086976928182107,-0.6699416002556053,0.5240234597907494,0.7244172253228549,0.34491888067177423,0.2051468378389732,-1.0036931681977044,-0.5213168375334848
12493,0.7346163808576817,-0.3615827770984007,-0.41264952137403427,-0.753259573830619,0.8293373508616512,0.7244172253228549,1.1374284698424082,-0.7403097827063654,-0.22319134022295078,-0.43888180235876534
12494,-0.7653440158478221,1.074425194724936,0.42542953337821776,1.6553872986106843,0.21459222023879976,0.7244172253228549,-1.0346348486252552,0.7363196327172451,1.210556582904586,-0.46568373492713233
12497,-0.1053614412974004,-0.9552142636712971,0.28413720828063066,-0.9880647720874756,-0.8204247009218442,-1.3804199638603631,0.9026108137918503,0.026530051168698453,-1.1988186251913928,2.296468222006452
12498,-0.7153453359576386,0.05960546552681911,-0.46959260950751985,-0.7153877676601582,0.6914926587352195,0.7244172253228549,-0.8878738135936562,0.6105883641309128,-1.402427797706546,-1.1696379075049148
12500,-0.6953458640015652,1.6680566812978321,1.4021587847626487,1.3599872104810904,0.7421779413622989,0.7244172253228549,-0.8291693995810168,0.7871171490032425,0.9390776862177149,0.5017795314838458
12501,2.444571233101956,-0.9552142636712971,0.8660781916160282,-0.9880647720874756,-0.8204247009218442,-1.3804199638603631,1.1374284698424082,-2.3026275138717494,0.9645288327821091,2.701768075079252
12502,0.03463486239511329,0.6532369520997158,1.295624114649832,0.6328485320082442,0.2899744111530651,0.7244172253228549,1.1374284698424082,0.007461083339552201,0.7354685137025618,0.0666884217115321
12504,-0.7453445438917486,-0.3615827770984007,-0.3288501902341635,-0.8971724372783698,2.304409813797492,0.7244172253228549,-0.9759304346126154,0.6230165351936152,-1.6399718323075578,-1.347115692442422
12506,1.4045986913861401,-0.9552142636712971,-1.8154673959365322,-0.9880647720874756,-0.8204247009218442,-1.3804199638603631,1.1374284698424082,-1.3795095902129162,0.08222241854977891,-2.067228775845231
12507,0.41462482956050756,0.05960546552681911,0.4620141418635792,0.2541304703036368,-0.04273590051938134,0.7244172253228549,1.1374284698424082,-0.41496162874671005,0.64214764296645,0.7247179964852518
12508,-0.6653466560674551,-0.3615827770984007,-0.48033526987816344,-0.9729160496192913,5.160775334167149,0.7244172253228549,-0.7411127785620575,0.5479933571597003,-1.6484555478290226,-0.1391493641385155
12509,1.9145852262660112,-0.9552142636712971,-1.1250356105350003,-0.9880647720874756,-0.8204247009218442,-1.3804199638603631,1.1374284698424082,-1.8473441728907523,0.5148919101444793,-1.1293838083752317
12510,0.5046224533628378,-0.3615827770984007,0.2366422282022773,0.39046897251729545,-0.4417667420889711,0.7244172253228549,1.1374284698424082,-0.5195725018669003,0.8627242465245325,0.1475174413212768
12512,-0.26535721694598746,-0.3615827770984007,-1.3193051547556855,-0.9880647720874756,-0.8204247009218442,0.7244172253228549,0.4329755016907335,0.17547694541936845,-1.3345580735348281,-1.243809766474021
12513,0.20463037402173703,-0.9552142636712971,-0.13900484506939112,-0.9880647720874756,-0.8204247009218442,-1.3804199638603631,1.1374284698424082,-0.26592412542168276,-0.9358234440259867,1.2087320969583395
12514,1.7445897146393876,-0.9552142636712971,0.26453568261512017,-0.9880647720874756,-0.8204247009218442,-1.3804199638603631,1.1374284698424082,-1.6770549402313968,0.3706687462795792,1.1548474616052402
12515,2.604567008750543,-0.9552142636712971,-0.5098987374803604,-0.9880647720874756,-0.8204247009218442,-1.3804199638603631,1.1374284698424082,-2.479185240358745,1.1002682811255444,-0.18030152882106995
12516,-0.14536038520954717,-0.3615827770984007,0.46641736233285064,-0.21547992621007644,-0.18281754283021995,0.7244172253228549,0.785201985766571,0.08423640573823363,-0.35893078856638616,1.148554859477073
12517,-0.6453471841113817,0.6532369520997158,0.9797373018887919,0.23140738660136032,0.2816626601958108,0.7244172253228549,-0.6824083645494178,0.6134852886089873,-0.2825773488732038,0.6329085009723714
12518,-0.9153400555183724,0.6532369520997158,0.8237493336704154,-0.1624593975714314,1.0194082870246586,0.7244172253228549,-1.4749179537200516,0.8547494029930821,-0.9612745905903809,0.5894320830219338
12519,-0.28535668890206084,-0.9552142636712971,-0.6038369826197678,-0.9880647720874756,-0.8204247009218442,-1.3804199638603631,0.3742710876780942,0.18073794734552487,-1.3515255045777577,0.1873260319993053
12520,-0.13536064923151048,0.6532369520997158,1.020420430799555,0.4813613073264012,0.3806936948203788,0.7244172253228549,0.8145541927728907,0.146116337955349,0.43005475492983214,0.6862996096003876
12521,0.5046224533628378,-0.9552142636712971,-0.15552705015026083,-0.9880647720874756,-0.8204247009218442,-1.3804199638603631,1.1374284698424082,-0.5423202154142102,-0.6813119783820453,0.7647076431627892
12522,-0.5353500883529781,-0.3615827770984007,-1.0554945442896975,-0.8971724372783698,2.304409813797492,0.7244172253228549,-0.35953408747990034,0.42494352344152203,-1.461813806356799,-0.5099642689559386
12523,-0.7353448079137119,1.6680566812978321,0.7131784105755745,1.3751359329492747,0.8600942652690394,0.7244172253228549,-0.9465782276062956,0.7835059919677281,0.9221102551747855,-0.7396352122513158
12524,-0.8353421676940789,1.2468684386726134,1.4436161106131158,1.4660282677583805,0.4258851470375693,0.7244172253228549,-1.2401002976694935,0.8703160982922429,0.9390776862177149,1.2096282236297615
12526,-0.9153400555183724,0.05960546552681911,0.4691985410901259,-0.2836491773169058,0.4109327335165717,0.7244172253228549,-1.4749179537200516,0.8096725859694751,-1.0970140389338163,0.3423724108595511
12527,-0.1053614412974004,0.05960546552681911,-0.5857354581382259,0.8525050077969165,-0.2720173033347116,0.7244172253228549,0.9026108137918503,0.04810211750432193,0.8712079620459973,-0.7485155580311258
12528,-0.8353421676940789,0.8789251688960825,0.7745676709223233,1.3069666818424455,0.18270306951273624,0.7244172253228549,-1.2401002976694935,0.7955513894965062,0.760919660266956,-0.22304296772375637
12530,-0.3253556328142076,0.3863044476016779,0.6544443405531248,1.1100332897560496,-0.11865227301903707,0.7244172253228549,0.2568622596528149,0.2886370091411777,0.9645288327821091,0.43070074012406623
12531,-0.7753437518258587,-0.9552142636712971,-1.396178710941866,-0.9880647720874756,-0.8204247009218442,-1.3804199638603631,-1.063987055631575,0.6283147363657549,-1.7672275651295286,-1.347115692442422
12532,-0.6253477121553084,-0.9552142636712971,-0.5831925497730385,-0.9880647720874756,-0.8204247009218442,-1.3804199638603631,-0.6237039505367783,0.4938999925259754,-1.6399718323075578,-0.009677423571934109
12534,0.3846256216263975,-0.9552142636712971,0.31848302331353184,-0.9880647720874756,-0.8204247009218442,-1.3804199638603631,1.1374284698424082,-0.4238244737200133,-0.7831165646396219,1.5876316162587865
12535,-0.0053640815170334765,-0.3615827770984007,-0.014365201937998768,-0.27607481608281365,-0.13588201477463924,0.7244172253228549,1.1374284698424082,-0.054412108456809716,-0.3080284954375979,-0.377087204611342
12536,-0.49535114444083134,0.05960546552681911,2.2649717933567306,-0.8744493535760934,1.813744674167018,0.7244172253228549,-0.24212525945462107,0.6079030289544045,-1.3939440821850813,1.9870534248970224
12538,-0.6353474481333451,-0.9552142636712971,-0.5518122753645935,-0.9880647720874756,-0.8204247009218442,-1.3804199638603631,-0.6530561575430981,0.5033376502590418,-1.6484555478290226,0.23443381081735964
12539,-0.7053455999796019,0.3863044476016779,1.6155190944526963,1.3675615717151826,-0.18643840934206013,0.7244172253228549,-0.8585216065873364,0.7024739059480603,0.9390776862177149,1.3324414395004331
12540,-0.7253450719356752,2.2616881678707283,2.3138220018256823,1.6023667699720392,1.3669484344531078,0.7244172253228549,-0.9172260205999759,1.0633718673723196,1.1766217208187268,1.0307711875201706
12541,-0.6253477121553084,0.05960546552681911,0.23551754076504433,0.9130998976696537,-0.28578489873554486,0.7244172253228549,-0.6237039505367783,0.5371929244406979,0.48944076358008515,0.4230295626266567
12544,-0.5653492962870882,-0.9552142636712971,-0.532969931631437,-0.9880647720874756,-0.8204247009218442,-1.3804199638603631,-0.4475907084988595,0.43903679593346595,-1.5890695391787697,-0.1391493641385155
12545,-0.17535959314365723,-0.3615827770984007,0.25092172369967686,0.4056176949854797,-0.4436768073896119,0.7244172253228549,0.6971453647476117,0.10674896706107011,0.3112827376293262,0.5806123890809932
12546,-0.4553522005286846,-0.3615827770984007,0.36956332349815063,-0.753259573830619,0.8679703506073949,0.7244172253228549,-0.12471643142934195,0.3671654419377984,-1.2327534872772516,0.7911678450297093
12547,1.0546079321548558,-0.3615827770984007,-0.9958785980460934,-0.36696715089191945,-0.05079868360118282,0.7244172253228549,1.1374284698424082,-1.0386136945463942,0.48944076358008515,-0.9144791690972895
12548,0.7346163808576817,-0.9552142636712971,-1.612172032027194,-0.9880647720874756,-0.8204247009218442,-1.3804199638603631,1.1374284698424082,-0.7623308678133836,-0.4861865213883569,-1.2548234467293211
12550,-0.13536064923151048,-0.9552142636712971,0.2221675172967201,-0.9880647720874756,-0.8204247009218442,-1.3804199638603631,0.8145541927728907,0.05286662777821345,-1.2242697717557869,1.438859784203288
12551,2.654565688640726,-0.9552142636712971,-1.1640610750025122,-0.9880647720874756,-0.8204247009218442,-1.3804199638603631,1.1374284698424082,-2.528750841012495,1.142686858732868,-0.4765889042531565
12552,-0.5353500883529781,-0.3615827770984007,-0.405220769767504,-0.9880647720874756,7.7451555481238294,0.7244172253228549,-0.35953408747990034,0.4289592310112095,-1.5551346770929109,-1.3714433911424704
12553,-0.8453419036721156,1.5406654655354899,1.2888507899369053,1.4433051840561042,0.702066452247264,0.7244172253228549,-1.2694525046758134,0.8994716500816116,0.9051428241318561,0.26569525472233985
12556,-0.42535299259457454,-0.3615827770984007,-0.15020934399032101,-0.23062864867826074,-0.17170103856179034,0.7244172253228549,-0.03665981041038266,0.3304076863940723,-0.6134422542103276,0.16299833329925628
12557,-0.7653440158478221,0.6532369520997158,2.2254587698358064,1.700833466015237,-0.0940762179595933,0.7244172253228549,-1.0346348486252552,0.8794140227582602,1.261458876033374,1.916784945139811
12558,-0.8453419036721156,-0.9552142636712971,-0.7886354122514112,-0.9880647720874756,-0.8204247009218442,-1.3804199638603631,-1.2694525046758134,0.6951303640690193,-1.8266135737797815,0.26288950991657967
12559,2.184578097673002,-0.3615827770984007,-0.20745662905941456,-0.9274698822147385,2.8371392581097434,0.7244172253228549,1.1374284698424082,-2.073128988044714,0.820305668917209,-0.09558194023843912
12560,-0.8753411116062256,0.05960546552681911,0.8530074763522453,0.04962271698314875,0.08007043724803801,0.7244172253228549,-1.3575091256947727,0.7862387471450026,-0.6813119783820453,0.9635336748446752
12561,2.1045802098487085,-0.9552142636712971,-0.8856246852746875,-0.9880647720874756,-0.8204247009218442,-1.3804199638603631,1.1374284698424082,-2.021242642508661,0.6760825050523088,0.150630989740531
12562,-0.8453419036721156,1.074425194724936,1.307884542772904,0.4510638623900326,0.8420097954985473,0.7244172253228549,-1.2694525046758134,0.8515139766500303,-0.20622390918002134,0.5491469970434316
12564,1.6845912987711673,-0.9552142636712971,-0.371372823506159,-0.9880647720874756,-0.8204247009218442,-1.3804199638603631,1.1374284698424082,-1.6310048373100838,0.3197664531507909,-0.16365661766630746
12565,1.9645839061561947,-0.9552142636712971,-1.2754073898281495,-0.9880647720874756,-0.8204247009218442,-1.3804199638603631,1.1374284698424082,-1.8938767756444588,0.5573104877518029,-0.7208424733347566
12566,-0.06536249738525363,-0.9552142636712971,-0.5790775875002715,-0.9880647720874756,-0.8204247009218442,-1.3804199638603631,1.0200196418171292,-0.021623900185942107,-1.164883763105534,0.5952730766989572
12567,-0.6953458640015652,1.5406654655354899,2.0319818402624876,1.6326642149084079,0.4908573774295128,0.7244172253228549,-0.8291693995810168,0.8549129096613213,1.2444914449904447,1.1307428426123387
12569,-0.9053403195403357,3.149116681306502,1.3769018872505168,0.9055255364355616,2.6374843977092453,0.7244172253228549,-1.4455657467137322,1.3242322696127955,0.24341301345760846,-1.1043446743970877
12571,-0.5253503523749414,-0.3615827770984007,-0.26929946056833565,-0.37454151212601156,-0.04273590051938134,0.7244172253228549,-0.33018188047358055,0.4210929584801364,-0.8594700043328043,0.5806123890809932
12572,-0.8353421676940789,-0.3615827770984007,0.2666718959606572,-0.6623672390215132,0.49973549618605567,0.7244172253228549,-1.2401002976694935,0.7146940119774048,-1.4533300908353342,0.4197836197338883
12573,1.3446002755179198,-0.9552142636712971,-1.1999643292901727,-0.9880647720874756,-0.8204247009218442,-1.3804199638603631,1.1374284698424082,-1.3228456330370353,0.03132012542099063,-0.6674892185646875
12574,2.2345767775631855,-0.9552142636712971,-0.9563157957557636,-0.9880647720874756,-0.8204247009218442,-1.3804199638603631,1.1374284698424082,-2.1412589868081224,0.7863708068313501,-1.01672403181154
12576,-0.5653492962870882,0.6532369520997158,0.4686974383147259,1.0418640386492202,0.09966263748163438,0.7244172253228549,-0.4475907084988595,0.5203868390038539,0.6930499360952382,0.24818387252366214
12577,-0.5753490322651249,0.05960546552681911,-0.08207766898027537,1.4584539065242883,-0.5995411663929213,0.7244172253228549,-0.4769429155051793,0.48586309942503964,1.1511705742543328,0.021038004174710155
12578,-0.7153453359576386,-0.3615827770984007,1.067367445300594,1.344838488012906,-0.5893007621821477,0.7244172253228549,-0.8878738135936562,0.6332848288212257,0.9051428241318561,1.4937882588576572
12579,-0.14536038520954717,-0.9552142636712971,-0.40052270751870145,-0.9880647720874756,-0.8204247009218442,-1.3804199638603631,0.785201985766571,0.05348103378747788,-1.2327534872772516,0.675515863715583
12580,1.5445949950786537,-0.9552142636712971,-0.44635439784151126,-0.9880647720874756,-0.8204247009218442,-1.3804199638603631,1.1374284698424082,-1.5027914284116923,0.2009944358502849,0.4768021858123491
12581,-0.5253503523749414,-0.9552142636712971,-1.0352686837050344,-0.9880647720874756,-0.8204247009218442,-1.3804199638603631,-0.33018188047358055,0.3993445023978404,-1.5551346770929109,0.04637838888610602
12582,1.4645971072543602,-0.3615827770984007,-0.2820028827050971,-0.6169210716169603,0.35193080418570905,0.7244172253228549,1.1374284698424082,-1.4110991482765285,0.5573104877518029,-0.031452533690271026
12583,-0.8953405835622991,2.0892449239230517,1.8287944352848644,1.8144488845266193,1.06804061525746,0.7244172253228549,-1.416213539707412,1.0866791908048186,1.2784263070763036,0.861513351279829
12584,-0.8853408475842623,1.4011241767997944,0.9256286887378885,1.1024589285219575,0.7361155688885018,0.7244172253228549,-1.3868613327010924,0.8976364483987593,0.48095704805862044,-1.3180901363724014
12585,1.4145984273641767,-0.3615827770984007,0.8172342271298937,-0.10186450769869422,-0.25106678411644084,0.7244172253228549,1.1374284698424082,-1.340020758282502,1.0833008500826151,1.5679344528628008
12586,-0.7553442798697854,-0.9552142636712971,-1.0383563408345933,-0.9880647720874756,-0.8204247009218442,-1.3804199638603631,-1.0052826416189355,0.6110771611226581,-1.750260134086599,-0.73459253504106
12587,-0.8453419036721156,-0.9552142636712971,-1.2858687678743181,-0.9880647720874756,-0.8204247009218442,-1.3804199638603631,-1.2694525046758134,0.6930666409948545,-1.8266135737797815,-1.2114113833085771
12588,-0.5353500883529781,-0.9552142636712971,-0.9692859364237986,-0.9880647720874756,-0.8204247009218442,-1.3804199638603631,-0.35953408747990034,0.4088324588752525,-1.5636183926143754,-1.1696379075049148
12589,-0.6353474481333451,-0.3615827770984007,-0.09561577045282846,-0.11701323016687852,-0.2466822617109715,0.7244172253228549,-0.6530561575430981,0.5244443467921549,-0.6643445473391159,-0.009677423571934109
12590,1.1846044998693328,-0.3615827770984007,2.0702083656362857,-0.9880647720874756,-0.8204247009218442,0.7244172253228549,1.1374284698424082,-1.0000847922003913,-0.10441932292244478,2.9044521671940235
12591,2.244576513541222,-0.9552142636712971,-0.3784380707362792,-0.9880647720874756,-0.8204247009218442,-1.3804199638603631,1.1374284698424082,-2.1466249038426226,0.7948545223528148,0.42949303052995425
12592,-0.0053640815170334765,-0.3615827770984007,-0.4056195746036503,-0.07156706276232563,-0.26795196725653686,0.7244172253228549,1.1374284698424082,-0.058979136139593255,-0.08745189187951535,-0.06872426161817644
12593,0.16463143010959028,0.05960546552681911,-0.44178714216366843,-0.15488503633733927,0.2654127385271785,0.7244172253228549,1.1374284698424082,-0.19933153928059352,-0.03654959875072707,-0.8876772365289225
12594,-0.5453498243310149,1.5406654655354899,1.2087051823684272,1.1706281796287867,0.7033989064211609,0.7244172253228549,-0.38888629448622003,0.6174812583768455,0.8457568154816031,0.15497529592425552
12596,-0.4153532566165378,-0.3615827770984007,-0.13128796451884278,0.4510638623900326,-0.4565251855830186,0.7244172253228549,-0.007307603404062988,0.3214399205137146,0.15857585824296133,0.4721612325428671
12597,-0.7353448079137119,0.3863044476016779,1.3140582982595248,0.8903768139673772,-0.05079868360118282,0.7244172253228549,-0.9465782276062956,0.7013041145019037,0.3791524618010439,1.4192687288199601
12598,-0.8253424317160422,1.2468684386726134,1.1298696819599845,1.0948845672878653,0.4355482703329356,0.7244172253228549,-1.2107480906631736,0.8371459528853977,0.523375625665944,0.5110026119744637
12599,-0.6353474481333451,1.074425194724936,0.27608368260097954,1.0948845672878653,0.4355482703329356,0.7244172253228549,-0.6530561575430981,0.6131392188712391,0.6845662205737736,-0.1345422160376456
12600,-0.6353474481333451,1.5406654655354899,1.0097200413103957,1.6023667699720392,0.6278833482256587,0.7244172253228549,-0.6530561575430981,0.6882274124121486,1.2529751605119093,-0.7569542194885407
12601,0.9746100443305623,0.6532369520997158,-0.18605327887610093,0.08749452315360949,0.6994087369572357,0.7244172253228549,1.1374284698424082,-0.909489842688494,0.9305939706962503,-1.2548234467293211
12602,-0.3353553687922443,-0.9552142636712971,-1.237358991739612,-0.9880647720874756,-0.8204247009218442,-1.3804199638603631,0.22751005264649524,0.2236939325453251,-1.3939440821850813,0.05318989181705936
12603,-0.7053455999796019,-0.9552142636712971,0.01057176220330294,-0.9880647720874756,-0.8204247009218442,-1.3804199638603631,-0.8585216065873364,0.5739299436166854,-1.7078415564792757,-0.9815824855736611
12604,-0.13536064923151048,-0.3615827770984007,-0.8363532992098319,0.39046897251729545,-0.43983717275454787,0.7244172253228549,0.8145541927728907,0.05769783028612822,0.3282501686722556,-0.47112288952434206
12607,-0.3253556328142076,-0.9552142636712971,0.613850535496018,-0.9880647720874756,-0.8204247009218442,-1.3804199638603631,0.2568622596528149,0.23785752699997909,-1.3854603666636165,2.2892865862159026
12609,-0.14536038520954717,0.05960546552681911,0.3454986608838086,0.82978192409464,-0.26382565671385283,0.7244172253228549,0.785201985766571,0.09767639398836234,0.8033382378742796,0.36991636982861664
12610,-0.6953458640015652,0.6532369520997158,0.8400629455119476,-0.2079055649759843,1.0933813765961526,0.7244172253228549,-0.8291693995810168,0.6529092206146906,-0.8255351422469455,0.33783105857395673
12611,-0.4053535206385011,-0.9552142636712971,0.39103892845349003,-0.9880647720874756,-0.8204247009218442,-1.3804199638603631,0.02204460360225668,0.3051807373206086,-1.4533300908353342,1.877249823452227
12612,-0.18535932912169392,-0.9552142636712971,-0.028130811948601377,-0.9880647720874756,-0.8204247009218442,-1.3804199638603631,0.6677931577412918,0.09462543732677944,-1.2666883493631105,0.5827186993896702
12613,-0.3553548407483177,0.6532369520997158,1.2101709011951887,0.5571049196673227,-0.1800744844662902,0.7244172253228549,0.16880563863385561,0.36028987075084945,0.3282501686722556,0.8332382528520119
12614,1.8545868103977912,-0.9552142636712971,-0.6648371822366216,-0.9880647720874756,-0.8204247009218442,-1.3804199638603631,1.1374284698424082,-1.7898272669752633,0.463989617015691,-0.7768982857927977
12615,-0.9053403195403357,0.3863044476016779,0.9095006498010088,0.26927919277182105,0.26010371739371985,0.7244172253228549,-1.4455657467137322,0.8329073868568064,-0.46921909034542747,0.8831114167020655
12616,0.0246351264170766,-0.3615827770984007,-0.017753712897149044,0.5419561971991385,-0.47503229368519584,0.7244172253228549,1.1374284698424082,-0.0820810283530116,0.6251802119235206,-0.09170499850528059
12617,-0.6353474481333451,-0.9552142636712971,-0.5703754721573757,-0.9880647720874756,-0.8204247009218442,-1.3804199638603631,-0.6530561575430981,0.5031996973510987,-1.6484555478290226,0.35450731726219464
12618,-0.7053455999796019,-0.9552142636712971,-1.1214147410138933,-0.9880647720874756,-0.8204247009218442,-1.3804199638603631,-0.8585216065873364,0.564723962685101,-1.7078415564792757,-0.5213168375334848
12619,-0.7653440158478221,1.4011241767997944,1.2777837360496984,0.8070588403923636,0.9242671507805965,0.7244172253228549,-1.0346348486252552,0.80851042205481,0.25189672897907317,0.9793322050775994
12620,-0.7753437518258587,0.05960546552681911,0.4828120740711686,0.4434895011559405,-0.13588201477463924,0.7244172253228549,-1.063987055631575,0.6811568930863386,-0.15532161605123307,1.031981658691676
12621,-0.9053403195403357,2.487376384667096,2.33081483130466,1.7690027171220666,1.2773237179271506,0.7244172253228549,-1.4455657467137322,1.283250950807604,1.210556582904586,0.9694845802176542
12622,1.3945989554081033,-0.9552142636712971,-1.1090675539946813,-0.9880647720874756,-0.8204247009218442,-1.3804199638603631,1.1374284698424082,-1.368556744246294,0.0737387030283142,-0.8823938578426296
12623,1.8345873384417177,-0.9552142636712971,-0.6916595340762179,-0.9880647720874756,-0.8204247009218442,-1.3804199638603631,1.1374284698424082,-1.771586665957314,0.4470221859727616,0.23443381081735964
12624,0.1346322221754802,-0.3615827770984007,-0.10245985206428458,-0.4502851244669331,0.058687073079082816,0.7244172253228549,1.1374284698424082,-0.1845329374909141,-0.38438193513078034,0.1537358044921617
12625,1.1946042358473694,-0.3615827770984007,1.0352377949385743,-0.1776081200396157,-0.20900247943466296,0.7244172253228549,1.1374284698424082,-1.1269351201529636,0.8118219533957443,1.82370295067612
12626,-0.6953458640015652,1.4011241767997944,1.7531332693286468,1.3069666818424455,0.6347229313074267,0.7244172253228549,-0.8291693995810168,0.7928779446312336,0.879691677567462,1.0035746487723534
12627,-0.8153426957380054,1.074425194724936,1.44234066073854,-0.010972172889588442,1.3472634629758569,0.7244172253228549,-1.1813958836568539,0.835311204389772,-0.7067631249464394,1.0305116285250873
12628,-0.8853408475842623,0.05960546552681911,0.0597928117848416,-0.5336030980419467,0.9085298483937003,0.7244172253228549,-1.3868613327010924,0.7733668637666198,-1.343041789056293,-0.03635017766863772
12630,-0.8253424317160422,-0.3615827770984007,0.4410767050847115,-0.7305364901283425,0.7573105711178629,0.7244172253228549,-1.2107480906631736,0.7095912212732574,-1.521199815007052,0.6321038002948405
12631,-0.3553548407483177,-0.9552142636712971,-0.10324048340190245,-0.9880647720874756,-0.8204247009218442,-1.3804199638603631,0.16880563863385561,0.25009177748328965,-1.4109115132280106,0.467500738359897
12633,-0.3353553687922443,0.3863044476016779,0.8640933924065521,0.7464639505196264,0.006376623739559673,0.7244172253228549,0.22751005264649524,0.30606315604938905,0.5488267722303382,0.6965996580078162
12635,-0.02536355347310686,-0.3615827770984007,0.6672032548599307,-0.49573129187148596,0.12615681346113924,0.7244172253228549,1.1374284698424082,-0.02006067216958078,-0.5795073921244688,1.4713888624211708
12637,-0.25535748096795075,1.2468684386726134,1.6777812912404249,0.9509717038401144,0.5077310821141124,0.7244172253228549,0.4623277086970535,0.36151845946708255,0.8542405310030678,0.9790870792360049
12638,-0.5953485042211982,-0.9552142636712971,-0.06548465239655096,-0.9880647720874756,-0.8204247009218442,-1.3804199638603631,-0.5356473295178191,0.47155438371287,-1.6145206857431638,1.4542867340416727
12639,1.4645971072543602,-0.9552142636712971,-0.32221025392056063,-0.9880647720874756,-0.8204247009218442,-1.3804199638603631,1.1374284698424082,-1.4279874677065514,0.13312471167856718,0.2906319579677071
12640,-0.6853461280235285,0.05960546552681911,0.37846144155576533,-0.5563261817442231,0.9511694192575065,0.7244172253228549,-0.799817192574697,0.5955994791568164,-1.1988186251913928,-0.4371178725301652
12641,0.22462984597781044,-0.9552142636712971,-1.0839971463947633,-0.9880647720874756,-0.8204247009218442,-1.3804199638603631,1.1374284698424082,-0.29132271289463213,-0.9188560129830573,-0.83594512383904
12642,-0.6753463920454919,0.05960546552681911,0.26107753403923784,-0.36696715089191945,0.5492446469068906,0.7244172253228549,-0.7704649855683771,0.5837501031281231,-0.9782420216333103,0.19332531895270902
12643,0.3546264136922874,0.8789251688960825,1.2102327065744776,0.5571049196673227,0.33352220288929524,0.7244172253228549,1.1374284698424082,-0.2768798643808066,0.9305939706962503,0.7369893609028381
12644,0.3746258856483608,-0.9552142636712971,-0.33569547098015307,-0.9880647720874756,-0.8204247009218442,-1.3804199638603631,1.1374284698424082,-0.42463317811263784,-0.7916002801610865,0.820410754037923
12645,-0.5853487682431616,0.3863044476016779,0.7066725320797186,1.1479050959265102,-0.13165489190862548,0.7244172253228549,-0.5062951225114992,0.529850980954195,0.7863708068313501,0.6199625553444377
12646,-0.8753411116062256,-0.3615827770984007,0.4872848541014497,-0.6547928777874211,0.45375531580085143,0.7244172253228549,-1.3575091256947727,0.7568694578559987,-1.4787812373997284,1.1759786114810769
12647,-0.7053455999796019,1.7852452398084835,1.295399904815599,1.6326642149084079,0.7336116020744331,0.7244172253228549,-0.8585216065873364,0.8040325096266457,1.23600772946898,-0.28349352931481003
12648,0.6246192850992781,-0.9552142636712971,-0.6587066886921625,-0.9880647720874756,-0.8204247009218442,-1.3804199638603631,1.1374284698424082,-0.6574102242136279,-0.5795073921244688,0.03952470919773476
12649,0.1446319581535169,0.05960546552681911,-0.12458702739067823,-0.1927568425078,-0.19355751272395488,0.7244172253228549,1.1374284698424082,-0.17755347836312946,-0.09593560740098007,0.2591374190924908
12650,-0.8953405835622991,-0.9552142636712971,-0.6677563507650365,-0.9880647720874756,-0.8204247009218442,-1.3804199638603631,-1.416213539707412,0.7418907038085221,-1.869032151387105,0.5485270778263333
12651,2.4245717611458826,-0.9552142636712971,-1.4702139177539533,-0.9880647720874756,-0.8204247009218442,-1.3804199638603631,1.1374284698424082,-2.3178903002555864,0.9475614017391797,-0.7485155580311258
12652,2.3845728172337357,-0.9552142636712971,0.18435275717354077,-0.9880647720874756,-0.8204247009218442,-1.3804199638603631,1.1374284698424082,-2.26785989444172,0.9136265396533209,1.3070324168026028
12653,0.5646208692310579,-0.3615827770984007,0.8807669956368464,0.12536632932407024,-0.36003857056462324,0.7244172253228549,1.1374284698424082,-0.5547026982390636,0.6251802119235206,1.202739306286776
12654,-0.8153426957380054,0.6532369520997158,-0.15248777658939883,1.1630538183946946,-0.13588201477463924,0.7244172253228549,-1.1813958836568539,0.7388490590717484,0.6082127808805912,-1.1737450206892308
12656,-0.7553442798697854,0.6532369520997158,1.3626023236600506,0.6479972544764285,0.2816626601958108,0.7244172253228549,-1.0052826416189355,0.740122537959332,0.09070613407124363,0.8850347286250739
12657,-0.8153426957380054,0.3863044476016779,0.6452591356234026,-0.48058256940330163,0.7747009796089592,0.7244172253228549,-1.1813958836568539,0.7394335731577145,-1.2242697717557869,0.5785020629256368
12658,-0.7353448079137119,-0.9552142636712971,-0.04868655988289717,-0.9880647720874756,-0.8204247009218442,-1.3804199638603631,-0.9465782276062956,0.6006780851962145,-1.7332927030436698,0.8033027514323529
12659,-0.6253477121553084,-0.9552142636712971,-1.6418170849910483,-0.9880647720874756,-0.8204247009218442,-1.3804199638603631,-0.6237039505367783,0.48967047433293354,-1.6399718323075578,-0.4231067267954814
12660,-0.8153426957380054,-0.9552142636712971,-0.8651669462180053,-0.9880647720874756,-0.8204247009218442,-1.3804199638603631,-1.1813958836568539,0.6671041100965426,-1.8011624272153874,-0.2143616233527985
12662,-0.9153400555183724,1.6680566812978321,1.3220619304276156,1.8295976069948037,0.5379165231899165,0.7244172253228549,-1.4749179537200516,0.982970797767239,1.2699425915548388,0.21166561912293336
12664,-0.8453419036721156,1.4011241767997944,1.5109066218060896,1.390284655417459,0.5957989997145177,0.7244172253228549,-1.2694525046758134,0.9024875432101783,0.8457568154816031,-0.15816347620245105
12665,2.3245744013655156,-0.9552142636712971,-1.936281850358101,-0.9880647720874756,-0.8204247009218442,-1.3804199638603631,1.1374284698424082,-2.226662719232122,0.8627242465245325,-1.5585881871620628
12667,-0.345355104770281,-0.9552142636712971,-0.12890291847306612,-0.9880647720874756,-0.8204247009218442,-1.3804199638603631,0.19815784564017558,0.24055172002639413,-1.402427797706546,1.0357147675699518
12668,-0.8053429597599688,0.3863044476016779,1.3132087977421611,1.6099411312061314,-0.24072961990516906,0.7244172253228549,-1.1520436766505342,0.7656816457406823,1.1257194276899387,1.0728198866718948
12669,0.5846203411871314,0.05960546552681911,1.0528755721183112,-0.1927568425078,0.2984145979367984,0.7244172253228549,1.1374284698424082,-0.5478888885708352,0.28583159106493206,0.9684949818207638
12670,-0.8253424317160422,0.6532369520997158,1.1227293859735719,0.6934434218809814,0.25746892877414945,0.7244172253228549,-1.2107480906631736,0.7872797124411969,0.08222241854977891,0.6536279749804909
12672,2.374573081255699,-0.9552142636712971,-0.9297656858040203,-0.9880647720874756,-0.8204247009218442,-1.3804199638603631,1.1374284698424082,-2.2700253542151927,0.9051428241318561,-0.7485155580311258
12673,-0.8753411116062256,-0.3615827770984007,-0.1413033746698554,1.4433051840561042,-0.5975663787399188,0.7244172253228549,-1.3575091256947727,0.7448034935977522,0.879691677567462,0.14126394596870173
12674,-0.5353500883529781,0.3863044476016779,0.7896832630195021,0.2920022764740975,0.2444882887684385,0.7244172253228549,-0.35953408747990034,0.48702115221415326,-0.12987046948683892,0.6687222780465863
12676,-0.6753463920454919,0.8789251688960825,0.47803948035757876,1.178202540862879,0.22832894603067622,0.7244172253228549,-0.7704649855683771,0.638385713109394,0.7439522292240266,-0.3555939907719252
12678,-0.505350880418868,1.7852452398084835,2.531904554343308,1.3675615717151826,0.6062009457668934,0.7244172253228549,-0.2714774664609409,0.8477355753938236,1.1087519966470092,1.958180069979888
12679,-0.3353553687922443,0.3863044476016779,0.3356865483653375,0.7161665055832578,0.018856220273955844,0.7244172253228549,0.22751005264649524,0.2888442738484979,0.5148919101444793,-0.11913316347122463
12680,-0.9153400555183724,0.3863044476016779,0.13338741740098078,-0.13973631386915497,0.6408132609133995,0.7244172253228549,-1.4749179537200516,0.8187111883300858,-0.9358234440259867,-0.364636390162853
12681,-0.7753437518258587,2.6205659263872656,2.336479733777523,1.6856847435470528,1.5770516752237145,0.7244172253228549,-1.063987055631575,1.198121258374497,1.2275240139475152,0.8784349239438835
12682,-0.8853408475842623,3.104064653121168,2.2449318045939775,1.7917258008243429,2.0173861530255026,0.7244172253228549,-1.3868613327010924,1.4230960911480837,1.2529751605119093,0.16814379385508446
12683,-0.8853408475842623,2.0892449239230517,1.9496487154978113,1.74627963341979,0.6883499669320415,0.7244172253228549,-1.3868613327010924,1.0970548146755812,1.210556582904586,0.8454763140633379
12684,-0.8453419036721156,1.074425194724936,0.9068733864134407,0.5646792809014148,0.745932928671412,0.7244172253228549,-1.2694525046758134,0.8269690086075002,-0.08745189187951535,0.66997320950374
12685,-0.6453471841113817,0.8789251688960825,1.0866389527038072,-0.49573129187148596,2.163448347362973,0.7244172253228549,-0.6824083645494178,0.6358619055571414,-1.0970140389338163,0.5478033996487457
12686,2.79456199233324,-0.9552142636712971,-1.6639166239640282,-0.9880647720874756,-0.8204247009218442,-1.3804199638603631,1.1374284698424082,-2.6589313076457564,1.261458876033374,-0.40241704528405114
12688,0.21463010999977375,-0.9552142636712971,1.5095911792944734,-0.9880647720874756,-0.8204247009218442,-1.3804199638603631,1.1374284698424082,-0.20530988632383235,-0.927339728504522,3.2877145668167205
12689,-0.6653466560674551,-0.3615827770984007,0.42639187248993693,-0.2230542874441686,-0.17730759105532257,0.7244172253228549,-0.7411127785620575,0.5619089061896402,-0.808567711204016,0.7824178727185493
12690,1.1346058199791493,-0.9552142636712971,-0.4989967063920185,-0.9880647720874756,-0.8204247009218442,-1.3804199638603631,1.1374284698424082,-1.125769748835701,-0.14683790052976836,-0.4127135449586689
12691,-0.6453471841113817,0.8789251688960825,0.27855740757705527,1.5039000739288413,0.116561594111474,0.7244172253228549,-0.6824083645494178,0.6059238307797525,1.1342031432114035,-0.9363980186786152
12693,0.3446266777142507,0.3863044476016779,0.1270093887214367,0.4662125848582169,0.13843421718589066,0.7244172253228549,1.1374284698424082,-0.3413977118658885,0.8118219533957443,-0.9686868166023261
12694,-0.22535827303384068,-0.3615827770984007,0.13967816614530934,-0.13973631386915497,-0.23311202489878752,0.7244172253228549,0.5503843297160128,0.15063883774219194,-0.34196335752345675,0.5506952778011166
12695,-0.8553416396501522,0.3863044476016779,-0.17914950667392285,0.5495305584332305,0.09492003701709008,0.7244172253228549,-1.298804711682133,0.758874150431963,-0.1129030384439095,-1.1293838083752317
12697,-0.6353474481333451,0.05960546552681911,0.21618359412086882,0.07234580068542519,0.06393613678851245,0.7244172253228549,-0.6530561575430981,0.5460127432000688,-0.46073537482396276,0.10189984363095843
12700,-0.8453419036721156,0.3863044476016779,1.5203150828224166,0.5798280033695992,0.07643382171217264,0.7244172253228549,-1.2694525046758134,0.8210673113514808,-0.07048446083658592,1.7318727716107507
12701,-0.1253609132534738,-0.3615827770984007,0.07107401257387831,0.23898174783545245,-0.39902853979542185,0.7244172253228549,0.8439063997792103,0.05739668551200175,0.15857585824296133,0.8669525058770406
12702,-0.7253450719356752,-0.9552142636712971,-0.9543251283606994,-0.9880647720874756,-0.8204247009218442,-1.3804199638603631,-0.9172260205999759,0.5838196423569129,-1.724808987522205,-1.1696379075049148
12703,-0.215358537055804,-0.9552142636712971,-0.7497166075327313,-0.9880647720874756,-0.8204247009218442,-1.3804199638603631,0.5797365367223325,0.11535509657808062,-1.2921394959275048,0.0666884217115321
12704,-0.8553416396501522,1.2468684386726134,0.9265427175172426,0.23898174783545245,1.043392646376342,0.7244172253228549,-1.298804711682133,0.8535871117027286,-0.45225165930249805,-0.22522398465247245
12705,-0.7753437518258587,1.4011241767997944,1.782352999304874,1.594792408737947,0.3737156950973997,0.7244172253228549,-1.063987055631575,0.8705885829371015,1.1342031432114035,1.1651181389660834
12707,1.9945831140903048,-0.9552142636712971,-0.1505908226651655,-0.9880647720874756,-0.8204247009218442,-1.3804199638603631,1.1374284698424082,-1.914000064691132,0.582761634316197,0.5571745103501964
12708,-0.6253477121553084,1.5406654655354899,1.043808204412645,1.5720693250356705,0.6408132609133995,0.7244172253228549,-0.6237039505367783,0.6808867371835482,1.23600772946898,-0.1828199957396536
12709,-0.7753437518258587,2.0892449239230517,2.0598435722528077,1.6705360210788684,1.142387946138374,0.7244172253228549,-1.063987055631575,1.0164283007548638,1.2190402984260504,0.5844008664812099
12710,0.04463459837314998,0.05960546552681911,0.36097954385998526,-0.20033120374189214,0.30698627013226826,0.7244172253228549,1.1374284698424082,-0.07688038297409963,-0.18925647813709193,0.6703435845224854
12712,-0.6353474481333451,1.8937448980942,1.4275755959568655,1.6023667699720392,0.9695898024558179,0.7244172253228549,-0.6530561575430981,0.7670942376821368,1.2529751605119093,-0.6979553363574962
12713,-0.9153400555183724,-0.9552142636712971,0.12014930129680776,-0.9880647720874756,-0.8204247009218442,-1.3804199638603631,-1.4749179537200516,0.7690541710016133,-1.8859995824300346,1.3135754845250822
12714,-0.8353421676940789,0.6532369520997158,1.4822156016184662,1.1706281796287867,0.056086077896354454,0.7244172253228549,-1.2401002976694935,0.8245486320736992,0.6082127808805912,1.5226059659645343
12715,0.1346322221754802,-0.9552142636712971,-0.5741093041168782,-0.9880647720874756,-0.8204247009218442,-1.3804199638603631,1.1374284698424082,-0.20571401718341628,-0.9952094526762397,0.26849390534908824
12716,-0.8853408475842623,-0.3615827770984007,0.29201195787545425,-0.010972172889588442,-0.3024985888076389,0.7244172253228549,-1.3868613327010924,0.7612674107810846,-0.7661491335966925,0.9147383035421404
12717,0.5846203411871314,-0.3615827770984007,0.27485163493445486,-0.27607481608281365,-0.12952156724608394,0.7244172253228549,1.1374284698424082,-0.5924298847819373,0.1925107203288202,0.5441778944971072
12718,-0.215358537055804,-0.9552142636712971,-0.8876165991753727,-0.9880647720874756,-0.8204247009218442,-1.3804199638603631,0.5797365367223325,0.114612903379766,-1.2921394959275048,0.3015371272937313
12719,-0.8753411116062256,-0.3615827770984007,-0.09774283926215849,-0.5411774592760389,0.19094887587899637,0.7244172253228549,-1.3575091256947727,0.7453675931963828,-1.343041789056293,0.21113051360939733
12720,-0.8953405835622991,2.8000649690066,1.6454193347323847,1.7841514395902507,1.596197015277691,0.7244172253228549,-1.416213539707412,1.226853598532281,1.23600772946898,0.2104237779890099
12721,-0.6053482401992349,0.8789251688960825,1.0269931438248912,1.4584539065242883,0.13102939353096654,0.7244172253228549,-0.5649995365241388,0.5956459807937442,1.117235712168474,0.8254920134582389
12722,-0.07536223336329032,0.3863044476016779,0.24872679571854922,-0.49573129187148596,1.3472634629758569,0.7244172253228549,0.9906674348108093,0.04758950598550567,-0.6134422542103276,-0.09558194023843912
12723,-0.8853408475842623,0.6532369520997158,-0.00475628795696531,-0.5260287368078546,0.8679703506073949,0.7244172253228549,-1.3868613327010924,0.805309974131668,-1.343041789056293,-0.6316154299098118
12724,-0.8753411116062256,0.3863044476016779,0.2751829353426654,1.488751351460657,-0.2139822258564771,0.7244172253228549,-1.3575091256947727,0.7846482581721389,0.9221102551747855,-0.35969501707578405
12725,2.784562256355203,-0.9552142636712971,-0.4235904980273595,-0.9880647720874756,-0.8204247009218442,-1.3804199638603631,1.1374284698424082,-2.6441764008932447,1.2529751605119093,0.0666884217115321
12726,-0.6453471841113817,1.074425194724936,1.012791144315608,1.5039000739288413,0.2680871714004943,0.7244172253228549,-0.6824083645494178,0.6481751691660322,1.1342031432114035,1.1772091460527219
12727,-0.8153426957380054,1.074425194724936,1.3486503429824654,1.3524128492469982,0.1639826223835226,0.7244172253228549,-1.1813958836568539,0.827154779667547,0.820305668917209,0.7310459740819596
12728,-0.215358537055804,0.3863044476016779,0.10862698296165034,0.9888435100105751,-0.08143283167175853,0.7244172253228549,0.5797365367223325,0.17383520179079537,0.9221102551747855,-0.4257203424920135
12729,0.21463010999977375,-0.9552142636712971,-0.3781577557212522,-0.9880647720874756,-0.8204247009218442,-1.3804199638603631,1.1374284698424082,-0.27774007818051644,-0.927339728504522,0.45340034725260175
12731,-0.6853461280235285,1.7852452398084835,2.5871178885817057,1.594792408737947,0.7538793896594626,0.7244172253228549,-0.799817192574697,1.0342151131744395,1.2020728673831211,1.6726966369559084
12732,0.8746126845501954,-0.9552142636712971,-0.894259057493694,-0.9880647720874756,-0.8204247009218442,-1.3804199638603631,1.1374284698424082,-0.8889081748843213,-0.3674145040878509,-0.36216294615436906
12733,1.4145984273641767,-0.9552142636712971,-0.5093820927476532,-0.9880647720874756,-0.8204247009218442,-1.3804199638603631,1.1374284698424082,-1.383629507407862,0.09070613407124363,-0.13109939605140009
12734,2.604567008750543,-0.9552142636712971,-1.4955073601966553,-0.9880647720874756,-0.8204247009218442,-1.3804199638603631,1.1374284698424082,-2.48366297548235,1.1002682811255444,-0.6165898724803326
12735,2.2245770415851487,-0.3615827770984007,0.0528038461452313,-0.8290031861715405,1.3252218984526802,0.7244172253228549,1.1374284698424082,-2.106384844539328,0.9645288327821091,0.19332531895270902
12736,2.4045722891898094,-0.9552142636712971,-0.9018706555660094,-0.9880647720874756,-0.8204247009218442,-1.3804199638603631,1.1374284698424082,-2.297511593004083,0.9305939706962503,0.12547386744738664
12738,2.79456199233324,-0.9552142636712971,-1.2259344721720937,-0.9880647720874756,-0.8204247009218442,-1.3804199638603631,1.1374284698424082,-2.657846525931399,1.261458876033374,-0.0462109621121476
12739,-0.14536038520954717,-0.3615827770984007,0.2609050155097437,-0.8365775474056326,1.392823709581291,0.7244172253228549,0.785201985766571,0.07933727527112724,-1.0545954613264927,0.4997194792733506
12740,-0.28535668890206084,-0.9552142636712971,-0.42396151329375126,-0.9880647720874756,-0.8204247009218442,-1.3804199638603631,0.3742710876780942,0.18215941935183363,-1.3515255045777577,0.876676132684218
12743,0.41462482956050756,-0.3615827770984007,-0.2293502848842824,-0.9880647720874756,-0.8204247009218442,0.7244172253228549,1.1374284698424082,-0.4438613538621222,-0.7576654180752277,0.036081889211489256
12744,-0.4053535206385011,1.074425194724936,2.681582489650542,1.0267153161810358,0.29165207744863364,0.7244172253228549,0.02204460360225668,0.7331151464925378,0.8033382378742796,1.7422027811623833
12747,-0.9053403195403357,1.6680566812978321,1.3905321108666617,1.7841514395902507,0.669772806261012,0.7244172253228549,-1.4455657467137322,0.9794370985112721,1.23600772946898,-0.3146808848003053
12748,-0.9153400555183724,5.858534554336304,3.047670869943391,1.8295976069948037,4.925043367854977,0.7244172253228549,-1.4749179537200516,4.7343019585206205,1.2784263070763036,-0.2477960968692264
12749,-0.8853408475842623,0.6532369520997158,1.37035779421554,0.5949767258377835,0.06924892719790009,0.7244172253228549,-1.3868613327010924,0.8604552564455354,-0.08745189187951535,0.7105606517267998
12750,0.3646261496703241,-0.9552142636712971,-0.7714472229119383,-0.9880647720874756,-0.8204247009218442,-1.3804199638603631,1.1374284698424082,-0.41873691242848243,-0.8000839956825513,-0.13109939605140009
12752,-0.11536117727543709,-0.9552142636712971,1.4222495179414967,-0.9880647720874756,-0.8204247009218442,-1.3804199638603631,0.8732586067855304,0.09019139370116906,-1.2073023407128576,2.965017641027399
12753,-0.6953458640015652,0.8789251688960825,2.687172225047833,1.5796436862697627,0.09116140329435662,0.7244172253228549,-0.8291693995810168,0.9860830895865664,1.1851054363401916,2.7741144495689998
12754,1.4345978993202502,0.05960546552681911,1.126617875115757,-0.4427107632328409,0.6759126321033032,0.7244172253228549,1.1374284698424082,-1.326056007260272,0.7269847981810972,2.9141393937915647
12755,1.8845860183319012,-0.3615827770984007,1.314210569745776,-0.34424406718964295,-0.06642915242436435,0.7244172253228549,1.1374284698424082,-1.7436877111943867,1.210556582904586,1.7374470610479649
12756,-0.05536276140721694,-0.9552142636712971,-1.4836035774442526,-0.9880647720874756,-0.8204247009218442,-1.3804199638603631,1.0493718488234491,-0.03475532075697586,-1.1564000475840692,-0.07633161619016947
12757,-0.7653440158478221,1.8937448980942,1.8893043272919965,0.48893566856049336,1.1738802499376186,0.7244172253228549,-1.0346348486252552,0.9434807288320217,-0.10441932292244478,0.19791812941454745
12758,0.24462931793388382,-0.3615827770984007,1.0665363248332118,0.21625866413317602,-0.39176929865306626,0.7244172253228549,1.1374284698424082,-0.25056937492088377,0.4555059014942263,2.134386222657775
12759,-0.4053535206385011,0.05960546552681911,0.5892875158230686,0.7010177831150736,-0.22608215007969926,0.7244172253228549,0.02204460360225668,0.3436694018723797,0.4470221859727616,0.7345459476960388
12762,-0.8453419036721156,-0.3615827770984007,0.7600640443892732,-0.8593006311079091,1.6261108209084045,0.7244172253228549,-1.2694525046758134,0.7382870798535083,-1.6823904099148814,1.52206572399504
12763,0.4546237734726543,-0.3615827770984007,-0.3092871565301164,0.7540383117537186,-0.5158573319150609,0.7244172253228549,1.1374284698424082,-0.4815443190568798,1.23600772946898,0.02568870737467776
12764,2.244576513541222,-0.9552142636712971,0.6694116512160428,-0.9880647720874756,-0.8204247009218442,-1.3804199638603631,1.1374284698424082,-2.1262919231604145,0.7948545223528148,1.0102684576244263
12766,-0.8853408475842623,1.074425194724936,1.7962781408652486,1.7538539946538823,0.1840678945381534,0.7244172253228549,-1.3868613327010924,0.940897169769923,1.210556582904586,1.3411872034606598
12769,1.4645971072543602,-0.9552142636712971,0.35722260112479637,-0.9880647720874756,-0.8204247009218442,-1.3804199638603631,1.1374284698424082,-1.4172150167597162,0.13312471167856718,0.9209566667130243
12770,1.1846044998693328,-0.9552142636712971,0.4899235682906067,-0.9880647720874756,-0.8204247009218442,-1.3804199638603631,1.1374284698424082,-1.1560327557883037,-0.10441932292244478,1.733733989021208
12772,-0.3253556328142076,-0.9552142636712971,0.16023571059088146,-0.9880647720874756,-0.8204247009218442,-1.3804199638603631,0.2568622596528149,0.22660109399843728,-1.3854603666636165,1.4133231510512825
12775,-0.7553442798697854,0.6532369520997158,0.5100075205034232,1.238797430735616,0.03335832016027537,0.7244172253228549,-1.0052826416189355,0.6964571658042915,0.7439522292240266,0.14063664885177468
12778,-0.7253450719356752,0.8789251688960825,0.09512118546020573,1.2236487082674319,0.2107342250312511,0.7244172253228549,-0.9172260205999759,0.6760752395527665,0.7524359447454912,-0.1270962606456714
12779,-0.5453498243310149,1.2468684386726134,1.3487821548972927,1.53419751886521,0.39634184360462316,0.7244172253228549,-0.38888629448622003,0.5950695143058214,1.2529751605119093,0.5441778944971072
12781,-0.28535668890206084,-0.3615827770984007,0.0994661245865044,0.6858690606468892,-0.5029177679376415,0.7244172253228549,0.3742710876780942,0.20517337218110057,0.523375625665944,0.8554992475409589
12782,-0.8753411116062256,0.6532369520997158,0.9231668050866342,1.6781103823129606,-0.09050850081026164,0.7244172253228549,-1.3575091256947727,0.8224138332964656,1.142686858732868,0.37602042426815846
12783,-0.9053403195403357,0.8789251688960825,0.8865231029413583,-0.43513640199874876,1.604663103604935,0.7244172253228549,-1.4455657467137322,0.8647867636337447,-1.2582046338416457,-0.4335984236724724
12784,-0.8353421676940789,-0.3615827770984007,-0.18969360147890854,-0.9426186046829227,3.6488579745100855,0.7244172253228549,-1.2401002976694935,0.7073867676849508,-1.7672275651295286,-0.031452533690271026
12785,2.714564104508946,-0.9552142636712971,-0.674058919790227,-0.9880647720874756,-0.8204247009218442,-1.3804199638603631,1.1374284698424082,-2.5816302682352057,1.1935891518616564,-0.18030152882106995
12787,-0.8253424317160422,0.05960546552681911,-0.3597180160313405,0.39046897251729545,-0.11308749703121695,0.7244172253228549,-1.2107480906631736,0.7128402251683419,-0.2571262023088096,-0.6290969629912271
12789,-0.2753569529240241,-0.9552142636712971,-1.6403596803300078,-0.9880647720874756,-0.8204247009218442,-1.3804199638603631,0.4036232946844138,0.16745218991073538,-1.343041789056293,-3.8034759839245136
12790,0.9946095162866356,-0.9552142636712971,-0.6417641337001546,-0.9880647720874756,-0.8204247009218442,-1.3804199638603631,1.1374284698424082,-0.9979313686858619,-0.2656099178302743,0.08002431475699087
12791,2.814561464289313,-0.9552142636712971,-1.055987328283005,-0.9880647720874756,-0.8204247009218442,-1.3804199638603631,1.1374284698424082,-2.6756488561313594,1.2784263070763036,-0.5099642689559386
12792,1.6445923548590207,-0.9552142636712971,-0.47582665864746027,-0.9880647720874756,-0.8204247009218442,-1.3804199638603631,1.1374284698424082,-1.595102971951723,0.28583159106493206,0.37500541664710685
12793,2.4245717611458826,-0.3615827770984007,-0.23073158286778372,-0.7153877676601582,0.6606597055226227,0.7244172253228549,1.1374284698424082,-2.2943464902953377,1.2529751605119093,-0.04993152270161719
12794,-0.39535378466046445,-0.3615827770984007,0.13117476958442573,-0.647218516553329,0.45375531580085143,0.7244172253228549,0.05139681060857664,0.3069944990202134,-1.0545954613264927,0.7172893395192463
12795,-0.7353448079137119,-0.9552142636712971,-0.4186355211938954,-0.9880647720874756,-0.8204247009218442,-1.3804199638603631,-0.9465782276062956,0.5964908376091692,-1.7332927030436698,-0.8983202582722637
12797,2.73456357646502,-0.9552142636712971,-0.8368209132699251,-0.9880647720874756,-0.8204247009218442,-1.3804199638603631,1.1374284698424082,-2.600991859509859,1.210556582904586,-0.2950596296779965
12798,-0.8253424317160422,0.05960546552681911,1.794844580299554,0.22383302536726815,-0.026088313779484795,0.7244172253228549,-1.2107480906631736,0.8195551552795179,-0.44376794378103335,2.682365351661491
12802,0.9446108363964523,-0.9552142636712971,-0.42399862434203656,-0.9880647720874756,-0.8204247009218442,-1.3804199638603631,1.1374284698424082,-0.9502178103971772,-0.3080284954375979,0.7824178727185493
12808,-0.5553495603090515,0.05960546552681911,-0.32622037708123264,1.5190487963970256,-0.40604545042978635,0.7244172253228549,-0.4182385014925398,0.46459720096627954,1.23600772946898,-0.9873624764270501
12809,0.854613212594122,-0.9552142636712971,-0.31698659187620526,-0.9880647720874756,-0.8204247009218442,-1.3804199638603631,1.1374284698424082,-0.8663495823119423,-0.38438193513078034,0.3901336576095206
12811,1.6845912987711673,0.05960546552681911,-0.2766041661422442,-0.8138544637033562,2.304409813797492,0.7244172253228549,1.1374284698424082,-1.5971064656583507,0.5148919101444793,-0.7673562807228387
12812,-0.47535167248475796,-0.9552142636712971,-0.916764065970694,-0.9880647720874756,-0.8204247009218442,-1.3804199638603631,-0.1834208454419816,0.3538360607219843,-1.5127160994855873,0.0666884217115321
12814,0.09463327826333344,-0.9552142636712971,-1.3917804233119733,-0.9880647720874756,-0.8204247009218442,-1.3804199638603631,1.1374284698424082,-0.17262331096339356,-1.0291443147620984,-1.2548234467293211
12815,0.5546211332530212,-0.3615827770984007,0.29949577058122356,-0.6093467103828681,0.33352220288929524,0.7244172253228549,1.1374284698424082,-0.5642787850661686,-0.21470762470148605,0.22575246644640182
12816,0.03463486239511329,-0.3615827770984007,-0.1927677326668461,-0.3821158733601037,-0.0345009833196519,0.7244172253228549,1.1374284698424082,-0.09359912079517177,-0.40134936617370975,-0.9644214327759761
12817,1.8845860183319012,-0.9552142636712971,-1.1733382398996628,-0.9880647720874756,-0.8204247009218442,-1.3804199638603631,1.1374284698424082,-1.8198966002375798,0.48944076358008515,-1.1696379075049148
12818,1.6945910347492041,-0.9552142636712971,0.5947901426460576,-0.9880647720874756,-0.8204247009218442,-1.3804199638603631,1.1374284698424082,-1.6224316124182734,0.3282501686722556,1.9807239395538099
12820,-0.8953405835622991,0.3863044476016779,0.20343007968710278,1.4584539065242883,-0.2073242487623126,0.7244172253228549,-1.416213539707412,0.8016015717818853,0.879691677567462,0.17218399376136403
12821,1.2146037078034428,-0.9552142636712971,-1.6329427219021937,-0.9880647720874756,-0.8204247009218442,-1.3804199638603631,1.1374284698424082,-1.204274681319367,-0.07896817635805065,-0.8666933714321878
12822,-0.215358537055804,-0.3615827770984007,0.20892452237827347,-0.8668749923420013,1.7161694892255979,0.7244172253228549,0.5797365367223325,0.14273029460512354,-1.1564000475840692,0.6361214661694625
12823,-0.17535959314365723,0.6532369520997158,0.6996207579509077,0.6858690606468892,0.25746892877414945,0.7244172253228549,0.6971453647476117,0.16860957387661527,0.6251802119235206,-1.3233112108323308
12824,-0.3253556328142076,-0.9552142636712971,-0.48262916000603895,-0.9880647720874756,-0.8204247009218442,-1.3804199638603631,0.2568622596528149,0.21848530148662743,-1.3854603666636165,0.4486600156681821
12826,-0.8953405835622991,1.074425194724936,0.5592936792096318,1.7538539946538823,0.1840678945381534,0.7244172253228549,-1.416213539707412,0.8597474442960223,1.2020728673831211,-0.02310666392785804
12827,-0.8653413756281889,0.05960546552681911,-0.4192439848731112,-0.700239045191974,1.5032113751355614,0.7244172253228549,-1.3281569186884528,0.7491164639170225,-1.521199815007052,-0.9363980186786152
12828,-0.8953405835622991,0.8789251688960825,0.2653393849636161,-0.02612089535777274,1.1141735571794795,0.7244172253228549,-1.416213539707412,0.835801735899689,-0.7916002801610865,-0.6894080681460132
12829,2.444571233101956,-0.3615827770984007,-0.7237344749995114,-0.8138544637033562,1.2023224526798368,0.7244172253228549,1.1374284698424082,-2.3168957440129043,1.1596542897757975,0.21700249413524186
12830,-0.5453498243310149,0.8789251688960825,1.7761174513037752,0.0268996332808723,0.7747009796089592,0.7244172253228549,-0.38888629448622003,0.608540927218375,-0.4352842282595686,2.6101859608548073
12831,1.6945910347492041,-0.9552142636712971,-0.9687336008008867,-0.9880647720874756,-0.8204247009218442,-1.3804199638603631,1.1374284698424082,-1.6441736133003717,0.3282501686722556,-0.14725830687642594
12832,-0.6053482401992349,-0.3615827770984007,-0.511285002736059,-0.49573129187148596,0.11419346125134072,0.7244172253228549,-0.5649995365241388,0.49250576801116885,-1.0630791768479575,-0.5043313523042839
12833,0.5246219253189112,-0.9552142636712971,-0.4431545668463231,-0.9880647720874756,-0.8204247009218442,-1.3804199638603631,1.1374284698424082,-0.5637196431128436,-0.6643445473391159,0.011677561639991967
12834,1.9045854902879746,-0.9552142636712971,-0.6729669501459988,-0.9880647720874756,-0.8204247009218442,-1.3804199638603631,1.1374284698424082,-1.8359116046979347,0.5064081946230146,-0.3720900596305994
12836,-0.3353553687922443,0.3863044476016779,1.0139359541007258,0.9206742589037459,-0.05869471474131325,0.7244172253228549,0.22751005264649524,0.3134175861345834,0.7524359447454912,0.5994264239106891
12837,0.8046145327039386,-0.9552142636712971,-1.342109152849696,-0.9880647720874756,-0.8204247009218442,-1.3804199638603631,1.1374284698424082,-0.826137745871208,-0.4268005127381039,-2.0220443089501843
12838,-0.5853487682431616,-0.3615827770984007,-0.052073708821649245,1.5872180475038549,-0.609508628824057,0.7244172253228549,-0.5062951225114992,0.4790099605965719,1.2784263070763036,0.166068697912127
12839,-0.8953405835622991,1.9947556633726906,1.6188065538645209,1.7690027171220666,0.9925227723807599,0.7244172253228549,-1.416213539707412,1.0425165001334327,1.2190402984260504,0.623734810806196
12840,0.5146221893408744,0.3863044476016779,1.0478593367075149,-0.36696715089191945,1.0115561688271872,0.7244172253228549,1.1374284698424082,-0.46725300100303063,0.03132012542099063,0.9864173426704663
12841,-0.8753411116062256,2.8000649690066,1.3569259551905097,1.7917258008243429,1.8181733090894179,0.7244172253228549,-1.3575091256947727,1.179615361800591,1.261458876033374,-0.36930148153792547
12842,-0.22535827303384068,-0.3615827770984007,0.3399370042004276,0.8146332016264558,-0.5243041877833818,0.7244172253228549,0.5503843297160128,0.1547236856054087,0.7269847981810972,0.6300894853928023
12843,-0.26535721694598746,1.2468684386726134,0.6733340241858607,0.5116587522627698,0.9765338017449511,0.7244172253228549,0.4329755016907335,0.29995198485740016,0.345217599715185,-0.5029275908818978
12844,-0.6353474481333451,-0.3615827770984007,-0.6392304896705776,-0.2230542874441686,-0.17170103856179034,0.7244172253228549,-0.6530561575430981,0.5191896844839123,-0.7916002801610865,-0.9902638299446199
12845,1.7445897146393876,0.3863044476016779,-0.5735940216758917,-0.8214288249374483,3.1503217202565694,0.7244172253228549,1.1374284698424082,-1.6385037873505481,0.5657942032732676,-1.2114113833085771
12847,-0.7053455999796019,-0.9552142636712971,0.14138439514978438,-0.9880647720874756,-0.8204247009218442,-1.3804199638603631,-0.8585216065873364,0.5760981963289359,-1.7078415564792757,1.9566606933059076
12849,-0.6153479761772717,-0.3615827770984007,0.29004867851109395,0.8070588403923636,-0.5231263277462802,0.7244172253228549,-0.5943517435304586,0.5126542730172157,0.3876361773225086,0.7735981787776106
12851,0.04463459837314998,-0.9552142636712971,-1.335776968807426,-0.9880647720874756,-0.8204247009218442,-1.3804199638603631,1.1374284698424082,-0.12644001414761324,-1.071562892369422,-0.3821070124586251
12852,2.024582322024415,-0.9552142636712971,-0.6750760533697556,-0.9880647720874756,-0.8204247009218442,-1.3804199638603631,1.1374284698424082,-1.9464009987051516,0.6082127808805912,-0.03880715033829886
12853,0.4246245655385443,0.8789251688960825,0.7842191290864478,0.3828946112832033,-0.10629135045457624,0.7244172253228549,1.1374284698424082,-0.36405747236806635,0.7863708068313501,-0.16090663927488705
12854,-0.13536064923151048,0.05960546552681911,0.4739163368833051,0.8222075628605479,-0.26382565671385283,0.7244172253228549,0.8145541927728907,0.0917083665777476,0.8033382378742796,0.33362243854839113
12855,2.8045617283112767,-0.9552142636712971,-2.328160181527707,-0.9880647720874756,-0.8204247009218442,-1.3804199638603631,1.1374284698424082,-2.6689738610274265,1.2699425915548388,-1.7839448940324036
12856,-0.8453419036721156,0.8789251688960825,0.8699308960539508,-0.5714749042124074,2.428532641886399,0.7244172253228549,-1.2694525046758134,0.808795531683531,-1.3515255045777577,0.1681108861910605
12857,1.1846044998693328,-0.3615827770984007,0.3309465973527143,-0.2987978997850901,-0.11643697269797193,0.7244172253228549,1.1374284698424082,-1.1435731834540053,0.6760825050523088,0.11589055448120195
12863,-0.4053535206385011,-0.9552142636712971,-0.26687431657789806,-0.9880647720874756,-0.8204247009218442,-1.3804199638603631,0.02204460360225668,0.2941687529397926,-1.4533300908353342,0.21700249413524186
12864,0.4546237734726543,-0.9552142636712971,-1.2689382282686288,-0.9880647720874756,-0.8204247009218442,-1.3804199638603631,1.1374284698424082,-0.5037033570718407,-0.7237305559893689,0.36991636982861664
12865,-0.6653466560674551,-0.3615827770984007,0.6081543843283852,-0.2533517323805372,-0.14825585158074672,0.7244172253228549,-0.7411127785620575,0.5671619301023,-0.8425025732898749,1.2099267713681034
12866,1.9045854902879746,-0.9552142636712971,-0.21112549448815754,-0.9880647720874756,-0.8204247009218442,-1.3804199638603631,1.1374284698424082,-1.8318690274407146,0.5064081946230146,0.1126775892841099
12867,-0.6653466560674551,1.074425194724936,1.359781021329813,1.53419751886521,0.2548471562453902,0.7244172253228549,-0.7411127785620575,0.6899795031128899,1.1596542897757975,1.5229659808427092
12868,0.9346111004184156,0.8789251688960825,0.6275935406981259,0.42834077868775616,0.6427732553730989,0.7244172253228549,1.1374284698424082,-0.8393146423872774,1.2784263070763036,0.0022372849429153335
12871,-0.085361969341327,-0.3615827770984007,-0.516249816201049,-0.056418340294141334,-0.2760230118464947,0.7244172253228549,0.9613152278044893,0.013738163953243825,-0.13835418500830363,-0.4765889042531565
12872,2.344573873321589,-0.3615827770984007,-0.15514319685668523,-0.700239045191974,0.602716236965679,0.7244172253228549,1.1374284698424082,-2.2198031983271767,1.2020728673831211,0.036081889211489256
12873,1.8945857543099378,-0.9552142636712971,-0.5302082016707119,-0.9880647720874756,-0.8204247009218442,-1.3804199638603631,1.1374284698424082,-1.8256957090637662,0.49792447910154986,-0.20574783876659553
12875,0.5046224533628378,-0.3615827770984007,-0.5982961314575341,0.6707203381787049,-0.5001966045692863,0.7244172253228549,1.1374284698424082,-0.5300474201761776,1.1851054363401916,2.072611450688033
12876,-0.345355104770281,-0.3615827770984007,0.8837004330266762,0.0571970782172409,-0.3329660846204898,0.7244172253228549,0.19815784564017558,0.2832059398861084,-0.2316750557444155,2.02904602562631
12877,-0.8853408475842623,1.7852452398084835,0.591531433065563,1.693259104781145,0.8191169006926634,0.7244172253228549,-1.3868613327010924,0.9339136720523671,1.1511705742543328,-0.4968651133155526
12878,1.4345978993202502,-0.3615827770984007,0.12615510699720928,-0.7684082962988033,0.9085298483937003,0.7244172253228549,1.1374284698424082,-1.377850180709646,0.3621850307581145,0.6300894853928023
12879,-0.47535167248475796,0.05960546552681911,-0.19135381823805558,-0.6320697940851446,1.2316336495915154,0.7244172253228549,-0.1834208454419816,0.39241418167249303,-1.1139814699767456,-0.24653171617336758
12881,1.8345873384417177,-0.9552142636712971,-0.7103231755707288,-0.9880647720874756,-0.8204247009218442,-1.3804199638603631,1.1374284698424082,-1.771702992043583,0.4470221859727616,-2.163538687432954
12882,-0.8353421676940789,-0.3615827770984007,0.5529742404806555,-0.8062801024692641,1.2023224526798368,0.7244172253228549,-1.2401002976694935,0.7219458784992119,-1.606036970221699,-0.2495031695906764
12883,-0.6753463920454919,0.3863044476016779,-0.028774020742990306,-0.5033056531055781,0.12615681346113924,0.7244172253228549,-0.7704649855683771,0.5951489781631093,-1.13943261654114,-1.2548234467293211
12884,-0.04536302542918024,-0.9552142636712971,-0.6814627822754532,-0.9880647720874756,-0.8204247009218442,-1.3804199638603631,1.0787240558297684,-0.04073448925754453,-1.1479163320626045,-1.3963178252120911
12885,-0.29535642488009756,0.05960546552681911,0.3788942790303644,-0.5336030980419467,0.19094887587899637,0.7244172253228549,0.34491888067177423,0.2365636300858868,-0.8425025732898749,0.3817546188585322
12886,-0.24535774498991408,-0.3615827770984007,0.5056149528106149,0.15566377426043881,-0.3711262499010365,0.7244172253228549,0.49167991570337316,0.1773864801367569,-0.028065883229262362,1.0074046378297004
12888,1.2146037078034428,-0.3615827770984007,-0.5735268355301414,-0.6775159614896975,0.5492446469068906,0.7244172253228549,1.1374284698424082,-1.1835174545637392,0.2688641600220026,-1.5298368113592835
12890,-0.6853461280235285,-0.9552142636712971,-0.5166041454793479,-0.9880647720874756,-0.8204247009218442,-1.3804199638603631,-0.799817192574697,0.5496398945940217,-1.6908741254363462,0.5700202916657511
12891,0.9346111004184156,0.05960546552681911,-0.6270651228699418,-0.1776081200396157,0.2899744111530651,0.7244172253228549,1.1374284698424082,-0.9096449351601855,0.5912453498376617,0.7917487244621925
12893,-0.6153479761772717,-0.9552142636712971,-1.0745224704078111,-0.9880647720874756,-0.8204247009218442,-1.3804199638603631,-0.5943517435304586,0.4820445544336333,-1.6314881167860933,-0.5213168375334848
12895,-0.505350880418868,-0.3615827770984007,-0.5327571500357633,-0.6547928777874211,0.4763288106249656,0.7244172253228549,-0.2714774664609409,0.40027499737329475,-1.1564000475840692,-0.4231067267954814
12897,1.1246060840011127,-0.3615827770984007,-0.9634140411066364,-0.2533517323805372,-0.14825585158074672,0.7244172253228549,1.1374284698424082,-1.1029153680697614,0.6675987895308442,-1.1293838083752317
12901,-0.8353421676940789,2.959940965055545,2.533080163067121,0.9888435100105751,2.317973491342584,0.7244172253228549,-1.2401002976694935,1.415562677401233,0.404603608365438,1.848263836148851
12902,1.7245902426833142,-0.9552142636712971,-1.3155957275869277,-0.9880647720874756,-0.8204247009218442,-1.3804199638603631,1.1374284698424082,-1.6730438048367582,0.3537013152366497,-0.9308774798871711
12904,-0.7453445438917486,-0.3615827770984007,-0.28477056053746014,0.17838685796271528,-0.37647167837913303,0.7244172253228549,-0.9759304346126154,0.6234675854971378,-0.4352842282595686,-0.02414646272033576
12906,-0.8053429597599688,0.6532369520997158,1.1022372378988121,-0.4881569306373938,0.10253213026786133,0.7244172253228549,-1.1520436766505342,0.7676179670960555,-1.2327534872772516,0.9015649089444708
12908,0.8346137406380486,-0.3615827770984007,0.02209145002039689,0.0420483557490566,-0.3232178471977014,0.7244172253228549,1.1374284698424082,-0.8271913556109578,0.760919660266956,1.4974778147178904
12909,-0.5253503523749414,0.6532369520997158,0.8694713071206218,0.625274170774152,0.05522253135692826,0.7244172253228549,-0.33018188047358055,0.4976983063292998,0.25189672897907317,0.5571745103501964
12910,-0.6953458640015652,1.2468684386726134,1.143418035577258,0.6631459769446127,0.4855888911310616,0.7244172253228549,-0.8291693995810168,0.7183151516285406,0.15857585824296133,0.3467215941887782
12912,-0.8953405835622991,0.6532369520997158,0.6544539031815192,-0.7078134064260662,2.734052101995749,0.7244172253228549,-1.416213539707412,0.8298718253149749,-1.546650961571446,-0.1554270947514491
12913,-0.8753411116062256,0.6532369520997158,0.9736122834187423,1.7614283558879744,-0.10970577992671149,0.7244172253228549,-1.3575091256947727,0.8249158271886188,1.2275240139475152,0.6708619014287925
12915,0.5646208692310579,-0.3615827770984007,-0.5524662813299769,0.7010177831150736,-0.5069137792922854,0.7244172253228549,1.1374284698424082,-0.584950757460429,1.2699425915548388,-1.311598236629461
12916,0.46462350945069103,0.3863044476016779,1.1254049286896464,0.3828946112832033,0.18179527237995208,0.7244172253228549,1.1374284698424082,-0.41664407004313025,0.8287893844386737,0.6550087218640483
12917,0.3546264136922874,-0.9552142636712971,-0.16308287519869277,-0.9880647720874756,-0.8204247009218442,-1.3804199638603631,1.1374284698424082,-0.40431853212836155,-0.808567711204016,-0.27661144040879315
12919,-0.8453419036721156,0.8789251688960825,0.4803043797701033,0.23140738660136032,0.8218295068642698,0.7244172253228549,-1.2694525046758134,0.79495534885033,-0.45225165930249805,-0.35069273228434994
12920,-0.7553442798697854,-0.9552142636712971,-1.1820026100001877,-0.9880647720874756,-0.8204247009218442,-1.3804199638603631,-1.0052826416189355,0.6105412419280255,-1.750260134086599,-0.19720057055511253
12921,-0.8353421676940789,3.3556663851747497,2.483483354707564,1.7690027171220666,1.759530544419659,0.7244172253228549,-1.2401002976694935,1.54634377012474,1.2699425915548388,0.5634424328873544
12922,0.6846177009674982,-0.9552142636712971,-0.46629809468289224,-0.9880647720874756,-0.8204247009218442,-1.3804199638603631,1.1374284698424082,-0.7112173110144516,-0.5286050989956804,0.9635336748446752
12923,-0.28535668890206084,-0.9552142636712971,-1.1229326050150807,-0.9880647720874756,-0.8204247009218442,-1.3804199638603631,0.3742710876780942,0.17805310850650166,-1.3515255045777577,-0.8823938578426296
12924,-0.04536302542918024,0.3863044476016779,0.19611267247214512,0.8222075628605479,-0.023243583396006132,0.7244172253228549,1.0787240558297684,0.018923130859428542,0.8881753930889267,-0.27432688700088276
12925,-0.8753411116062256,-0.3615827770984007,-0.03947993123439135,-0.4578594857010252,0.06924892719790009,0.7244172253228549,-1.3575091256947727,0.7461720454267856,-1.2582046338416457,0.6179260032828885
12928,-0.5753490322651249,0.6532369520997158,0.8259914435286505,1.4584539065242883,-0.0345009833196519,0.7244172253228549,-0.4769429155051793,0.5418298403586583,1.1511705742543328,0.7113103068405846
12929,2.1945778336510386,-0.9552142636712971,-1.4440255847938295,-0.9880647720874756,-0.8204247009218442,-1.3804199638603631,1.1374284698424082,-2.1060819476549137,0.7524359447454912,-1.5585881871620628
12930,-0.14536038520954717,-0.3615827770984007,-0.4461635709157994,-0.2836491773169058,-0.1230410383884666,0.7244172253228549,0.785201985766571,0.06955212150156394,-0.44376794378103335,-0.22304296772375637
12931,-0.7053455999796019,2.0892449239230517,3.2233559093267328,1.5569206025674862,0.8861588091643743,0.7244172253228549,-0.8585216065873364,1.4815043636664036,1.142686858732868,2.7526558023679164
12933,-0.6853461280235285,0.05960546552681911,-0.14520135536848888,0.9736947875423909,-0.30069348380480726,0.7244172253228549,-0.799817192574697,0.586308957013237,0.5148919101444793,0.08223142562427743
12935,-0.9053403195403357,1.074425194724936,0.8628876225943635,1.4130077391197355,0.14595665273275682,0.7244172253228549,-1.4455657467137322,0.8801928265813934,0.8118219533957443,0.5940835379136534
12936,-0.7553442798697854,0.3863044476016779,0.2998244320917041,-0.5260287368078546,0.8880000686812295,0.7244172253228549,-1.0052826416189355,0.6747047775726006,-1.2327534872772516,-0.1092591842260095
12937,-0.7753437518258587,0.3863044476016779,0.5750609471416436,0.9206742589037459,-0.05869471474131325,0.7244172253228549,-1.063987055631575,0.7003324127478118,0.3706687462795792,0.538717272996622
12938,-0.6653466560674551,-0.9552142636712971,-1.4692463503340687,-0.9880647720874756,-0.8204247009218442,-1.3804199638603631,-0.7411127785620575,0.5268637230884499,-1.6739066943934169,-0.10729491444130809
12939,-0.28535668890206084,1.2468684386726134,2.1978507817960917,1.0570127611174045,0.2816626601958108,0.7244172253228549,0.3742710876780942,0.4802305642209606,0.9475614017391797,1.5148371873935618
12940,-0.37535431270439107,-0.3615827770984007,0.1787722485417997,-0.7381108513624347,0.7924924541404285,0.7244172253228549,0.11010122462121627,0.28945234603855957,-1.1479163320626045,0.3150192152102757
12942,0.3846256216263975,0.05960546552681911,-0.051179120835165105,0.7843357566900871,-0.25106678411644084,0.7244172253228549,1.1374284698424082,-0.3975156419193867,1.210556582904586,-0.9036803933632336
12944,-0.5653492962870882,-0.3615827770984007,-0.14915793670910193,1.4281564615879199,-0.5962301056229042,0.7244172253228549,-0.4475907084988595,0.4593092214365975,1.117235712168474,-0.07252140336332663
12945,1.954584170178158,-0.9552142636712971,-0.360934118956098,-0.9880647720874756,-0.8204247009218442,-1.3804199638603631,1.1374284698424082,-1.8794762538561742,0.5488267722303382,0.0733764525320122
12947,0.5146221893408744,0.8789251688960825,0.6260738112479959,0.7464639505196264,0.4319704248891608,0.7244172253228549,1.1374284698424082,-0.45269965749800006,1.2699425915548388,0.2525404986432524
12948,-0.7653440158478221,1.074425194724936,0.8268580353209345,0.8903768139673772,0.5407305159157549,0.7244172253228549,-1.0346348486252552,0.7497356349344564,0.3537013152366497,-0.00047479171732525455
12949,-0.6153479761772717,1.2468684386726134,1.3850580357942095,0.6858690606468892,0.25746892877414945,0.7244172253228549,-0.5943517435304586,0.6625588502721028,0.24341301345760846,0.7233289156923679
12950,-0.9053403195403357,0.05960546552681911,0.7364730416703303,-0.8290031861715405,2.4613391755682144,0.7244172253228549,-1.4455657467137322,0.8090898009949281,-1.6908741254363462,1.2039404629246664
12951,-0.8353421676940789,0.8789251688960825,0.29995137857999443,1.4508795452901961,0.13348477283249124,0.7244172253228549,-1.2401002976694935,0.7813070144734067,0.9136265396533209,-0.6696616740868021
12952,-0.8653413756281889,0.3863044476016779,0.5110102654844093,-0.4427107632328409,0.6759126321033032,0.7244172253228549,-1.3281569186884528,0.7812808560676705,-1.2327534872772516,0.061645744501276335
12953,-0.8253424317160422,-0.9552142636712971,-0.6298246093542413,-0.9880647720874756,-0.8204247009218442,-1.3804199638603631,-1.2107480906631736,0.6776989666286588,-1.8096461427368522,-0.6674892185646875
12955,-0.9153400555183724,1.6680566812978321,1.4903296386850025,1.0267153161810358,1.0630565570768513,0.7244172253228549,-1.4749179537200516,0.9978372715925464,0.3791524618010439,0.8475464059178522
12956,2.1345794177828186,-0.9552142636712971,-1.5123173652593087,-0.9880647720874756,-0.8204247009218442,-1.3804199638603631,1.1374284698424082,-2.051004285080816,0.701533651616703,-1.649614720063494
12957,-0.8253424317160422,1.2468684386726134,1.3559746228614522,1.5039000739288413,0.2654127385271785,0.7244172253228549,-1.2107480906631736,0.853439141582872,0.9899799793465033,0.7985513205009077
12962,-0.8553416396501522,-0.3615827770984007,-0.7991830479322477,-0.18518248127370787,-0.19879225578734452,0.7244172253228549,-1.298804711682133,0.7207526503299538,-0.9358234440259867,-0.9559396615160893
12963,-0.8453419036721156,1.2468684386726134,0.7423297024218973,1.7159821884834214,0.1979260948457436,0.7244172253228549,-1.2694525046758134,0.8364475201816821,1.210556582904586,-0.3708442905253269
12965,-0.03536328945114355,-0.9552142636712971,0.04496103280615964,-0.9880647720874756,-0.8204247009218442,-1.3804199638603631,1.1080762628360883,-0.04235732774707872,-1.13943261654114,0.6677483530095384
12966,-0.8253424317160422,-0.9552142636712971,-1.2017386088763509,-0.9880647720874756,-0.8204247009218442,-1.3804199638603631,-1.2107480906631736,0.6749191008459223,-1.8096461427368522,-0.7913673249411993
12967,2.654565688640726,-0.3615827770984007,0.6537842413515489,-0.8895980760442777,2.163448347362973,0.7244172253228549,1.1374284698424082,-2.487816772673554,1.261458876033374,0.3851138497622375
12968,0.19463063804370034,-0.9552142636712971,-1.3312929468889962,-0.9880647720874756,-0.8204247009218442,-1.3804199638603631,1.1374284698424082,-0.26452214265650204,-0.9443071595474514,-0.8208854938007576
12970,-0.8553416396501522,0.3863044476016779,-0.37950767906769206,1.3978590166515512,-0.5935088680376142,0.7244172253228549,-1.298804711682133,0.7567465299301283,0.8372730999601384,-0.7555433005808716
12971,-0.8853408475842623,4.5683921808265575,2.1704780259378618,1.799300162058435,3.920773447638134,0.7244172253228549,-1.3868613327010924,2.311196767480156,1.261458876033374,-0.3920973735982657
12974,1.0546079321548558,-0.9552142636712971,-1.281493124323581,-0.9880647720874756,-0.8204247009218442,-1.3804199638603631,1.1374284698424082,-1.056120344468787,-0.21470762470148605,-2.0220443089501843
12976,1.1946042358473694,-0.9552142636712971,0.009926860525237629,-0.9880647720874756,-0.8204247009218442,-1.3804199638603631,1.1374284698424082,-1.1752799793850937,-0.09593560740098007,1.4232147783940052
12977,0.6346190210773148,-0.9552142636712971,-2.305304835487685,-0.9880647720874756,-0.8204247009218442,-1.3804199638603631,1.1374284698424082,-0.6711845512107504,-0.571023676603004,-2.745853107750305
12980,0.6546184930333881,1.4011241767997944,1.8389422524387624,0.5268074747309541,1.1394890508684876,0.7244172253228549,1.1374284698424082,-0.43761436881835336,1.1511705742543328,-0.49376898337177155
12981,-0.6253477121553084,-0.3615827770984007,-0.5339920765275739,-0.2079055649759843,-0.18823338230509185,0.7244172253228549,-0.6237039505367783,0.5107412900028159,-0.7661491335966925,-0.267501382947513
12982,1.5045960511665069,-0.9552142636712971,-0.495882979812074,-0.9880647720874756,-0.8204247009218442,-1.3804199638603631,1.1374284698424082,-1.4663783836319757,0.16705957376442604,0.6870658718208092
12984,-0.7353448079137119,-0.9552142636712971,-1.5933820076658594,-0.9880647720874756,-0.8204247009218442,-1.3804199638603631,-0.9465782276062956,0.5910353080026631,-1.7332927030436698,-1.9368587697257784
12985,-0.9153400555183724,-0.3615827770984007,0.42113262604525764,-0.7835570187669876,0.9960600277420028,0.7244172253228549,-1.4749179537200516,0.7919319731580774,-1.6484555478290226,1.7681546848700835
12987,-0.18535932912169392,-0.3615827770984007,-0.21172204379693627,-0.048843979060049184,-0.2799704001591887,0.7244172253228549,0.6677931577412918,0.10871865389515901,-0.21470762470148605,-0.377087204611342
12988,1.9945831140903048,-0.9552142636712971,-0.24565620906385638,-0.9880647720874756,-0.8204247009218442,-1.3804199638603631,1.1374284698424082,-1.9151158120819751,0.582761634316197,-0.1391493641385155
12989,-0.8953405835622991,2.0892449239230517,1.7887892750683856,1.74627963341979,0.9050726695253365,0.7244172253228549,-1.416213539707412,1.0808256949116228,1.1935891518616564,0.26401266144186164
12990,-0.6153479761772717,0.05960546552681911,-0.4582759980120934,1.1176076509901416,-0.33455363186999365,0.7244172253228549,-0.5943517435304586,0.5186202283047162,0.7354685137025618,-0.9199183236944992
12991,-0.6953458640015652,-0.3615827770984007,-0.2938877609431324,-0.3139466222532744,-0.09584693797306118,0.7244172253228549,-0.8291693995810168,0.577340649489353,-0.9443071595474514,0.29882089100254094
12993,-0.6953458640015652,0.3863044476016779,-0.4481504126752959,1.0948845672878653,-0.11420754830922845,0.7244172253228549,-0.8291693995810168,0.6088313988344142,0.6336639274449853,-1.0347222451683766
12994,-0.8853408475842623,0.05960546552681911,0.23002504511457786,1.0115665937128515,-0.3095949069772269,0.7244172253228549,-1.3868613327010924,0.7764463921011703,0.3876361773225086,-0.009677423571934109
12995,-0.07536223336329032,-0.9552142636712971,-0.9825834809625371,-0.9880647720874756,-0.8204247009218442,-1.3804199638603631,0.9906674348108093,-0.014716744428143512,-1.1733674786269988,-0.3922154455737557
12997,-0.7053455999796019,0.3863044476016779,0.4130840558456443,1.238797430735616,-0.15625806399159337,0.7244172253228549,-0.8585216065873364,0.6313436171455536,0.7948545223528148,0.08002431475699087
12999,1.0346084601987824,0.05960546552681911,-0.37314631433333223,-0.6169210716169603,1.1738802499376186,0.7244172253228549,1.1374284698424082,-0.9996620695282087,0.1925107203288202,-0.3329048796889562
13000,0.1446319581535169,0.05960546552681911,-0.24635344456235508,0.9661204263082988,-0.29887570632002874,0.7244172253228549,1.1374284698424082,-0.17900607988548123,1.2020728673831211,-0.22014161420618655
13001,-0.8853408475842623,1.8937448980942,2.0665368349210174,1.4508795452901961,1.051533496142446,0.7244172253228549,-1.3868613327010924,1.0860972579527584,0.879691677567462,1.1125392034584327
13002,2.2545762495192587,-0.9552142636712971,-1.4235482014195038,-0.9880647720874756,-0.8204247009218442,-1.3804199638603631,1.1374284698424082,-2.161269055053841,0.8033382378742796,-0.8208854938007576
13003,0.1346322221754802,0.05960546552681911,-1.2586427936521698,-0.1624593975714314,0.2734763904448774,0.7244172253228549,1.1374284698424082,-0.17612069376102144,-0.07048446083658592,-1.6391230231865026
13004,-0.8053429597599688,2.3408466559766334,1.6279248928468015,1.6326642149084079,1.3500525286643807,0.7244172253228549,-1.1520436766505342,1.0266140977756504,1.142686858732868,0.6072293662252197
13005,0.8146142686819752,-0.3615827770984007,-0.27837906744750895,-0.4427107632328409,0.03830547401167853,0.7244172253228549,1.1374284698424082,-0.8126502518155118,0.1925107203288202,-0.641746994773477
13006,-0.36535457672635435,-0.9552142636712971,-1.7336759048462682,-0.9880647720874756,-0.8204247009218442,-1.3804199638603631,0.13945343162753596,0.25014060933790055,-1.4193952287494753,-1.1293838083752317
13008,2.3045749294094424,-0.9552142636712971,-0.9173504601572008,-0.9880647720874756,-0.8204247009218442,-1.3804199638603631,1.1374284698424082,-2.205522649554004,0.8457568154816031,0.13812389922963547
13011,2.79456199233324,-0.9552142636712971,-2.108323565209461,-0.9880647720874756,-0.8204247009218442,-1.3804199638603631,1.1374284698424082,-2.659563564500568,1.261458876033374,-2.6638255328169587
13012,-0.8353421676940789,1.2468684386726134,0.6542339336321238,1.1706281796287867,0.5566298607525777,0.7244172253228549,-1.2401002976694935,0.8240497731519391,0.6082127808805912,-0.44419052108771456
13013,-0.9153400555183724,1.8937448980942,1.4992679226845083,1.8144488845266193,0.769918959316314,0.7244172253228549,-1.4749179537200516,1.0316673221485415,1.261458876033374,0.11317249907692627
13014,-0.8153426957380054,1.5406654655354899,1.2386337654382171,1.0570127611174045,0.9039234682217483,0.7244172253228549,-1.1813958836568539,0.8681499272369727,0.48944076358008515,-0.5859268109982184
13015,-0.39535378466046445,0.6532369520997158,1.2106224452263687,0.48893566856049336,0.12213474192981577,0.7244172253228549,0.05139681060857664,0.39714626537485703,0.21796186689321434,0.8149649091866812
13016,-0.1953590650997306,0.05960546552681911,0.06324931324681862,-0.6169210716169603,0.35193080418570905,0.7244172253228549,0.6384409507349721,0.1381872376226774,-0.8509862888113395,0.14230865178782606
13017,-0.8553416396501522,-0.9552142636712971,-1.0104852464217065,-0.9880647720874756,-0.8204247009218442,-1.3804199638603631,-1.298804711682133,0.7032559946206063,-1.8350972893012463,-1.2771851311768028
13018,-0.7653440158478221,2.959940965055545,1.8283924598665915,1.1251820122242338,1.9554108454806296,0.7244172253228549,-1.0346348486252552,1.1811047754270734,0.6166964964020558,0.25220286458237584
13021,-0.8853408475842623,1.4011241767997944,1.0150061994262973,1.693259104781145,0.341339050885535,0.7244172253228549,-1.3868613327010924,0.9021949564245209,1.1511705742543328,-0.0298247896716369
13023,-0.28535668890206084,-0.3615827770984007,-0.04424256391455775,-0.49573129187148596,0.12615681346113924,0.7244172253228549,0.3742710876780942,0.20293139166769325,-0.7916002801610865,-0.08399161723334575
13026,-0.9153400555183724,0.6532369520997158,0.2307910689434311,1.0873102060537732,0.08558160642378781,0.7244172253228549,-1.4749179537200516,0.8370296632629964,0.4470221859727616,0.817010242198353
13027,0.21463010999977375,0.8789251688960825,1.7873973600163218,0.82978192409464,0.38661978054641577,0.7244172253228549,1.1374284698424082,-0.08954396789501955,1.117235712168474,3.2322660438540542
13028,-0.6953458640015652,-0.3615827770984007,-0.07783980825562523,-0.8214288249374483,1.261856404077265,0.7244172253228549,-0.8291693995810168,0.5799221055671981,-1.5127160994855873,1.046839139933269
13029,-0.6153479761772717,0.05960546552681911,0.42632180762851246,1.4508795452901961,-0.39542999028246345,0.7244172253228549,-0.5943517435304586,0.5323499832757395,1.1002682811255444,-1.3551656605295372
13030,-0.8153426957380054,-0.3615827770984007,0.07283444205990529,1.7084078272493293,-0.6191579799455662,0.7244172253228549,-1.1813958836568539,0.6926615082261692,1.2275240139475152,0.26849390534908824
13032,-0.4053535206385011,-0.3615827770984007,0.2586588623313482,-0.7305364901283425,0.7236783201912479,0.7244172253228549,0.02204460360225668,0.3186546403592703,-1.1564000475840692,0.21407039776317602
13033,2.6445659526626897,-0.9552142636712971,-1.064453231824274,-0.9880647720874756,-0.8204247009218442,-1.3804199638603631,1.1374284698424082,-2.519175066531928,1.1342031432114035,-0.6805883742050745
13034,-0.37535431270439107,-0.3615827770984007,-0.10043131875679169,1.390284655417459,-0.5935088680376142,0.7244172253228549,0.11010122462121627,0.28501606232316035,1.23600772946898,0.19631281262381164
13035,-0.18535932912169392,-0.3615827770984007,0.1859917274121429,0.42076641745366405,-0.449292897468299,0.7244172253228549,0.6677931577412918,0.11466897896720776,0.3197664531507909,0.8101777159768995
13037,0.4546237734726543,0.05960546552681911,0.15002336238529523,-0.09429014646460207,0.20500161250864615,0.7244172253228549,1.1374284698424082,-0.458729431290737,0.27734787554346735,-0.07887906434154154
13038,-0.1253609132534738,0.05960546552681911,0.17434243693230508,0.6025510870718755,-0.19355751272395488,0.7244172253228549,0.8439063997792103,0.07568566932444988,0.5742779187947323,-0.27661144040879315
13040,-0.8353421676940789,-0.3615827770984007,-0.0592434123672975,-0.8062801024692641,1.1462671913280684,0.7244172253228549,-1.2401002976694935,0.7090672700326572,-1.6145206857431638,0.1537358044921617
13043,1.8045881305076077,-0.9552142636712971,-0.27418741783998213,-0.9880647720874756,-0.8204247009218442,-1.3804199638603631,1.1374284698424082,-1.7405054595840055,0.42157103940836743,0.5485270778263333
13044,1.9845833781122681,-0.9552142636712971,-0.2092110397395564,-0.9880647720874756,-0.8204247009218442,-1.3804199638603631,1.1374284698424082,-1.9054974393162951,0.5742779187947323,1.1268884020375756
13045,0.06463407032922336,-0.9552142636712971,-0.6911920177570756,-0.9880647720874756,-0.8204247009218442,-1.3804199638603631,1.1374284698424082,-0.1420657358178584,-1.0545954613264927,0.3951308025902642
13046,-0.6153479761772717,-0.3615827770984007,-0.11723520663297182,0.7919101179241793,-0.5219390488651748,0.7244172253228549,-0.5943517435304586,0.5057471249257072,0.3621850307581145,-0.17194778552190632
13047,-0.6053482401992349,1.5406654655354899,1.1843582439244171,1.6023667699720392,0.3737156950973997,0.7244172253228549,-0.5649995365241388,0.6710696193675704,1.2784263070763036,-0.11438265947023493
13048,-0.7853434878038954,0.3863044476016779,0.7334094080332766,1.3751359329492747,-0.1900181660439536,0.7244172253228549,-1.0933392626378946,0.714972304130519,0.879691677567462,0.7664914722889152
13049,-0.28535668890206084,-0.3615827770984007,-0.08343082887494752,0.9282486201378379,-0.5419550751251315,0.7244172253228549,0.3742710876780942,0.2023871166555958,0.8033382378742796,-0.1554270947514491
13050,-0.7753437518258587,2.2616881678707283,1.6529651875143831,1.6705360210788684,1.3252218984526802,0.7244172253228549,-1.063987055631575,0.985485365042787,1.2190402984260504,0.39248806579995965
13052,1.1946042358473694,-0.9552142636712971,-0.5870099679754098,-0.9880647720874756,-0.8204247009218442,-1.3804199638603631,1.1374284698424082,-1.1816770949321538,-0.09593560740098007,0.4001054884166613
13055,-0.14536038520954717,0.05960546552681911,0.4049597395477384,0.03447399451496445,-0.3198809180656213,0.7244172253228549,0.785201985766571,0.09911097315932058,-0.07896817635805065,0.7247179964852518
13058,-0.6753463920454919,0.05960546552681911,-0.7844201839602081,-0.02612089535777274,0.14469462577854697,0.7244172253228549,-0.7704649855683771,0.5715955016689305,-0.6049585386888628,-2.3653441710705105
13059,1.5745942030127638,-0.9552142636712971,-1.0947065892602388,-0.9880647720874756,-0.8204247009218442,-1.3804199638603631,1.1374284698424082,-1.5342163701779499,0.22644558241467905,-1.618433341675073
13060,1.6145931469249106,-0.9552142636712971,-0.6853711358296252,-0.9880647720874756,-0.8204247009218442,-1.3804199638603631,1.1374284698424082,-1.5690078948508868,0.2603804445005379,-0.2495031695906764
13061,-0.2053588010777673,-0.9552142636712971,-0.8539045202181487,-0.9880647720874756,-0.8204247009218442,-1.3804199638603631,0.6090887437286524,0.105576324884994,-1.28365578040604,-0.40241704528405114
13062,0.984609780308599,-0.9552142636712971,-0.5896793931565271,-0.9880647720874756,-0.8204247009218442,-1.3804199638603631,1.1374284698424082,-0.9883636223436432,-0.27409363335173903,0.8798984515049735
13064,-0.7953432237819321,0.3863044476016779,0.3402919599341491,1.390284655417459,-0.19355751272395488,0.7244172253228549,-1.1226914696442145,0.7124408267841917,0.879691677567462,-0.19720057055511253
13065,2.8045617283112767,-0.9552142636712971,-1.003302152626642,-0.9880647720874756,-0.8204247009218442,-1.3804199638603631,1.1374284698424082,-2.666225288600292,1.2699425915548388,-0.8060280125591635
13066,-0.6853461280235285,-0.3615827770984007,-0.3475907570635665,-0.9350442434488305,3.066139799978023,0.7244172253228549,-0.799817192574697,0.5675943180287758,-1.6230044012646285,0.04637838888610602
13067,-0.1053614412974004,-0.9552142636712971,-1.4601809845048088,-0.9880647720874756,-0.8204247009218442,-1.3804199638603631,0.9026108137918503,0.011331638398626678,-1.1988186251913928,-1.714743253262797
13068,-0.8253424317160422,-0.3615827770984007,-0.5965191946272715,1.3524128492469982,-0.5893007621821477,0.7244172253228549,-1.2107480906631736,0.6944052603096035,0.820305668917209,-0.4765889042531565
13069,-0.9153400555183724,2.742642888072769,1.4347755535941453,1.799300162058435,1.5093490606984752,0.7244172253228549,-1.4749179537200516,1.2067453555989722,1.2444914449904447,0.5096921576763864
13070,0.9946095162866356,-0.9552142636712971,-0.9196657624208275,-0.9880647720874756,-0.8204247009218442,-1.3804199638603631,1.1374284698424082,-0.9995061945185763,-0.2656099178302743,-0.3720900596305994
13072,1.7445897146393876,-0.9552142636712971,-1.122128669095581,-0.9880647720874756,-0.8204247009218442,-1.3804199638603631,1.1374284698424082,-1.6908261466106265,0.3706687462795792,-0.8823938578426296
13075,0.3746258856483608,-0.9552142636712971,0.18403319597770265,-0.9880647720874756,-0.8204247009218442,-1.3804199638603631,1.1374284698424082,-0.417396384830178,-0.7916002801610865,1.2623946852771277
13077,-0.9153400555183724,0.3863044476016779,-0.00016924325816641218,1.7765770783561585,-0.4408044140854374,0.7244172253228549,-1.4749179537200516,0.816523274870861,1.210556582904586,0.36864044377010485
13078,-0.8953405835622991,2.8553196544436252,2.266617697602131,1.7614283558879744,1.9061224279620828,0.7244172253228549,-1.416213539707412,1.3554960613627858,1.2190402984260504,0.3726595329010526
13079,-0.8853408475842623,0.6532369520997158,-0.9503586801928445,0.0420483557490566,0.7573105711178629,0.7244172253228549,-1.3868613327010924,0.7970365679649408,-0.7067631249464394,-2.7123091548615
13080,0.8646129485721586,-0.9552142636712971,-1.9998960919713593,-0.9880647720874756,-0.8204247009218442,-1.3804199638603631,1.1374284698424082,-0.8826211518540332,-0.37589821960931563,-0.27661144040879315
13081,-0.8053429597599688,1.6680566812978321,2.909376616675565,1.7311309109516058,0.45375531580085143,0.7244172253228549,-1.1520436766505342,1.2829050750788555,1.2529751605119093,2.670593142806434
13082,0.33462694173621405,1.4011241767997944,1.2717322168596792,0.6176998095400599,0.7127938484288563,0.7244172253228549,1.1374284698424082,-0.20463672943418926,0.9730125483035739,1.2519704678693517
13083,-0.8853408475842623,-0.3615827770984007,-0.6951746945254631,-0.4502851244669331,0.058687073079082816,0.7244172253228549,-1.3868613327010924,0.7489837037500883,-1.2497209183201812,-0.5502183680856217
13085,0.6546184930333881,-0.3615827770984007,-0.4456294989943885,0.04962271698314875,-0.32975956129137063,0.7244172253228549,1.1374284698424082,-0.6669485931500891,0.6082127808805912,-0.3922154455737557
13089,-0.8953405835622991,4.742704059859697,3.4902275767586293,1.7841514395902507,3.7758385781438024,0.7244172253228549,-1.416213539707412,3.2820869599015197,1.2444914449904447,0.8043686853872212
13090,-0.8353421676940789,1.9947556633726906,1.989376197169165,1.7690027171220666,0.8947868155332864,0.7244172253228549,-1.2401002976694935,1.0416635053960872,1.2699425915548388,0.050762021281898044
13091,-0.6453471841113817,-0.9552142636712971,-0.5923348780721154,-0.9880647720874756,-0.8204247009218442,-1.3804199638603631,-0.6824083645494178,0.512246925417149,-1.6569392633504874,1.2182535813339361
13092,-0.215358537055804,0.6532369520997158,-0.3358283289517841,1.1933512633310632,0.04583573177295448,0.7244172253228549,0.5797365367223325,0.18443601433814452,1.1596542897757975,-1.1136833219647908
13093,1.8345873384417177,1.2468684386726134,1.8868077579919103,-0.2533517323805372,1.7803227250029856,0.7244172253228549,1.1374284698424082,-1.5329373435482792,1.2699425915548388,1.285217467724693
13094,-0.7153453359576386,1.7852452398084835,0.7720312337261486,1.6402385761425,0.8466681502647746,0.7244172253228549,-0.8878738135936562,0.7838214332419742,1.23600772946898,-0.08399161723334575
13095,-0.215358537055804,-0.9552142636712971,-1.805917660262662,-0.9880647720874756,-0.8204247009218442,-1.3804199638603631,0.5797365367223325,0.1119283922198591,-1.2921394959275048,-0.07633161619016947
13097,-0.5953485042211982,1.5406654655354899,1.6762640112861515,1.488751351460657,0.5492446469068906,0.7244172253228549,-0.5356473295178191,0.7072940464844366,1.1596542897757975,0.4689009482027812
13098,-0.9153400555183724,2.959940965055545,2.9245276075376623,1.4054333778856434,2.212526344041086,0.7244172253228549,-1.4749179537200516,1.6731706250863208,0.7948545223528148,1.4413536622388232
13099,0.06463407032922336,-0.9552142636712971,-0.997556225152048,-0.9880647720874756,-0.8204247009218442,-1.3804199638603631,1.1374284698424082,-0.14367005277103553,-1.0545954613264927,0.6870658718208092
13101,1.4145984273641767,-0.9552142636712971,-1.5641340977643996,-0.9880647720874756,-0.8204247009218442,-1.3804199638603631,1.1374284698424082,-1.3882622347534543,0.09070613407124363,-0.34257189077104117
13102,-0.9153400555183724,2.742642888072769,1.7291890278879771,1.7614283558879744,1.5300615176497865,0.7244172253228549,-1.4749179537200516,1.2393161682359006,1.2020728673831211,0.13917157155886384
13103,-0.5253503523749414,-0.9552142636712971,-0.8689243440618201,-0.9880647720874756,-0.8204247009218442,-1.3804199638603631,-0.33018188047358055,0.4001019326750604,-1.5551346770929109,-0.6938444096888514
13104,-0.8953405835622991,0.8789251688960825,0.32523847093305086,1.6705360210788684,0.0671160889711396,0.7244172253228549,-1.416213539707412,0.8371086840548658,1.117235712168474,-0.6674892185646875
13106,0.4046250935824709,-0.9552142636712971,-1.7840710342000996,-0.9880647720874756,-0.8204247009218442,-1.3804199638603631,1.1374284698424082,-0.4588288106463768,-0.7661491335966925,-2.3258090493829267
13107,-0.4853514084627947,0.3863044476016779,0.589380922684794,1.2009256245651554,-0.1441815510191757,0.7244172253228549,-0.21277305244830141,0.4337973419065491,0.9390776862177149,0.8144529848424631
13108,2.8045617283112767,-0.9552142636712971,-0.5826713501986404,-0.9880647720874756,-0.8204247009218442,-1.3804199638603631,1.1374284698424082,-2.6638627221721034,1.2699425915548388,0.7247179964852518
13109,-0.3253556328142076,-0.3615827770984007,0.05987360124107235,-0.2533517323805372,-0.1542755330983382,0.7244172253228549,0.2568622596528149,0.2413400022653949,-0.5625399610815394,0.5742693016175449
13110,-0.6153479761772717,1.074425194724936,0.5667760779534513,1.1251820122242338,0.2496422698449756,0.7244172253228549,-0.5943517435304586,0.6021991447238609,0.7439522292240266,-1.1209451469178167
13113,-0.9153400555183724,2.742642888072769,2.24219232399602,1.7765770783561585,1.75072985026697,0.7244172253228549,-1.4749179537200516,1.334701429063052,1.210556582904586,-0.21544307505894783
13115,-0.8053429597599688,0.3863044476016779,0.9107452195010327,0.3147253601763739,0.2243665605519224,0.7244172253228549,-1.1520436766505342,0.740903042488264,-0.33347964200199204,1.0265931599844096
13116,0.4546237734726543,-0.9552142636712971,-0.29802643463523154,-0.9880647720874756,-0.8204247009218442,-1.3804199638603631,1.1374284698424082,-0.49790310903503715,-0.7237305559893689,0.6984966006026871
13117,-0.7053455999796019,1.2468684386726134,0.23853200165001934,1.6629616598447763,0.34926447132442184,0.7244172253228549,-0.8585216065873364,0.6932768703427806,1.261458876033374,-0.2938975658093755
13118,-0.7253450719356752,0.6532369520997158,0.3940231139500387,1.0494383998833123,-0.10052663195234271,0.7244172253228549,-0.9172260205999759,0.665754264970697,0.5573104877518029,-0.6938444096888514
13120,1.4645971072543602,-0.9552142636712971,-2.49752539005159,-0.9880647720874756,-0.8204247009218442,-1.3804199638603631,1.1374284698424082,-1.4354503595792263,0.13312471167856718,-2.745853107750305
13121,1.7645891865954608,-0.9552142636712971,-0.7492136957058412,-0.9880647720874756,-0.8204247009218442,-1.3804199638603631,1.1374284698424082,-1.7074925771540943,0.3876361773225086,0.5398115545817392
13122,0.014635390439039907,-0.3615827770984007,0.1864310871232905,0.11779196808997809,-0.3542863484269071,0.7244172253228549,1.1374284698424082,-0.06944899075514772,0.14160842720003192,0.7041680002003072
13124,-0.02536355347310686,0.05960546552681911,1.3254725474525697,1.0494383998833123,-0.3198809180656213,0.7244172253228549,1.1374284698424082,0.032084117934184316,1.1511705742543328,1.692303780620883
13126,-0.8753411116062256,1.2468684386726134,0.8401008049328357,1.74627963341979,0.18635098673521563,0.7244172253228549,-1.3575091256947727,0.8680479341146936,1.2190402984260504,0.6071721919318009
13127,-0.14536038520954717,-0.9552142636712971,-0.8209520093674506,-0.9880647720874756,-0.8204247009218442,-1.3804199638603631,0.785201985766571,0.05051144179642936,-1.2327534872772516,-0.2143616233527985
13130,0.014635390439039907,-0.9552142636712971,-1.9239518171857377,-0.9880647720874756,-0.8204247009218442,-1.3804199638603631,1.1374284698424082,-0.0999872752913861,-1.0970140389338163,-1.714743253262797
13131,-0.6953458640015652,0.05960546552681911,0.3068135845602354,0.2541304703036368,-0.04273590051938134,0.7244172253228549,-0.8291693995810168,0.6031464283890998,-0.2995447799161332,-0.03880715033829886
13132,1.6945910347492041,-0.9552142636712971,-1.7759038639964122,-0.9880647720874756,-0.8204247009218442,-1.3804199638603631,1.1374284698424082,-1.6464305032135678,0.3282501686722556,-2.215030098646801
13133,1.8145878664856443,-0.3615827770984007,-1.4998022646538516,-0.7608339350647112,0.8679703506073949,0.7244172253228549,1.1374284698424082,-1.739899359267353,0.6845662205737736,-2.4489208935390168
13134,-0.06536249738525363,0.3863044476016779,0.7148686134551533,0.17838685796271528,0.32157317810224373,0.7244172253228549,1.0200196418171292,0.05142399933761486,0.14160842720003192,0.5942323001923792
13135,1.0446081961768192,-0.9552142636712971,1.1488185995134563,-0.9880647720874756,-0.8204247009218442,-1.3804199638603631,1.1374284698424082,-0.9985616977974231,-0.22319134022295078,3.6757983199415643
13136,-0.36535457672635435,0.6532369520997158,1.0123370266759084,0.19353558043089958,0.3156925761936896,0.7244172253228549,0.13945343162753596,0.35742497990373384,-0.08745189187951535,0.5977669547344936
13137,-0.8153426957380054,1.2468684386726134,1.2797834593240032,1.2690948756719846,0.5100337755916948,0.7244172253228549,-1.1813958836568539,0.8382177836083726,0.7269847981810972,0.649079069826385
13138,-0.7053455999796019,0.8789251688960825,0.22015586203206558,1.6629616598447763,0.06924892719790009,0.7244172253228549,-0.8585216065873364,0.6599589822454894,1.261458876033374,-0.7369009107123217
13139,-0.7653440158478221,1.074425194724936,1.5401761795293714,0.8525050077969165,0.3787314903813825,0.7244172253228549,-1.0346348486252552,0.7988873385329293,0.3112827376293262,0.8908757223020983
13140,0.1546316941315536,0.05960546552681911,-0.4311936736943463,0.9661204263082988,-0.29887570632002874,0.7244172253228549,1.1374284698424082,-0.19003314517193504,1.210556582904586,-0.9990138022557798
13141,-0.07536223336329032,0.6532369520997158,0.942648401166645,0.7540383117537186,0.00027621515309949766,0.7244172253228549,0.9906674348108093,0.08685601530183241,0.7778870913098854,0.7668478933942947
13142,-0.7353448079137119,-0.9552142636712971,-0.6865060954202606,-0.9880647720874756,-0.8204247009218442,-1.3804199638603631,-0.9465782276062956,0.5944692213014428,-1.7332927030436698,0.5657549078393991
13144,2.4045722891898094,-0.9552142636712971,-1.4915906371241787,-0.9880647720874756,-0.8204247009218442,-1.3804199638603631,1.1374284698424082,-2.299527638766833,0.9305939706962503,-2.163538687432954
13145,-0.5253503523749414,0.3863044476016779,-0.13096697741857447,1.5266231576311178,-0.22370113218773416,0.7244172253228549,-0.33018188047358055,0.4556624169619573,1.261458876033374,-1.5806526865538753
13146,-0.6653466560674551,-0.9552142636712971,-0.9192851753782609,-0.9880647720874756,-0.8204247009218442,-1.3804199638603631,-0.7411127785620575,0.5287441096970703,-1.6739066943934169,-0.0025132190580743627
13147,-0.8253424317160422,0.3863044476016779,-0.01831058653455675,-0.3139466222532744,0.9225038577945268,0.7244172253228549,-1.2107480906631736,0.7333965846257068,-1.046111745805028,-1.588106356021621
13148,-0.6353474481333451,1.7852452398084835,1.2920398732340774,1.5493462413333943,0.25223830215655374,0.7244172253228549,-0.6530561575430981,0.7393310675814493,1.1935891518616564,0.07059468244961166
13149,-0.7853434878038954,0.3863044476016779,0.6610058878380765,1.0873102060537732,-0.11420754830922845,0.7244172253228549,-1.0933392626378946,0.7123533287938629,0.5573104877518029,0.8033027514323529
13151,2.0345820580024516,-0.9552142636712971,0.4329000226186266,-0.9880647720874756,-0.8204247009218442,-1.3804199638603631,1.1374284698424082,-1.9401028499174893,0.6166964964020558,0.942449880552442
13153,-0.8653413756281889,-0.9552142636712971,-0.3220143582280308,-0.9880647720874756,-0.8204247009218442,-1.3804199638603631,-1.3281569186884528,0.7170861909070502,-1.843581004822711,1.0982047638030186
13155,-0.5953485042211982,0.3863044476016779,0.22785335386352934,1.5493462413333943,-0.22687158594056248,0.7244172253228549,-0.5356473295178191,0.5258940994521641,1.23600772946898,-0.23840111329371552
13157,-0.4353527285726112,0.3863044476016779,0.6913199576098239,0.8903768139673772,-0.05079868360118282,0.7244172253228549,-0.06601201741670262,0.39119983765993166,0.6336639274449853,0.9325227670762117
13158,0.0246351264170766,0.3863044476016779,0.3961761942986291,0.7085921443491656,0.02203576710883975,0.7244172253228549,1.1374284698424082,-0.041140668653431356,0.8118219533957443,0.26288950991657967
13159,-0.8353421676940789,0.3863044476016779,0.5391718679448866,-0.18518248127370787,0.702066452247264,0.7244172253228549,-1.2401002976694935,0.75448208806468,-0.9103722974615925,0.5942323001923792
13160,-0.7053455999796019,-0.9552142636712971,-1.640788051581457,-0.9880647720874756,-0.8204247009218442,-1.3804199638603631,-0.8585216065873364,0.5633229706235586,-1.7078415564792757,-1.1097927529919047
13161,2.2045775696290755,-0.9552142636712971,-1.4789054928902825,-0.9880647720874756,-0.8204247009218442,-1.3804199638603631,1.1374284698424082,-2.11537182210655,0.760919660266956,-1.8202388253126285
13162,0.2946279978240673,0.3863044476016779,0.6667843777031868,0.6176998095400599,0.0621794255712995,0.7244172253228549,1.1374284698424082,-0.2817284533415769,0.9475614017391797,1.1249561366649423
13165,-0.4653519365067213,-0.3615827770984007,0.26749677737091143,1.3221154043106298,-0.5864074991009424,0.7244172253228549,-0.15406863843566193,0.3740776767218992,1.0833008500826151,1.6487269621321934
13166,1.9045854902879746,-0.9552142636712971,-0.44349679070977865,-0.9880647720874756,-0.8204247009218442,-1.3804199638603631,1.1374284698424082,-1.8341942384496492,0.5064081946230146,0.36991636982861664
13167,-0.7353448079137119,0.3863044476016779,0.06469597366909162,-0.04126961782595703,0.5323241468327845,0.7244172253228549,-0.9465782276062956,0.6518263701827571,-0.6728282628605806,0.2642932713389648
13168,-0.5653492962870882,0.3863044476016779,0.47072405374319326,1.140330734692418,-0.12952156724608394,0.7244172253228549,-0.4475907084988595,0.5039674283891904,0.8033382378742796,0.10945527046335439
13169,-0.28535668890206084,-0.3615827770984007,-0.018221460544427547,0.4359151399218483,-0.4529446866488054,0.7244172253228549,0.3742710876780942,0.20330789497226892,0.24341301345760846,-0.1391493641385155
13170,-0.6553469200894184,-0.9552142636712971,-1.4564340365103474,-0.9880647720874756,-0.8204247009218442,-1.3804199638603631,-0.7117605715557376,0.5176880448088285,-1.6654229788719521,-0.053664631579894
13171,-0.7053455999796019,0.05960546552681911,-0.3516296055138502,1.1100332897560496,-0.3329660846204898,0.7244172253228549,-0.8585216065873364,0.60244225363456,0.64214764296645,-0.7721170008929297
13173,-0.8853408475842623,-0.3615827770984007,-0.5745800711498587,1.7614283558879744,-0.6223560753310635,0.7244172253228549,-1.3868613327010924,0.7498012631451402,1.2190402984260504,-0.11913316347122463
13174,-0.7653440158478221,0.05960546552681911,1.0737483043335423,1.6781103823129606,-0.428862143103541,0.7244172253228549,-1.0346348486252552,0.6961598375972766,1.23600772946898,1.2158808778890458
13176,-0.4653519365067213,-0.9552142636712971,-0.3112815277959112,-0.9880647720874756,-0.8204247009218442,-1.3804199638603631,-0.15406863843566193,0.3489420016148901,-1.5042323839641225,1.1870044819547518
13177,-0.2753569529240241,-0.9552142636712971,-0.7527968871934375,-0.9880647720874756,-0.8204247009218442,-1.3804199638603631,0.4036232946844138,0.17057497188863197,-1.343041789056293,-0.5798948302215583
13178,-0.6653466560674551,1.6680566812978321,1.6376442826697228,1.541771880099302,0.7782267352198566,0.7244172253228549,-0.7411127785620575,0.7835441129207442,1.1681380052972623,0.818866361805797
13182,-0.47535167248475796,-0.9552142636712971,-1.4220497175608455,-0.9880647720874756,-0.8204247009218442,-1.3804199638603631,-0.1834208454419816,0.3520590568745407,-1.5127160994855873,0.2906319579677071
13183,-0.8453419036721156,1.4011241767997944,1.3440592687060715,1.4811769902265648,0.5524656625329677,0.7244172253228549,-1.2694525046758134,0.8873471296436832,0.9475614017391797,0.5102539709359871
13184,-0.7753437518258587,1.5406654655354899,0.6728809912874011,1.0948845672878653,0.7403074094754496,0.7244172253228549,-1.063987055631575,0.8024071439591921,0.5657942032732676,0.10103307323960779
13185,1.7545894506174242,-0.9552142636712971,-1.8382064472358635,-0.9880647720874756,-0.8204247009218442,-1.3804199638603631,1.1374284698424082,-1.701765066214808,0.3791524618010439,-2.745853107750305
13186,-0.5253503523749414,0.05960546552681911,0.6120269572111524,-0.3139466222532744,0.4649407791826658,0.7244172253228549,-0.33018188047358055,0.4548734640321452,-0.8000839956825513,0.6294172316623333
13187,2.444571233101956,-0.9552142636712971,-0.8950639200494505,-0.9880647720874756,-0.8204247009218442,-1.3804199638603631,1.1374284698424082,-2.334303762521305,0.9645288327821091,-0.5327870514035039
13188,-0.8153426957380054,-0.9552142636712971,-1.4660754632679012,-0.9880647720874756,-0.8204247009218442,-1.3804199638603631,-1.1813958836568539,0.6649660038629884,-1.8011624272153874,-1.9786322455294412
13189,-0.7353448079137119,-0.3615827770984007,-0.8163496796666034,-0.2609260936146293,-0.14825585158074672,0.7244172253228549,-0.9465782276062956,0.610183302618371,-0.9188560129830573,1.1061015801747573
13192,0.0246351264170766,-0.3615827770984007,0.17737969238833975,-0.1624593975714314,-0.21888112266041226,0.7244172253228549,1.1374284698424082,-0.07882651937038088,-0.15532161605123307,0.7228655011018881
13193,-0.31535589683617093,-0.9552142636712971,-1.4438248685493569,-0.9880647720874756,-0.8204247009218442,-1.3804199638603631,0.28621446665913486,0.20470392938850288,-1.3769766511421517,-1.2329045971479955
13194,0.43462430151658094,-0.9552142636712971,-1.965388102577236,-0.9880647720874756,-0.8204247009218442,-1.3804199638603631,1.1374284698424082,-0.4867066259791907,-0.7406979870322983,-1.9368587697257784
13196,-0.8153426957380054,0.3863044476016779,0.7167276760590707,0.9055255364355616,-0.28578489873554486,0.7244172253228549,-1.1813958836568539,0.7419665327263548,0.3282501686722556,0.7539438721166178
13198,-0.8253424317160422,0.8789251688960825,1.2235742023038847,1.6705360210788684,0.0671160889711396,0.7244172253228549,-1.2107480906631736,0.8103927882031307,1.1766217208187268,1.1581889456016723
13199,-0.8853408475842623,3.393696455579496,2.0663991462368863,1.7614283558879744,2.4054096092027013,0.7244172253228549,-1.3868613327010924,1.4979309228827384,1.2190402984260504,0.05675812744497032
13200,-0.7353448079137119,0.3863044476016779,0.14006170224016773,-0.1776081200396157,0.702066452247264,0.7244172253228549,-0.9465782276062956,0.653116770542563,-0.8255351422469455,-0.19720057055511253
13203,-0.8253424317160422,0.3863044476016779,0.13948632871247205,0.7691870342219028,-0.005734038317163346,0.7244172253228549,-1.2107480906631736,0.7359632951433207,0.15857585824296133,0.2851388165038507
13207,-0.7753437518258587,-0.3615827770984007,-0.8486648283149878,0.03447399451496445,-0.3198809180656213,0.7244172253228549,-1.063987055631575,0.6468378469067668,-0.6134422542103276,-0.9475223910419335
13208,-0.3353553687922443,0.8789251688960825,0.4111451519093009,0.9055255364355616,0.34820139284423907,0.7244172253228549,0.22751005264649524,0.32360984828139544,0.7269847981810972,-0.1554270947514491
13209,-0.6253477121553084,1.2468684386726134,1.6603888312162842,1.5190487963970256,0.11183740727979859,0.7244172253228549,-0.6237039505367783,0.700017496112916,1.1766217208187268,1.3637935348577679
13210,0.014635390439039907,-0.9552142636712971,-0.5749613724856776,-0.9880647720874756,-0.8204247009218442,-1.3804199638603631,1.1374284698424082,-0.09524444776273223,-1.0970140389338163,0.7894233754279658
13211,-0.8253424317160422,0.05960546552681911,0.3937643521505619,1.6629616598447763,-0.4267981772802938,0.7244172253228549,-1.2107480906631736,0.7248621165854522,1.1681380052972623,0.6997594253069147
13212,-0.7253450719356752,0.05960546552681911,0.061427200778676666,-0.6775159614896975,0.5240234597907494,0.7244172253228549,-0.9172260205999759,0.6260923453431803,-1.3769766511421517,-0.44064854771901274
13213,-0.3553548407483177,0.6532369520997158,0.5836315726830943,0.08749452315360949,0.39730359030548107,0.7244172253228549,0.16880563863385561,0.3304088121396885,-0.19774019365855663,0.6240244525017367
13216,1.7545894506174242,-0.9552142636712971,-0.6205286757395417,-0.9880647720874756,-0.8204247009218442,-1.3804199638603631,1.1374284698424082,-1.6974668992469109,0.3791524618010439,0.721009900108716
13217,0.2946279978240673,0.05960546552681911,-0.24764568722298175,-0.7305364901283425,1.7161694892255979,0.7244172253228549,1.1374284698424082,-0.3171150780819031,-0.5625399610815394,-0.6249122104330366
13218,0.3446266777142507,-0.9552142636712971,-1.9407678797286034,-0.9880647720874756,-0.8204247009218442,-1.3804199638603631,1.1374284698424082,-0.40381799461199464,-0.8170514267254807,-0.6165898724803326
13220,-0.14536038520954717,0.3863044476016779,0.09227595102599105,0.20868430289908388,0.3041142443063693,0.7244172253228549,0.785201985766571,0.10911180524480994,0.11615728063563777,-1.2548234467293211
13221,1.4745968432323968,-0.3615827770984007,0.1190814206464001,-0.08671578523050993,-0.25963698376611755,0.7244172253228549,1.1374284698424082,-1.41479963620267,1.1511705742543328,-0.2584656941316199
13223,1.0746074041109293,-0.3615827770984007,-1.1869756362246626,-0.753259573830619,0.8293373508616512,0.7244172253228549,1.1374284698424082,-1.057757051529622,0.0737387030283142,-1.3714433911424704
13224,-0.3253556328142076,-0.3615827770984007,0.8611382149014782,-0.2987978997850901,-0.10970577992671149,0.7244172253228549,0.2568622596528149,0.2637763551948326,-0.6134422542103276,1.7572852122539935
13225,-0.8953405835622991,1.074425194724936,1.7340939623244254,1.7235565497175136,0.19558953610914012,0.7244172253228549,-1.416213539707412,0.9414889659201667,1.1766217208187268,1.2692061882080812
13226,1.8045881305076077,-0.9552142636712971,-1.5112972261303086,-0.9880647720874756,-0.8204247009218442,-1.3804199638603631,1.1374284698424082,-1.7471935541862988,0.42157103940836743,-0.7208424733347566
13227,1.0946068760670027,-0.9552142636712971,-0.8254581546643449,-0.9880647720874756,-0.8204247009218442,-1.3804199638603631,1.1374284698424082,-1.0910958609655004,-0.1807727626156272,-0.487602584508457
13228,-0.11536117727543709,-0.9552142636712971,-0.5648849191717087,-0.9880647720874756,-0.8204247009218442,-1.3804199638603631,0.8732586067855304,0.02451171931842408,-1.2073023407128576,0.2851388165038507
13229,1.3346005395398832,-0.9552142636712971,-1.197948431609765,-0.9880647720874756,-0.8204247009218442,-1.3804199638603631,1.1374284698424082,-1.3136325993381601,0.022836409899525918,-0.9815824855736611
13230,-0.8853408475842623,1.9947556633726906,1.0709042101670732,1.738705272185698,0.9050726695253365,0.7244172253228549,-1.3868613327010924,0.9876898780938307,1.2020728673831211,-0.28645614568536565
13232,-0.7953432237819321,1.074425194724936,0.49353171002577784,0.7540383117537186,0.6167610609765756,0.7244172253228549,-1.1226914696442145,0.7657653926213316,0.16705957376442604,-0.360752027246699
13233,-0.18535932912169392,-0.3615827770984007,-0.14835717165949122,0.9888435100105751,-0.5500135168343773,0.7244172253228549,0.6677931577412918,0.10947919712398374,0.9560451172606445,1.3004504406192507
13235,1.1946042358473694,-0.9552142636712971,0.2749209883017311,-0.9880647720874756,-0.8204247009218442,-1.3804199638603631,1.1374284698424082,-1.1704881638285596,-0.09593560740098007,1.1573545198303843
13236,-0.6753463920454919,-0.3615827770984007,0.016619074181036968,-0.36696715089191945,-0.04273590051938134,0.7244172253228549,-0.7704649855683771,0.5628780248422484,-0.986725737154775,0.3283390598620982
13238,-0.7553442798697854,0.3863044476016779,-0.031873218397140635,1.6099411312061314,-0.23922202200370163,0.7244172253228549,-1.0052826416189355,0.6687546163401117,1.1596542897757975,-0.7986733959111346
13239,1.6945910347492041,-0.9552142636712971,-0.630521994230231,-0.9880647720874756,-0.8204247009218442,-1.3804199638603631,1.1374284698424082,-1.6422974865202618,0.3282501686722556,0.8271805961399501
13240,0.03463486239511329,0.3863044476016779,-0.07504700386442711,1.0494383998833123,-0.10052663195234271,0.7244172253228549,1.1374284698424082,-0.05915188662371345,1.210556582904586,-0.7986733959111346
13242,0.19463063804370034,0.05960546552681911,-0.7873450537855743,-0.2230542874441686,-0.17170103856179034,0.7244172253228549,1.1374284698424082,-0.22937039838509918,-0.07896817635805065,-1.3879640819129275
13243,1.1046066120450393,-0.9552142636712971,-0.15501087659930216,-0.9880647720874756,-0.8204247009218442,-1.3804199638603631,1.1374284698424082,-1.0946928022909046,-0.17228904709416248,0.45340034725260175
13244,0.004635654461003215,-0.9552142636712971,-1.4184129981979794,-0.9880647720874756,-0.8204247009218442,-1.3804199638603631,1.1374284698424082,-0.0898349494057711,-1.1054977544552809,-1.5298368113592835
13245,-0.4153532566165378,-0.9552142636712971,-0.418598659565157,-0.9880647720874756,-0.8204247009218442,-1.3804199638603631,-0.007307603404062988,0.30188904442457287,-1.461813806356799,-0.2317929400349163
13246,-0.7453445438917486,0.8789251688960825,0.7963910626754962,1.3751359329492747,0.1587632144229677,0.7244172253228549,-0.9759304346126154,0.7135763275054248,0.9051428241318561,0.6035642445545562
13247,-0.7453445438917486,0.3863044476016779,-0.29805811054422704,-0.5033056531055781,1.3472634629758569,0.7244172253228549,-0.9759304346126154,0.6562778986433511,-1.190334909669928,-0.6938444096888514
13248,0.32462720575817733,-0.3615827770984007,-0.3562682546952393,-0.5033056531055781,0.12615681346113924,0.7244172253228549,1.1374284698424082,-0.36232751180107686,-0.2910610643946685,-0.013276990104245746
13249,-0.0053640815170334765,0.05960546552681911,-0.019860747213045402,0.2844279152400054,-0.06258181877592846,0.7244172253228549,1.1374284698424082,-0.03801858449233048,0.3197664531507909,0.18129405122264516
13253,0.6446187570553514,-0.3615827770984007,0.27440454587338137,0.39046897251729545,-0.4417667420889711,0.7244172253228549,1.1374284698424082,-0.6476772851382543,0.9814962638250385,1.795925690381256
13255,-0.8353421676940789,-0.3615827770984007,-0.4778692489988365,1.7690027171220666,-0.6228792310523168,0.7244172253228549,-1.2401002976694935,0.704521049973756,1.2784263070763036,-0.6103889277849218
13258,-0.8053429597599688,0.05960546552681911,-0.03431355556906374,0.4737869460923091,-0.14825585158074672,0.7244172253228549,-1.1520436766505342,0.6982765115138733,-0.15532161605123307,-0.5251270503603267
13259,-0.3053561608581342,-0.9552142636712971,-0.7255760082822887,-0.9880647720874756,-0.8204247009218442,-1.3804199638603631,0.31556667366545454,0.1983556303634764,-1.3684929356206872,-0.17194778552190632
13260,-0.31535589683617093,-0.9552142636712971,-0.21325808566836363,-0.9880647720874756,-0.8204247009218442,-1.3804199638603631,0.28621446665913486,0.2119086101175696,-1.3769766511421517,-0.09170499850528059
13261,1.7645891865954608,-0.3615827770984007,0.20491244368410072,-0.8593006311079091,1.7161694892255979,0.7244172253228549,1.1374284698424082,-1.6801986435478808,0.5318593411874087,-0.4231067267954814
13262,1.7045907707272407,-0.9552142636712971,-1.025009542837601,-0.9880647720874756,-0.8204247009218442,-1.3804199638603631,1.1374284698424082,-1.6536217567651574,0.3367338841937203,-0.2317929400349163
13263,-0.9153400555183724,3.276507897068845,1.8474328932643733,1.4584539065242883,2.6142809359278183,0.7244172253228549,-1.4749179537200516,1.4374103828119809,0.8627242465245325,-0.1345422160376456
13265,-0.39535378466046445,0.6532369520997158,0.8431312768948056,0.6782946994127971,0.2654127385271785,0.7244172253228549,0.05139681060857664,0.3768527700261585,0.43005475492983214,0.9034564486811256
13266,-0.8153426957380054,1.7852452398084835,1.3188502307903203,0.8676537302651008,1.3075383368829712,0.7244172253228549,-1.1813958836568539,0.9071278167093112,0.28583159106493206,0.9605461811735716
13267,-0.8953405835622991,2.41594390599791,1.4499312038629104,1.7690027171220666,0.9960600277420028,0.7244172253228549,-1.416213539707412,1.1073591178217461,1.2190402984260504,-0.43748899264535757
13268,-0.7453445438917486,1.6680566812978321,1.178727201011623,0.8979511752014694,1.0063601971790568,0.7244172253228549,-0.9759304346126154,0.8160581345613196,0.3706687462795792,0.8457378013762475
13269,-0.9153400555183724,2.0892449239230517,1.5831518101533804,1.799300162058435,0.8812688759099687,0.7244172253228549,-1.4749179537200516,1.073386411267898,1.2444914449904447,0.4593757698996747
13270,2.73456357646502,-0.9552142636712971,-0.1684472881801777,-0.9880647720874756,-0.8204247009218442,-1.3804199638603631,1.1374284698424082,-2.5954873418754736,1.210556582904586,0.2851388165038507
13271,-0.5553495603090515,-0.9552142636712971,-0.9602028838393145,-0.9880647720874756,-0.8204247009218442,-1.3804199638603631,-0.4182385014925398,0.42728572363964945,-1.580585823657305,0.5441778944971072
13272,-0.6153479761772717,-0.3615827770984007,-0.7694964809260411,-0.5487518205101309,0.21945609078396586,0.7244172253228549,-0.5943517435304586,0.49996768451278467,-1.1309489010196752,-1.2771851311768028
13273,0.20463037402173703,-0.9552142636712971,-1.3138895024975896,-0.9880647720874756,-0.8204247009218442,-1.3804199638603631,1.1374284698424082,-0.2736788155473817,-0.9358234440259867,-0.009677423571934109
13276,-0.28535668890206084,-0.3615827770984007,-0.1671968297814057,-0.7153877676601582,0.6914926587352195,0.7244172253228549,0.3742710876780942,0.20130987156091237,-1.046111745805028,-0.7140309704038043
13277,-0.7653440158478221,0.3863044476016779,-0.823309186569009,-0.10186450769869422,0.5935085699791393,0.7244172253228549,-1.0346348486252552,0.6707138174424798,-0.7576654180752277,-1.3714433911424704
13278,-0.5153506163969047,-0.9552142636712971,-0.23474365478685338,-0.9880647720874756,-0.8204247009218442,-1.3804199638603631,-0.30082967346726086,0.3957909785553404,-1.546650961571446,1.3749075165059619
13279,-0.14536038520954717,-0.9552142636712971,-1.3209084092301682,-0.9880647720874756,-0.8204247009218442,-1.3804199638603631,0.785201985766571,0.0485221018816552,-1.2327534872772516,-0.8208854938007576
13280,0.2946279978240673,0.05960546552681911,0.08796942648311205,0.6328485320082442,-0.20648165642656044,0.7244172253228549,1.1374284698424082,-0.31251315257323825,0.9645288327821091,0.131816954910836
13282,-0.7453445438917486,0.05960546552681911,0.3492200328249521,0.5419561971991385,-0.17170103856179034,0.7244172253228549,-0.9759304346126154,0.6501420417340723,-0.019582167707797648,-0.45130865322823255
13283,-0.3253556328142076,-0.3615827770984007,-1.6250059861430763,-0.04126961782595703,-0.28769525660959294,0.7244172253228549,0.2568622596528149,0.22998788696190728,-0.3165122109590626,-1.347115692442422
13284,2.3845728172337357,-0.9552142636712971,-1.0214616828432772,-0.9880647720874756,-0.8204247009218442,-1.3804199638603631,1.1374284698424082,-2.2796365180403146,0.9136265396533209,-0.5798948302215583
13285,-0.6953458640015652,0.3863044476016779,1.0426968247289146,1.0267153161810358,-0.09584693797306118,0.7244172253228549,-0.8291693995810168,0.6464220916927875,0.5657942032732676,1.3238568827851083
13291,0.6346190210773148,-0.9552142636712971,-0.5580251923754638,-0.9880647720874756,-0.8204247009218442,-1.3804199638603631,1.1374284698424082,-0.6659110473533242,-0.571023676603004,0.45340034725260175
13292,-0.5353500883529781,-0.3615827770984007,-0.18347104884735,0.8676537302651008,-0.5334010401498551,0.7244172253228549,-0.35953408747990034,0.43127133485549435,0.5148919101444793,0.12864995494425624
13294,0.9746100443305623,-0.3615827770984007,0.14338704794104384,-0.5411774592760389,0.19094887587899637,0.7244172253228549,1.1374284698424082,-0.9540524327965711,0.22644558241467905,0.4222189688641805
13295,2.6745651605967997,-0.9552142636712971,-1.0214223509503397,-0.9880647720874756,-0.8204247009218442,-1.3804199638603631,1.1374284698424082,-2.546619526233496,1.1596542897757975,-0.6938444096888514
13296,0.44462403749461765,-0.9552142636712971,-1.6794180882414917,-0.9880647720874756,-0.8204247009218442,-1.3804199638603631,1.1374284698424082,-0.49547549063598356,-0.7322142715108336,-0.7485155580311258
13297,-0.8453419036721156,0.3863044476016779,0.8363857922308544,-0.5411774592760389,0.9085298483937003,0.7244172253228549,-1.2694525046758134,0.7743707435315365,-1.3260743580133636,0.48946537444077004
13298,-0.9153400555183724,-0.9552142636712971,-0.560466734424226,-0.9880647720874756,-0.8204247009218442,-1.3804199638603631,-1.4749179537200516,0.76104978938933,-1.8859995824300346,-0.5213168375334848
13299,1.7545894506174242,-0.9552142636712971,-1.2941385603388214,-0.9880647720874756,-0.8204247009218442,-1.3804199638603631,1.1374284698424082,-1.7006001669565272,0.3791524618010439,-1.7839448940324036
13300,0.7646155887917918,-0.9552142636712971,-0.5346955639921886,-0.9880647720874756,-0.8204247009218442,-1.3804199638603631,1.1374284698424082,-0.785416539910547,-0.46073537482396276,0.3015371272937313
13301,0.11463275021940682,0.3863044476016779,-0.13151915547889298,0.4359151399218483,0.1510383579725636,0.7244172253228549,1.1374284698424082,-0.13354886986646688,0.582761634316197,-0.6385709072766074
13302,0.6246192850992781,-0.9552142636712971,-1.9270164499149636,-0.9880647720874756,-0.8204247009218442,-1.3804199638603631,1.1374284698424082,-0.661576664176791,-0.5795073921244688,-3.6016705002869576
13304,2.584567536794469,-0.9552142636712971,-0.7039124405932748,-0.9880647720874756,-0.8204247009218442,-1.3804199638603631,1.1374284698424082,-2.4621370636448425,1.0833008500826151,0.4768021858123491
13305,-0.8853408475842623,1.5406654655354899,0.8017963191611014,1.799300162058435,0.5521070051992916,0.7244172253228549,-1.3868613327010924,0.908584764648896,1.2699425915548388,-0.24771934046455035
13307,0.2746285258679939,-0.9552142636712971,-3.0387618430761014,-0.9880647720874756,-0.8204247009218442,-1.3804199638603631,1.1374284698424082,-0.34015431232797355,-0.8764374353757337,-3.8034759839245136
13308,-0.6953458640015652,0.05960546552681911,0.5097035824125671,0.3753202500491111,-0.10629135045457624,0.7244172253228549,-0.8291693995810168,0.6082616632333753,-0.17228904709416248,0.6599259477795555
13309,-0.8553416396501522,0.6532369520997158,0.549571953121176,1.2918179593742611,0.01648741273199477,0.7244172253228549,-1.298804711682133,0.7896794934479476,0.7269847981810972,0.7639933057819496
13310,-0.6453471841113817,0.05960546552681911,0.3491428278199717,1.2539461532038003,-0.36003857056462324,0.7244172253228549,-0.6824083645494178,0.5580770767290228,0.8542405310030678,0.2610150543742901
13311,-0.8853408475842623,-0.3615827770984007,-0.15699799585948726,0.11021760685588594,-0.3542863484269071,0.7244172253228549,-1.3868613327010924,0.7538140216027815,-0.6219259697317923,-0.013276990104245746
13313,-0.7053455999796019,0.6532369520997158,0.6015846543945169,1.4130077391197355,-0.01965864177081956,0.7244172253228549,-0.8585216065873364,0.6531990604593056,0.9899799793465033,0.10751736672959263
13314,-0.9053403195403357,0.05960546552681911,0.0490968526543409,-0.4427107632328409,0.6914926587352195,0.7244172253228549,-1.4455657467137322,0.7916071371054524,-1.2666883493631105,0.2091662438246959
13316,-0.5553495603090515,0.3863044476016779,1.6719275383911976,0.6555716157105206,0.04499245577688402,0.7244172253228549,-0.4182385014925398,0.5710864256237885,0.2603804445005379,2.6728534134347623
13317,-0.26535721694598746,0.8789251688960825,0.9034022642073918,1.2236487082674319,-0.1502745364309156,0.7244172253228549,0.4329755016907335,0.2763651834754908,1.1511705742543328,0.12228864011778515
13318,-0.9153400555183724,0.05960546552681911,-0.10291822522009653,-0.7153877676601582,1.6261108209084045,0.7244172253228549,-1.4749179537200516,0.7985986702356863,-1.580585823657305,-0.4620724242744029
13319,-0.8753411116062256,2.8553196544436252,2.145621995635465,1.738705272185698,1.2930362369966513,0.7244172253228549,-1.3575091256947727,1.3078808298078461,1.210556582904586,0.17943142439152285
13320,-0.14536038520954717,0.3863044476016779,0.5981946547319047,0.03447399451496445,0.09681113199335831,0.7244172253228549,0.785201985766571,0.12106242645413562,-0.07896817635805065,0.6321038002948405
13321,-0.2053588010777673,-0.3615827770984007,-0.19951137420320245,-0.8820237148101855,2.0359408194478132,0.7244172253228549,0.6090887437286524,0.1272731715064794,-1.164883763105534,0.20522721570600805
13322,-0.7553442798697854,-0.9552142636712971,-1.0282162061132105,-0.9880647720874756,-0.8204247009218442,-1.3804199638603631,-1.0052826416189355,0.6111187763704228,-1.750260134086599,-0.3044003242090173
13323,-0.8953405835622991,0.6532369520997158,0.06119536238358299,-0.37454151212601156,1.446583423124815,0.7244172253228549,-1.416213539707412,0.8155448751545794,-1.1818511941484633,-1.618433341675073
13324,-0.5653492962870882,1.5406654655354899,1.8111904975754896,1.4660282677583805,0.12858677386200534,0.7244172253228549,-0.4475907084988595,0.6978863560579283,1.1681380052972623,1.340429439528009
13325,-0.1053614412974004,-0.9552142636712971,-0.06122822956449526,-0.9880647720874756,-0.8204247009218442,-1.3804199638603631,0.9026108137918503,0.020504032220794832,-1.1988186251913928,0.48602612030178444
13327,-0.5353500883529781,1.2468684386726134,1.2748371535415595,1.4811769902265648,0.2734763904448774,0.7244172253228549,-0.35953408747990034,0.5800699950930263,1.2020728673831211,0.2851388165038507
13328,2.2345767775631855,-0.9552142636712971,0.46424612933201315,-0.9880647720874756,-0.8204247009218442,-1.3804199638603631,1.1374284698424082,-2.1233999834536297,0.7863708068313501,1.635799916124909
13329,-0.6053482401992349,-0.3615827770984007,0.06235387909154826,1.5493462413333943,-0.6064918727769693,0.7244172253228549,-0.5649995365241388,0.49915716255244136,1.2190402984260504,0.4462822151120838
13330,0.004635654461003215,0.05960546552681911,0.3553653107386076,0.7010177831150736,-0.22608215007969926,0.7244172253228549,1.1374284698424082,-0.04018766406865986,0.7863708068313501,0.5324958258138814
13332,-0.7853434878038954,-0.9552142636712971,-0.5807707352743439,-0.9880647720874756,-0.8204247009218442,-1.3804199638603631,-1.0933392626378946,0.6412185837905517,-1.7757112806509934,0.16299833329925628
13334,-0.1053614412974004,0.05960546552681911,1.2546507608701165,0.7010177831150736,-0.22608215007969926,0.7244172253228549,0.9026108137918503,0.10033597087027725,0.701533651616703,1.4814001526774372
13336,-0.15536012118758386,-0.9552142636712971,0.0684909733254159,-0.9880647720874756,-0.8204247009218442,-1.3804199638603631,0.7558497787602511,0.06849873919122595,-1.2412372027987164,1.4192687288199601
13338,0.6546184930333881,-0.9552142636712971,-0.3207096186562843,-0.9880647720874756,-0.8204247009218442,-1.3804199638603631,1.1374284698424082,-0.6822607760309319,-0.5540562455600746,0.5571745103501964
13339,1.0846071400889659,-0.9552142636712971,0.13090699061649608,-0.9880647720874756,-0.8204247009218442,-1.3804199638603631,1.1374284698424082,-1.0720195220278357,-0.18925647813709193,0.8238008508172651
13340,-0.47535167248475796,1.074425194724936,2.1375844818711838,0.7616126729878108,0.22313453733502475,0.7244172253228549,-0.1834208454419816,0.6248264272500224,0.4555059014942263,1.8485033604477217
13341,1.6845912987711673,-0.9552142636712971,0.049004723848134014,-0.9880647720874756,-0.8204247009218442,-1.3804199638603631,1.1374284698424082,-1.6257791746036305,0.3197664531507909,0.7357683285305926
13343,0.854613212594122,-0.9552142636712971,-0.5750735547387714,-0.9880647720874756,-0.8204247009218442,-1.3804199638603631,1.1374284698424082,-0.8685758342277682,-0.38438193513078034,-0.14725830687642594
13344,-0.24535774498991408,0.05960546552681911,0.9926167754814518,0.5949767258377835,-0.48735011701009145,0.7244172253228549,0.49167991570337316,0.2129534922305805,0.463989617015691,0.8158744127162371
13345,1.954584170178158,-0.9552142636712971,-0.4979981722447368,-0.9880647720874756,-0.8204247009218442,-1.3804199638603631,1.1374284698424082,-1.8806796554106162,0.5488267722303382,-0.09947250921132522
13347,-0.22535827303384068,-0.9552142636712971,-0.6026281515518108,-0.9880647720874756,-0.8204247009218442,-1.3804199638603631,0.5503843297160128,0.1255085693406023,-1.3006232114489693,0.31233590302778813
13348,-0.28535668890206084,-0.9552142636712971,-0.9026832624579851,-0.9880647720874756,-0.8204247009218442,-1.3804199638603631,0.3742710876780942,0.1789835533571041,-1.3515255045777577,-0.1391493641385155
13349,-0.8153426957380054,-0.9552142636712971,-0.8580251884042907,-0.9880647720874756,-0.8204247009218442,-1.3804199638603631,-1.1813958836568539,0.6671404824784471,-1.8011624272153874,0.41489678736679564
13350,-0.7653440158478221,-0.3615827770984007,0.2338478069908643,-0.5108800143396702,0.1510383579725636,0.7244172253228549,-1.0346348486252552,0.6495731406634042,-1.2242697717557869,-0.08015499040005432
13351,-0.26535721694598746,-0.9552142636712971,-0.5303354552447231,-0.9880647720874756,-0.8204247009218442,-1.3804199638603631,0.4329755016907335,0.16286762372894273,-1.3345580735348281,-0.3044003242090173
13352,-0.3253556328142076,-0.9552142636712971,-0.48091310554563993,-0.9880647720874756,-0.8204247009218442,-1.3804199638603631,0.2568622596528149,0.21849939168862545,-1.3854603666636165,0.8067455714185984
13354,-0.215358537055804,-0.9552142636712971,0.015210361945926827,-0.9880647720874756,-0.8204247009218442,-1.3804199638603631,0.5797365367223325,0.12289138857279511,-1.2921394959275048,1.504820234565536
13355,0.2946279978240673,-0.9552142636712971,-0.061934091630733566,-0.9880647720874756,-0.8204247009218442,-1.3804199638603631,1.1374284698424082,-0.3477584492323323,-0.8594700043328043,0.7824178727185493
13356,-0.1253609132534738,-0.9552142636712971,0.04117586165263085,-0.9880647720874756,-0.8204247009218442,-1.3804199638603631,0.8439063997792103,0.0404393896280076,-1.2157860562343223,0.820410754037923
13357,1.6445923548590207,-0.9552142636712971,-0.14204499552276814,-0.9880647720874756,-0.8204247009218442,-1.3804199638603631,1.1374284698424082,-1.59167200776499,0.28583159106493206,0.8101777159768995
13358,1.7645891865954608,-0.9552142636712971,-0.4030309108131447,-0.9880647720874756,-0.8204247009218442,-1.3804199638603631,1.1374284698424082,-1.704948148816385,0.3876361773225086,0.675515863715583
13359,-0.28535668890206084,-0.9552142636712971,-0.40207361220264254,-0.9880647720874756,-0.8204247009218442,-1.3804199638603631,0.3742710876780942,0.18235537146335337,-1.3515255045777577,0.04637838888610602
13362,-0.8353421676940789,0.3863044476016779,1.1474667483880023,1.1176076509901416,-0.12085358393430568,0.7244172253228549,-1.2401002976694935,0.7815629647878963,0.5488267722303382,0.8879134447683813
13363,-0.7453445438917486,-0.3615827770984007,0.24463092815904083,-0.7911313800010797,1.0933813765961526,0.7244172253228549,-0.9759304346126154,0.6313797254381956,-1.521199815007052,0.9178518519613945
13364,-0.215358537055804,-0.9552142636712971,-1.3370627754077957,-0.9880647720874756,-0.8204247009218442,-1.3804199638603631,0.5797365367223325,0.11292060458387462,-1.2921394959275048,-0.8512124794542093
13365,-0.5853487682431616,-0.3615827770984007,0.8863302354571614,0.4056176949854797,-0.4436768073896119,0.7244172253228549,-0.5062951225114992,0.5042779526091151,-0.04503331427219179,1.5399331940258663
13366,-0.42535299259457454,-0.9552142636712971,-2.02617034536374,-0.9880647720874756,-0.8204247009218442,-1.3804199638603631,-0.03665981041038266,0.3049621906826467,-1.4702975218782637,-0.07633161619016947
13368,1.6445923548590207,-0.3615827770984007,-0.12472711728222442,-0.3821158733601037,-0.0345009833196519,0.7244172253228549,1.1374284698424082,-1.5749771828531143,0.9730125483035739,0.06332919080782677
13369,2.73456357646502,-0.9552142636712971,-0.683440271324954,-0.9880647720874756,-0.8204247009218442,-1.3804199638603631,1.1374284698424082,-2.600103029907021,1.210556582904586,-0.03880715033829886
13370,2.79456199233324,-0.9552142636712971,0.027231885854497713,-0.9880647720874756,-0.8204247009218442,-1.3804199638603631,1.1374284698424082,-2.648024016742583,1.261458876033374,0.8798984515049735
13372,-0.02536355347310686,-0.9552142636712971,-0.520428426114523,-0.9880647720874756,-0.8204247009218442,-1.3804199638603631,1.1374284698424082,-0.05800696232652154,-1.1309489010196752,0.032628327179803525
13373,-0.31535589683617093,0.05960546552681911,1.2024959703862637,0.6404228932423364,-0.20900247943466296,0.7244172253228549,0.28621446665913486,0.2899892677302341,0.4470221859727616,1.402004726133051
13375,-0.03536328945114355,-0.9552142636712971,0.05186596610631609,-0.9880647720874756,-0.8204247009218442,-1.3804199638603631,1.1080762628360883,-0.04224689988490167,-1.13943261654114,1.1598559123823953
13376,0.06463407032922336,0.05960546552681911,0.2661578580048731,0.03447399451496445,0.09681113199335831,0.7244172253228549,1.1374284698424082,-0.09741080565642715,0.09070613407124363,0.068922258460029
13379,-0.6653466560674551,0.05960546552681911,-0.19226841695182992,-0.15488503633733927,0.2654127385271785,0.7244172253228549,-0.7411127785620575,0.567323377524486,-0.7322142715108336,0.2869728943604344
13381,-0.6053482401992349,0.8789251688960825,1.2773622151622432,1.034289677415128,0.29165207744863364,0.7244172253228549,-0.5649995365241388,0.6117543584696521,0.64214764296645,0.8642362695858484
13382,1.8845860183319012,-0.9552142636712971,-0.9400310336751295,-0.9880647720874756,-0.8204247009218442,-1.3804199638603631,1.1374284698424082,-1.8189635339540478,0.48944076358008515,-0.18030152882106995
13384,-0.6153479761772717,1.074425194724936,1.3821354324347892,0.12536632932407024,0.9253269095398867,0.7244172253228549,-0.5943517435304586,0.6458338788815327,-0.37589821960931563,0.8895095023386487
13385,2.374573081255699,-0.9552142636712971,-0.24676910964908777,-0.9880647720874756,-0.8204247009218442,-1.3804199638603631,1.1374284698424082,-2.264968118574493,0.9051428241318561,0.6599259477795555
13388,0.3846256216263975,-0.3615827770984007,-0.05911439462777921,-0.9880647720874756,-0.8204247009218442,0.7244172253228549,1.1374284698424082,-0.41410151352510743,-0.7831165646396219,-0.09947250921132522
13389,-0.8153426957380054,0.05960546552681911,0.07132289726708065,0.6858690606468892,-0.22130086818975803,0.7244172253228549,-1.1813958836568539,0.709111065319529,0.08222241854977891,-0.08399161723334575
13390,-0.17535959314365723,-0.9552142636712971,-0.23277156290226325,-0.9880647720874756,-0.8204247009218442,-1.3804199638603631,0.6971453647476117,0.0827983434779931,-1.2582046338416457,0.4099882838318583
13391,1.114606348023076,-0.9552142636712971,-1.9770739306037328,-0.9880647720874756,-0.8204247009218442,-1.3804199638603631,1.1374284698424082,-1.1127508783748108,-0.16380533157269778,-3.8034759839245136
13394,-0.9053403195403357,1.2468684386726134,0.9851753887647352,1.344838488012906,0.4763288106249656,0.7244172253228549,-1.4455657467137322,0.9025543702901992,0.7354685137025618,0.7284137118825638
13395,0.9246113644403788,-0.9552142636712971,-0.6848815399300738,-0.9880647720874756,-0.8204247009218442,-1.3804199638603631,1.1374284698424082,-0.9337689587869026,-0.32499592648052733,0.8571427010473275
13396,-0.6353474481333451,-0.3615827770984007,0.49551361159426355,1.2084999857992476,-0.5748802963583938,0.7244172253228549,-0.6530561575430981,0.5361475702687081,0.8118219533957443,0.7320971287034029
13397,-0.1953590650997306,0.6532369520997158,0.595845968654064,1.0267153161810358,0.10541978300321707,0.7244172253228549,0.6384409507349721,0.18349359386722053,0.9814962638250385,-0.641746994773477
13398,0.9946095162866356,-0.9552142636712971,-0.37060900756514603,-0.9880647720874756,-0.8204247009218442,-1.3804199638603631,1.1374284698424082,-0.9957618052571472,-0.2656099178302743,0.6599259477795555
13402,0.3446266777142507,-0.3615827770984007,-0.1274957659858884,0.8600793690310087,-0.532294651063532,0.7244172253228549,1.1374284698424082,-0.37819162002839674,1.261458876033374,0.4837273329060535
13403,-0.7453445438917486,-0.9552142636712971,-1.7996142887501634,-0.9880647720874756,-0.8204247009218442,-1.3804199638603631,-0.9759304346126154,0.5998729852738701,-1.7417764185651345,-1.3714433911424704
13404,-0.9153400555183724,-0.3615827770984007,-0.8416377204989463,0.6101254483059677,-0.48882825284844056,0.7244172253228549,-1.4749179537200516,0.7757628110061038,-0.08745189187951535,-1.1195449370749315
13405,-0.18535932912169392,0.05960546552681911,-0.19241956556688442,0.8525050077969165,-0.2699921719786716,0.7244172253228549,0.6677931577412918,0.1254184103777336,0.8033382378742796,-1.1293838083752317
13408,-0.9053403195403357,4.095827600438109,2.9031689631287763,1.8220232457607115,2.7744637458012495,0.7244172253228549,-1.4455657467137322,2.2115556930409177,1.2784263070763036,0.5819038288744418
13410,-0.6853461280235285,0.6532369520997158,0.253039328609157,1.034289677415128,0.10541978300321707,0.7244172253228549,-0.799817192574697,0.6257382244682138,0.5742779187947323,-0.43782310717217704
13411,0.1446319581535169,-0.9552142636712971,-0.9742742958260354,-0.9880647720874756,-0.8204247009218442,-1.3804199638603631,1.1374284698424082,-0.21721916630048418,-0.986725737154775,-0.83594512383904
13414,0.41462482956050756,0.05960546552681911,0.5125605970391433,0.23898174783545245,-0.03864030414050366,0.7244172253228549,1.1374284698424082,-0.41355768757312095,0.6251802119235206,1.3492379034360429
13416,-0.4853514084627947,-0.3615827770984007,-0.018644897984482194,-0.7078134064260662,0.6310937234007601,0.7244172253228549,-0.21277305244830141,0.3874279946088803,-1.2073023407128576,-0.8512124794542093
13417,-0.8753411116062256,-0.3615827770984007,-0.1028314857087402,0.5268074747309541,-0.4734281041937851,0.7244172253228549,-1.3575091256947727,0.7453000912984342,-0.15532161605123307,-0.7072611283017771
13418,-0.8053429597599688,2.3408466559766334,1.6915949364546128,1.738705272185698,0.9050726695253365,0.7244172253228549,-1.1520436766505342,1.0343394606204435,1.2699425915548388,0.3783851619697929
13419,-0.28535668890206084,-0.9552142636712971,-0.9469131456005845,-0.9880647720874756,-0.8204247009218442,-1.3804199638603631,0.3742710876780942,0.1787754771182822,-1.3515255045777577,0.6361214661694625
13420,0.5746206052090946,-0.3615827770984007,-1.203368516592168,-0.8365775474056326,1.392823709581291,0.7244172253228549,1.1374284698424082,-0.5974961239320432,-0.44376794378103335,-1.222105821413939
13421,-0.5253503523749414,-0.3615827770984007,0.7399501317797466,0.8979511752014694,-0.5377428239340357,0.7244172253228549,-0.33018188047358055,0.4429077041260419,0.5657942032732676,1.4798418450383894
13422,-0.28535668890206084,-0.9552142636712971,1.0180146193116002,-0.9880647720874756,-0.8204247009218442,-1.3804199638603631,0.3742710876780942,0.21818282299716665,-1.3515255045777577,2.374205241992693
13425,0.1546316941315536,0.05960546552681911,0.6360302188273207,0.42076641745366405,-0.1230410383884666,0.7244172253228549,1.1374284698424082,-0.1703643700583741,0.6082127808805912,0.9763871060455594
13426,-0.9153400555183724,1.5406654655354899,1.2778012035965998,1.7235565497175136,0.5784312292265492,0.7244172253228549,-1.4749179537200516,0.9630809376323352,1.1596542897757975,0.4124452565015205
13427,-0.7353448079137119,0.05960546552681911,-0.17846786507130505,0.48893566856049336,-0.1542755330983382,0.7244172253228549,-0.9465782276062956,0.6319320863797826,-0.07048446083658592,0.1792760639121899
13428,-0.8253424317160422,-0.9552142636712971,-0.9562433204792091,-0.9880647720874756,-0.8204247009218442,-1.3804199638603631,-1.2107480906631736,0.6758741216302422,-1.8096461427368522,0.011677561639991967
13429,-0.8153426957380054,0.3863044476016779,0.2559961126281214,-0.5033056531055781,1.3472634629758569,0.7244172253228549,-1.1813958836568539,0.7290071513576432,-1.2582046338416457,0.8942839126163217
13430,-0.7353448079137119,-0.3615827770984007,-0.05636309477814631,-0.48058256940330163,0.09116140329435662,0.7244172253228549,-0.9465782276062956,0.6170444117940462,-1.164883763105534,0.9798222939645927
13431,-0.25535748096795075,-0.3615827770984007,0.43996294102398187,-0.8290031861715405,1.392823709581291,0.7244172253228549,0.4623277086970535,0.18480203004342308,-1.13943261654114,0.8571427010473275
13434,-0.18535932912169392,-0.3615827770984007,-0.2472592797209159,-0.8214288249374483,1.3252218984526802,0.7244172253228549,0.6677931577412918,0.10831790233598125,-1.071562892369422,-0.031452533690271026
13435,-0.8753411116062256,1.074425194724936,1.3137807971559554,0.39804333375138756,0.8812688759099687,0.7244172253228549,-1.3575091256947727,0.87959413383713,-0.2910610643946685,0.7472277467122597
13436,-0.9053403195403357,-0.9552142636712971,-1.0385572531487983,-0.9880647720874756,-0.8204247009218442,-1.3804199638603631,-1.4455657467137322,0.7491710860797337,-1.8775158669085699,-0.7768982857927977
13437,-0.7853434878038954,1.074425194724936,1.2251667768369434,0.3374484438786504,0.9367149409821869,0.7244172253228549,-1.0933392626378946,0.7901537223800021,-0.2825773488732038,0.18904343456757708
13439,1.6245928829029472,-0.9552142636712971,-0.749269559095095,-0.9880647720874756,-0.8204247009218442,-1.3804199638603631,1.1374284698424082,-1.5786044769553351,0.2688641600220026,0.4951738230562642
13441,-0.0053640815170334765,-0.9552142636712971,-0.7139487143129243,-0.9880647720874756,-0.8204247009218442,-1.3804199638603631,1.1374284698424082,-0.07776307925714324,-1.1139814699767456,0.3069496844516885
13447,-0.6953458640015652,0.05960546552681911,0.34711175190121785,-0.8971724372783698,3.6488579745100855,0.7244172253228549,-0.8291693995810168,0.6040613084816796,-1.5890695391787697,0.255372566030149
13448,-0.7553442798697854,0.8789251688960825,1.2552237722390973,1.7159821884834214,-0.09760898534375057,0.7244172253228549,-1.0052826416189355,0.7482116900805986,1.2784263070763036,0.642785337792002
13449,-0.6853461280235285,-0.9552142636712971,-0.726769864978681,-0.9880647720874756,-0.8204247009218442,-1.3804199638603631,-0.799817192574697,0.5481884399485767,-1.6908741254363462,0.4001054884166613
13450,-0.6553469200894184,0.8789251688960825,0.818643433864494,0.45863822362412476,0.6196042781477743,0.7244172253228549,-0.7117605715557376,0.6316438637994569,-0.04503331427219179,0.8383724582586732
13451,-0.6653466560674551,0.6532369520997158,1.1174312856109245,1.344838488012906,0.00027621515309949766,0.7244172253228549,-0.7411127785620575,0.6396526112886685,0.9390776862177149,1.1289457738811977
13452,1.664591826815094,-0.3615827770984007,-0.1684472881801777,-0.904746798512462,2.4613391755682144,0.7244172253228549,1.1374284698424082,-1.5939370395312407,0.404603608365438,-4.817686796677979
13453,0.7346163808576817,-0.3615827770984007,-0.5671476801427603,-0.056418340294141334,-0.2799704001591887,0.7244172253228549,1.1374284698424082,-0.7415674151545459,0.5657942032732676,-0.9144791690972895
13455,-0.6753463920454919,-0.3615827770984007,0.2956613262091273,1.594792408737947,-0.6106916282079676,0.7244172253228549,-0.7704649855683771,0.5680142311499654,1.210556582904586,0.150630989740531
13456,-0.7453445438917486,0.8789251688960825,0.7028755811447311,0.4434895011559405,0.6310937234007601,0.7244172253228549,-0.9759304346126154,0.709962354532265,-0.13835418500830363,-0.21004635187066717
13458,-0.8553416396501522,1.9947556633726906,2.0524631413472947,1.6781103823129606,1.0396602587964705,0.7244172253228549,-1.298804711682133,1.0721306334392473,1.1596542897757975,1.0313137051784391
13460,-0.6353474481333451,-0.3615827770984007,-1.094534097944285,-0.8365775474056326,1.465128892601692,0.7244172253228549,-0.6530561575430981,0.5168546431014902,-1.4702975218782637,-0.08399161723334575
13461,-0.5353500883529781,0.05960546552681911,0.5431139798661538,-0.048843979060049184,0.15746710935134234,0.7244172253228549,-0.35953408747990034,0.4619352843328161,-0.5031539524312864,1.0216502106965406
13462,1.6045934109468738,-0.9552142636712971,-1.2457625619351813,-0.9880647720874756,-0.8204247009218442,-1.3804199638603631,1.1374284698424082,-1.5623579671993486,0.25189672897907317,-0.9990138022557798
13464,-0.345355104770281,-0.9552142636712971,-0.06195763115948607,-0.9880647720874756,-0.8204247009218442,-1.3804199638603631,0.19815784564017558,0.24144546481597567,-1.402427797706546,1.0578528201885717
13466,0.9146116284623421,-0.9552142636712971,-0.6844179901043289,-0.9880647720874756,-0.8204247009218442,-1.3804199638603631,1.1374284698424082,-0.924559693397865,-0.33347964200199204,0.5700202916657511
13467,-0.8153426957380054,-0.3615827770984007,0.31448268979219896,-0.7987057412351719,1.0933813765961526,0.7244172253228549,-1.1813958836568539,0.6973183199868069,-1.5890695391787697,0.7022807606413258
13468,-0.9053403195403357,3.3556663851747497,1.6347922095760128,1.8220232457607115,2.5243190292818722,0.7244172253228549,-1.4455657467137322,1.4324958108354242,1.2699425915548388,-0.867114793760978
13470,0.06463407032922336,-0.3615827770984007,-1.178305119228941,-0.8744493535760934,1.813744674167018,0.7244172253228549,1.1374284698424082,-0.1278896164330668,-0.9188560129830573,-1.2329045971479955
13471,-0.9153400555183724,0.3863044476016779,0.9888137262714538,-0.6396441553192368,1.8834888492117652,0.7244172253228549,-1.4749179537200516,0.8460522422716076,-1.4957486684426577,1.0426805912726003
13473,-0.31535589683617093,-0.3615827770984007,-0.4332185060056298,1.0721614835855888,-0.5594530195632,0.7244172253228549,0.28621446665913486,0.2261715644681703,0.9305939706962503,-0.16365661766630746
13474,1.4345978993202502,-0.9552142636712971,-0.9169364899700438,-0.9880647720874756,-0.8204247009218442,-1.3804199638603631,1.1374284698424082,-1.4045711673810881,0.10767356511417306,-0.17194778552190632
13475,0.984609780308599,0.3863044476016779,0.5358098028955939,-0.1776081200396157,0.702066452247264,0.7244172253228549,1.1374284698424082,-0.9211669249594681,0.64214764296645,0.5441778944971072
13476,0.8646129485721586,-0.3615827770984007,0.4205489642651074,-0.21547992621007644,-0.18281754283021995,0.7244172253228549,1.1374284698424082,-0.8468072335461128,0.48944076358008515,0.3309839015821549
13477,-0.5453498243310149,0.8789251688960825,0.5483654124420331,0.9282486201378379,0.3371566988757957,0.7244172253228549,-0.38888629448622003,0.5207219410250762,0.582761634316197,0.10730183450552715
13479,1.0846071400889659,-0.3615827770984007,-0.702515308322124,-0.7381108513624347,0.7573105711178629,0.7244172253228549,1.1374284698424082,-1.0647064778934159,0.09918984959270834,-0.9144791690972895
13481,-0.4653519365067213,0.6532369520997158,0.7197195942228661,0.6101254483059677,0.06569992851397807,0.7244172253228549,-0.15406863843566193,0.4363310069582726,0.28583159106493206,0.43142473387048963
13482,1.3945989554081033,-0.9552142636712971,-1.089376679031925,-0.9880647720874756,-0.8204247009218442,-1.3804199638603631,1.1374284698424082,-1.3684823610869041,0.0737387030283142,-0.3138205149682618
13483,-0.26535721694598746,-0.9552142636712971,-1.3062002001355502,-0.9880647720874756,-0.8204247009218442,-1.3804199638603631,0.4329755016907335,0.1590403316511013,-1.3345580735348281,0.03952470919773476
13484,1.4845965792104336,-0.9552142636712971,-0.6693715251391448,-0.9880647720874756,-0.8204247009218442,-1.3804199638603631,1.1374284698424082,-1.4492230558470576,0.15009214272149662,-1.3714433911424704
13485,1.4045986913861401,-0.9552142636712971,-0.37600612705177894,-0.9880647720874756,-0.8204247009218442,-1.3804199638603631,1.1374284698424082,-1.3732715628767975,0.08222241854977891,0.6441133112364689
13486,-0.14536038520954717,0.05960546552681911,0.34236174311640477,-0.4124133182964723,0.6167610609765756,0.7244172253228549,0.785201985766571,0.09760364922455474,-0.5795073921244688,0.4050579160664955
13487,-0.345355104770281,0.05960546552681911,-0.1883403241040273,1.2463717919697082,-0.36003857056462324,0.7244172253228549,0.19815784564017558,0.27276778709528243,1.1002682811255444,-0.6124520518364657
13488,-0.7553442798697854,1.8937448980942,1.9944900014251379,1.6629616598447763,0.8362246653732999,0.7244172253228549,-1.0052826416189355,0.9524804280936359,1.2190402984260504,0.8944060630035996
13489,0.1246324861974435,0.3863044476016779,-0.3842946672503384,0.4434895011559405,0.1510383579725636,0.7244172253228549,1.1374284698424082,-0.14551702957480042,0.6082127808805912,-0.10729491444130809
13491,-0.4053535206385011,1.5406654655354899,0.40588180080874425,1.435730822822012,0.702066452247264,0.7244172253228549,0.02204460360225668,0.4538195226821449,1.261458876033374,-0.5883488376390195
13492,0.43462430151658094,0.05960546552681911,0.44042615598487234,-0.397264595828288,0.602716236965679,0.7244172253228549,1.1374284698424082,-0.43394720823546074,-0.07048446083658592,-0.1391493641385155
13493,1.8245876024636811,-0.3615827770984007,-0.13082578412764223,-0.904746798512462,2.304409813797492,0.7244172253228549,1.1374284698424082,-1.74076902730818,0.5403430567088734,0.2286538199639716
13494,2.1945778336510386,-0.9552142636712971,-0.663181046220198,-0.9880647720874756,-0.8204247009218442,-1.3804199638603631,1.1374284698424082,-2.1028312069821204,0.7524359447454912,0.05318989181705936
13495,-0.8453419036721156,0.6532369520997158,0.8190905879007309,1.738705272185698,-0.10457171888443641,0.7244172253228549,-1.2694525046758134,0.7901082539052757,1.2275240139475152,0.07869793265316141
13496,-0.8153426957380054,-0.3615827770984007,-0.08749202404897471,1.6553872986106843,-0.6147295743453494,0.7244172253228549,-1.1813958836568539,0.6902669930841471,1.1596542897757975,0.10945527046335439
13497,1.9045854902879746,-0.3615827770984007,-0.5872377741096191,-0.34424406718964295,-0.07400694302481724,0.7244172253228549,1.1374284698424082,-1.8188527282879026,1.23600772946898,-0.7005324405093315
13499,-0.7453445438917486,0.6532369520997158,0.36792663127639813,0.9206742589037459,0.1510383579725636,0.7244172253228549,-0.9759304346126154,0.6835328384347289,0.3961198928439733,0.6280714980823491
13500,-0.6953458640015652,0.05960546552681911,0.373160405739344,-0.2382030099123529,0.36136126590738293,0.7244172253228549,-0.8291693995810168,0.60467783673891,-0.8509862888113395,0.3015371272937313
13501,1.954584170178158,-0.9552142636712971,0.48335179792707256,-0.9880647720874756,-0.8204247009218442,-1.3804199638603631,1.1374284698424082,-1.8651014625448064,0.5488267722303382,1.4212435120970288
13502,-0.7553442798697854,0.05960546552681911,-0.7264440899174912,1.337264126778814,-0.375147312834215,0.7244172253228549,-1.0052826416189355,0.6455835413746012,0.8542405310030678,-0.6165898724803326
13503,-0.215358537055804,-0.9552142636712971,-0.9621353229113975,-0.9880647720874756,-0.8204247009218442,-1.3804199638603631,0.5797365367223325,0.11426228672537488,-1.2921394959275048,0.5221718867021694
13504,-0.28535668890206084,-0.9552142636712971,-0.7158480460210147,-0.9880647720874756,-0.8204247009218442,-1.3804199638603631,0.3742710876780942,0.18000214388997826,-1.3515255045777577,0.15683193443594176
13505,-0.1953590650997306,0.3863044476016779,1.4271233138025974,0.21625866413317602,0.2927733874941386,0.7244172253228549,0.6384409507349721,0.21370521524925,0.08222241854977891,1.536382699455636
13506,2.2345767775631855,-0.3615827770984007,-0.36856420651984745,-0.5866236266805918,0.2984145979367984,0.7244172253228549,1.1374284698424082,-2.120851229829979,1.2444914449904447,0.05318989181705936
13507,-0.8953405835622991,0.3863044476016779,0.9721802537598206,0.08749452315360949,0.4040794803157309,0.7244172253228549,-1.416213539707412,0.8267807627539248,-0.6558608318176512,1.0475307149218356
13508,1.5145957871445437,-0.9552142636712971,-1.4914485736709457,-0.9880647720874756,-0.8204247009218442,-1.3804199638603631,1.1374284698424082,-1.4801651624355165,0.17554328928589075,-2.0220443089501843
13509,-0.8353421676940789,1.074425194724936,0.23433449916395852,1.0948845672878653,0.4319704248891608,0.7244172253228549,-1.2401002976694935,0.7963994885068008,0.5148919101444793,0.02568870737467776
13510,-0.9153400555183724,0.3863044476016779,0.713972942802677,0.39046897251729545,0.18179527237995208,0.7244172253228549,-1.4749179537200516,0.8339277872911093,-0.33347964200199204,0.891103261769071
13512,1.6845912987711673,-0.9552142636712971,-0.845663622502235,-0.9880647720874756,-0.8204247009218442,-1.3804199638603631,1.1374284698424082,-1.6343748531811935,0.3197664531507909,-0.08399161723334575
13513,0.3446266777142507,-0.9552142636712971,-1.0062293455812894,-0.9880647720874756,-0.8204247009218442,-1.3804199638603631,1.1374284698424082,-0.4014839362669207,-0.8170514267254807,-0.3821070124586251
13514,-0.18535932912169392,-0.9552142636712971,-1.2421204891885085,-0.9880647720874756,-0.8204247009218442,-1.3804199638603631,0.6677931577412918,0.0855841151511122,-1.2666883493631105,-1.4744819905226407
13515,-0.1953590650997306,0.3863044476016779,0.15903317659726313,0.3374484438786504,0.21459222023879976,0.7244172253228549,0.6384409507349721,0.15632024617578963,0.2094781513717496,0.10784058639408653
13516,-0.7153453359576386,0.05960546552681911,0.5119373952373132,0.6555716157105206,-0.21150258403829375,0.7244172253228549,-0.8878738135936562,0.6267381932150264,0.13312471167856718,0.8316709298163172
13517,-0.3253556328142076,0.05960546552681911,0.850922523097022,-0.07914142399641778,0.19094887587899637,0.7244172253228549,0.2568622596528149,0.2797997655975042,-0.3674145040878509,1.1951015607349234
13518,-0.06536249738525363,-0.9552142636712971,-0.08010040107638922,-0.9880647720874756,-0.8204247009218442,-1.3804199638603631,1.0200196418171292,-0.016581082426357568,-1.164883763105534,1.0272974970957949
13519,-0.14536038520954717,-0.9552142636712971,-1.411895667543335,-0.9880647720874756,-0.8204247009218442,-1.3804199638603631,0.785201985766571,0.04827634254446417,-1.2327534872772516,-2.067228775845231
13520,-0.3353553687922443,0.8789251688960825,1.2740872823686007,1.3751359329492747,0.15617447459056708,0.7244172253228549,0.22751005264649524,0.36293871501193686,1.261458876033374,0.6354528670955586
13521,-0.9153400555183724,0.05960546552681911,0.3217371595755068,-0.9274698822147385,4.260280195997267,0.7244172253228549,-1.4749179537200516,0.8060187999836896,-1.8096461427368522,0.5102539709359871
13522,-0.6253477121553084,-0.9552142636712971,-1.3925326900012869,-0.9880647720874756,-0.8204247009218442,-1.3804199638603631,-0.6237039505367783,0.4902294949052616,-1.6399718323075578,-1.3714433911424704
13523,-0.5953485042211982,0.6532369520997158,1.3454842956713473,1.53419751886521,-0.22370113218773416,0.7244172253228549,-0.5356473295178191,0.5914077059803988,1.210556582904586,0.9034564486811256
13524,-0.5153506163969047,0.6532369520997158,-0.05551036967917722,0.36774588881501896,0.45932307292114005,0.7244172253228549,-0.30082967346726086,0.4639407961065705,-0.028065883229262362,-0.9508816219456389
13525,-0.7753437518258587,-0.3615827770984007,-0.11790419657126347,0.776761395455995,-0.5195357784661199,0.7244172253228549,-1.063987055631575,0.653039501860982,0.2094781513717496,0.26849390534908824
13527,-0.5853487682431616,1.074425194724936,0.9082228544077056,1.2312230695015238,0.2107342250312511,0.7244172253228549,-0.5062951225114992,0.5876683551542862,0.879691677567462,0.49387162792584266
13529,-0.13536064923151048,-0.3615827770984007,-0.684778505504966,-0.04126961782595703,-0.28769525660959294,0.7244172253228549,0.8145541927728907,0.0585756826385715,-0.15532161605123307,-1.5585881871620628
13531,1.1246060840011127,-0.3615827770984007,-0.3259742773704384,0.23140738660136032,-0.394216743645058,0.7244172253228549,1.1374284698424082,-1.0985359366810314,1.210556582904586,-0.6290969629912271
13532,-0.5853487682431616,-0.9552142636712971,-0.9863755893735459,-0.9880647720874756,-0.8204247009218442,-1.3804199638603631,-0.5062951225114992,0.4547888379030264,-1.606036970221699,-0.19720057055511253
13533,0.9046118924843054,0.05960546552681911,-0.7862030746444316,-0.3518184284237351,-0.06642915242436435,0.7244172253228549,1.1374284698424082,-0.8830124643086937,0.3791524618010439,-0.8983202582722637
13534,-0.9053403195403357,2.8000649690066,1.6574778044467031,1.700833466015237,1.3969418451612825,0.7244172253228549,-1.4455657467137322,1.2375074373053234,1.142686858732868,-0.29097456445896647
13536,-0.9153400555183724,1.074425194724936,1.234496754950449,-0.4275620407646566,2.255785386053426,0.7244172253228549,-1.4749179537200516,0.9104949605232298,-1.2582046338416457,0.7508491849193326
13538,-0.49535114444083134,1.074425194724936,0.4472863625180959,1.0721614835855888,0.4464081701229601,0.7244172253228549,-0.24212525945462107,0.48831843570297834,0.7863708068313501,-1.9786322455294412
13539,-0.06536249738525363,0.05960546552681911,-0.11467804202613134,0.7010177831150736,-0.2284441534955728,0.7244172253228549,1.0200196418171292,0.01590744982769417,0.7269847981810972,-0.40583858041412135
13544,-0.5253503523749414,-0.3615827770984007,-0.7280471037786376,0.5268074747309541,-0.4734281041937851,0.7244172253228549,-0.33018188047358055,0.4173541397636833,0.15009214272149662,-0.9729687009874581
13546,-0.8053429597599688,0.05960546552681911,-0.12016778438990619,0.4359151399218483,-0.12952156724608394,0.7244172253228549,-1.1520436766505342,0.6971035841172446,-0.18925647813709193,-0.2796648650574268
13548,0.03463486239511329,-0.3615827770984007,-0.05291111807249277,0.12536632932407024,-0.35718036679798254,0.7244172253228549,1.1374284698424082,-0.09179344502505639,0.17554328928589075,0.3926350501615318
13549,-0.6653466560674551,1.074425194724936,0.18281423029717242,0.6479972544764285,0.6862623063171651,0.7244172253228549,-0.7411127785620575,0.638884170836358,0.15857585824296133,-0.9403581865280728
13551,2.2645759854972956,-0.9552142636712971,-1.640788051581457,-0.9880647720874756,-0.8204247009218442,-1.3804199638603631,1.1374284698424082,-2.1709529636427716,0.8118219533957443,-2.745853107750305
13552,-0.26535721694598746,1.7852452398084835,1.2990753649429614,0.8979511752014694,0.7051155989556941,0.7244172253228549,0.4329755016907335,0.39923721667680956,0.7863708068313501,-0.294284784890882
13555,-0.18535932912169392,0.3863044476016779,1.3816278049568287,-0.01854653412368059,-0.29520159436656235,0.7244172253228549,0.6677931577412918,0.200495479369432,-0.1807727626156272,1.611147098981286
13557,-0.6453471841113817,-0.3615827770984007,-0.1764808088371193,0.9206742589037459,-0.5398647757031969,0.7244172253228549,-0.6824083645494178,0.5326246997561557,0.48944076358008515,0.6280714980823491
13558,-0.8653413756281889,0.3863044476016779,-0.14843589969094545,-0.5184543755737624,1.392823709581291,0.7244172253228549,-1.3281569186884528,0.7684566423344127,-1.3175906424918988,-0.641746994773477
13560,-0.8553416396501522,-0.9552142636712971,-1.1346365868099764,-0.9880647720874756,-0.8204247009218442,-1.3804199638603631,-1.298804711682133,0.702770538009877,-1.8350972893012463,-0.9644214327759761
13561,1.2346031797595163,-0.9552142636712971,-1.2976933474687182,-0.9880647720874756,-0.8204247009218442,-1.3804199638603631,1.1374284698424082,-1.2218822062847143,-0.06200074531512122,-0.6805883742050745
13562,-0.1053614412974004,0.05960546552681911,0.7174126623197251,0.24655610906954462,-0.04273590051938134,0.7244172253228549,0.9026108137918503,0.07186901148530818,0.1925107203288202,0.5412689158629717
13563,-0.085361969341327,-0.3615827770984007,0.050722704214143474,-0.5714749042124074,0.2496422698449756,0.7244172253228549,0.9613152278044893,0.02024079217573822,-0.7067631249464394,-0.4283401442669699
13564,0.5146221893408744,0.05960546552681911,0.6948724773369428,0.7010177831150736,-0.2284441534955728,0.7244172253228549,1.1374284698424082,-0.4997468745050711,1.2275240139475152,0.3918018805827176
13565,-0.7353448079137119,-0.3615827770984007,-0.8810950970574699,1.3978590166515512,-0.5935088680376142,0.7244172253228549,-0.9465782276062956,0.6098480868824436,0.9390776862177149,-0.641746994773477
13566,-0.5153506163969047,-0.3615827770984007,0.1442684363289149,-0.6775159614896975,0.5240234597907494,0.7244172253228549,-0.30082967346726086,0.41770458491222656,-1.190334909669928,0.6851492207216479
13568,0.8046145327039386,-0.9552142636712971,-1.0549610393173903,-0.9880647720874756,-0.8204247009218442,-1.3804199638603631,1.1374284698424082,-0.825175188467213,-0.4268005127381039,-0.8666933714321878
13569,-0.7553442798697854,-0.3615827770984007,-0.5307385592822897,1.6629616598447763,-0.6152937589493048,0.7244172253228549,-1.0052826416189355,0.6304484690560935,1.2275240139475152,-0.6938444096888514
13570,1.5045960511665069,-0.9552142636712971,-0.8835054619120566,-0.9880647720874756,-0.8204247009218442,-1.3804199638603631,1.1374284698424082,-1.4688531801574805,0.16705957376442604,0.04637838888610602
13571,-0.7953432237819321,1.7852452398084835,0.8373247216312459,0.82978192409464,1.3311859265292514,0.7244172253228549,-1.1226914696442145,0.8601753161669946,0.2603804445005379,-0.05678520238998943
13572,1.1346058199791493,-0.9552142636712971,0.5089805459357639,-0.9880647720874756,-0.8204247009218442,-1.3804199638603631,1.1374284698424082,-1.1094637806526917,-0.14683790052976836,1.3687181300156603
13573,-0.42535299259457454,-0.3615827770984007,-0.71995645739979,0.5419561971991385,-0.476621695506706,0.7244172253228549,-0.03665981041038266,0.325339965021654,0.25189672897907317,-0.020511432414910966
13575,-0.6953458640015652,0.6532369520997158,0.0028741534958335374,0.16323813549453098,0.6238908476066083,0.7244172253228549,-0.8291693995810168,0.6305046525595281,-0.40134936617370975,-0.5944271930195774
13576,-0.8253424317160422,2.3408466559766334,1.7646823491619055,1.7538539946538823,1.3684526886020751,0.7244172253228549,-1.2107480906631736,1.0624171525478825,1.2699425915548388,-0.053664631579894
13577,-0.6753463920454919,0.3863044476016779,0.6664594783477298,0.6479972544764285,0.04837554886869761,0.7244172253228549,-0.7704649855683771,0.6112729205970397,0.15857585824296133,0.2726786579072788
13579,-0.7753437518258587,-0.3615827770984007,-0.3539540437923476,1.693259104781145,-0.6180688612057564,0.7244172253228549,-1.063987055631575,0.6503895608478388,1.23600772946898,-0.6165898724803326
13581,2.1645786257169286,-0.9552142636712971,-1.443022509770262,-0.9880647720874756,-0.8204247009218442,-1.3804199638603631,1.1374284698424082,-2.0784605412305686,0.7269847981810972,-1.7839448940324036
13583,0.6346190210773148,-0.9552142636712971,0.054289954302331314,-0.9880647720874756,-0.8204247009218442,-1.3804199638603631,1.1374284698424082,-0.6590310966284644,-0.571023676603004,1.7066257182030913
13584,2.1445791537608554,-0.9552142636712971,-1.2946929494927377,-0.9880647720874756,-0.8204247009218442,-1.3804199638603631,1.1374284698424082,-2.0596481401547577,0.7100173671381677,-1.5585881871620628
13587,-0.28535668890206084,-0.9552142636712971,-0.018756366371949933,-0.9880647720874756,-0.8204247009218442,-1.3804199638603631,0.3742710876780942,0.1868255699672831,-1.3515255045777577,0.16913056911273133
13588,-0.7653440158478221,1.4011241767997944,0.9721129137395361,0.8222075628605479,0.9085298483937003,0.7244172253228549,-1.0346348486252552,0.7894675140532925,0.2688641600220026,0.6930076499944379
13589,-0.7753437518258587,-0.3615827770984007,-0.5183154839643549,0.2541304703036368,-0.40373265086286475,0.7244172253228549,-1.063987055631575,0.64895776694937,-0.3674145040878509,-1.0905424289436352
13590,-0.8153426957380054,0.8789251688960825,0.7942362781395462,1.2160743470333397,0.2136249789079103,0.7244172253228549,-1.1813958836568539,0.7779323957620895,0.6760825050523088,0.7611313371979462
13591,-0.2753569529240241,0.05960546552681911,0.33861517624710935,0.5419561971991385,-0.17170103856179034,0.7244172253228549,0.4036232946844138,0.21719925353874672,0.3706687462795792,0.0509240451031924
13592,-0.5653492962870882,0.3863044476016779,-0.8559781571348558,0.7388895892855343,0.006376623739559673,0.7244172253228549,-0.4475907084988595,0.4864164434039761,0.345217599715185,-2.163538687432954
13593,0.1546316941315536,0.6532369520997158,0.8160566769897942,0.7313152280514421,0.23433004156147158,0.7244172253228549,1.1374284698424082,-0.13065100480960526,0.9560451172606445,-0.05966391853329673
13594,-0.39535378466046445,-0.9552142636712971,-0.48292885145493214,-0.9880647720874756,-0.8204247009218442,-1.3804199638603631,0.05139681060857664,0.282927057832191,-1.4448463753138696,0.9302191955201199
13596,-0.8653413756281889,-0.3615827770984007,-0.036066132317603854,-0.9350442434488305,3.332694330994623,0.7244172253228549,-1.3281569186884528,0.737014717177674,-1.7841949961724581,0.3015371272937313
13598,-0.4553522005286846,-0.9552142636712971,-1.1087602197670117,-0.9880647720874756,-0.8204247009218442,-1.3804199638603631,-0.12471643142934195,0.3346129138739496,-1.4957486684426577,-1.0716211864298808
13599,-0.9153400555183724,2.555485194733606,1.5539847853229753,1.7765770783561585,1.0897176978652092,0.7244172253228549,-1.4749179537200516,1.1690782809737759,1.2190402984260504,0.017704068722830615
13600,2.1945778336510386,-0.9552142636712971,-0.9524476144189884,-0.9880647720874756,-0.8204247009218442,-1.3804199638603631,1.1374284698424082,-2.1044161908674393,0.7524359447454912,0.817010242198353
13601,-0.47535167248475796,-0.3615827770984007,-0.04031563091994074,0.26927919277182105,-0.40604545042978635,0.7244172253228549,-0.1834208454419816,0.37790743405940097,-0.10441932292244478,0.6321038002948405
13602,-0.2753569529240241,-0.9552142636712971,-0.4215715014546923,-0.9880647720874756,-0.8204247009218442,-1.3804199638603631,0.4036232946844138,0.17297423837784007,-1.343041789056293,0.6035642445545562
13603,-0.6653466560674551,-0.9552142636712971,-1.1814733433623905,-0.9880647720874756,-0.8204247009218442,-1.3804199638603631,-0.7411127785620575,0.5276861976702462,-1.6739066943934169,0.0666884217115321
13606,-0.6353474481333451,0.05960546552681911,-0.758173880753856,1.1479050959265102,-0.33925463995996075,0.7244172253228549,-0.6530561575430981,0.5349199859170951,0.7524359447454912,-0.5560903486114662
13607,-0.5253503523749414,-0.9552142636712971,-0.05804786809900322,-0.9880647720874756,-0.8204247009218442,-1.3804199638603631,-0.33018188047358055,0.40721371637466974,-1.5551346770929109,0.6946994588575369
13610,-0.8053429597599688,1.074425194724936,0.3490375361874381,1.079735844819681,0.44276695373859615,0.7244172253228549,-1.1520436766505342,0.7712735223922851,0.523375625665944,-0.8102526960588681
13611,-0.03536328945114355,0.05960546552681911,0.3765785648543768,1.0570127611174045,-0.3198809180656213,0.7244172253228549,1.1080762628360883,-0.002856626244758918,1.1596542897757975,0.5542995328034886
13614,-0.6853461280235285,0.3863044476016779,0.6292732464406514,1.329689765544722,-0.17730759105532257,0.7244172253228549,-0.799817192574697,0.6192153785226405,0.9136265396533209,-0.08784158888248408
13615,2.2645759854972956,-0.9552142636712971,-0.44256552629753404,-0.9880647720874756,-0.8204247009218442,-1.3804199638603631,1.1374284698424082,-2.1656135962829772,0.8118219533957443,0.2228434878122663
13617,-0.5253503523749414,0.05960546552681911,-0.2326256763777062,0.07234580068542519,0.06924892719790009,0.7244172253228549,-0.33018188047358055,0.4379699729806482,-0.3674145040878509,-0.4765889042531565
13618,0.8146142686819752,-0.9552142636712971,-1.1212809508199841,-0.9880647720874756,-0.8204247009218442,-1.3804199638603631,1.1374284698424082,-0.8346356198988583,-0.41831679721663917,0.5132455017656118
13621,0.24462931793388382,-0.9552142636712971,-0.9731630643330492,-0.9880647720874756,-0.8204247009218442,-1.3804199638603631,1.1374284698424082,-0.30927741388364965,-0.9018885819401279,0.8798984515049735
13623,-0.6153479761772717,0.6532369520997158,0.019737100217620263,1.0267153161810358,0.10541978300321707,0.7244172253228549,-0.5943517435304586,0.5571115142894176,0.6251802119235206,-1.0567136784890763
13626,1.6045934109468738,-0.9552142636712971,-0.8269042985185144,-0.9880647720874756,-0.8204247009218442,-1.3804199638603631,1.1374284698424082,-1.5606256915512737,0.25189672897907317,0.33362243854839113
13627,-0.3353553687922443,0.6532369520997158,0.6429776927390041,1.2690948756719846,0.023634677969481804,0.7244172253228549,0.22751005264649524,0.3139276841364629,1.142686858732868,0.5476586072182694
13629,-0.6953458640015652,1.6680566812978321,1.8827252411606548,1.3978590166515512,0.8484220205059414,0.7244172253228549,-0.8291693995810168,0.8450268961813825,0.9814962638250385,1.042554330423414
13630,-0.8753411116062256,1.074425194724936,0.8139858910675789,1.132756373458326,0.4178647087632266,0.7244172253228549,-1.3575091256947727,0.8504616581670503,0.5318593411874087,0.27803591041904724
13631,0.07463380630726006,1.6680566812978321,1.1422226951674963,0.2768535540059132,0.9960600277420028,0.7244172253228549,1.1374284698424082,0.05877648654296074,0.3706687462795792,-1.410125061211813
13632,-0.6753463920454919,0.6532369520997158,0.8482477304826603,0.6631459769446127,0.2694294127513754,0.7244172253228549,-0.7704649855683771,0.6348526114205169,0.16705957376442604,0.3251568849826353
13634,-0.5953485042211982,0.6532369520997158,0.6116587118658481,1.2312230695015238,0.03335832016027537,0.7244172253228549,-0.5356473295178191,0.5522546390957284,0.879691677567462,-0.10103257392792576
13635,-0.24535774498991408,-0.9552142636712971,0.30513139559793634,-0.9880647720874756,-0.8204247009218442,-1.3804199638603631,0.49167991570337316,0.1558760829324197,-1.3175906424918988,1.6309130837578165
13636,-0.5553495603090515,0.6532369520997158,0.2091254330005849,0.8903768139673772,0.16071390988034437,0.7244172253228549,-0.4182385014925398,0.5051723622907953,0.523375625665944,-0.2913453116515775
13637,-0.4053535206385011,0.05960546552681911,0.0837080574338692,0.32987408264455825,-0.08143283167175853,0.7244172253228549,0.02204460360225668,0.3318575527687891,0.022836409899525918,-0.13645953114237006
13638,-0.7653440158478221,-0.9552142636712971,-1.4126028896522698,-0.9880647720874756,-0.8204247009218442,-1.3804199638603631,-1.0346348486252552,0.619066149482768,-1.7587438496080638,-0.5560903486114662
13639,-0.18535932912169392,-0.9552142636712971,0.2766682372705205,-0.9880647720874756,-0.8204247009218442,-1.3804199638603631,0.6677931577412918,0.10002067397589438,-1.2666883493631105,1.815442720301711
13642,1.2346031797595163,-0.9552142636712971,-0.572005470011936,-0.9880647720874756,-0.8204247009218442,-1.3804199638603631,1.1374284698424082,-1.2183934067339628,-0.06200074531512122,0.12547386744738664
13643,-0.6153479761772717,0.05960546552681911,-0.2695591908536181,0.17838685796271528,0.00027621515309949766,0.7244172253228549,-0.5943517435304586,0.5204214804067623,-0.3165122109590626,-0.5798948302215583
13644,-0.7653440158478221,0.3863044476016779,1.0173968811617806,-0.3139466222532744,0.9225038577945268,0.7244172253228549,-1.0346348486252552,0.709475963141461,-0.9952094526762397,1.3324414395004331
13645,0.2746285258679939,-0.9552142636712971,-0.8428622051228732,-0.9880647720874756,-0.8204247009218442,-1.3804199638603631,1.1374284698424082,-0.33626967640478833,-0.8764374353757337,0.02568870737467776
13647,-0.8253424317160422,0.3863044476016779,0.6619821518623255,0.7161665055832578,0.018856220273955844,0.7244172253228549,-1.2107480906631736,0.7492123448508015,0.09918984959270834,0.4087577492602142
13649,1.6445923548590207,-0.3615827770984007,-0.5905483171897573,-0.1624593975714314,-0.21888112266041226,0.7244172253228549,1.1374284698424082,-1.579512261822064,1.210556582904586,-0.8745157766621716
13650,-0.7553442798697854,0.8789251688960825,0.7335955503052876,0.9055255364355616,0.1542419984774502,0.7244172253228549,-1.0052826416189355,0.7203093218129348,0.3791524618010439,-0.004896138672066107
13651,-0.5753490322651249,-0.3615827770984007,-1.6204821516238315,-0.957767327151107,4.517658224300627,0.7244172253228549,-0.4769429155051793,0.4601546412228208,-1.5551346770929109,-2.416835582284356
13652,-0.4653519365067213,0.05960546552681911,0.32277538700701464,1.4508795452901961,-0.39542999028246345,0.7244172253228549,-0.15406863843566193,0.39175799657590615,1.23600772946898,0.24400055778114707
13654,-0.49535114444083134,0.8789251688960825,1.0421713846063518,0.7540383117537186,0.22683948291662093,0.7244172253228549,-0.24212525945462107,0.4952153602844524,0.42157103940836743,0.944475252998979
13655,0.21463010999977375,-0.3615827770984007,0.19549132358532675,-0.02612089535777274,-0.291475154520719,0.7244172253228549,1.1374284698424082,-0.2534019740424702,0.15857585824296133,0.7412523978822161
13656,0.724616644879645,-0.3615827770984007,-0.5183154839643549,0.3147253601763739,-0.42154159151497067,0.7244172253228549,1.1374284698424082,-0.7319896745992822,0.9645288327821091,0.5087551680892437
13657,-0.8153426957380054,-0.3615827770984007,-0.5131302044348075,0.4510638623900326,-0.4565251855830186,0.7244172253228549,-1.1813958836568539,0.685823828107307,-0.1807727626156272,-0.4283401442669699
13658,-0.8253424317160422,0.6532369520997158,1.0219007964812648,0.4813613073264012,-0.15127931153180113,0.7244172253228549,-1.2107480906631736,0.7814326062907684,-0.16380533157269778,0.305869288335463
13659,1.1346058199791493,-0.3615827770984007,0.6106691539925104,-0.11701323016687852,-0.24222938194306798,0.7244172253228549,1.1374284698424082,-1.0898935714956928,0.8287893844386737,1.172278778287358
13662,-0.06536249738525363,0.05960546552681911,0.1649304170888033,0.3222997214104661,-0.08143283167175853,0.7244172253228549,1.0200196418171292,0.020272463335307533,0.30279902210786147,0.17522901833157845
13663,0.8646129485721586,-0.9552142636712971,-1.0689498298768367,-0.9880647720874756,-0.8204247009218442,-1.3804199638603631,1.1374284698424082,-0.8804684638998063,-0.37589821960931563,-0.5798948302215583
13666,-0.3253556328142076,0.05960546552681911,-1.7045508413674757,0.7313152280514421,-0.5108103290212044,0.7244172253228549,0.2568622596528149,0.24631472822622905,0.5403430567088734,-2.6123341216031126
13667,0.5646208692310579,-0.9552142636712971,-0.6918674073595259,-0.9880647720874756,-0.8204247009218442,-1.3804199638603631,1.1374284698424082,-0.6023858094959206,-0.630409685253257,-0.0025132190580743627
13668,-0.8953405835622991,2.555485194733606,1.7216651075041118,1.7311309109516058,1.6261108209084045,0.7244172253228549,-1.416213539707412,1.1704889242366676,1.1851054363401916,0.15800913819826787
13669,-0.4153532566165378,-0.3615827770984007,-0.9559534854036719,-0.24577737114644505,-0.16018772869443282,0.7244172253228549,-0.007307603404062988,0.31489092569627064,-0.6219259697317923,-0.29041867640851443
13670,-0.17535959314365723,-0.9552142636712971,-0.583487292003206,-0.9880647720874756,-0.8204247009218442,-1.3804199638603631,0.6971453647476117,0.07961363014712494,-1.2582046338416457,0.6638440606608972
13672,2.084580737892635,-0.3615827770984007,-1.081914894049931,-0.7608339350647112,0.8679703506073949,0.7244172253228549,1.1374284698424082,-1.9872150515704177,0.9221102551747855,-1.8388420486507444
13673,-0.7353448079137119,-0.3615827770984007,-0.4830287737067674,-0.8895980760442777,2.0359408194478132,0.7244172253228549,-0.9465782276062956,0.6124154527582901,-1.6230044012646285,-1.0438323026296568
13675,0.5846203411871314,-0.3615827770984007,-0.3210356029242875,0.019325272046780154,-0.3130703905466348,0.7244172253228549,1.1374284698424082,-0.601345378176964,0.523375625665944,0.0733764525320122
13678,0.594620077165168,-0.9552142636712971,-0.9066226103478016,-0.9880647720874756,-0.8204247009218442,-1.3804199638603631,1.1374284698424082,-0.6311912844068481,-0.6049585386888628,1.9747569939270373
13680,-0.9153400555183724,0.3863044476016779,1.295314474915679,1.5644949638015784,-0.23156430670342798,0.7244172253228549,-1.4749179537200516,0.865562912211576,0.9814962638250385,1.2601148374408444
13681,-0.7453445438917486,0.3863044476016779,0.10051267950782213,0.04962271698314875,0.4319704248891608,0.7244172253228549,-0.9759304346126154,0.661630700846911,-0.5795073921244688,-0.5919918438892852
13682,0.9446108363964523,-0.9552142636712971,-1.981007679147435,-0.9880647720874756,-0.8204247009218442,-1.3804199638603631,1.1374284698424082,-0.956248416852707,-0.3080284954375979,-2.9307595496538177
13684,1.9345846982220847,-0.9552142636712971,-1.885383484996009,-0.9880647720874756,-0.8204247009218442,-1.3804199638603631,1.1374284698424082,-1.8675470802963856,0.5318593411874087,-1.5018133972619236
13685,-0.8953405835622991,1.074425194724936,1.1548150371014685,-0.5563261817442231,2.36510269015849,0.7244172253228549,-1.416213539707412,0.886694464100248,-1.3854603666636165,1.7024797401805944
13686,0.9046118924843054,-0.9552142636712971,-1.831642961212232,-0.9880647720874756,-0.8204247009218442,-1.3804199638603631,1.1374284698424082,-0.9192183522970849,-0.34196335752345675,-0.8666933714321878
13689,-0.29535642488009756,-0.9552142636712971,0.1756879407655508,-0.9880647720874756,-0.8204247009218442,-1.3804199638603631,0.34491888067177423,0.1992693559128595,-1.3600092200992224,1.3222398397901378
13690,-0.3353553687922443,-0.9552142636712971,-1.1443089851014507,-0.9880647720874756,-0.8204247009218442,-1.3804199638603631,0.22751005264649524,0.22400735762002152,-1.3939440821850813,-0.9144791690972895
13692,-0.6753463920454919,0.05960546552681911,0.5665892059435007,0.6101254483059677,-0.19879225578734452,0.7244172253228549,-0.7704649855683771,0.5915334651764949,0.10767356511417306,1.0732702898248818
13694,-0.8853408475842623,3.786455156566632,3.57008390371343,1.8068745232925272,2.4809927571213994,0.7244172253228549,-1.3868613327010924,2.6003874512226464,1.2784263070763036,2.323201479871251
13695,-0.6153479761772717,2.0892449239230517,0.9801469269743497,0.7388895892855343,1.6668026557058677,0.7244172253228549,-0.5943517435304586,0.7506320821429582,0.3112827376293262,-0.4037843904032024
13697,-0.5353500883529781,-0.9552142636712971,-1.2468062250890175,-0.9880647720874756,-0.8204247009218442,-1.3804199638603631,-0.35953408747990034,0.40779043928556535,-1.5636183926143754,0.150630989740531
13699,0.6246192850992781,-0.9552142636712971,-0.6826692362559089,-0.9880647720874756,-0.8204247009218442,-1.3804199638603631,1.1374284698424082,-0.6575653802751741,-0.5795073921244688,-0.9308774798871711
13700,-0.6653466560674551,1.5406654655354899,0.9004038808327441,1.284243598140169,0.49973549618605567,0.7244172253228549,-0.7411127785620575,0.7103754307181522,0.879691677567462,0.44103300369387644
13703,2.2545762495192587,-0.9552142636712971,-1.5773961184831082,-0.9880647720874756,-0.8204247009218442,-1.3804199638603631,1.1374284698424082,-2.1616204909060226,0.8033382378742796,-2.9307595496538177
13704,-0.8753411116062256,1.4011241767997944,0.915332232702801,-0.3593927896578273,2.5689329462538804,0.7244172253228549,-1.3575091256947727,0.8879371388913655,-1.1479163320626045,0.10694252084121517
13705,-0.8453419036721156,0.05960546552681911,-0.01935856579341122,1.7841514395902507,-0.4417667420889711,0.7244172253228549,-1.2694525046758134,0.7353193555550307,1.2784263070763036,-0.267501382947513
13706,2.1045802098487085,-0.9552142636712971,-0.6275683150225199,-0.9880647720874756,-0.8204247009218442,-1.3804199638603631,1.1374284698424082,-2.019736301611243,0.6760825050523088,0.2228434878122663
13707,1.7445897146393876,-0.3615827770984007,0.0796897164941146,-0.6244954328510525,0.3906037362794947,0.7244172253228549,1.1374284698424082,-1.664041917869747,0.7778870913098854,0.14126394596870173
13708,1.7845886585515343,-0.9552142636712971,-0.713307711154293,-0.9880647720874756,-0.8204247009218442,-1.3804199638603631,1.1374284698424082,-1.7256897606891388,0.404603608365438,0.7539438721166178
13709,-0.8853408475842623,1.8937448980942,1.7172118517594592,1.3675615717151826,0.46333058342975125,0.7244172253228549,-1.3868613327010924,1.0289046365205394,0.7778870913098854,0.6177691901164873
13710,-0.6053482401992349,-0.9552142636712971,-1.1074005940404672,-0.9880647720874756,-0.8204247009218442,-1.3804199638603631,-0.5649995365241388,0.4727127370551165,-1.6230044012646285,0.14439510996113988
13711,1.2646023876936263,-0.3615827770984007,-0.8429878999562449,-0.9880647720874756,-0.8204247009218442,0.7244172253228549,1.1374284698424082,-1.231221182478936,-0.03654959875072707,-0.8666933714321878
13712,1.5445949950786537,-0.9552142636712971,-0.9195273460582664,-0.9880647720874756,-0.8204247009218442,-1.3804199638603631,1.1374284698424082,-1.5058529343948488,0.2009944358502849,0.9084848081895653
13715,1.8845860183319012,0.6532369520997158,0.311272288274182,-0.2987978997850901,0.8947868155332864,0.7244172253228549,1.1374284698424082,-1.7390352905690836,1.2699425915548388,-0.34646245974392725
13716,1.7645891865954608,-0.9552142636712971,-1.317876403681363,-0.9880647720874756,-0.8204247009218442,-1.3804199638603631,1.1374284698424082,-1.7098756235270474,0.3876361773225086,-0.12310755098439373
13717,-0.6053482401992349,0.8789251688960825,0.5431194796480292,1.0267153161810358,0.29502291792247004,0.7244172253228549,-0.5649995365241388,0.5758030442298944,0.6336639274449853,0.8254920134582389
13718,1.5345952591006171,-0.3615827770984007,-0.6879012177743663,-0.6169210716169603,0.37094757345694396,0.7244172253228549,1.1374284698424082,-1.47889896020546,0.6166964964020558,-0.6354039073100276
13719,-0.7753437518258587,0.6532369520997158,0.2830548849967127,0.6707203381787049,0.2694294127513754,0.7244172253228549,-1.063987055631575,0.7092278193346194,0.09070613407124363,-0.2602669406368478
13720,0.24462931793388382,0.3863044476016779,0.07325159965582292,0.0571970782172409,0.4319704248891608,0.7244172253228549,1.1374284698424082,-0.2502522144610464,0.2688641600220026,-0.22959895372055444
13721,-0.5653492962870882,-0.9552142636712971,-0.2624094751776874,-0.9880647720874756,-0.8204247009218442,-1.3804199638603631,-0.4475907084988595,0.4415179822017378,-1.5890695391787697,0.7894233754279658
13722,0.3946253576044342,0.05960546552681911,0.9381966221108909,0.15566377426043881,-0.368404839127154,0.7244172253228549,1.1374284698424082,-0.37900833309967585,0.5064081946230146,1.2206212094734654
13723,1.2446029157375529,-0.9552142636712971,-1.026749829661266,-0.9880647720874756,-0.8204247009218442,-1.3804199638603631,1.1374284698424082,-1.2301384169641285,-0.0535170297936565,-1.3963178252120911
13725,-0.42535299259457454,1.2468684386726134,0.7936906485049995,0.9661204263082988,0.6606597055226227,0.7244172253228549,-0.03665981041038266,0.4518127001919247,0.7269847981810972,-0.4683999712183226
13726,-0.5353500883529781,-0.3615827770984007,0.3115078151494883,-0.5260287368078546,0.1639826223835226,0.7244172253228549,-0.35953408747990034,0.4394751092100184,-1.0376280302835632,1.3541401956206571
13727,-0.6353474481333451,-0.3615827770984007,-0.6211466205850812,-0.957767327151107,4.033364363113035,0.7244172253228549,-0.6530561575430981,0.5193128918316242,-1.606036970221699,-0.7072611283017771
13728,-0.5553495603090515,0.8789251688960825,0.26333251347875647,1.079735844819681,0.26862366472155663,0.7244172253228549,-0.4182385014925398,0.5227448757155568,0.7439522292240266,-0.7721170008929297
13730,0.43462430151658094,-0.3615827770984007,0.02483996417931679,-0.7987057412351719,1.0933813765961526,0.7244172253228549,1.1374284698424082,-0.45889610624620436,-0.5201213834742158,0.504246543797527
13731,1.2646023876936263,-0.3615827770984007,-0.1412123460874766,-0.7835570187669876,1.043392646376342,0.7244172253228549,1.1374284698424082,-1.2253470428014173,0.2009944358502849,-0.11517299562176703
13732,-0.6453471841113817,-0.9552142636712971,-0.3128612704556409,-0.9880647720874756,-0.8204247009218442,-1.3804199638603631,-0.6824083645494178,0.5146396383240315,-1.6569392633504874,1.2916131423119437
13735,-0.6753463920454919,0.3863044476016779,1.0927684541002032,0.5949767258377835,0.06924892719790009,0.7244172253228549,-0.7704649855683771,0.6308950014365348,0.09070613407124363,0.6657979283054001
13736,-0.8753411116062256,-0.3615827770984007,0.0026897075574435552,0.9433973426060223,-0.5429885759289039,0.7244172253228549,-1.3575091256947727,0.7467921781542951,0.3112827376293262,0.52439228009108
13737,1.0746074041109293,-0.9552142636712971,-0.6067270165700656,-0.9880647720874756,-0.8204247009218442,-1.3804199638603631,1.1374284698424082,-1.07134138243046,-0.19774019365855663,-0.2317929400349163
13739,-0.7453445438917486,-0.9552142636712971,-0.9619528166090276,-0.9880647720874756,-0.8204247009218442,-1.3804199638603631,-0.9759304346126154,0.6021978686036885,-1.7417764185651345,-1.1493278746794886
13740,1.4845965792104336,-0.9552142636712971,-0.5811097978286539,-0.9880647720874756,-0.8204247009218442,-1.3804199638603631,1.1374284698424082,-1.4486176686797798,0.15009214272149662,1.1165437871796966
13741,-0.2053588010777673,0.05960546552681911,-0.06934807629366184,0.11021760685588594,0.03830547401167853,0.7244172253228549,0.6090887437286524,0.1454035586266616,-0.0535170297936565,-0.8258826387815001
13742,-0.7553442798697854,1.7852452398084835,1.1577608379961544,1.3069666818424455,0.8920654047594041,0.7244172253228549,-1.0052826416189355,0.8403680659616586,0.820305668917209,-0.5482679433814834
13743,-0.8953405835622991,1.074425194724936,0.48411035051046436,0.9509717038401144,0.5037209372036467,0.7244172253228549,-1.416213539707412,0.8575664120982383,0.30279902210786147,0.5472861968295626
13744,0.0246351264170766,-0.3615827770984007,0.3660392309204056,0.5040843910286776,-0.4668592567494488,0.7244172253228549,1.1374284698424082,-0.07482195289064644,0.582761634316197,1.5417041795767852
13745,0.6946174369455349,-0.9552142636712971,-0.7049156710136489,-0.9880647720874756,-0.8204247009218442,-1.3804199638603631,1.1374284698424082,-0.7221495131967507,-0.5201213834742158,1.2871678924288315
13747,2.814561464289313,-0.9552142636712971,-1.7528799302294436,-0.9880647720874756,-0.8204247009218442,-1.3804199638603631,1.1374284698424082,-2.677500243138192,1.2784263070763036,-3.152875066116799
13748,0.03463486239511329,0.6532369520997158,0.20839689037824927,1.1176076509901416,-0.12085358393430568,0.7244172253228549,1.1374284698424082,-0.038014552093231166,1.2784263070763036,-0.6190800101632015
13750,-0.38535404868242773,0.6532369520997158,0.647230140831672,1.1554794571606024,0.061303711707269816,0.7244172253228549,0.0807490176148963,0.36010328049301066,0.9645288327821091,-0.44206397723822827
13751,1.954584170178158,-0.9552142636712971,-0.7149914476450623,-0.9880647720874756,-0.8204247009218442,-1.3804199638603631,1.1374284698424082,-1.8822074592901483,0.5488267722303382,-0.016888300756974145
13752,0.31462746978014067,0.8789251688960825,0.3863372777824568,-0.06399270152823348,1.1795011209878927,0.7244172253228549,1.1374284698424082,-0.2754170741406925,0.2009944358502849,-0.06116883478578145
13753,1.954584170178158,-0.9552142636712971,0.012781953028254751,-0.9880647720874756,-0.8204247009218442,-1.3804199638603631,1.1374284698424082,-1.874916435113949,0.5488267722303382,1.3222398397901378
13754,0.594620077165168,-0.3615827770984007,-0.7523761458685262,0.2617048315377289,-0.40604545042978635,0.7244172253228549,1.1374284698424082,-0.6138976259100191,0.7948545223528148,-0.40241704528405114
13755,-0.8853408475842623,1.4011241767997944,0.8631267161708945,-0.5411774592760389,2.9312770019953818,0.7244172253228549,-1.3868613327010924,0.8947397650110788,-1.3600092200992224,-0.10381146315329746
13756,-0.9053403195403357,1.9947556633726906,1.5594966390390639,1.7765770783561585,0.7859755225320575,0.7244172253228549,-1.4455657467137322,1.0451381045693082,1.2275240139475152,0.42811117550254263
13758,-0.8053429597599688,1.074425194724936,1.1727346245433325,1.74627963341979,0.18635098673521563,0.7244172253228549,-1.1520436766505342,0.8050026807051686,1.2784263070763036,0.5887147364425847
13759,-0.5953485042211982,-0.3615827770984007,-0.08013652650513031,-0.7078134064260662,0.6310937234007601,0.7244172253228549,-0.5356473295178191,0.4878276494416863,-1.2921394959275048,-0.08015499040005432
13760,-0.38535404868242773,-0.3615827770984007,-0.7407124972396921,0.5419561971991385,-0.47503229368519584,0.7244172253228549,0.0807490176148963,0.28839001800995523,0.27734787554346735,-0.49315079528913364
13761,-0.42535299259457454,-0.3615827770984007,0.3048494476741623,-0.010972172889588442,-0.29887570632002874,0.7244172253228549,-0.03665981041038266,0.3380580107212447,-0.3674145040878509,0.8067455714185984
13762,1.2646023876936263,-0.9552142636712971,-0.6874617485690256,-0.9880647720874756,-0.8204247009218442,-1.3804199638603631,1.1374284698424082,-1.2468000961604093,-0.03654959875072707,0.6240244525017367
13763,-0.29535642488009756,-0.9552142636712971,0.6792417989427245,-0.9880647720874756,-0.8204247009218442,-1.3804199638603631,0.34491888067177423,0.2124577849838326,-1.3600092200992224,1.7111901194472858
13764,-0.215358537055804,0.05960546552681911,0.5842480741735437,1.0267153161810358,-0.3147903976167336,0.7244172253228549,0.5797365367223325,0.16859079591728407,0.9645288327821091,0.7706425942893155
13767,-0.9053403195403357,3.3556663851747497,2.5132785928322803,1.8220232457607115,2.2510162676333954,0.7244172253228549,-1.4455657467137322,1.6211634517611708,1.2784263070763036,0.2734685911754854
13769,-0.9053403195403357,1.5406654655354899,1.0679362051069121,1.7765770783561585,0.4400500387154524,0.7244172253228549,-1.4455657467137322,0.9400332916452355,1.2190402984260504,-0.31098603010763054
13771,-0.28535668890206084,0.3863044476016779,1.020477767109005,0.39046897251729545,-0.11308749703121695,0.7244172253228549,0.3742710876780942,0.2677397343556234,0.2009944358502849,0.9612938108765606
13772,-0.5853487682431616,0.05960546552681911,0.34921301449784115,0.5646792809014148,-0.18281754283021995,0.7244172253228549,-0.5062951225114992,0.5028408174626575,0.14160842720003192,0.18129405122264516
13774,-0.1053614412974004,-0.9552142636712971,-0.5942173950201154,-0.9880647720874756,-0.8204247009218442,-1.3804199638603631,0.9026108137918503,0.015092411615867832,-1.1988186251913928,0.24018377560883675
13777,-0.9153400555183724,3.192823669993736,2.8402191288488674,1.8295976069948037,1.7918424598549054,0.7244172253228549,-1.4749179537200516,1.707942949473838,1.2699425915548388,1.0239639478295384
13778,0.10463301424137013,-0.9552142636712971,-1.115239312756466,-0.9880647720874756,-0.8204247009218442,-1.3804199638603631,1.1374284698424082,-0.18096488205259129,-1.020660599240634,-0.8666933714321878
13780,-0.8553416396501522,-0.3615827770984007,-0.5604447050559583,0.24655610906954462,-0.39902853979542185,0.7244172253228549,-1.298804711682133,0.7222865162731361,-0.44376794378103335,0.032628327179803525
13781,1.5845939389908004,-0.9552142636712971,-1.379839936872057,-0.9880647720874756,-0.8204247009218442,-1.3804199638603631,1.1374284698424082,-1.5443329790398936,0.23492929793614375,-1.7839448940324036
13782,-0.7953432237819321,0.8789251688960825,0.17743195727389124,1.3978590166515512,0.1510383579725636,0.7244172253228549,-1.1226914696442145,0.7419902412050079,0.8881753930889267,-1.0019458986278447
13784,-0.8253424317160422,1.6680566812978321,0.9669137614734915,1.4508795452901961,0.8181020646681779,0.7244172253228549,-1.2107480906631736,0.8773895684016955,0.9221102551747855,0.42288222608957504
13786,2.744563312443056,-0.9552142636712971,-0.9141478134211046,-0.9880647720874756,-0.8204247009218442,-1.3804199638603631,1.1374284698424082,-2.6105853286627028,1.2190402984260504,-0.1391493641385155
13787,-0.16535985716562054,-0.3615827770984007,-0.6814884324620119,1.1933512633310632,-0.5740712728946106,0.7244172253228549,0.7264975717539314,0.0862156029329844,1.1935891518616564,0.09647135931608926
13790,-0.8853408475842623,-0.9552142636712971,-0.5855308165770967,-0.9880647720874756,-0.8204247009218442,-1.3804199638603631,-1.3868613327010924,0.7332473402532548,-1.8605484358656406,1.7411477189023512
13791,0.3546264136922874,-0.3615827770984007,0.5812341733084059,-0.6850903227237897,0.5492446469068906,0.7244172253228549,1.1374284698424082,-0.37273806416287886,-0.46921909034542747,1.4974778147178904
13792,-0.26535721694598746,-0.3615827770984007,-1.043960698640392,0.6858690606468892,-0.5029177679376415,0.7244172253228549,0.4329755016907335,0.1764193505577143,0.5403430567088734,-1.3233112108323308
13798,-0.9153400555183724,3.9747606942536606,3.1247974907026177,1.8144488845266193,3.294240011003618,0.7244172253228549,-1.4749179537200516,2.2864484015144972,1.261458876033374,1.1038445028439694
13799,0.24462931793388382,-0.3615827770984007,-0.04544057401603535,0.3525971663468347,-0.43191774345135114,0.7244172253228549,1.1374284698424082,-0.28502041032687486,0.5997290653591264,0.2906319579677071
13800,2.1745783616949654,-0.9552142636712971,-0.21226216474396017,-0.9880647720874756,-0.8204247009218442,-1.3804199638603631,1.1374284698424082,-2.0804526740841216,0.7354685137025618,0.8405973147528748
13801,-0.25535748096795075,-0.9552142636712971,-0.6420569973415006,-0.9880647720874756,-0.8204247009218442,-1.3804199638603631,0.4623277086970535,0.15285619986331644,-1.3260743580133636,0.09320144339823294
13802,0.46462350945069103,0.05960546552681911,1.4635183142990251,0.3147253601763739,-0.0777385860998323,0.7244172253228549,1.1374284698424082,-0.40701446547165976,0.7524359447454912,1.8919620943645612
13803,1.6245928829029472,-0.9552142636712971,-0.7680365582057529,-0.9880647720874756,-0.8204247009218442,-1.3804199638603631,1.1374284698424082,-1.5787132664219317,0.2688641600220026,-0.267501382947513
13804,-0.6153479761772717,1.074425194724936,1.0208820216357795,0.9736947875423909,0.31921352086275817,0.7244172253228549,-0.5943517435304586,0.6209935081156996,0.5657942032732676,0.35966753981671196
13805,-0.4053535206385011,-0.3615827770984007,0.18833217929689522,-0.4124133182964723,0.00027621515309949766,0.7244172253228549,0.02204460360225668,0.31725250142082084,-0.8000839956825513,2.0054396718189875
13806,-0.28535668890206084,-0.9552142636712971,-0.829526362249189,-0.9880647720874756,-0.8204247009218442,-1.3804199638603631,0.3742710876780942,0.17935415843758648,-1.3515255045777577,-1.1097927529919047
13807,2.744563312443056,-0.9552142636712971,-1.4799548942421392,-0.9880647720874756,-0.8204247009218442,-1.3804199638603631,1.1374284698424082,-2.6125153586574363,1.2190402984260504,-1.588106356021621
13808,-0.8653413756281889,0.6532369520997158,0.6942542047891057,-0.2987978997850901,1.2773237179271506,0.7244172253228549,-1.3281569186884528,0.8036514109521719,-1.071562892369422,0.014494015406926653
13809,2.1245796818047817,-0.9552142636712971,-1.2274618821340986,-0.9880647720874756,-0.8204247009218442,-1.3804199638603631,1.1374284698424082,-2.041028250559745,0.6930499360952382,-1.8202388253126285
13810,-0.6353474481333451,0.05960546552681911,0.5722770928376759,-0.7835570187669876,0.9960600277420028,0.7244172253228549,-0.6530561575430981,0.5548833445561683,-1.4193952287494753,-0.4335984236724724
13811,0.9146116284623421,0.05960546552681911,0.08761843388807597,-0.5714749042124074,0.9960600277420028,0.7244172253228549,1.1374284698424082,-0.8833106599707743,0.13312471167856718,-2.08270966782321
13812,-0.505350880418868,0.05960546552681911,-0.24021803184248708,-0.5108800143396702,0.8484220205059414,0.7244172253228549,-0.2714774664609409,0.41947247153555695,-1.0036931681977044,-0.36216294615436906
13813,-0.5253503523749414,0.3863044476016779,0.49893376229291647,-0.2685004548487215,0.8420097954985473,0.7244172253228549,-0.33018188047358055,0.46792318645481584,-0.749181702553763,-0.12310755098439373
13814,-0.0053640815170334765,-0.3615827770984007,0.613654273501974,-0.6547928777874211,0.45375531580085143,0.7244172253228549,1.1374284698424082,-0.04027652290030644,-0.7322142715108336,1.1345839074265778
13815,-0.7053455999796019,0.3863044476016779,1.3579156354625823,1.2539461532038003,-0.15822876043681244,0.7244172253228549,-0.8585216065873364,0.6772263938802828,0.8118219533957443,1.56879817958099
13816,-0.6853461280235285,-0.3615827770984007,-0.193503407343508,-0.6850903227237897,0.5492446469068906,0.7244172253228549,-0.799817192574697,0.5692469676516,-1.3515255045777577,-0.15133516501466346
13817,-0.6353474481333451,-0.3615827770984007,-0.5113885523265866,1.4508795452901961,-0.5982285556410496,0.7244172253228549,-0.6530561575430981,0.5201238976443522,1.0917845656040799,-0.4178979372620306
13819,2.0945804738706717,0.05960546552681911,0.35496128029889623,-0.8517262698738169,2.8371392581097434,0.7244172253228549,1.1374284698424082,-1.964317268654152,0.820305668917209,0.9625387392871743
13821,0.5246219253189112,-0.3615827770984007,-0.5058983501056202,-0.10943886893278637,-0.25106678411644084,0.7244172253228549,1.1374284698424082,-0.5477652091641445,0.3282501686722556,-0.7697340812789379
13822,-0.8653413756281889,-0.3615827770984007,-0.11384841671499389,-0.7305364901283425,0.7236783201912479,0.7244172253228549,-1.3281569186884528,0.7359491046916176,-1.5551346770929109,0.7521396895929678
13823,-0.7353448079137119,-0.3615827770984007,0.21624166582217103,-0.4427107632328409,0.03830547401167853,0.7244172253228549,-0.9465782276062956,0.6216025921406915,-1.1139814699767456,0.3876265993843767
13824,-0.5953485042211982,0.6532369520997158,0.6717823661864704,1.1100332897560496,0.07462662418760052,0.7244172253228549,-0.5356473295178191,0.5542826451462218,0.7354685137025618,-0.005373338823105411
13826,0.8346137406380486,-0.9552142636712971,-1.068824580453932,-0.9880647720874756,-0.8204247009218442,-1.3804199638603631,1.1374284698424082,-0.8528490235501578,-0.40134936617370975,-0.6938444096888514
13827,-0.345355104770281,0.05960546552681911,-0.45335110440733867,-0.34424406718964295,0.49973549618605567,0.7244172253228549,0.19815784564017558,0.2700914679132809,-0.6813119783820453,-1.300007913624368
13828,-0.7053455999796019,-0.9552142636712971,-0.9894676861634043,-0.9880647720874756,-0.8204247009218442,-1.3804199638603631,-0.8585216065873364,0.565251198383152,-1.7078415564792757,0.7718257753033072
13831,-0.7653440158478221,0.8789251688960825,0.8782955289992926,1.6856847435470528,0.06288126315601825,0.7244172253228549,-1.0346348486252552,0.7355228154886438,1.2444914449904447,-0.23913779600522989
13832,-0.7353448079137119,-0.9552142636712971,-2.083267602667278,-0.9880647720874756,-0.8204247009218442,-1.3804199638603631,-0.9465782276062956,0.5902931148043495,-1.7332927030436698,-1.8577632911644981
13833,0.6646182290114249,-0.9552142636712971,-0.5076280069824373,-0.9880647720874756,-0.8204247009218442,-1.3804199638603631,1.1374284698424082,-0.6931418602710948,-0.5455725300386098,-0.2950596296779965
13835,-0.6753463920454919,0.3863044476016779,0.10695362789631474,0.4510638623900326,0.14679986221316918,0.7244172253228549,-0.7704649855683771,0.5972969147701516,-0.07048446083658592,-0.3671153738042022
13837,1.1946042358473694,-0.3615827770984007,-0.7848874408532545,-0.1927568425078,-0.19879225578734452,0.7244172253228549,1.1374284698424082,-1.1664627242675125,0.8033382378742796,-0.5738955432681545
13838,-0.8653413756281889,0.3863044476016779,-0.04213889868434767,1.7690027171220666,-0.43983717275454787,0.7244172253228549,-1.3281569186884528,0.7698766397846976,1.2444914449904447,-0.935015300531038
13841,1.6045934109468738,-0.9552142636712971,-1.7013076685281472,-0.9880647720874756,-0.8204247009218442,-1.3804199638603631,1.1374284698424082,-1.5634475002608903,0.25189672897907317,-0.4765889042531565
13842,-0.3353553687922443,1.4011241767997944,1.2199146311222293,1.344838488012906,0.6167610609765756,0.7244172253228549,0.22751005264649524,0.40845075535935943,1.2190402984260504,0.2653838562864153
13844,-0.8153426957380054,-0.9552142636712971,-0.5569059110332143,-0.9880647720874756,-0.8204247009218442,-1.3804199638603631,-1.1813958836568539,0.669013168627836,-1.8011624272153874,0.26288950991657967
13845,-0.2753569529240241,-0.9552142636712971,-0.6714457729241944,-0.9880647720874756,-0.8204247009218442,-1.3804199638603631,0.4036232946844138,0.17107517405959322,-1.343041789056293,0.18129405122264516
13846,-0.6753463920454919,0.05960546552681911,0.1354561985573694,1.5493462413333943,-0.410594702382436,0.7244172253228549,-0.7704649855683771,0.5813220008766855,1.1596542897757975,-0.19436608569448124
13848,-0.0053640815170334765,0.05960546552681911,0.43108487562420433,1.079735844819681,-0.3265104346704111,0.7244172253228549,1.1374284698424082,-0.029112429952116835,1.210556582904586,2.2940795170422703
13849,-0.4053535206385011,-0.3615827770984007,0.5926587733475943,-0.08671578523050993,-0.25963698376611755,0.7244172253228549,0.02204460360225668,0.32730160071852654,-0.44376794378103335,1.3135754845250822
13850,0.3646261496703241,-0.9552142636712971,0.6218458947413714,-0.9880647720874756,-0.8204247009218442,-1.3804199638603631,1.1374284698424082,-0.3971166443380724,-0.8000839956825513,1.998434169109571
13851,0.03463486239511329,0.05960546552681911,1.0255941968236644,0.4662125848582169,-0.14520477786482414,0.7244172253228549,1.1374284698424082,-0.04305815612590907,0.5488267722303382,1.437564446743349
13853,-0.3553548407483177,-0.9552142636712971,0.3191830218557118,-0.9880647720874756,-0.8204247009218442,-1.3804199638603631,0.16880563863385561,0.25745865937490187,-1.4109115132280106,0.775367748672009
13854,-0.8353421676940789,2.8000649690066,1.9144485264630327,1.7084078272493293,1.9338384008462302,0.7244172253228549,-1.2401002976694935,1.2097541093715287,1.210556582904586,-0.56983452274974
13856,0.7646155887917918,0.05960546552681911,-0.5000373303083382,-0.7305364901283425,1.6702598345742319,0.7244172253228549,1.1374284698424082,-0.7521954809921096,-0.17228904709416248,0.07115159603780963
13858,-0.3553548407483177,-0.9552142636712971,-0.9646215757854515,-0.9880647720874756,-0.8204247009218442,-1.3804199638603631,0.16880563863385561,0.2431395735132954,-1.4109115132280106,-0.7913673249411993
13859,2.3345741373435525,-0.9552142636712971,-1.0215796901949104,-0.9880647720874756,-0.8204247009218442,-1.3804199638603631,1.1374284698424082,-2.2336054281740343,0.8712079620459973,-0.19720057055511253
13860,-0.9153400555183724,0.6532369520997158,0.42530198386566087,-0.34424406718964295,0.9808350314141011,0.7244172253228549,-1.4749179537200516,0.8414621786685583,-1.1564000475840692,-0.2932009126447496
13862,-0.7453445438917486,1.2468684386726134,0.8805907167927978,1.390284655417459,0.45693081483472453,0.7244172253228549,-0.9759304346126154,0.7501634701455773,0.9221102551747855,0.34411413542538216
13863,1.5545947310566903,-0.9552142636712971,-0.6898948015214419,-0.9880647720874756,-0.8204247009218442,-1.3804199638603631,1.1374284698424082,-1.5137986691116123,0.2094781513717496,0.4099882838318583
13865,-0.345355104770281,0.3863044476016779,-0.2973615318238983,0.7616126729878108,0.00027621515309949766,0.7244172253228549,0.19815784564017558,0.2880324565042689,0.5657942032732676,-1.2114113833085771
13866,-0.18535932912169392,-0.9552142636712971,-1.2767617809881064,-0.9880647720874756,-0.8204247009218442,-1.3804199638603631,0.6677931577412918,0.08547712791965494,-1.2666883493631105,-1.0905424289436352
13867,-0.6153479761772717,0.05960546552681911,0.2626676461687468,0.42076641745366405,-0.12629652586992432,0.7244172253228549,-0.5943517435304586,0.5285454648964775,-0.04503331427219179,0.1126775892841099
13868,-0.8553416396501522,-0.3615827770984007,1.1732303387015741,-0.753259573830619,0.8679703506073949,0.7244172253228549,-1.298804711682133,0.7686945626312197,-1.5636183926143754,2.0420714570164287
13869,0.30462773380210395,0.3863044476016779,1.1511135341044634,0.776761395455995,-0.00870598452150238,0.7244172253228549,1.1374284698424082,-0.2677242747769815,1.1342031432114035,1.1301013672346676
13870,-0.9053403195403357,1.2468684386726134,1.0606337864857167,1.1706281796287867,0.23433004156147158,0.7244172253228549,-1.4455657467137322,0.9066654324827162,0.5488267722303382,0.077536043046232
13871,-0.6953458640015652,1.8937448980942,1.7266053460189577,1.178202540862879,1.0933813765961526,0.7244172253228549,-0.8291693995810168,0.8552167007348229,0.7269847981810972,0.36913135863741964
13873,0.2746285258679939,0.05960546552681911,-0.49779454371742127,0.4510638623900326,-0.13588201477463924,0.7244172253228549,1.1374284698424082,-0.3010679610681557,0.7354685137025618,-1.3077212948963024
13874,2.654565688640726,-0.9552142636712971,-0.23808544329158243,-0.9880647720874756,-0.8204247009218442,-1.3804199638603631,1.1374284698424082,-2.522648636670063,1.142686858732868,0.16913056911273133
13875,-0.38535404868242773,0.6532369520997158,0.7118539064449276,0.8828024527332851,0.1639826223835226,0.7244172253228549,0.0807490176148963,0.3623893338475541,0.6591150740093794,0.5877575505797181
13876,-0.28535668890206084,-0.9552142636712971,-1.4122170541749417,-0.9880647720874756,-0.8204247009218442,-1.3804199638603631,0.3742710876780942,0.17716395122454823,-1.3515255045777577,-1.588106356021621
13877,-0.06536249738525363,-0.9552142636712971,-1.448117840966373,-0.9880647720874756,-0.8204247009218442,-1.3804199638603631,1.0200196418171292,-0.0254644632679921,-1.164883763105534,-0.3922154455737557
13878,-0.37535431270439107,-0.9552142636712971,0.44770812874217725,-0.9880647720874756,-0.8204247009218442,-1.3804199638603631,0.11010122462121627,0.27900701723187193,-1.42787894427094,1.2393820947637306
13880,-0.7153453359576386,1.8937448980942,1.179982542792982,1.6250898536743157,0.6183392001908397,0.7244172253228549,-0.8878738135936562,0.8214713376382637,1.2190402984260504,-0.09408920132953384
13881,-0.8853408475842623,2.487376384667096,2.5104640666421942,1.344838488012906,1.4259497496174376,0.7244172253228549,-1.3868613327010924,1.3216881873302402,0.7524359447454912,1.308999401543514
13882,-0.8953405835622991,0.6532369520997158,0.3895793173685717,-0.5260287368078546,1.8656761992153361,0.7244172253228549,-1.416213539707412,0.8221521968547157,-1.3515255045777577,0.23212543514609701
13883,-0.8153426957380054,0.6532369520997158,1.0324663677385706,0.8449306465628244,-0.2699921719786716,0.7244172253228549,-1.1813958836568539,0.7728048074935223,0.25189672897907317,0.6839976349754687
13884,-0.8553416396501522,0.6532369520997158,0.060943287447532836,1.1024589285219575,-0.11643697269797193,0.7244172253228549,-1.298804711682133,0.778715514057662,0.5064081946230146,-1.0347222451683766
13885,0.9646103083525256,-0.3615827770984007,-0.28911247505465304,-0.904746798512462,2.4613391755682144,0.7244172253228549,1.1374284698424082,-0.9508580452654842,-0.18925647813709193,-0.5798948302215583
13886,-0.215358537055804,-0.9552142636712971,-0.8701590861258038,-0.9880647720874756,-0.8204247009218442,-1.3804199638603631,0.5797365367223325,0.11469990218513168,-1.2921394959275048,-0.22304296772375637
13887,1.114606348023076,-0.9552142636712971,-0.583827514985544,-0.9880647720874756,-0.8204247009218442,-1.3804199638603631,1.1374284698424082,-1.1080036271780866,-0.16380533157269778,-0.053664631579894
13888,0.2746285258679939,-0.3615827770984007,-0.14768829787587037,-0.24577737114644505,-0.16018772869443282,0.7244172253228549,1.1374284698424082,-0.3140029958001376,-0.04503331427219179,-0.19720057055511253
13889,0.004635654461003215,-0.9552142636712971,-0.44406749127900425,-0.9880647720874756,-0.8204247009218442,-1.3804199638603631,1.1374284698424082,-0.08499906100810208,-1.1054977544552809,-0.06116883478578145
13890,-0.9153400555183724,1.5406654655354899,0.7538814448775926,1.7159821884834214,0.4621256396092955,0.7244172253228549,-1.4749179537200516,0.9342859714519962,1.1511705742543328,-0.6792714606253466
13892,-0.6553469200894184,0.3863044476016779,-0.1126306874498403,0.6707203381787049,0.03500096371929182,0.7244172253228549,-0.7117605715557376,0.5755812767243336,0.2009944358502849,0.5121246249779849
13893,2.054581529958525,-0.9552142636712971,0.09402881297862184,-0.9880647720874756,-0.8204247009218442,-1.3804199638603631,1.1374284698424082,-1.9656715028517748,0.6336639274449853,0.2286538199639716
13894,-0.6853461280235285,0.05960546552681911,-0.20335455900996535,1.178202540862879,-0.5724371131203488,0.7244172253228549,-0.799817192574697,0.5856059214693152,0.7354685137025618,-0.2950596296779965
13895,-0.6453471841113817,0.3863044476016779,1.007891904744569,0.0420483557490566,0.4464081701229601,0.7244172253228549,-0.6824083645494178,0.598489152235771,-0.4946702369098216,0.8742532224138742
13897,-0.42535299259457454,-0.9552142636712971,-0.6760690127007634,-0.9880647720874756,-0.8204247009218442,-1.3804199638603631,-0.03665981041038266,0.3091400994148789,-1.4702975218782637,0.2851388165038507
13898,2.3345741373435525,-0.9552142636712971,-1.222989772042664,-0.9880647720874756,-0.8204247009218442,-1.3804199638603631,1.1374284698424082,-2.234346474495441,0.8712079620459973,-0.16365661766630746
13899,-0.7653440158478221,-0.3615827770984007,-0.49999649586458766,0.9661204263082988,-0.5460435109760708,0.7244172253228549,-1.0346348486252552,0.6398967763604375,0.4385384704512969,-0.7485155580311258
13900,0.9046118924843054,0.05960546552681911,0.012449743868631343,-0.3896902345941959,0.5889504506241978,0.7244172253228549,1.1374284698424082,-0.8753093836438047,0.3367338841937203,-0.0814323889644429
13901,-0.2053588010777673,0.6532369520997158,1.0877821341065423,0.8752280914991929,0.17058668807401725,0.7244172253228549,0.6090887437286524,0.21437703056129148,0.8118219533957443,0.8952363283353684
13904,-0.5553495603090515,-0.3615827770984007,-0.6231463456872108,0.9585460650742066,-0.5450327097488737,0.7244172253228549,-0.4182385014925398,0.4456485990928132,0.6082127808805912,0.08002431475699087
13908,-0.1253609132534738,0.3863044476016779,0.9362331374164495,0.49651002979458553,0.11814710632416218,0.7244172253228549,0.8439063997792103,0.1160985640289891,0.4555059014942263,0.9620409359357699
13911,-0.3553548407483177,1.4011241767997944,1.0041552149992716,0.9130998976696537,0.8532649579640345,0.7244172253228549,0.16880563863385561,0.4136790548313218,0.7185010826596324,0.7446914424954973
13914,-0.8053429597599688,-0.3615827770984007,-0.12085192139269535,-0.8062801024692641,1.1462671913280684,0.7244172253228549,-1.1520436766505342,0.6806202760749106,-1.5890695391787697,0.2286538199639716
13917,-0.42535299259457454,-0.3615827770984007,-0.7825538968987608,0.07992016191951734,-0.34233827758129587,0.7244172253228549,-0.03665981041038266,0.32497361976968153,-0.2656099178302743,-0.3329048796889562
13918,-0.42535299259457454,-0.3615827770984007,0.4039317877337172,0.5495305584332305,-0.4781965135110471,0.7244172253228549,-0.03665981041038266,0.3403876453982487,0.25189672897907317,1.4407999525058197
13919,-0.3353553687922443,-0.3615827770984007,-0.5076073936879195,-0.5184543755737624,0.1639826223835226,0.7244172253228549,0.22751005264649524,0.24396439197375894,-0.8594700043328043,0.4721612325428671
13922,2.594567272772506,-0.9552142636712971,-1.1443089851014507,-0.9880647720874756,-0.8204247009218442,-1.3804199638603631,1.1374284698424082,-2.473443311538345,1.0917845656040799,-0.5560903486114662
13923,-0.38535404868242773,-0.9552142636712971,-0.5802511199608004,-0.9880647720874756,-0.8204247009218442,-1.3804199638603631,0.0807490176148963,0.27296970102074786,-1.4363626597924049,0.19929226457948176
13924,-0.9053403195403357,0.8789251688960825,0.734681233147253,-0.4578594857010252,2.011871599356359,0.7244172253228549,-1.4455657467137322,0.8584451896968894,-1.28365578040604,0.5848210091065588
13925,0.004635654461003215,0.3863044476016779,-0.05776682456953583,-0.6699416002556053,1.392823709581291,0.7244172253228549,1.1374284698424082,-0.031293732037875506,-0.749181702553763,-0.683887529354569
13926,-0.6953458640015652,-0.9552142636712971,-0.9369834707271772,-0.9880647720874756,-0.8204247009218442,-1.3804199638603631,-0.8291693995810168,0.556280155711632,-1.699357840957811,-0.4335984236724724
13927,-0.17535959314365723,-0.9552142636712971,-0.5850989683556603,-0.9880647720874756,-0.8204247009218442,-1.3804199638603631,0.6971453647476117,0.07960199753849753,-1.2582046338416457,0.35966753981671196
13928,-0.8153426957380054,0.3863044476016779,-0.35816206313555526,-0.06399270152823348,0.5492446469068906,0.7244172253228549,-1.1813958836568539,0.7201232789973351,-0.7661491335966925,-1.7063895099636335
13929,0.7646155887917918,-0.3615827770984007,0.1146069919132449,0.20110994166499171,-0.3842549206225785,0.7244172253228549,1.1374284698424082,-0.7612291681659767,0.8712079620459973,-0.8435524784110331
13930,-0.345355104770281,-0.3615827770984007,-0.6120215037732794,-0.397264595828288,-0.017492024441169523,0.7244172253228549,0.19815784564017558,0.25239296186832233,-0.7322142715108336,-0.13109939605140009
13931,0.03463486239511329,-0.3615827770984007,0.4199456107764881,0.4131920562195719,-0.44556766344040233,0.7244172253228549,1.1374284698424082,-0.08269838347432235,0.48944076358008515,0.940928415387531
13932,2.024582322024415,-0.9552142636712971,-0.6857062962488353,-0.9880647720874756,-0.8204247009218442,-1.3804199638603631,1.1374284698424082,-1.9464689921217737,0.6082127808805912,-0.83594512383904
13933,0.16463143010959028,-0.3615827770984007,-0.14355639824604438,-0.6926646839578818,0.602716236965679,0.7244172253228549,1.1374284698424082,-0.2126817434528684,-0.6388934007747217,-0.4495248241021065
13934,1.7145905067052774,-0.9552142636712971,0.1861812849012022,-0.9880647720874756,-0.8204247009218442,-1.3804199638603631,1.1374284698424082,-1.651001969897,0.345217599715185,1.0216502106965406
13936,0.8746126845501954,-0.9552142636712971,-0.5247554717084583,-0.9880647720874756,-0.8204247009218442,-1.3804199638603631,1.1374284698424082,-0.8866091782046865,-0.3674145040878509,0.8372583507331147
13937,0.7646155887917918,-0.9552142636712971,-1.2083281286070502,-0.9880647720874756,-0.8204247009218442,-1.3804199638603631,1.1374284698424082,-0.7889069778568797,-0.46073537482396276,-0.2495031695906764
13938,-0.5753490322651249,-0.9552142636712971,-1.8353556167411171,-0.9880647720874756,-0.8204247009218442,-1.3804199638603631,-0.4769429155051793,0.44331088615260816,-1.5975532547002345,-0.8666933714321878
13939,-0.6953458640015652,0.05960546552681911,-0.19784802106663898,1.1933512633310632,-0.348388132970591,0.7244172253228549,-0.8291693995810168,0.5948766266926498,0.7524359447454912,0.6651470222394835
13940,-0.7553442798697854,0.3863044476016779,0.11129136943391149,-0.03369525659186489,0.5158264292320924,0.7244172253228549,-1.0052826416189355,0.671022319664144,-0.6728282628605806,-0.19720057055511253
13941,-0.7053455999796019,0.6532369520997158,1.5476790443348076,1.6629616598447763,-0.08690530897484398,0.7244172253228549,-0.8585216065873364,0.7114872770167198,1.2699425915548388,1.2342544700681526
13946,-0.13536064923151048,0.05960546552681911,-0.20765451397667373,0.4359151399218483,-0.12952156724608394,0.7244172253228549,0.8145541927728907,0.0792085551695817,0.3791524618010439,-0.04868994575349682
13947,-0.2753569529240241,-0.9552142636712971,-1.6511387991166524,-0.9880647720874756,-0.8204247009218442,-1.3804199638603631,0.4036232946844138,0.16743170996596934,-1.343041789056293,-1.3714433911424704
13948,2.684564896574836,-0.9552142636712971,-1.5578553022531725,-0.9880647720874756,-0.8204247009218442,-1.3804199638603631,1.1374284698424082,-2.557451130927105,1.1681380052972623,-1.4744819905226407
13949,-0.8953405835622991,0.8789251688960825,0.9553814107717791,-0.2987978997850901,1.5919877969051017,0.7244172253228549,-1.416213539707412,0.8588803398969846,-1.0885303234123516,1.0831330712134946
13950,-0.8153426957380054,0.3863044476016779,0.016842957598952945,0.7919101179241793,-0.011656137620248683,0.7244172253228549,-1.1813958836568539,0.7247188147632325,0.2009944358502849,-0.7106408736244622
13951,0.8346137406380486,0.05960546552681911,-0.06222838583128931,-0.09429014646460207,0.20500161250864615,0.7244172253228549,1.1374284698424082,-0.8119547027664118,0.5997290653591264,-0.009677423571934109
13952,1.2546026517155897,-0.3615827770984007,1.187674058204147,-0.8365775474056326,1.392823709581291,0.7244172253228549,1.1374284698424082,-1.1728792024962114,0.13312471167856718,1.6920463400491468
13953,-0.8553416396501522,1.074425194724936,1.249884417774356,1.6250898536743157,0.22683948291662093,0.7244172253228549,-1.298804711682133,0.8563611776435005,1.1002682811255444,1.0192210969201665
13954,-0.9053403195403357,-0.3615827770984007,-0.40142402820484596,-0.46543384693511736,0.08007043724803801,0.7244172253228549,-1.4455657467137322,0.7696273395670828,-1.2921394959275048,-0.7913673249411993
13955,0.6146195491212414,-0.3615827770984007,-0.6465611309792197,0.15566377426043881,-0.368404839127154,0.7244172253228549,1.1374284698424082,-0.6316490020074015,0.701533651616703,-0.76261594913842
13956,-0.8753411116062256,0.6532369520997158,0.2713297910575258,1.0267153161810358,0.10832577057978753,0.7244172253228549,-1.3575091256947727,0.8010409629388278,0.404603608365438,-0.49649312012327845
13959,-0.13536064923151048,0.05960546552681911,-0.15748891631413003,1.1554794571606024,-0.3408014303817346,0.7244172253228549,0.8145541927728907,0.07980869947099993,1.1766217208187268,-0.2857971008709019
13960,-0.7153453359576386,-0.3615827770984007,-0.9147666747970045,-0.6093467103828681,0.35193080418570905,0.7244172253228549,-0.8878738135936562,0.5912716147703355,-1.28365578040604,-0.8512124794542093
13962,-0.7053455999796019,-0.3615827770984007,-1.1568004127358775,0.7010177831150736,-0.5069137792922854,0.7244172253228549,-0.8585216065873364,0.5810712838941885,0.1925107203288202,-1.383810734701196
13963,2.154578889738892,0.3863044476016779,-0.0739828077996468,-0.5411774592760389,1.4903670926131558,0.7244172253228549,1.1374284698424082,-2.010876355625134,1.2275240139475152,-0.3233215667227715
13967,0.5346216612969479,-0.9552142636712971,-1.7420997487737784,-0.9880647720874756,-0.8204247009218442,-1.3804199638603631,1.1374284698424082,-0.5784421096328466,-0.6558608318176512,-1.4217641351576178
13969,-0.8553416396501522,2.3408466559766334,2.0020464418850787,1.7159821884834214,1.3009863764892802,0.7244172253228549,-1.298804711682133,1.1283188525307573,1.2020728673831211,0.5412689158629717
13971,-0.7353448079137119,1.2468684386726134,1.0569875409707283,1.0267153161810358,0.6269687776050327,0.7244172253228549,-0.9465782276062956,0.749950307214165,0.5318593411874087,0.44151123473747583
13972,-0.215358537055804,-0.3615827770984007,-1.0656997386767841,0.004176549578595856,-0.3060713096202348,0.7244172253228549,0.5797365367223325,0.13030093420695216,-0.1807727626156272,-0.5502183680856217
13973,1.9445844342001213,-0.9552142636712971,-0.8042253966759001,-0.9880647720874756,-0.8204247009218442,-1.3804199638603631,1.1374284698424082,-1.8735180568190464,0.5403430567088734,-0.3821070124586251
13974,-0.4353527285726112,-0.9552142636712971,-0.4503915590121838,-0.9880647720874756,-0.8204247009218442,-1.3804199638603631,-0.06601201741670262,0.3200246242857629,-1.4787812373997284,0.5266082282450076
13975,-0.6153479761772717,0.8789251688960825,0.9871476964011945,0.8676537302651008,0.17392250154908412,0.7244172253228549,-0.5943517435304586,0.6027248404084591,0.4555059014942263,0.6896162548228771
13976,1.144605555957186,-0.9552142636712971,-0.5649292252086052,-0.9880647720874756,-0.8204247009218442,-1.3804199638603631,1.1374284698424082,-1.1354844592615592,-0.13835418500830363,-0.0025132190580743627
13978,-0.7753437518258587,-0.3615827770984007,-1.0389592301130215,-0.7608339350647112,0.8679703506073949,0.7244172253228549,-1.063987055631575,0.6459617967894632,-1.5127160994855873,0.02220251320710219
13979,-0.1953590650997306,-0.9552142636712971,0.13986082544973746,-0.9880647720874756,-0.8204247009218442,-1.3804199638603631,0.6384409507349721,0.10654870499618636,-1.2751720648845752,1.5670700516215306
13980,-0.3253556328142076,-0.9552142636712971,-1.0256023946969925,-0.9880647720874756,-0.8204247009218442,-1.3804199638603631,0.2568622596528149,0.2152579898706464,-1.3854603666636165,0.11909422020017577
13982,-0.5353500883529781,0.3863044476016779,0.7488020132418399,1.4811769902265648,-0.21233139245273958,0.7244172253228549,-0.35953408747990034,0.485402581219419,1.2020728673831211,0.6716389219824245
13983,-0.6253477121553084,1.7852452398084835,1.0110616731906445,1.5644949638015784,0.6473676762665354,0.7244172253228549,-0.6237039505367783,0.7120419431135651,1.2190402984260504,-0.49222416004607056
13984,-0.6553469200894184,0.6532369520997158,0.1848102834042839,1.5796436862697627,-0.06642915242436435,0.7244172253228549,-0.7117605715557376,0.5967667800849047,1.210556582904586,-0.14076640713348504
13985,-0.8853408475842623,2.0892449239230517,1.8042582217494978,0.981269148776483,1.5776752377837435,0.7244172253228549,-1.3868613327010924,1.0738479243042727,0.345217599715185,0.4375196482508812
13986,-0.7553442798697854,-0.9552142636712971,-0.6527220431482746,-0.9880647720874756,-0.8204247009218442,-1.3804199638603631,-1.0052826416189355,0.6131009073446411,-1.750260134086599,1.1294595198793702
13988,-0.7253450719356752,0.8789251688960825,1.3813748280565719,0.7843357566900871,0.4109327335165717,0.7244172253228549,-0.9172260205999759,0.7305638529176629,0.2688641600220026,1.31212480838926
13989,-0.26535721694598746,-0.3615827770984007,0.4380697208459085,0.3222997214104661,-0.42366101908255605,0.7244172253228549,0.4329755016907335,0.19395886677385962,0.13312471167856718,1.596929512143136
13990,1.2046039718254062,-0.9552142636712971,-0.6757124230997087,-0.9880647720874756,-0.8204247009218442,-1.3804199638603631,1.1374284698424082,-1.1914871599808416,-0.08745189187951535,0.2286538199639716
13991,-0.8053429597599688,0.8789251688960825,0.1270650708842073,0.004176549578595856,0.8015430959795801,0.7244172253228549,-1.1520436766505342,0.7502785644378149,-0.6813119783820453,0.08223142562427743
13992,-0.6253477121553084,-0.9552142636712971,-1.7809985079992856,-0.9880647720874756,-0.8204247009218442,-1.3804199638603631,-0.6237039505367783,0.48942668107044024,-1.6399718323075578,-0.9644214327759761
13993,-0.49535114444083134,1.4011241767997944,1.2386521143926637,1.185776902096971,0.6914926587352195,0.7244172253228549,-0.24212525945462107,0.5570746563835312,0.9136265396533209,-0.4765889042531565
13994,-0.8853408475842623,0.8789251688960825,0.9170799309931991,0.10264324562179379,0.9511694192575065,0.7244172253228549,-1.3868613327010924,0.847803303545302,-0.6388934007747217,0.01636767769638767
13995,-0.7753437518258587,0.6532369520997158,0.5143816618376749,0.7540383117537186,0.22683948291662093,0.7244172253228549,-1.063987055631575,0.7149951356202404,0.1925107203288202,0.14314370707691856
13999,-0.8253424317160422,1.7852452398084835,1.3327353300035067,1.6705360210788684,0.8327735742377339,0.7244172253228549,-1.2107480906631736,0.9174408692014493,1.1766217208187268,0.21063977286396432
14000,1.1846044998693328,-0.9552142636712971,-0.10926340862202141,-0.9880647720874756,-0.8204247009218442,-1.3804199638603631,1.1374284698424082,-1.167760227519459,-0.10441932292244478,1.6835170347509167
14001,-0.4653519365067213,0.05960546552681911,0.8183944739848366,1.488751351460657,-0.40139382823092007,0.7244172253228549,-0.15406863843566193,0.40728998668632377,1.2699425915548388,0.8055991541921442
14002,0.41462482956050756,-0.3615827770984007,-0.25398872718039683,-0.8214288249374483,1.3252218984526802,0.7244172253228549,1.1374284698424082,-0.4441349659241946,-0.571023676603004,1.1510761948114832
14004,-0.49535114444083134,1.074425194724936,1.4606122649618876,0.8676537302651008,0.5535427883854908,0.7244172253228549,-0.24212525945462107,0.5424148171657184,0.5573104877518029,0.9962885411289703
14005,-0.8253424317160422,0.6532369520997158,1.089864490026967,0.572253642135507,0.32453676754498967,0.7244172253228549,-1.2107480906631736,0.7852918470824447,-0.06200074531512122,1.2862766961381806
14006,0.23462958195584713,0.05960546552681911,0.21999074639462715,0.49651002979458553,-0.1572448848488087,0.7244172253228549,1.1374284698424082,-0.2548614067014106,0.7524359447454912,0.35795013724844016
14009,1.0546079321548558,-0.3615827770984007,-0.03769699056524133,-0.9350442434488305,3.332694330994623,0.7244172253228549,1.1374284698424082,-1.0306214370614122,-0.15532161605123307,0.18431415059479042
14012,1.8545868103977912,-0.9552142636712971,-0.6323525302583367,-0.9880647720874756,-0.8204247009218442,-1.3804199638603631,1.1374284698424082,-1.7896109987585356,0.463989617015691,0.03952470919773476
14013,0.17463116608762697,0.05960546552681911,-0.3438574773140278,0.2617048315377289,-0.04678846705537168,0.7244172253228549,1.1374284698424082,-0.2076380487043528,0.4470221859727616,-0.0025132190580743627
14014,-0.15536012118758386,-0.9552142636712971,-0.29165363060978877,-0.9880647720874756,-0.8204247009218442,-1.3804199638603631,0.7558497787602511,0.06374837504289833,-1.2412372027987164,2.1431565866346634
14015,-0.39535378466046445,-0.9552142636712971,0.18206982931569612,-0.9880647720874756,-0.8204247009218442,-1.3804199638603631,0.05139681060857664,0.2914527769184345,-1.4448463753138696,0.9871477060972917
14016,0.6946174369455349,0.3863044476016779,1.4175801341109269,0.48893566856049336,0.12213474192981577,0.7244172253228549,1.1374284698424082,-0.6065157803666503,1.1342031432114035,1.363013960415499
14019,-0.4553522005286846,0.05960546552681911,0.5301447677188483,-0.2987978997850901,0.4319704248891608,0.7244172253228549,-0.12471643142934195,0.3879015333904285,-0.7237305559893689,0.8884457197164565
14020,-0.7553442798697854,-0.3615827770984007,-0.10039425958909279,-0.4502851244669331,0.04837554886869761,0.7244172253228549,-1.0052826416189355,0.6348565723674935,-1.1479163320626045,0.3926350501615318
14021,0.6246192850992781,0.05960546552681911,-0.11397406190193406,-0.2230542874441686,0.3426523527398193,0.7244172253228549,1.1374284698424082,-0.6193191982694295,0.27734787554346735,-0.9644214327759761
14022,1.3246008035618464,-0.9552142636712971,-0.40127974823182955,-0.9880647720874756,-0.8204247009218442,-1.3804199638603631,1.1374284698424082,-1.2998543401916423,0.014352694378061205,1.266940341494215
14023,-0.8553416396501522,-0.3615827770984007,-0.17646721596779558,0.8449306465628244,-0.5300560562045314,0.7244172253228549,-1.298804711682133,0.7259575054125245,0.22644558241467905,0.12228864011778515
14024,0.2946279978240673,-0.3615827770984007,-0.6350094752657465,-0.9729160496192913,5.160775334167149,0.7244172253228549,1.1374284698424082,-0.3369692211931369,-0.8425025732898749,-0.7913673249411993
14027,-0.31535589683617093,-0.9552142636712971,-1.5363745900959302,-0.9880647720874756,-0.8204247009218442,-1.3804199638603631,0.28621446665913486,0.20448995492559024,-1.3769766511421517,-0.9990138022557798
14029,-0.29535642488009756,-0.3615827770984007,-0.3529012665496023,-0.3821158733601037,-0.0345009833196519,0.7244172253228549,0.34491888067177423,0.2084965376048753,-0.6728282628605806,-0.487602584508457
14030,-0.7453445438917486,1.2468684386726134,0.9330531509161861,1.6478129373765922,0.21945609078396586,0.7244172253228549,-0.9759304346126154,0.7526330238052227,1.210556582904586,0.19854815313418378
14031,-0.8553416396501522,2.41594390599791,2.5163436056529895,1.7765770783561585,1.2734341388334118,0.7244172253228549,-1.298804711682133,1.2796811107262598,1.261458876033374,0.7489991028855504
14032,-0.9053403195403357,1.6680566812978321,1.1172816815373836,1.7690027171220666,0.6790021261040949,0.7244172253228549,-1.4455657467137322,0.9594417911583644,1.2190402984260504,0.1976681032709061
14034,-0.7053455999796019,0.05960546552681911,-0.08932939552108518,0.03447399451496445,-0.3198809180656213,0.7244172253228549,-0.8585216065873364,0.6054472349701636,-0.5625399610815394,-0.09947250921132522
14035,-0.6353474481333451,0.6532369520997158,0.5337200541592992,1.0418640386492202,0.09966263748163438,0.7244172253228549,-0.6530561575430981,0.5866691689454153,0.6336639274449853,-0.047697685953120274
14036,1.924584962244048,-0.9552142636712971,-0.12059846869065768,-0.9880647720874756,-0.8204247009218442,-1.3804199638603631,1.1374284698424082,-1.8491752514586668,0.523375625665944,0.6076866542850984
14037,0.8346137406380486,-0.3615827770984007,-1.2685088161582563,0.4359151399218483,-0.4511278359936225,0.7244172253228549,1.1374284698424082,-0.8370676041748398,1.2020728673831211,-2.067228775845231
14038,-0.14536038520954717,0.05960546552681911,0.6041660931803241,-0.01854653412368059,0.13225548191301673,0.7244172253228549,0.785201985766571,0.10477933035183311,-0.13835418500830363,0.8090348498627769
14039,-0.5953485042211982,-0.9552142636712971,-1.2421204891885094,-0.9880647720874756,-0.8204247009218442,-1.3804199638603631,-0.5356473295178191,0.46304308250774273,-1.6145206857431638,-0.5679285976413818
14040,-0.5153506163969047,1.7852452398084835,1.272015985001966,1.2084999857992476,0.9468071338605615,0.7244172253228549,-0.30082967346726086,0.6273446715316289,0.9136265396533209,-0.19295156060331875
14041,1.7345899786613508,-0.9552142636712971,-1.3002023553624846,-0.9880647720874756,-0.8204247009218442,-1.3804199638603631,1.1374284698424082,-1.6822053929143808,0.3621850307581145,-0.5443773744085973
14044,-0.6553469200894184,0.3863044476016779,-0.08811211859040077,1.1554794571606024,-0.13165489190862548,0.7244172253228549,-0.7117605715557376,0.5759064982472158,0.7354685137025618,-0.76261594913842
14045,0.16463143010959028,0.3863044476016779,0.6532337398380167,1.0115665937128515,-0.3095949069772269,0.7244172253228549,1.1374284698424082,-0.16251393983958803,1.2784263070763036,-0.15747874637350465
14046,1.9145852262660112,-0.9552142636712971,-1.2277677164702945,-0.9880647720874756,-0.8204247009218442,-1.3804199638603631,1.1374284698424082,-1.847696591780283,0.5148919101444793,1.2039404629246664
14047,-0.8353421676940789,0.6532369520997158,0.46432507679641205,1.7690027171220666,-0.10970577992671149,0.7244172253228549,-1.2401002976694935,0.7688390863216431,1.2699425915548388,-0.7740270371446288
14048,2.1245796818047817,-0.9552142636712971,-0.4574433850051579,-0.9880647720874756,-0.8204247009218442,-1.3804199638603631,1.1374284698424082,-2.0368523079022105,0.6930499360952382,0.6870658718208092
14049,-0.7553442798697854,0.3863044476016779,1.6315451142035953,1.2918179593742611,-0.1679084008160029,0.7244172253228549,-1.0052826416189355,0.7503629364034993,0.8033382378742796,2.025622726815527
14050,-0.6053482401992349,-0.3615827770984007,0.018227501575791265,-0.4275620407646566,0.018856220273955844,0.7244172253228549,-0.5649995365241388,0.49845855067658884,-0.9952094526762397,0.884714408630596
14051,-0.9153400555183724,2.6828764104959486,2.435222964017666,1.7765770783561585,1.676707974712036,0.7244172253228549,-1.4749179537200516,1.3733496408117043,1.2190402984260504,0.06201192895335104
14052,-0.7253450719356752,-0.9552142636712971,-0.9316606099362486,-0.9880647720874756,-0.8204247009218442,-1.3804199638603631,-0.9172260205999759,0.583923844315881,-1.724808987522205,-0.6042225289216073
14053,0.31462746978014067,-0.3615827770984007,-0.8176575667527611,-0.7229621288942504,0.7236783201912479,0.7244172253228549,1.1374284698424082,-0.35648695156668414,-0.5370888145171452,-0.39730449239224697
14054,-0.2753569529240241,-0.9552142636712971,-1.6351520460537639,-0.9880647720874756,-0.8204247009218442,-1.3804199638603631,0.4036232946844138,0.16746218412378133,-1.343041789056293,-0.9990138022557798
14055,0.1346322221754802,-0.9552142636712971,-0.004132206602197987,-0.9880647720874756,-0.8204247009218442,-1.3804199638603631,1.1374284698424082,-0.19962279009137882,-0.9952094526762397,0.36991636982861664
14056,-0.9153400555183724,2.6828764104959486,1.9246907348725106,1.1479050959265102,2.181828312128171,0.7244172253228549,-1.4749179537200516,1.2521781634496538,0.5148919101444793,0.2039397132539961
14057,-0.6853461280235285,2.2616881678707283,1.7032568654442821,1.5569206025674862,1.0973433949346778,0.7244172253228549,-0.799817192574697,0.9088724441100786,1.1681380052972623,0.682550810560399
14059,1.7445897146393876,-0.9552142636712971,-1.0938445065643445,-0.9880647720874756,-0.8204247009218442,-1.3804199638603631,1.1374284698424082,-1.690720470095635,0.3706687462795792,-0.20574783876659553
14060,-0.8753411116062256,2.41594390599791,1.693278832649863,1.799300162058435,1.4323797899518917,0.7244172253228549,-1.3575091256947727,1.1154709628515822,1.2699425915548388,0.6695929588616404
14062,-0.8253424317160422,1.7852452398084835,2.117207367803744,1.693259104781145,0.707410735439137,0.7244172253228549,-1.2107480906631736,1.0249694265582832,1.1935891518616564,1.2184510772276156
14064,-0.6353474481333451,0.6532369520997158,0.4912690013804025,0.8676537302651008,0.17392250154908412,0.7244172253228549,-0.6530561575430981,0.5854521687076499,0.43005475492983214,0.9259063260877549
14066,1.7445897146393876,-0.9552142636712971,-1.240305688575828,-0.9880647720874756,-0.8204247009218442,-1.3804199638603631,1.1374284698424082,-1.6912291919236186,0.3706687462795792,-1.347115692442422
14067,-0.28535668890206084,-0.3615827770984007,-0.5287250792311065,-0.7456852125965269,0.7924924541404285,0.7244172253228549,0.3742710876780942,0.1977671687955378,-1.071562892369422,0.17218399376136403
14068,2.2745757214753324,-0.9552142636712971,-0.8007907396032542,-0.9880647720874756,-0.8204247009218442,-1.3804199638603631,1.1374284698424082,-2.1773076524105663,0.820305668917209,-0.8208854938007576
14071,-0.8853408475842623,1.2468684386726134,0.5397078189931207,0.9888435100105751,0.4879250851336449,0.7244172253228549,-1.3868613327010924,0.8664274047115507,0.3537013152366497,-0.2372970077326457
14073,-0.6053482401992349,-0.9552142636712971,-1.2481650380262974,-0.9880647720874756,-0.8204247009218442,-1.3804199638603631,-0.5649995365241388,0.47223039339599127,-1.6230044012646285,-0.18871879929522678
14075,-0.8753411116062256,0.05960546552681911,0.20336263380905206,0.9509717038401144,-0.2970451219473781,0.7244172253228549,-1.3575091256947727,0.7667131678052441,0.3197664531507909,0.5368910628262211
14076,0.3646261496703241,-0.9552142636712971,-1.4136971078293836,-0.9880647720874756,-0.8204247009218442,-1.3804199638603631,1.1374284698424082,-0.421250375089705,-0.8000839956825513,-0.7072611283017771
14077,-0.5153506163969047,0.6532369520997158,-0.3007551846784211,0.776761395455995,0.21217755000742078,0.7244172253228549,-0.30082967346726086,0.46097923225387055,0.43005475492983214,-1.1574072224725926
14078,0.09463327826333344,0.8789251688960825,0.28889866619248694,1.0645871223514967,0.2751037446253544,0.7244172253228549,1.1374284698424082,-0.07512124343720439,1.2699425915548388,-1.197310992201284
14079,0.32462720575817733,-0.9552142636712971,-0.5278788208814076,-0.9880647720874756,-0.8204247009218442,-1.3804199638603631,1.1374284698424082,-0.3802860312247836,-0.8340188577684101,0.7357683285305926
14080,-0.5953485042211982,-0.9552142636712971,-2.1886075213379472,-0.9880647720874756,-0.8204247009218442,-1.3804199638603631,-0.5356473295178191,0.4612965528181111,-1.6145206857431638,-1.2771851311768028
14081,2.0945804738706717,-0.3615827770984007,0.19681004757586484,-0.48058256940330163,0.10253213026786133,0.7244172253228549,1.1374284698424082,-1.9841640389852708,1.23600772946898,0.7247179964852518
14082,2.724563840486983,-0.9552142636712971,-1.0996817823690537,-0.9880647720874756,-0.8204247009218442,-1.3804199638603631,1.1374284698424082,-2.5929615835811015,1.2020728673831211,-0.3720900596305994
14083,-0.8853408475842623,1.4011241767997944,0.2651209831472192,1.7917258008243429,0.30822171055089725,0.7244172253228549,-1.3868613327010924,0.8760142142336538,1.261458876033374,-0.70277079462541
14085,-0.9053403195403357,2.3408466559766334,1.4369984978381944,1.7841514395902507,1.1795011209878927,0.7244172253228549,-1.4455657467137322,1.0988957638160077,1.23600772946898,0.1499398465815203
14087,-0.8953405835622991,-0.9552142636712971,-1.0485460442323842,-0.9880647720874756,-0.8204247009218442,-1.3804199638603631,-1.416213539707412,0.7399243014318839,-1.869032151387105,0.5354279221859473
14088,-0.8253424317160422,1.8937448980942,3.368736305646283,1.3751359329492747,0.9794641304979114,0.7244172253228549,-1.2107480906631736,1.69724383122028,0.8372730999601384,2.033288487645902
14089,-0.3553548407483177,-0.9552142636712971,-1.1977029396463752,-0.9880647720874756,-0.8204247009218442,-1.3804199638603631,0.16880563863385561,0.24223567067111074,-1.4109115132280106,-0.1554270947514491
14090,2.3245744013655156,-0.9552142636712971,-1.785920264042954,-0.9880647720874756,-0.8204247009218442,-1.3804199638603631,1.1374284698424082,-2.2264444849406972,0.8627242465245325,-0.83594512383904
14092,-0.8453419036721156,1.9947556633726906,1.3676380303980398,1.6629616598447763,0.8327735742377339,0.7244172253228549,-1.2694525046758134,0.971671253830619,1.142686858732868,-0.04939924775354198
14093,-0.8053429597599688,-0.9552142636712971,-0.3961567764656372,-0.9880647720874756,-0.8204247009218442,-1.3804199638603631,-1.1520436766505342,0.6611377210815094,-1.7926787116939227,1.0660417532234037
14096,-0.8853408475842623,2.2616881678707283,3.571612924103522,-0.2533517323805372,3.6273362348322893,0.7244172253228549,-1.3868613327010924,2.058781027667302,-1.0291443147620984,2.019183816823427
14098,-0.5553495603090515,-0.9552142636712971,-1.2677042928634565,-0.9880647720874756,-0.8204247009218442,-1.3804199638603631,-0.4182385014925398,0.4261383552140878,-1.580585823657305,-0.4335984236724724
14099,-0.7653440158478221,1.6680566812978321,1.150913791853034,1.5720693250356705,0.7642195058854756,0.7244172253228549,-1.0346348486252552,0.8326600123188842,1.117235712168474,0.2745756005021498
14100,0.4546237734726543,-0.9552142636712971,-1.0465950559271044,-0.9880647720874756,-0.8204247009218442,-1.3804199638603631,1.1374284698424082,-0.5029205316631116,-0.7237305559893689,-0.9644214327759761
14101,-0.18535932912169392,0.8789251688960825,1.671802492819731,0.9206742589037459,0.3408145751473132,0.7244172253228549,0.6677931577412918,0.2633862438690471,0.8712079620459973,2.223420934220721
14102,-0.8753411116062256,0.6532369520997158,0.49509893176358616,-0.6926646839578818,2.684997341964789,0.7244172253228549,-1.3575091256947727,0.8065109104264481,-1.5127160994855873,0.2413301928352909
14104,0.6246192850992781,-0.3615827770984007,-0.9644751102554852,-0.904746798512462,2.4613391755682144,0.7244172253228549,1.1374284698424082,-0.6426043055673959,-0.4861865213883569,-1.588106356021621
14105,1.4645971072543602,-0.9552142636712971,0.4381638614060627,-0.9880647720874756,-0.8204247009218442,-1.3804199638603631,1.1374284698424082,-1.4152058522584077,0.13312471167856718,1.815442720301711
14107,-0.4053535206385011,1.074425194724936,1.040966552666972,1.3751359329492747,0.3127753163146884,0.7244172253228549,0.02204460360225668,0.42876580027889477,1.1935891518616564,0.5577896066334289
14108,-0.6153479761772717,-0.3615827770984007,-0.15787390376125746,-0.4578594857010252,0.058687073079082816,0.7244172253228549,-0.5943517435304586,0.5052326687131891,-1.0291443147620984,0.2315475882349355
14109,-0.1953590650997306,-0.9552142636712971,-1.2847725978743232,-0.9880647720874756,-0.8204247009218442,-1.3804199638603631,0.6384409507349721,0.09465935978160157,-1.2751720648845752,-0.6165898724803326
14110,-0.8853408475842623,1.7852452398084835,1.631745211122975,1.0039922324787596,1.2075859156040363,0.7244172253228549,-1.3868613327010924,1.0018641627107492,0.3706687462795792,0.3055990244510312
14111,-0.7853434878038954,0.3863044476016779,-0.040854149231895925,0.7313152280514421,0.012569249953262206,0.7244172253228549,-1.0933392626378946,0.6962444595992793,0.15857585824296133,-0.3281028516226405
14112,-0.6953458640015652,1.074425194724936,1.1009674109266503,0.9282486201378379,0.1478559715314178,0.7244172253228549,-0.8291693995810168,0.6992210602274566,0.4470221859727616,0.46683334869047977
14113,-0.8853408475842623,0.3863044476016779,0.7353595728908563,1.6705360210788684,-0.25106678411644084,0.7244172253228549,-1.3868613327010924,0.8071093585411439,1.117235712168474,0.2067059944606251
14114,1.8145878664856443,-0.3615827770984007,-0.504069832627809,-0.5639005429783153,0.23433004156147158,0.7244172253228549,1.1374284698424082,-1.735365427175311,0.9136265396533209,-1.222105821413939
14116,-0.7253450719356752,0.6532369520997158,0.5081131830021616,-0.2230542874441686,1.1194459204914877,0.7244172253228549,-0.9172260205999759,0.6687841499191356,-0.8594700043328043,-0.09635896079207106
14117,0.5146221893408744,-0.9552142636712971,-1.6563651347438526,-0.9880647720874756,-0.8204247009218442,-1.3804199638603631,1.1374284698424082,-0.5598771062898078,-0.6728282628605806,-0.83594512383904
14121,-0.8853408475842623,0.3863044476016779,1.0632717608573152,-0.5639005429783153,1.5698024669528756,0.7244172253228549,-1.3868613327010924,0.8225058533369912,-1.3854603666636165,1.340429439528009
14124,-0.085361969341327,-0.9552142636712971,-0.4389836870181265,-0.9880647720874756,-0.8204247009218442,-1.3804199638603631,0.9613152278044893,-0.002098305513604806,-1.1818511941484633,2.59434746466212
14125,-0.8153426957380054,0.05960546552681911,1.051831920377993,-0.48058256940330163,0.7573105711178629,0.7244172253228549,-1.1813958836568539,0.7409364079669797,-1.2327534872772516,1.3946188794590733
14126,-0.8453419036721156,0.05960546552681911,-0.025776820516200637,-0.9729160496192913,5.160775334167149,0.7244172253228549,-1.2694525046758134,0.7352254754882238,-1.8011624272153874,0.10189984363095843
14127,0.30462773380210395,0.05960546552681911,-0.02176074397862649,0.42834077868775616,-0.12952156724608394,0.7244172253228549,1.1374284698424082,-0.32344224180393283,0.7439522292240266,-0.40241704528405114
14128,-0.31535589683617093,-0.3615827770984007,-0.10696832402038672,0.48893566856049336,-0.46348051711435134,0.7244172253228549,0.28621446665913486,0.22969182121408205,0.27734787554346735,0.6638440606608972
14129,-0.9053403195403357,0.6532369520997158,0.3433875482137093,0.9736947875423909,-0.07649888850586699,0.7244172253228549,-1.4455657467137322,0.8302563644241883,0.3197664531507909,-0.2913453116515775
14130,2.2645759854972956,-0.9552142636712971,-0.3258758588059803,-0.9880647720874756,-0.8204247009218442,-1.3804199638603631,1.1374284698424082,-2.164529469926853,0.8118219533957443,0.5657549078393991
14132,-0.9053403195403357,1.6680566812978321,1.2656365131374774,0.3828946112832033,1.6174828145394922,0.7244172253228549,-1.4455657467137322,0.9694432131446552,-0.33347964200199204,0.7545992100476576
14133,0.3746258856483608,0.05960546552681911,-0.14767518832549598,0.42076641745366405,-0.4474395991036586,0.7244172253228549,1.1374284698424082,-0.3895915340242954,0.7863708068313501,-0.3138205149682618
14135,-0.9053403195403357,2.0892449239230517,1.4790772049989187,1.8220232457607115,0.9715973849172146,0.7244172253228549,-1.4455657467137322,1.0534335306942557,1.2699425915548388,0.5600420397602021
14138,-0.9053403195403357,-0.3615827770984007,0.23648858776383536,-0.5184543755737624,0.1639826223835226,0.7244172253228549,-1.4455657467137322,0.7785149802372282,-1.3515255045777577,0.7503325614638894
14139,-0.4653519365067213,-0.9552142636712971,-0.44612541102475817,-0.9880647720874756,-0.8204247009218442,-1.3804199638603631,-0.15406863843566193,0.3476801093381977,-1.5042323839641225,1.31791614002198
14140,-0.8853408475842623,-0.3615827770984007,0.19726046487479867,-0.7835570187669876,0.9960600277420028,0.7244172253228549,-1.3868613327010924,0.7593268950546317,-1.6230044012646285,1.0646811313763582
14141,-0.8953405835622991,0.3863044476016779,0.18015368980691374,-0.21547992621007644,0.745932928671412,0.7244172253228549,-1.416213539707412,0.8011557643442222,-1.0036931681977044,-0.6073014341980846
14142,2.8045617283112767,-0.9552142636712971,-0.6744147685857066,-0.9880647720874756,-0.8204247009218442,-1.3804199638603631,1.1374284698424082,-2.664489408481938,1.2699425915548388,0.7788984238608555
14143,0.41462482956050756,-0.9552142636712971,-1.4578626067068015,-0.9880647720874756,-0.8204247009218442,-1.3804199638603631,1.1374284698424082,-0.46739123745993055,-0.7576654180752277,-1.7839448940324036
14145,-0.4553522005286846,0.3863044476016779,1.299528028388051,0.29957663770818965,0.23433004156147158,0.7244172253228549,-0.12471643142934195,0.4423964381159645,-0.0535170297936565,0.2228434878122663
14146,-0.8353421676940789,0.6532369520997158,1.3895822230417088,1.6478129373765922,-0.2481512859711555,0.7244172253228549,-1.2401002976694935,0.816064036716546,1.1342031432114035,1.2678472368609597
14147,-0.14536038520954717,-0.3615827770984007,-0.3266307125782304,0.5798280033695992,-0.48283544762517605,0.7244172253228549,0.785201985766571,0.07065967691450153,0.5318593411874087,-1.1493278746794886
14148,1.4145984273641767,-0.9552142636712971,-1.21657971966074,-0.9880647720874756,-0.8204247009218442,-1.3804199638603631,1.1374284698424082,-1.3873445693883857,0.09070613407124363,-2.4489208935390168
14149,1.2846018596496998,-0.9552142636712971,-0.3894303799929742,-0.9880647720874756,-0.8204247009218442,-1.3804199638603631,1.1374284698424082,-1.2629206132961983,-0.019582167707797648,0.38007117255198175
14150,-0.5653492962870882,-0.3615827770984007,-0.08106430787772821,1.4660282677583805,-0.5995411663929213,0.7244172253228549,-0.4475907084988595,0.4601960849647376,1.1596542897757975,0.5221718867021694
14152,-0.17535959314365723,-0.3615827770984007,-0.12741908377494435,0.20868430289908388,-0.3892935126887987,0.7244172253228549,0.6971453647476117,0.1005378094124844,0.09070613407124363,0.919405347982291
14154,1.4645971072543602,-0.3615827770984007,0.48648798613853517,-0.9880647720874756,-0.8204247009218442,0.7244172253228549,1.1374284698424082,-1.3974306693002447,0.13312471167856718,0.4510327191130725
14155,1.7345899786613508,-0.9552142636712971,-1.438026025005523,-0.9880647720874756,-0.8204247009218442,-1.3804199638603631,1.1374284698424082,-1.6825766533530957,0.3621850307581145,-1.9786322455294412
14156,-0.8253424317160422,3.9233843564904327,4.039619902329783,1.74627963341979,2.9205353803017258,0.7244172253228549,-1.2107480906631736,3.4850582681667643,1.261458876033374,2.1186897722380063
14157,-0.7253450719356752,-0.3615827770984007,-0.4142242801023401,1.0191409549469437,-0.5538701699052445,0.7244172253228549,-0.9172260205999759,0.6037983035323237,0.523375625665944,-0.09170499850528059
14158,-0.5253503523749414,-0.9552142636712971,-0.28776675873918445,-0.9880647720874756,-0.8204247009218442,-1.3804199638603631,-0.33018188047358055,0.40442270950198067,-1.5551346770929109,1.788871072917404
14159,-0.7253450719356752,1.6680566812978321,1.4795347775321452,1.6099411312061314,0.7470630616630256,0.7244172253228549,-0.9172260205999759,0.8218662315643337,1.1851054363401916,1.0516084973364042
14161,1.2346031797595163,0.05960546552681911,0.33389985492555996,0.17081249672862311,0.00027621515309949766,0.7244172253228549,1.1374284698424082,-1.1730628022348175,1.23600772946898,-0.01930240364020391
14162,0.8146142686819752,-0.3615827770984007,-0.7336421505490504,-0.09429014646460207,-0.25963698376611755,0.7244172253228549,1.1374284698424082,-0.8163258284625278,0.5912453498376617,-0.8512124794542093
14163,-0.05536276140721694,0.3863044476016779,0.9614464224458126,0.15566377426043881,0.33959267109409674,0.7244172253228549,1.0493718488234491,0.052905428955908045,0.13312471167856718,0.4062925684345464
14164,-0.215358537055804,-0.3615827770984007,0.6397210095207885,-0.9123211597465541,2.6374843977092453,0.7244172253228549,0.5797365367223325,0.15391873419004207,-1.2073023407128576,1.3319068508722227
14165,1.8345873384417177,-0.9552142636712971,-1.4132463650568132,-0.9880647720874756,-0.8204247009218442,-1.3804199638603631,1.1374284698424082,-1.7745777209304758,0.4470221859727616,-1.1493278746794886
14167,-0.5353500883529781,0.3863044476016779,-0.18911334346137162,1.2160743470333397,-0.1502745364309156,0.7244172253228549,-0.35953408747990034,0.4641530820490504,0.9136265396533209,-1.5441191480136618
14171,0.05463433435118667,-0.9552142636712971,-0.5521610116144711,-0.9880647720874756,-0.8204247009218442,-1.3804199638603631,1.1374284698424082,-0.13190079428626775,-1.0630791768479575,0.0866324880157891
14173,-0.8153426957380054,0.3863044476016779,-0.3819679711539268,0.5874023646036913,-0.1909067641703249,0.7244172253228549,-1.1813958836568539,0.719898327284026,-0.03654959875072707,-1.5441191480136618
14174,-0.5953485042211982,-0.9552142636712971,-1.339992817809574,-0.9880647720874756,-0.8204247009218442,-1.3804199638603631,-0.5356473295178191,0.46275243113162545,-1.6145206857431638,-0.5443773744085973
14175,-0.3253556328142076,0.05960546552681911,1.1806070041232801,1.0494383998833123,-0.3198809180656213,0.7244172253228549,0.2568622596528149,0.29772184718187533,0.9051428241318561,1.3070324168026028
14176,2.0445817939804884,0.3863044476016779,-0.18627343077455152,-0.4578594857010252,0.7236783201912479,0.7244172253228549,1.1374284698424082,-1.9110427664656564,1.2275240139475152,-1.1851187994828938
14177,-0.06536249738525363,0.3863044476016779,-0.21071385239774648,-0.2836491773169058,0.42136065068688316,0.7244172253228549,1.0200196418171292,0.03120341259228304,-0.3674145040878509,-1.2061026645796284
14178,-0.8353421676940789,1.074425194724936,0.6344235800910859,0.3222997214104661,0.9511694192575065,0.7244172253228549,-1.2401002976694935,0.8069050448134485,-0.35044707304492145,0.3648038169368124
14179,-0.5153506163969047,-0.3615827770984007,-0.010571684774123537,-0.904746798512462,2.304409813797492,0.7244172253228549,-0.30082967346726086,0.4151662186381694,-1.4533300908353342,0.0733764525320122
14180,-0.8153426957380054,2.8000649690066,1.4888842502962645,1.74627963341979,1.8405627408717622,0.7244172253228549,-1.1813958836568539,1.1362750013311367,1.261458876033374,-1.82912936092745
14184,-0.25535748096795075,-0.9552142636712971,-0.37836798271904015,-0.9880647720874756,-0.8204247009218442,-1.3804199638603631,0.4623277086970535,0.15495482076336223,-1.3260743580133636,-0.2143616233527985
14185,2.3845728172337357,-0.9552142636712971,-1.0355088501682308,-0.9880647720874756,-0.8204247009218442,-1.3804199638603631,1.1374284698424082,-2.279694517243892,0.9136265396533209,-3.431046395037823
14188,-0.6153479761772717,0.8789251688960825,0.8227710141358737,1.1251820122242338,0.2496422698449756,0.7244172253228549,-0.5943517435304586,0.5949929239813402,0.7354685137025618,0.249701166432529
14189,-0.9053403195403357,2.0892449239230517,1.472911654402073,1.7841514395902507,0.9889998640864387,0.7244172253228549,-1.4455657467137322,1.0528399399751627,1.23600772946898,0.5846809792837151
14191,-0.9053403195403357,1.8937448980942,1.4781358116370644,0.6631459769446127,1.604663103604935,0.7244172253228549,-1.4455657467137322,1.0203936783271073,-0.019582167707797648,0.6626399640143387
14193,-0.24535774498991408,-0.3615827770984007,0.12466721038276674,0.5343818359650463,-0.47503229368519584,0.7244172253228549,0.49167991570337316,0.16878473949554323,0.3961198928439733,0.40258447205801057
14194,-0.8753411116062256,2.555485194733606,2.181740431126128,1.3069666818424455,1.3440852665540943,0.7244172253228549,-1.3575091256947727,1.2337655484877885,0.7185010826596324,0.6484654686281158
14195,1.0946068760670027,-0.3615827770984007,0.2600889663641698,-0.6093467103828681,0.33352220288929524,0.7244172253228549,1.1374284698424082,-1.0622629823898038,0.24341301345760846,0.9929733286672654
14196,0.1446319581535169,-0.9552142636712971,-0.616310977470142,-0.9880647720874756,-0.8204247009218442,-1.3804199638603631,1.1374284698424082,-0.21522081521001168,-0.986725737154775,-0.09170499850528059
14198,-0.7453445438917486,0.3863044476016779,-0.031114269082579013,0.6858690606468892,0.03172203424865801,0.7244172253228549,-0.9759304346126154,0.6595592773135146,0.13312471167856718,-0.828389697006645
14199,1.2546026517155897,-0.9552142636712971,-1.0861275286199483,-0.9880647720874756,-0.8204247009218442,-1.3804199638603631,1.1374284698424082,-1.239581481402612,-0.04503331427219179,-1.8577632911644981
14201,-0.3253556328142076,1.074425194724936,0.01937590785345512,1.2766692369060768,0.3550572146483435,0.7244172253228549,0.2568622596528149,0.32307169312409106,1.1511705742543328,-0.6637749005382685
14204,-0.9053403195403357,-0.9552142636712971,-1.1975556808349022,-0.9880647720874756,-0.8204247009218442,-1.3804199638603631,-1.4455657467137322,0.7485835574242902,-1.8775158669085699,-0.6938444096888514
14205,-0.7553442798697854,-0.3615827770984007,-0.3545319654863839,0.8828024527332851,-0.5355884946040159,0.7244172253228549,-1.0052826416189355,0.6319713577488814,0.345217599715185,-0.4548849591930755
14206,1.4645971072543602,-0.9552142636712971,-0.6338973091033379,-0.9880647720874756,-0.8204247009218442,-1.3804199638603631,1.1374284698424082,-1.4305751496876056,0.13312471167856718,0.6401246015751922
14208,0.0246351264170766,-0.9552142636712971,-1.244511971386676,-0.9880647720874756,-0.8204247009218442,-1.3804199638603631,1.1374284698424082,-0.1077560632853731,-1.0885303234123516,-0.3329048796889562
14209,-0.8153426957380054,0.8789251688960825,0.8301156635013677,1.4433051840561042,0.13348477283249124,0.7244172253228549,-1.1813958836568539,0.7794316915585074,0.9221102551747855,-0.3217323837747001
14210,0.1346322221754802,0.8789251688960825,0.7631228157230123,1.0191409549469437,0.29502291792247004,0.7244172253228549,1.1374284698424082,-0.0979141419102847,1.261458876033374,-0.2172478459352227
14211,-0.39535378466046445,1.4011241767997944,0.8919293187192969,0.8373562853287322,0.8982012450054218,0.7244172253228549,0.05139681060857664,0.44493688791457975,0.6082127808805912,-0.12310755098439373
14212,-0.02536355347310686,-0.9552142636712971,0.3047232807073159,-0.9880647720874756,-0.8204247009218442,-1.3804199638603631,1.1374284698424082,-0.046671886337079194,-1.1309489010196752,2.218631373596391
14214,-0.6153479761772717,0.6532369520997158,0.2540841551747583,0.8752280914991929,0.16727347226613845,0.7244172253228549,-0.5943517435304586,0.56131563735095,0.463989617015691,-0.029987456397360182
14215,-0.8053429597599688,0.8789251688960825,0.7131562055377513,1.7084078272493293,0.054532930801204846,0.7244172253228549,-1.1520436766505342,0.7655770831779024,1.2275240139475152,0.42140778104246296
14216,-0.8953405835622991,0.3863044476016779,0.7348757208968684,-0.7305364901283425,2.4070726229013584,0.7244172253228549,-1.416213539707412,0.8162973247876243,-1.5721021081358402,-0.04250286573561075
14217,-0.9053403195403357,2.2616881678707283,0.8034313737219595,1.7690027171220666,1.1832669424785127,0.7244172253228549,-1.4455657467137322,1.042386124044188,1.210556582904586,-1.4602810949493965
14218,-0.49535114444083134,-0.9552142636712971,-1.1571268883269867,-0.9880647720874756,-0.8204247009218442,-1.3804199638603631,-0.24212525945462107,0.37126303449427617,-1.5296835305285166,0.03952470919773476
14219,-0.8853408475842623,-0.9552142636712971,-1.6568896623273965,-0.9880647720874756,-0.8204247009218442,-1.3804199638603631,-1.3868613327010924,0.7290061894515851,-1.8605484358656406,-0.7485155580311258
14220,1.5445949950786537,-0.3615827770984007,-0.11334603438048078,-0.15488503633733927,-0.22370113218773416,0.7244172253228549,1.1374284698424082,-1.4827665644808907,1.142686858732868,-0.1391493641385155
14221,-0.505350880418868,1.4011241767997944,1.2309173242514775,1.2539461532038003,0.36136126590738293,0.7244172253228549,-0.2714774664609409,0.5657311271034495,0.9814962638250385,0.5017337941753878
14222,0.8446134766160853,-0.9552142636712971,-0.05202721193007199,-0.9880647720874756,-0.8204247009218442,-1.3804199638603631,1.1374284698424082,-0.8539670723611045,-0.39286565065224505,1.5102952617213914
14223,-0.0053640815170334765,0.05960546552681911,0.2435335215633158,0.3071509989422818,-0.07400694302481724,0.7244172253228549,1.1374284698424082,-0.033435664372408365,0.345217599715185,0.25725659326492495
14224,0.17463116608762697,0.3863044476016779,0.2894663143203753,0.5949767258377835,0.06924892719790009,0.7244172253228549,1.1374284698424082,-0.18170840709866162,0.820305668917209,-0.20146595438146356
14226,-0.6353474481333451,0.6532369520997158,0.888762652051737,0.82978192409464,0.18749648203481642,0.7244172253228549,-0.6530561575430981,0.5998446546912956,0.3876361773225086,0.5810339719210525
14227,-0.6653466560674551,1.5406654655354899,1.2117335771947644,0.9661204263082988,0.32275673881447114,0.7244172253228549,-0.7411127785620575,0.7281657852977904,0.523375625665944,0.18129405122264516
14229,-0.4053535206385011,0.05960546552681911,0.5974245156655342,1.140330734692418,-0.33925463995996075,0.7244172253228549,0.02204460360225668,0.34392761301598795,0.9390776862177149,0.3033442554228097
14231,0.9146116284623421,0.05960546552681911,0.18928531473076105,-0.20033120374189214,0.30698627013226826,0.7244172253228549,1.1374284698424082,-0.8814886002448468,0.5573104877518029,-0.13645953114237006
14232,-0.49535114444083134,0.6532369520997158,0.8203335210753805,0.6858690606468892,0.25746892877414945,0.7244172253228549,-0.24212525945462107,0.4679396128691914,0.3537013152366497,1.0165429001231598
14233,-0.4353527285726112,0.3863044476016779,0.5528003964579753,1.0418640386492202,-0.09819441829271904,0.7244172253228549,-0.06601201741670262,0.3866369059661008,0.8033382378742796,0.106223543399117
14234,-0.7053455999796019,0.3863044476016779,0.048605375645828945,-0.7229621288942504,2.354802520721437,0.7244172253228549,-0.8585216065873364,0.6239474079730378,-1.4109115132280106,0.48946537444077004
14235,-0.17535959314365723,0.6532369520997158,1.1612672992107154,0.4131920562195719,0.16837538105488192,0.7244172253228549,0.6971453647476117,0.19130725090126594,0.3112827376293262,1.0267340632667832
14236,-0.11536117727543709,-0.3615827770984007,-0.3144764940368991,1.2160743470333397,-0.576482493707702,0.7244172253228549,0.8732586067855304,0.043162952393890744,1.261458876033374,0.004604913082443595
14237,2.8045617283112767,-0.9552142636712971,-1.1977029396463752,-0.9880647720874756,-0.8204247009218442,-1.3804199638603631,1.1374284698424082,-2.6669602728580486,1.2699425915548388,-1.5298368113592835
14238,2.3345741373435525,-0.9552142636712971,-1.2703892083410568,-0.9880647720874756,-0.8204247009218442,-1.3804199638603631,1.1374284698424082,-2.2344952408142205,0.8712079620459973,-0.36216294615436906
14239,-0.49535114444083134,1.6680566812978321,0.9400150503860841,1.0721614835855888,1.0289241942424654,0.7244172253228549,-0.24212525945462107,0.5722386299217013,0.7863708068313501,-0.5886795250088629
14240,-0.6253477121553084,-0.3615827770984007,0.1583375494650168,0.48893566856049336,-0.46348051711435134,0.7244172253228549,-0.6237039505367783,0.5192301451884802,0.022836409899525918,0.33362243854839113
14241,0.9146116284623421,-0.9552142636712971,-0.9737184859892567,-0.9880647720874756,-0.8204247009218442,-1.3804199638603631,1.1374284698424082,-0.9261030620354198,-0.33347964200199204,-0.06116883478578145
14242,1.4245981633422133,-0.3615827770984007,-0.7581456340718278,-0.2987978997850901,-0.10970577992671149,0.7244172253228549,1.1374284698424082,-1.3780554640096885,0.8712079620459973,-1.0078334961967186
14243,-0.8353421676940789,1.5406654655354899,1.006572548057866,1.7159821884834214,0.5844223951252088,0.7244172253228549,-1.2401002976694935,0.8721854747257733,1.210556582904586,-0.2575661689027601
14245,1.274602123671663,-0.3615827770984007,0.6692098611149065,-0.6623672390215132,0.4763288106249656,0.7244172253228549,1.1374284698424082,-1.2168118286870926,0.345217599715185,1.2692061882080812
14246,0.18463090206566365,0.05960546552681911,0.5589379230998909,0.03447399451496445,0.09681113199335831,0.7244172253228549,1.1374284698424082,-0.20044336985462077,0.1925107203288202,0.6076866542850984
14247,1.8545868103977912,-0.9552142636712971,-1.326545390627138,-0.9880647720874756,-0.8204247009218442,-1.3804199638603631,1.1374284698424082,-1.7927572097932432,0.463989617015691,-1.300007913624368
14248,2.2545762495192587,-0.9552142636712971,-0.698233785682973,-0.9880647720874756,-0.8204247009218442,-1.3804199638603631,1.1374284698424082,-2.1582932371595835,0.8033382378742796,-0.4548849591930755
14250,-0.8553416396501522,0.05960546552681911,0.7623759234627954,-0.36696715089191945,-0.04273590051938134,0.7244172253228549,-1.298804711682133,0.7640584601123366,-1.13943261654114,1.0496028510649729
14251,-0.9053403195403357,0.6532369520997158,1.0912405020654563,-0.5714749042124074,2.0359408194478132,0.7244172253228549,-1.4455657467137322,0.8590239693983193,-1.402427797706546,0.853194305422188
14256,1.6745915627931307,-0.3615827770984007,0.2256429240276285,-0.20033120374189214,-0.18823338230509185,0.7244172253228549,1.1374284698424082,-1.5969328535178773,1.2020728673831211,0.323030341133149
14257,-0.28535668890206084,0.6532369520997158,1.1497732761535993,0.9358229813719301,0.14469462577854697,0.7244172253228549,0.3742710876780942,0.2918371581827821,0.8118219533957443,0.8584557091884755
14258,-0.8353421676940789,1.4011241767997944,2.269260649232114,1.4963257126947491,0.4138938602394842,0.7244172253228549,-1.2401002976694935,1.0208811131978999,0.9730125483035739,1.7999812908969568
14259,0.4946227173848011,-0.9552142636712971,-1.429767682788435,-0.9880647720874756,-0.8204247009218442,-1.3804199638603631,1.1374284698424082,-0.5409729550614448,-0.68979569390351,-0.8983202582722637
14261,-0.4153532566165378,-0.3615827770984007,0.3708962092247315,-0.7835570187669876,0.9960600277420028,0.7244172253228549,-0.007307603404062988,0.33037212554367,-1.2242697717557869,0.3015371272937313
14262,-0.8453419036721156,1.2468684386726134,1.0155681094398439,0.7691870342219028,0.787367418118783,0.7244172253228549,-1.2694525046758134,0.8489255409286162,0.15009214272149662,0.3156890280798494
14264,0.6246192850992781,-0.3615827770984007,-0.6199824321855225,-0.30637226101918225,-0.10970577992671149,0.7244172253228549,1.1374284698424082,-0.6406749309308952,0.1925107203288202,-1.618433341675073
14265,0.16463143010959028,-0.3615827770984007,-0.25331471136830164,-0.6926646839578818,0.602716236965679,0.7244172253228549,1.1374284698424082,-0.21396968621930376,-0.630409685253257,0.0733764525320122
14267,0.7046171729235716,0.05960546552681911,0.5813599808190701,-0.2533517323805372,-0.1542755330983382,0.7244172253228549,1.1374284698424082,-0.6784807410019749,0.3197664531507909,0.14855626423487583
14270,2.3945725532117725,-0.9552142636712971,-0.31158755931337717,-0.9880647720874756,-0.8204247009218442,-1.3804199638603631,1.1374284698424082,-2.2840675665561427,0.9221102551747855,0.26849390534908824
14271,1.3346005395398832,-0.9552142636712971,-1.4819174894435838,-0.9880647720874756,-0.8204247009218442,-1.3804199638603631,1.1374284698424082,-1.314429351109331,0.022836409899525918,-0.6165898724803326
14272,-0.18535932912169392,-0.3615827770984007,-0.4049670889586082,0.3753202500491111,-0.4378877985279803,0.7244172253228549,0.6677931577412918,0.10674045507033751,0.2603804445005379,0.7302569524970269
14273,-0.4153532566165378,0.3863044476016779,-0.20991955980449487,0.4510638623900326,0.14259864714906786,0.7244172253228549,-0.007307603404062988,0.35343365730222426,0.15857585824296133,-0.9308774798871711
14276,0.06463407032922336,0.05960546552681911,0.34046937840801966,0.45863822362412476,-0.13901825259881576,0.7244172253228549,1.1374284698424082,-0.09577273775427575,0.5657942032732676,0.5221718867021694
14277,-0.7753437518258587,0.05960546552681911,1.394348644213838,0.5040843910286776,-0.1572448848488087,0.7244172253228549,-1.063987055631575,0.7282900933286912,-0.09593560740098007,1.6050364068913388
14280,1.0446081961768192,-0.9552142636712971,-1.3424624235488136,-0.9880647720874756,-0.8204247009218442,-1.3804199638603631,1.1374284698424082,-1.0470903195563406,-0.22319134022295078,-1.1903275890163445
14282,-0.8953405835622991,2.0892449239230517,1.2967911198165043,1.7690027171220666,1.0933813765961526,0.7244172253228549,-1.416213539707412,1.0284827243999566,1.2275240139475152,0.15600714622103226
14284,-0.6153479761772717,-0.3615827770984007,-0.16141388988710928,-0.5714749042124074,0.2496422698449756,0.7244172253228549,-0.5943517435304586,0.5051890873907273,-1.164883763105534,-0.7140309704038043
14285,-0.7153453359576386,0.3863044476016779,0.7648600669301833,0.18596121919680741,0.32157317810224373,0.7244172253228549,-0.8878738135936562,0.6517421413173008,-0.39286565065224505,-0.14522549504115467
14286,-0.6853461280235285,0.05960546552681911,1.4685724753969092,0.6707203381787049,-0.21644165630047518,0.7244172253228549,-0.799817192574697,0.6521924478062915,0.16705957376442604,2.4700284816632556
14287,-0.8453419036721156,0.05960546552681911,-1.1244533715701188,0.4510638623900326,-0.4547437160482629,0.7244172253228549,-1.2694525046758134,0.7265501708854115,-0.20622390918002134,-0.6290969629912271
14288,1.2046039718254062,-0.9552142636712971,-0.42581919040353805,-0.9880647720874756,-0.8204247009218442,-1.3804199638603631,1.1374284698424082,-1.1895980898756398,-0.08745189187951535,0.21700249413524186
14289,-0.8353421676940789,0.8789251688960825,0.17678711683804432,1.132756373458326,0.2465438211576041,0.7244172253228549,-1.2401002976694935,0.7788033821856707,0.5657942032732676,-1.2622272585031693
14290,-0.8153426957380054,0.6532369520997158,0.9175986843570887,1.6629616598447763,-0.08509024311034788,0.7244172253228549,-1.1813958836568539,0.7669093686734464,1.1766217208187268,0.1873260319993053
14291,-0.9053403195403357,1.6680566812978321,1.328944358419704,1.079735844819681,0.4391470505961836,0.7244172253228549,-1.4455657467137322,0.9743128524912992,0.4385384704512969,0.5306258941196306
14292,-0.8453419036721156,1.4011241767997944,1.509284418980467,1.0948845672878653,0.2654127385271785,0.7244172253228549,-1.2694525046758134,0.9023245228498421,0.5064081946230146,0.19796905374264545
14293,-0.8953405835622991,0.3863044476016779,0.2867682677197839,1.7765770783561585,-0.2706688822796804,0.7244172253228549,-1.416213539707412,0.8033091076566833,1.23600772946898,0.15218448576142643
14295,-0.5253503523749414,-0.9552142636712971,-1.1725768504599,-0.9880647720874756,-0.8204247009218442,-1.3804199638603631,-0.33018188047358055,0.3988282439501834,-1.5551346770929109,-0.6674892185646875
14297,-0.7453445438917486,0.3863044476016779,0.46233077193255556,0.9585460650742066,-0.07149812112066903,0.7244172253228549,-0.9759304346126154,0.6694540397474645,0.4385384704512969,0.37119082677217174
14298,-0.8453419036721156,3.603206879143704,3.384880487261983,1.6781103823129606,1.9574132170694325,0.7244172253228549,-1.2694525046758134,2.243330168070759,1.1596542897757975,2.374186284754702
14299,-0.8453419036721156,1.4011241767997944,1.345632672777287,1.7159821884834214,0.4621256396092955,0.7244172253228549,-1.2694525046758134,0.8874755798572544,1.210556582904586,0.480398410898507
14300,-0.7353448079137119,-0.9552142636712971,-2.230658084600491,-0.9880647720874756,-0.8204247009218442,-1.3804199638603631,-0.9465782276062956,0.5901456592020353,-1.7332927030436698,-1.714743253262797
14301,0.24462931793388382,-0.9552142636712971,-0.10368690272889816,-0.9880647720874756,-0.8204247009218442,-1.3804199638603631,1.1374284698424082,-0.3022930973602632,-0.9018885819401279,1.5084732601030797
14304,1.3046013316057732,-0.9552142636712971,-0.5104157180674328,-0.9880647720874756,-0.8204247009218442,-1.3804199638603631,1.1374284698424082,-1.2823682203388673,-0.002614736664868222,-0.11517299562176703
14305,-0.215358537055804,0.05960546552681911,0.7433265752130325,-0.5033056531055781,0.8293373508616512,0.7244172253228549,0.5797365367223325,0.1741154658173194,-0.749181702553763,0.942449880552442
14306,-0.4153532566165378,-0.3615827770984007,0.8377045399652975,-0.7305364901283425,0.7573105711178629,0.7244172253228549,-0.007307603404062988,0.3456070745352039,-1.164883763105534,1.3759357244137997
14307,-0.03536328945114355,0.8789251688960825,1.122641815212845,1.1630538183946946,0.056086077896354454,0.7244172253228549,1.1080762628360883,0.0764497805596835,1.2784263070763036,0.8798984515049735
14309,-0.8453419036721156,1.4011241767997944,0.930502677922064,1.6629616598447763,0.4821005543978176,0.7244172253228549,-1.2694525046758134,0.8610467845753829,1.142686858732868,0.17792869218988838
14311,1.5045960511665069,-0.9552142636712971,-0.6783652001359182,-0.9880647720874756,-0.8204247009218442,-1.3804199638603631,1.1374284698424082,-1.4676936876046176,0.16705957376442604,-0.06116883478578145
14312,-0.4553522005286846,0.8789251688960825,0.6298307170152803,1.2084999857992476,0.21653221967878195,0.7244172253228549,-0.12471643142934195,0.44043753943430436,0.9645288327821091,0.09755918813406145
14314,0.1446319581535169,-0.9552142636712971,-1.429767682788435,-0.9880647720874756,-0.8204247009218442,-1.3804199638603631,1.1374284698424082,-0.2187518853667598,-0.986725737154775,0.7172893395192463
14315,-0.47535167248475796,0.8789251688960825,0.972811689796089,0.6858690606468892,0.46720200148802626,0.7244172253228549,-0.1834208454419816,0.4730966769256422,0.3621850307581145,0.10730183450552715
14317,-0.2753569529240241,-0.9552142636712971,-0.28632967178236984,-0.9880647720874756,-0.8204247009218442,-1.3804199638603631,0.4036232946844138,0.1742798758165533,-1.343041789056293,0.5528592388680651
14320,1.144605555957186,-0.3615827770984007,-0.33589476626174447,-0.03369525659186489,-0.28769525660959294,0.7244172253228549,1.1374284698424082,-1.1170470368094483,0.9305939706962503,0.05657998859640146
14321,-0.8153426957380054,0.6532369520997158,0.588929354518747,1.4508795452901961,-0.03241470504963368,0.7244172253228549,-1.1813958836568539,0.7540659857118893,0.9390776862177149,1.2537061676498285
14323,0.22462984597781044,-0.3615827770984007,-0.14843589969094545,-0.056418340294141334,-0.2799704001591887,0.7244172253228549,1.1374284698424082,-0.2679807532699963,0.13312471167856718,0.13812389922963547
14326,1.4945963151884702,-0.9552142636712971,-1.0927682156853742,-0.9880647720874756,-0.8204247009218442,-1.3804199638603631,1.1374284698424082,-1.4605584671819072,0.15857585824296133,-0.44419052108771456
14327,0.7046171729235716,-0.9552142636712971,-0.6748216479903992,-0.9880647720874756,-0.8204247009218442,-1.3804199638603631,1.1374284698424082,-0.7311656117467566,-0.511637667952751,-0.11517299562176703
14329,-0.7553442798697854,1.074425194724936,1.5322721356900741,1.3751359329492747,0.1587632144229677,0.7244172253228549,-1.0052826416189355,0.7888601860697241,0.8966591086103914,1.16021279316356
14331,0.31462746978014067,-0.3615827770984007,-0.36143137245303925,-0.9123211597465541,2.4613391755682144,0.7244172253228549,1.1374284698424082,-0.3531706750706403,-0.749181702553763,-0.22304296772375637
14332,-0.6953458640015652,0.05960546552681911,0.13660320027504125,-0.04126961782595703,0.15746710935134234,0.7244172253228549,-0.8291693995810168,0.5997551133754331,-0.6388934007747217,0.041813987641912256
14333,-0.24535774498991408,-0.9552142636712971,-0.44730921991453104,-0.9880647720874756,-0.8204247009218442,-1.3804199638603631,0.49167991570337316,0.14513099319179212,-1.3175906424918988,-1.0716211864298808
14334,-0.7553442798697854,1.2468684386726134,0.9952656383756998,1.594792408737947,0.3737156950973997,0.7244172253228549,-1.0052826416189355,0.7649870256729452,1.142686858732868,0.37182750538230186
14335,-0.7653440158478221,-0.3615827770984007,-0.35188377509928204,-0.3821158733601037,-0.026088313779484795,0.7244172253228549,-1.0346348486252552,0.6412032329969398,-1.0800466078908868,0.22575246644640182
14336,-0.7553442798697854,0.3863044476016779,0.6314663381054845,0.9736947875423909,-0.07897412851140034,0.7244172253228549,-1.0052826416189355,0.683732501064945,0.4470221859727616,1.1542198087768585
14338,0.6846177009674982,-0.3615827770984007,-0.17084613555692618,-0.7229621288942504,0.7236783201912479,0.7244172253228549,1.1374284698424082,-0.6917472078274679,-0.2316750557444155,0.08992183882646386
14339,1.5045960511665069,-0.9552142636712971,-0.6802581557555188,-0.9880647720874756,-0.8204247009218442,-1.3804199638603631,1.1374284698424082,-1.4677058117319188,0.16705957376442604,0.09320144339823294
14340,1.2646023876936263,-0.9552142636712971,-1.3385850501445735,-0.9880647720874756,-0.8204247009218442,-1.3804199638603631,1.1374284698424082,-1.2496184642393062,-0.03654959875072707,-1.0716211864298808
14341,-0.47535167248475796,1.2468684386726134,0.8707873569126094,1.079735844819681,0.08836284566406918,0.7244172253228549,-0.1834208454419816,0.5011492531434126,0.8033382378742796,0.14047976900838383
14342,-0.7153453359576386,0.3863044476016779,-0.06919365354591042,0.4359151399218483,0.1510383579725636,0.7244172253228549,-0.8878738135936562,0.6314022793736527,-0.1129030384439095,-0.6322459430189662
14344,0.3446266777142507,1.2468684386726134,0.15797165518247108,0.8373562853287322,0.7427132296409482,0.7244172253228549,1.1374284698424082,-0.27494248686436473,1.23600772946898,-1.0415477492217464
14345,-0.5353500883529781,-0.9552142636712971,-1.5057097326315598,-0.9880647720874756,-0.8204247009218442,-1.3804199638603631,-0.35953408747990034,0.4070970702755735,-1.5636183926143754,-1.2329045971479955
14346,0.2846282618460306,-0.3615827770984007,0.2675745522244336,0.3450228051127425,-0.42988601396358633,0.7244172253228549,1.1374284698424082,-0.31639440565684596,0.6251802119235206,0.7412523978822161
14348,1.6745915627931307,-0.9552142636712971,-0.45814039694331543,-0.9880647720874756,-0.8204247009218442,-1.3804199638603631,1.1374284698424082,-1.6225739736617073,0.3112827376293262,0.1873260319993053
14349,-0.8253424317160422,-0.9552142636712971,-1.3456489415235826,-0.9880647720874756,-0.8204247009218442,-1.3804199638603631,-1.2107480906631736,0.674481976904839,-1.8096461427368522,-0.641746994773477
14350,1.8145878664856443,-0.9552142636712971,-0.7514512977421686,-0.9880647720874756,-0.8204247009218442,-1.3804199638603631,1.1374284698424082,-1.753537265703699,0.43005475492983214,0.1873260319993053
14351,0.724616644879645,-0.9552142636712971,-2.1014114590393063,-0.9880647720874756,-0.8204247009218442,-1.3804199638603631,1.1374284698424082,-0.7538487223833125,-0.4946702369098216,-2.745853107750305
14352,0.6446187570553514,0.3863044476016779,0.31099250948182044,-0.10943886893278637,0.21945609078396586,0.7244172253228549,1.1374284698424082,-0.6139327588316021,0.42157103940836743,-0.15133516501466346
14353,1.2246034437814797,-0.9552142636712971,-1.6511387991166524,-0.9880647720874756,-0.8204247009218442,-1.3804199638603631,1.1374284698424082,-1.2135157315826817,-0.07048446083658592,-0.9644214327759761
14354,-0.8653413756281889,-0.3615827770984007,-1.1849440439281937,-0.8062801024692641,1.1462671913280684,0.7244172253228549,-1.3281569186884528,0.7282751874680761,-1.6399718323075578,-0.4231067267954814
14355,2.73456357646502,-0.9552142636712971,-1.1345005538748292,-0.9880647720874756,-0.8204247009218442,-1.3804199638603631,1.1374284698424082,-2.6022965139112215,1.210556582904586,-0.5679285976413818
14356,-0.1253609132534738,-0.3615827770984007,-0.03130676974995084,-0.9804904108533835,6.095393496340334,0.7244172253228549,0.8439063997792103,0.05581596145519413,-1.2073023407128576,-0.11913316347122463
14357,-0.49535114444083134,-0.9552142636712971,-0.9302214587667954,-0.9880647720874756,-0.8204247009218442,-1.3804199638603631,-0.24212525945462107,0.37218528736697193,-1.5296835305285166,-0.0462109621121476
14359,-0.7353448079137119,0.05960546552681911,0.17758873132475123,-0.4730082081692095,0.7573105711178629,0.7244172253228549,-0.9465782276062956,0.637331910536524,-1.1479163320626045,-0.2435682184641501
14360,-0.6053482401992349,0.3863044476016779,0.8508515609236446,-0.5184543755737624,0.8484220205059414,0.7244172253228549,-0.5649995365241388,0.5540479691078425,-1.0885303234123516,0.6861079611308252
14362,-0.7053455999796019,-0.9552142636712971,-1.1967217288999563,-0.9880647720874756,-0.8204247009218442,-1.3804199638603631,-0.8585216065873364,0.5644600171569584,-1.7078415564792757,-0.4765889042531565
14364,0.16463143010959028,1.2468684386726134,1.2942308548484376,-0.21547992621007644,1.7006637151684758,0.7244172253228549,1.1374284698424082,-0.06290446953464612,-0.10441932292244478,0.5126852052549419
14367,-0.8453419036721156,2.178003940795619,2.020071808380395,1.034289677415128,1.3036505260100846,0.7244172253228549,-1.2694525046758134,1.0895645963889735,0.4470221859727616,0.6456053794020093
14368,2.2745757214753324,-0.9552142636712971,-1.2277167359126253,-0.9880647720874756,-0.8204247009218442,-1.3804199638603631,1.1374284698424082,-2.179123813912401,0.820305668917209,-1.588106356021621
14371,2.024582322024415,-0.9552142636712971,-1.5695220817914333,-0.9880647720874756,-0.8204247009218442,-1.3804199638603631,1.1374284698424082,-1.9498588325794173,0.6082127808805912,-1.649614720063494
14373,2.654565688640726,-0.9552142636712971,-1.7835581214386331,-0.9880647720874756,-0.8204247009218442,-1.3804199638603631,1.1374284698424082,-2.5302491537715643,1.142686858732868,-2.3856542038959363
14375,0.9246113644403788,-0.9552142636712971,-0.8255196391600339,-0.9880647720874756,-0.8204247009218442,-1.3804199638603631,1.1374284698424082,-0.9345888119357691,-0.32499592648052733,0.2515948636150456
14377,0.984609780308599,-0.3615827770984007,-0.13285624303936394,-0.4578594857010252,0.058687073079082816,0.7244172253228549,1.1374284698424082,-0.967464346691119,0.3282501686722556,-0.377087204611342
14379,-0.4853514084627947,-0.3615827770984007,-0.5871238628856061,0.9130998976696537,-0.5388078011739609,0.7244172253228549,-0.21277305244830141,0.3814576811107406,0.6082127808805912,-0.06116883478578145
14381,-0.4053535206385011,-0.9552142636712971,-1.0156225746319905,-0.9880647720874756,-0.8204247009218442,-1.3804199638603631,0.02204460360225668,0.2889501353343378,-1.4533300908353342,-0.06116883478578145
14382,-0.6653466560674551,-0.9552142636712971,-0.12133370417606332,-0.9880647720874756,-0.8204247009218442,-1.3804199638603631,-0.7411127785620575,0.5352511615876328,-1.6739066943934169,2.2973626590112386
14383,-0.5453498243310149,0.05960546552681911,0.42644282487591273,-0.04126961782595703,0.15746710935134234,0.7244172253228549,-0.38888629448622003,0.46790888228840655,-0.5031539524312864,0.625375112502394
14385,-0.8353421676940789,0.05960546552681911,-1.0178512670081692,-0.8820237148101855,3.332694330994623,0.7244172253228549,-1.2401002976694935,0.7177613178025276,-1.6908741254363462,-1.1696379075049148
14386,2.0445817939804884,-0.9552142636712971,-1.2946929494927377,-0.9880647720874756,-0.8204247009218442,-1.3804199638603631,1.1374284698424082,-1.967584977384848,0.6251802119235206,-1.1493278746794886
14387,-0.5953485042211982,0.05960546552681911,0.7046012669571973,-0.4124133182964723,0.6167610609765756,0.7244172253228549,-0.5356473295178191,0.522507142649136,-0.9697583061118455,0.6280714980823491
14388,-0.8253424317160422,1.2468684386726134,1.1782695464778037,1.7538539946538823,0.3207293029926823,0.7244172253228549,-1.2107480906631736,0.8402549723404114,1.2699425915548388,0.49801704510047495
14389,-0.2753569529240241,-0.3615827770984007,0.28441136620581015,-0.04126961782595703,-0.2838607375543317,0.7244172253228549,0.4036232946844138,0.1995177868078321,-0.27409363335173903,0.947001767981346
14390,-0.8253424317160422,1.4011241767997944,1.4726963675841738,1.7538539946538823,0.3207293029926823,0.7244172253228549,-1.2107480906631736,0.8803220017377447,1.2699425915548388,0.47371038007802685
14393,1.2546026517155897,-0.9552142636712971,-1.8770353215829745,-0.9880647720874756,-0.8204247009218442,-1.3804199638603631,1.1374284698424082,-1.241505777012812,-0.04503331427219179,-2.6638255328169587
14395,-0.9053403195403357,1.4011241767997944,1.2480800156684115,1.8068745232925272,0.42664250370172085,0.7244172253228549,-1.4455657467137322,0.9352111003130176,1.261458876033374,0.21765301765275707
14396,-0.2753569529240241,-0.3615827770984007,-0.3191304877850023,1.329689765544722,-0.5871375895947308,0.7244172253228549,0.4036232946844138,0.19041699087256359,1.2529751605119093,-0.3474372424869753
14397,-0.8953405835622991,2.41594390599791,1.013966378683408,0.6025510870718755,2.3462764252996253,0.7244172253228549,-1.416213539707412,1.0760898466345774,-0.07896817635805065,-0.4823719149692113
14400,0.5646208692310579,-0.9552142636712971,-0.18930671576250013,-0.9880647720874756,-0.8204247009218442,-1.3804199638603631,1.1374284698424082,-0.5979673842923577,-0.630409685253257,1.189439831085044
14401,-0.8853408475842623,1.8937448980942,1.362663161345809,1.700833466015237,0.9260341599073357,0.7244172253228549,-1.3868613327010924,0.9916054142360722,1.1596542897757975,0.8917156356343138
14403,0.3746258856483608,0.3863044476016779,0.5598808675919925,-0.10943886893278637,0.602716236965679,0.7244172253228549,1.1374284698424082,-0.35886024648858333,0.2009944358502849,-0.190833156639575
14404,-0.5853487682431616,0.8789251688960825,0.5590780884446248,1.5493462413333943,0.10023509156218163,0.7244172253228549,-0.5062951225114992,0.5578706254207813,1.23600772946898,-0.10860404023932319
14406,0.2646287898899572,-0.9552142636712971,-1.2188450925746688,-0.9880647720874756,-0.8204247009218442,-1.3804199638603631,1.1374284698424082,-0.32862557031453515,-0.8849211508971985,-0.76261594913842
14407,0.1446319581535169,0.8789251688960825,0.8617942333423472,0.2920022764740975,0.7642195058854756,0.7244172253228549,1.1374284698424082,-0.10299350355762076,0.4555059014942263,0.46672207794565634
14408,-0.8153426957380054,1.074425194724936,1.0120077054084249,0.9282486201378379,0.5158264292320924,0.7244172253228549,-1.1813958836568539,0.8046404391084407,0.345217599715185,0.443217517999978
14409,-0.215358537055804,0.8789251688960825,0.8247380303576657,1.2615205144378925,0.026044565750983722,0.7244172253228549,0.5797365367223325,0.2268236672367864,1.2275240139475152,0.31233590302778813
14410,-0.0053640815170334765,1.4011241767997944,0.32999089356149264,0.625274170774152,0.707410735439137,0.7244172253228549,1.1374284698424082,0.06727788779005524,0.701533651616703,-0.9739224845304848
14411,2.184578097673002,-0.9552142636712971,0.2991520246222907,-0.9880647720874756,-0.8204247009218442,-1.3804199638603631,1.1374284698424082,-2.0813903355415704,0.7439522292240266,0.26288950991657967
14412,-0.49535114444083134,-0.3615827770984007,0.04302428576674118,-0.7608339350647112,0.9085298483937003,0.7244172253228549,-0.24212525945462107,0.39757687986377455,-1.2751720648845752,1.0301103721374432
14413,2.694564632552873,-0.9552142636712971,-1.4122170541749417,-0.9880647720874756,-0.8204247009218442,-1.3804199638603631,1.1374284698424082,-2.5663182993187723,1.1766217208187268,-0.8983202582722637
14414,-0.0053640815170334765,1.074425194724936,0.5712001040544071,1.034289677415128,0.4649407791826658,0.7244172253228549,1.1374284698424082,0.04075000250021227,1.1511705742543328,0.9297798759139588
14415,-0.9153400555183724,1.8937448980942,1.6615580811626247,1.7311309109516058,0.9120014622515515,0.7244172253228549,-1.4749179537200516,1.0495150205735233,1.1596542897757975,0.4468313918701579
14416,-0.7053455999796019,-0.3615827770984007,-0.31551196143674404,-0.8365775474056326,1.465128892601692,0.7244172253228549,-0.8585216065873364,0.5863251270046403,-1.5381672460499813,0.059959733919086475
14418,-0.8853408475842623,0.05960546552681911,0.776116022294782,-0.20033120374189214,0.30698627013226826,0.7244172253228549,-1.3868613327010924,0.7922213562762911,-0.9782420216333103,1.4414459202703995
14419,-0.8153426957380054,0.8789251688960825,0.2954510959033866,1.693259104781145,0.06077912566688751,0.7244172253228549,-1.1813958836568539,0.7627959143449893,1.2020728673831211,-0.7050136844165571
14420,0.06463407032922336,-0.9552142636712971,-0.502040790880275,-0.9880647720874756,-0.8204247009218442,-1.3804199638603631,1.1374284698424082,-0.14071831929182332,-1.0545954613264927,0.8505541950871581
14421,-0.3553548407483177,-0.3615827770984007,0.0862617568319526,0.17838685796271528,-0.37647167837913303,0.7244172253228549,0.16880563863385561,0.2693942728023107,-0.09593560740098007,0.18431415059479042
14422,-0.9153400555183724,0.8789251688960825,1.4032448411660847,1.0267153161810358,0.29165207744863364,0.7244172253228549,-1.4749179537200516,0.9073791581889028,0.3706687462795792,1.2608753086031474
14423,1.2546026517155897,-0.9552142636712971,-0.8027302444981705,-0.9880647720874756,-0.8204247009218442,-1.3804199638603631,1.1374284698424082,-1.2382740417287612,-0.04503331427219179,-0.27661144040879315
14424,-0.7453445438917486,-0.9552142636712971,-0.6487243329311728,-0.9880647720874756,-0.8204247009218442,-1.3804199638603631,-0.9759304346126154,0.603921133076066,-1.7417764185651345,-1.2771851311768028
14426,-0.6853461280235285,1.5406654655354899,1.4428979238432924,1.2009256245651554,0.3872819164328193,0.7244172253228549,-0.799817192574697,0.7651039205287239,0.760919660266956,0.6154771842902537
14427,-0.42535299259457454,-0.3615827770984007,-0.5531426529939981,-0.8895980760442777,2.163448347362973,0.7244172253228549,-0.03665981041038266,0.3264694749353797,-1.3515255045777577,-0.3329048796889562
14428,-0.8553416396501522,0.6532369520997158,0.42461924626793773,1.4130077391197355,-0.02181349841575993,0.7244172253228549,-1.298804711682133,0.7862067501738931,0.8627242465245325,-0.6265842133690889
14431,2.1045802098487085,-0.9552142636712971,-0.3483327719017354,-0.9880647720874756,-0.8204247009218442,-1.3804199638603631,1.1374284698424082,-2.0174495928984677,0.6760825050523088,-0.18871879929522678
14432,-0.8253424317160422,0.8789251688960825,0.8970241801623005,-0.3896902345941959,1.813744674167018,0.7244172253228549,-1.2107480906631736,0.7916211985098718,-1.13943261654114,0.8863150824210384
14434,-0.7053455999796019,0.8789251688960825,0.502379790154421,-0.6093467103828681,2.6005303269359548,0.7244172253228549,-0.8585216065873364,0.6666831215505705,-1.28365578040604,-1.0107890806850137
14436,0.06463407032922336,-0.9552142636712971,-1.6646227471705404,-0.9880647720874756,-0.8204247009218442,-1.3804199638603631,1.1374284698424082,-0.14560827474367577,-1.0545954613264927,-0.19720057055511253
14437,2.73456357646502,-0.9552142636712971,-1.936281850358101,-0.9880647720874756,-0.8204247009218442,-1.3804199638603631,1.1374284698424082,-2.6041216865887544,1.210556582904586,-1.0347222451683766
14438,2.1345794177828186,-0.9552142636712971,-1.355166137637545,-0.9880647720874756,-0.8204247009218442,-1.3804199638603631,1.1374284698424082,-2.0506138554138,0.701533651616703,-0.6938444096888514
14439,2.2745757214753324,-0.9552142636712971,1.0285210830840545,-0.9880647720874756,-0.8204247009218442,-1.3804199638603631,1.1374284698424082,-2.1380616884964367,0.820305668917209,1.3520418713274223
14440,-0.8453419036721156,0.6532369520997158,0.9322409910946385,1.7159821884834214,-0.09760898534375057,0.7244172253228549,-1.2694525046758134,0.7952333191230401,1.210556582904586,-0.29878645384930685
14441,-0.9153400555183724,0.3863044476016779,0.6782818668158485,0.9358229813719301,-0.06642915242436435,0.7244172253228549,-1.4749179537200516,0.8326388614873267,0.27734787554346735,-0.35723257838900524
14442,1.1246060840011127,-0.3615827770984007,0.6190214102090562,-0.13973631386915497,-0.2284441534955728,0.7244172253228549,1.1374284698424082,-1.0804149538730947,0.7948545223528148,0.4906094218120704
14443,-0.38535404868242773,0.3863044476016779,0.5293561549094847,1.390284655417459,-0.19355751272395488,0.7244172253228549,0.0807490176148963,0.33990867877999015,1.23600772946898,0.4604729958101501
14446,-0.9153400555183724,0.3863044476016779,0.28145156125915244,0.8676537302651008,-0.04273590051938134,0.7244172253228549,-1.4749179537200516,0.8216073801990926,0.2009944358502849,0.45458226485896963
14447,-0.7353448079137119,0.6532369520997158,0.37074594412474415,0.9888435100105751,-0.08387516433943994,0.7244172253228549,-0.9465782276062956,0.6743940240556858,0.48944076358008515,-0.3309815677659478
14448,-0.8353421676940789,-0.3615827770984007,-0.5273503663406746,1.693259104781145,-0.6180688612057564,0.7244172253228549,-1.2401002976694935,0.7041252136013211,1.1935891518616564,-1.1903275890163445
14449,-0.7353448079137119,0.3863044476016779,0.1731523039559956,1.6856847435470528,-0.25538451784857497,0.7244172253228549,-0.9465782276062956,0.6537231407471908,1.261458876033374,0.22429893277304996
14450,0.8846124205282321,0.05960546552681911,-0.3268770155407375,0.06477143945133304,0.06924892719790009,0.7244172253228549,1.1374284698424082,-0.8611188965027508,0.8287893844386737,-0.7162968171176711
14451,-0.3253556328142076,-0.3615827770984007,-0.07631633419718685,0.0268996332808723,-0.31649874242306325,0.7244172253228549,0.2568622596528149,0.2393092109424136,-0.2401587712658802,0.25442934847567694
14452,-0.8153426957380054,-0.3615827770984007,-0.8050039881240236,-0.3593927896578273,-0.05079868360118282,0.7244172253228549,-1.1813958836568539,0.6838954365081549,-1.0970140389338163,-1.0438323026296568
14453,0.9746100443305623,-0.9552142636712971,-1.4302278901723027,-0.9880647720874756,-0.8204247009218442,-1.3804199638603631,1.1374284698424082,-0.9828772832339204,-0.2825773488732038,-1.2548234467293211
14456,-0.8753411116062256,1.4011241767997944,1.1401433908911576,0.04962271698314875,1.4976880022979988,0.7244172253228549,-1.3575091256947727,0.9002962121191009,-0.68979569390351,0.8139787696202686
14457,2.184578097673002,-0.9552142636712971,-1.4727073672384154,-0.9880647720874756,-0.8204247009218442,-1.3804199638603631,1.1374284698424082,-2.0969446078318947,0.7439522292240266,-0.6165898724803326
14459,0.6246192850992781,-0.9552142636712971,0.7342791410130854,-0.9880647720874756,-0.8204247009218442,-1.3804199638603631,1.1374284698424082,-0.6325087412926138,-0.5795073921244688,1.758740657214777
14460,0.17463116608762697,0.05960546552681911,-0.4115526962520042,0.5268074747309541,-0.16599530792849665,0.7244172253228549,1.1374284698424082,-0.20827178011518746,0.7439522292240266,0.708559085660227
14461,0.5546211332530212,0.05960546552681911,0.8413945134660824,-0.1321619526350628,0.24193015150652583,0.7244172253228549,1.1374284698424082,-0.5307715638971137,0.3282501686722556,0.5542995328034886
14462,-0.26535721694598746,1.6680566812978321,0.8030506904134072,1.079735844819681,0.7530240016590287,0.7244172253228549,0.4329755016907335,0.35431938948201713,0.9899799793465033,-0.6211215706556499
14463,0.05463433435118667,0.05960546552681911,-0.25415357352385104,-0.1776081200396157,0.2899744111530651,0.7244172253228549,1.1374284698424082,-0.09623492148146313,-0.15532161605123307,-1.0407872780594434
14465,1.5445949950786537,0.05960546552681911,0.29587150095507864,-0.5639005429783153,0.2496422698449756,0.7244172253228549,1.1374284698424082,-1.4593089341282166,0.6760825050523088,-0.14725830687642594
14466,-0.6353474481333451,1.074425194724936,0.9029546260064336,1.6099411312061314,0.231821135542044,0.7244172253228549,-0.6530561575430981,0.633452374966912,1.261458876033374,-0.07851478402454877
14467,-0.7453445438917486,0.3863044476016779,-0.15674601928758364,1.2463717919697082,-0.15625806399159337,0.7244172253228549,-0.9759304346126154,0.6578776280889017,0.760919660266956,-0.8745157766621716
14470,-0.8053429597599688,-0.3615827770984007,-0.3639567267970593,1.0948845672878653,-0.5630466726184838,0.7244172253228549,-1.1520436766505342,0.6779126635373083,0.5488267722303382,-0.5156259986058179
14472,0.11463275021940682,1.2468684386726134,0.7759477799696857,0.9130998976696537,0.6914926587352195,0.7244172253228549,1.1374284698424082,-0.04604468531372046,1.117235712168474,-0.06872426161817644
14473,-0.18535932912169392,-0.3615827770984007,-0.9007208819631348,0.5874023646036913,-0.48435389544355417,0.7244172253228549,0.6677931577412918,0.10340435398775961,0.49792447910154986,-1.3714433911424704
14474,-0.4653519365067213,-0.9552142636712971,-0.22756542415610226,-0.9880647720874756,-0.8204247009218442,-1.3804199638603631,-0.15406863843566193,0.349840170072541,-1.5042323839641225,-0.10729491444130809
14475,-0.2053588010777673,0.05960546552681911,0.18940544892602199,0.776761395455995,-0.24888296839804808,0.7244172253228549,0.6090887437286524,0.14962111653196103,0.6930499360952382,-0.03880715033829886
14476,1.6445923548590207,-0.9552142636712971,-0.9663445693755958,-0.9880647720874756,-0.8204247009218442,-1.3804199638603631,1.1374284698424082,-1.5981313823441383,0.28583159106493206,-0.17194778552190632
14477,-0.7253450719356752,0.3863044476016779,0.4649260351428512,1.1100332897560496,-0.12085358393430568,0.7244172253228549,-0.9172260205999759,0.6511113666848027,0.6251802119235206,0.16913056911273133
14479,1.6145931469249106,-0.3615827770984007,-0.663206113475534,-0.1473106751032471,-0.2284441534955728,0.7244172253228549,1.1374284698424082,-1.5523905660500052,1.2020728673831211,-1.06228049189886
14480,-0.8153426957380054,-0.9552142636712971,-0.7623938878123672,-0.9880647720874756,-0.8204247009218442,-1.3804199638603631,-1.1813958836568539,0.6676603453963827,-1.8011624272153874,-0.08399161723334575
14481,0.724616644879645,-0.3615827770984007,-0.10820235612824186,-0.06399270152823348,-0.2760230118464947,0.7244172253228549,1.1374284698424082,-0.727781291709238,0.5403430567088734,0.5065031515785218
14482,-0.7453445438917486,0.8789251688960825,0.8280888971511625,0.6782946994127971,0.47174893146165303,0.7244172253228549,-0.9759304346126154,0.7149009703328801,0.13312471167856718,0.6334446432609812
14483,1.8945857543099378,-0.9552142636712971,-1.324642758052545,-0.9880647720874756,-0.8204247009218442,-1.3804199638603631,1.1374284698424082,-1.8295770681957897,0.49792447910154986,-0.5099642689559386
14484,-0.42535299259457454,-0.9552142636712971,-0.649118275333822,-0.9880647720874756,-0.8204247009218442,-1.3804199638603631,-0.03665981041038266,0.30931639077942363,-1.4702975218782637,0.3388807179538937
14485,-0.5353500883529781,-0.9552142636712971,-1.1747201189773084,-0.9880647720874756,-0.8204247009218442,-1.3804199638603631,-0.35953408747990034,0.4080271874470596,-1.5636183926143754,-0.8512124794542093
14487,-0.6553469200894184,0.8789251688960825,0.39304069928384616,1.594792408737947,-0.0702373274453117,0.7244172253228549,-0.7117605715557376,0.6177602634833523,1.2275240139475152,-0.2539753604552518
14488,-0.24535774498991408,-0.9552142636712971,0.3001081668583988,-0.9880647720874756,-0.8204247009218442,-1.3804199638603631,0.49167991570337316,0.1557654912306845,-1.3175906424918988,1.8140600021541327
14489,1.144605555957186,-0.9552142636712971,-0.36019738386326666,-0.9880647720874756,-0.8204247009218442,-1.3804199638603631,1.1374284698424082,-1.1337575903189032,-0.13835418500830363,0.7284137118825638
14491,0.8246140046600119,-0.3615827770984007,-0.603627630325192,0.5040843910286776,-0.4668592567494488,0.7244172253228549,1.1374284698424082,-0.8246872241382583,1.2699425915548388,-0.8745157766621716
14493,-0.8553416396501522,0.6532369520997158,0.9408126426888037,0.12536632932407024,0.6606597055226227,0.7244172253228549,-1.298804711682133,0.8048584093106026,-0.5795073921244688,0.5614730234542681
14494,-0.6653466560674551,-0.9552142636712971,-1.3106011446273529,-0.9880647720874756,-0.8204247009218442,-1.3804199638603631,-0.7411127785620575,0.5272802032452074,-1.6739066943934169,-0.5679285976413818
14495,-0.4153532566165378,-0.3615827770984007,-1.4051763777661945,-0.4578594857010252,0.058687073079082816,0.7244172253228549,-0.007307603404062988,0.3133385458830204,-0.867953719854269,-1.7488033477945253
14496,2.1945778336510386,-0.3615827770984007,-0.24049789872885816,-0.5260287368078546,0.1639826223835226,0.7244172253228549,1.1374284698424082,-2.0827104969098156,1.2699425915548388,-0.7276961530231288
14497,2.1645786257169286,-0.9552142636712971,-0.33992458418548516,-0.9880647720874756,-0.8204247009218442,-1.3804199638603631,1.1374284698424082,-2.072605406941793,0.7269847981810972,0.46282053801184625
14498,-0.49535114444083134,0.6532369520997158,0.7843084758195276,1.4281564615879199,-0.023956690672215043,0.7244172253228549,-0.24212525945462107,0.4664527688791906,1.1766217208187268,0.38812846551548347
14499,-0.6653466560674551,0.05960546552681911,0.08841769170614591,0.9206742589037459,-0.28769525660959294,0.7244172253228549,-0.7411127785620575,0.5713007466375711,0.47247333253715573,0.0866324880157891
14500,-0.04536302542918024,0.05960546552681911,-0.5674365343632256,-0.2230542874441686,0.3426523527398193,0.7244172253228549,1.0787240558297684,-0.00700241475730991,-0.2825773488732038,-1.5018133972619236
14501,0.9146116284623421,-0.3615827770984007,-0.845663622502235,0.0420483557490566,-0.3232178471977014,0.7244172253228549,1.1374284698424082,-0.9090140391466919,0.820305668917209,-0.7140309704038043
14502,-0.7253450719356752,1.6680566812978321,0.9694532380177586,1.2312230695015238,0.6682459466325078,0.7244172253228549,-0.9172260205999759,0.7854555112035881,0.760919660266956,-0.13768137223475216
14503,-0.8953405835622991,0.8789251688960825,1.25609710092789,0.3374484438786504,0.7236783201912479,0.7244172253228549,-1.416213539707412,0.8771638515465826,-0.37589821960931563,0.8505541950871581
14504,-0.4553522005286846,0.3863044476016779,-0.06363072112410388,0.7616126729878108,0.00027621515309949766,0.7244172253228549,-0.12471643142934195,0.39211506076420655,0.463989617015691,-0.76261594913842
14505,-0.7553442798697854,1.2468684386726134,1.6622800802909186,1.6175154924402235,0.3654503719940077,0.7244172253228549,-1.0052826416189355,0.8199294746138514,1.1766217208187268,0.8859151309322459
14506,-0.7553442798697854,0.6532369520997158,0.806276754507996,1.6705360210788684,-0.08871137244830361,0.7244172253228549,-1.0052826416189355,0.706715652057283,1.23600772946898,-0.06116883478578145
14507,-0.6853461280235285,0.8789251688960825,0.5083660221990639,0.9206742589037459,0.1478559715314178,0.7244172253228549,-0.799817192574697,0.6484405544579246,0.4470221859727616,-0.4765889042531565
14508,-0.7053455999796019,-0.3615827770984007,-0.7698977133006629,-0.48058256940330163,0.10253213026786133,0.7244172253228549,-0.8585216065873364,0.5828222372518895,-1.1309489010196752,-0.9391686477427699
14511,-0.8153426957380054,0.6532369520997158,0.4680811925129011,-0.06399270152823348,0.8880000686812295,0.7244172253228549,-1.1813958836568539,0.7505280342936997,-0.7576654180752277,0.017303320806362772
14512,0.9546105723744889,-0.3615827770984007,-0.7731724485702778,-0.6547928777874211,0.45375531580085143,0.7244172253228549,1.1374284698424082,-0.9454449424382438,0.0737387030283142,-1.01672403181154
14513,0.08463354228529675,0.05960546552681911,-0.3736512650342487,0.4359151399218483,-0.12952156724608394,0.7244172253228549,1.1374284698424082,-0.1250667745612477,0.5573104877518029,-0.2735664158385787
14514,-0.31535589683617093,0.05960546552681911,0.29341348980752474,1.0570127611174045,-0.3198809180656213,0.7244172253228549,0.28621446665913486,0.2530123178566033,0.9136265396533209,0.2647607964708124
14515,-0.7453445438917486,0.8789251688960825,0.841027798190191,0.5268074747309541,0.3472728118811585,0.7244172253228549,-0.9759304346126154,0.7154570417931622,-0.03654959875072707,0.2228434878122663
14517,-0.5953485042211982,-0.3615827770984007,-0.6283836827167946,-0.17003375880552357,-0.20900247943466296,0.7244172253228549,-0.5356473295178191,0.48243798333754734,-0.68979569390351,-1.3351494598622453
14518,-0.28535668890206084,-0.9552142636712971,-1.1346365868099764,-0.9880647720874756,-0.8204247009218442,-1.3804199638603631,0.3742710876780942,0.17801051022138945,-1.3515255045777577,0.6480876987496389
14520,-0.9053403195403357,-0.3615827770984007,-0.786759218614267,1.2009256245651554,-0.5740712728946106,0.7244172253228549,-1.4455657467137322,0.7668532081688803,0.5742779187947323,-0.8208854938007576
14522,-0.6853461280235285,0.3863044476016779,0.23012287648499122,0.3222997214104661,0.21945609078396586,0.7244172253228549,-0.799817192574697,0.6087964933422425,-0.21470762470148605,-0.17820717486945542
14523,0.1546316941315536,-0.9552142636712971,-0.8782319793929647,-0.9880647720874756,-0.8204247009218442,-1.3804199638603631,1.1374284698424082,-0.22597426843439347,-0.9782420216333103,0.5354279221859473
14524,-0.6053482401992349,1.4011241767997944,0.7470463108732507,1.5039000739288413,0.116561594111474,0.7244172253228549,-0.5649995365241388,0.6321514329518214,1.1681380052972623,-0.7897502819462298
14525,-0.7253450719356752,1.4011241767997944,1.415928247647895,1.594792408737947,0.5057229070163347,0.7244172253228549,-0.9172260205999759,0.7830058150551732,1.1681380052972623,0.7304615676622631
14527,-0.8953405835622991,3.9233843564904327,1.9526683114811612,1.7841514395902507,3.354640546216413,0.7244172253228549,-1.416213539707412,1.7657679417753078,1.23600772946898,-1.530352953002207
14528,-0.5553495603090515,-0.9552142636712971,-0.5512241294910564,-0.9880647720874756,-0.8204247009218442,-1.3804199638603631,-0.4182385014925398,0.42969154371118307,-1.580585823657305,0.6480876987496389
14529,-0.3253556328142076,0.05960546552681911,-0.12901815939651892,-0.6093467103828681,1.1462671913280684,0.7244172253228549,0.2568622596528149,0.25508653432877787,-0.9612745905903809,-0.3138205149682618
14530,-0.6653466560674551,0.8789251688960825,1.1038963994643507,1.0570127611174045,0.27837325690462167,0.7244172253228549,-0.7411127785620575,0.6553039420548338,0.6251802119235206,0.46282053801184625
14532,1.4345978993202502,0.3863044476016779,0.19538913756609422,-0.11701323016687852,0.6120479132225516,0.7244172253228549,1.1374284698424082,-1.343625604497682,1.0917845656040799,-0.8512124794542093
14533,-0.6753463920454919,1.074425194724936,0.7812161212749283,1.4963257126947491,0.27077502111017787,0.7244172253228549,-0.7704649855683771,0.664990865213241,1.1002682811255444,1.4488017588275124
14534,-0.8953405835622991,2.3408466559766334,1.4367321438900769,1.3978590166515512,1.5762818735425654,0.7244172253228549,-1.416213539707412,1.089665035444856,0.8118219533957443,-0.3355817025974386
14535,-0.3253556328142076,0.05960546552681911,1.0869471075134534,0.4359151399218483,-0.12952156724608394,0.7244172253228549,0.2568622596528149,0.291854588765798,0.21796186689321434,1.5163470303956361
14536,1.6745915627931307,-0.9552142636712971,-1.1463773119086258,-0.9880647720874756,-0.8204247009218442,-1.3804199638603631,1.1374284698424082,-1.6264695868352868,0.3112827376293262,-1.4744819905226407
14537,-0.345355104770281,-0.9552142636712971,-0.5703085573604031,-0.9880647720874756,-0.8204247009218442,-1.3804199638603631,0.19815784564017558,0.2362170168370346,-1.402427797706546,-0.27661144040879315
14538,-0.2753569529240241,-0.3615827770984007,-0.5005479378437517,0.45863822362412476,-0.4582893515482193,0.7244172253228549,0.4036232946844138,0.18878285511980739,0.27734787554346735,-0.7555433005808716
14539,-0.7653440158478221,-0.3615827770984007,-0.24245972948769307,-0.7759826575328954,0.9511694192575065,0.7244172253228549,-1.0346348486252552,0.642337330418293,-1.5127160994855873,0.35966753981671196
14540,-0.8253424317160422,0.05960546552681911,0.24763503041328538,1.2766692369060768,-0.36565016832899516,0.7244172253228549,-1.2107480906631736,0.7215663200341738,0.7269847981810972,-0.10468129874477598
14541,-0.3353553687922443,1.2468684386726134,0.55221882937545,0.981269148776483,0.4879250851336449,0.7244172253228549,0.22751005264649524,0.36045405518824847,0.8118219533957443,-0.7089497109834874
14542,0.9346111004184156,-0.9552142636712971,-1.548262047095378,-0.9880647720874756,-0.8204247009218442,-1.3804199638603631,1.1374284698424082,-0.9463253025089116,-0.3165122109590626,-2.269034259482787
14543,-0.6353474481333451,2.178003940795619,1.2753979982626062,1.5569206025674862,1.2023224526798368,0.7244172253228549,-0.6530561575430981,0.8039707864393708,1.2020728673831211,-1.4105593248935193
14544,-0.6853461280235285,-0.3615827770984007,0.8111130404396987,1.5644949638015784,-0.6077088782839593,0.7244172253228549,-0.799817192574697,0.5930492509771413,1.1766217208187268,1.775342149951412
14546,-0.8753411116062256,0.6532369520997158,1.0032861334132175,0.8525050077969165,0.18066286479060156,0.7244172253228549,-1.3575091256947727,0.8264634556546848,0.21796186689321434,0.5885951334673533
14547,-0.8853408475842623,1.2468684386726134,1.353993151092139,-0.6093467103828681,3.252094292670798,0.7244172253228549,-1.3868613327010924,0.9085131996866912,-1.4363626597924049,0.8489009225868205
14548,0.5846203411871314,-0.3615827770984007,-0.08813644587842454,0.2768535540059132,-0.4083326598276457,0.7244172253228549,1.1374284698424082,-0.5986259691911758,0.8033382378742796,-0.20574783876659553
14549,2.184578097673002,-0.9552142636712971,-0.7339708882219722,-0.9880647720874756,-0.8204247009218442,-1.3804199638603631,1.1374284698424082,-2.094067585191188,0.7439522292240266,-0.1391493641385155
14550,-0.8153426957380054,-0.3615827770984007,0.03846257712286645,-0.7381108513624347,0.7573105711178629,0.7244172253228549,-1.1813958836568539,0.6921067474823523,-1.5127160994855873,0.26849390534908824
14551,-0.7453445438917486,-0.3615827770984007,-1.082594213900398,0.4131920562195719,-0.4474395991036586,0.7244172253228549,-0.9759304346126154,0.6181698333851086,-0.16380533157269778,-1.1696379075049148
14552,0.594620077165168,-0.9552142636712971,-1.177969834587386,-0.9880647720874756,-0.8204247009218442,-1.3804199638603631,1.1374284698424082,-0.6322976929428781,-0.6049585386888628,-0.5798948302215583
14553,-0.7353448079137119,0.6532369520997158,0.13012160138725196,1.4281564615879199,-0.20223353592051585,0.7244172253228549,-0.9465782276062956,0.6694139568468642,0.9814962638250385,-0.49203892605129623
14554,-0.8253424317160422,0.3863044476016779,0.9400784865820528,-0.6699416002556053,2.0359408194478132,0.7244172253228549,-1.2107480906631736,0.760728955070648,-1.4533300908353342,0.9620409359357699
14555,-0.3553548407483177,-0.3615827770984007,-0.6436696780121038,0.8600793690310087,-0.532294651063532,0.7244172253228549,0.16880563863385561,0.2613830099285853,0.6675987895308442,-0.9475223910419335
14557,-0.07536223336329032,-0.9552142636712971,0.06172949715058208,-0.9880647720874756,-0.8204247009218442,-1.3804199638603631,0.9906674348108093,-0.005262218886879729,-1.1733674786269988,1.31791614002198
14560,-0.8553416396501522,2.6205659263872656,0.8907472921870434,1.6629616598447763,1.5902202138707795,0.7244172253228549,-1.298804711682133,1.0825408672638386,1.142686858732868,-1.0853499296640348
14561,-0.16535985716562054,0.05960546552681911,0.31231690719030436,-0.17003375880552357,0.2734763904448774,0.7244172253228549,0.7264975717539314,0.11533389001893826,-0.33347964200199204,0.8636922215369528
14562,-0.8853408475842623,2.3408466559766334,1.5417178363965947,1.284243598140169,1.5578543961072648,0.7244172253228549,-1.3868613327010924,1.0907432559105987,0.6845662205737736,-0.45607963360283954
14565,0.03463486239511329,0.3863044476016779,1.149619373544616,1.0191409549469437,-0.09348403954802313,0.7244172253228549,1.1374284698424082,-0.01924925376061182,1.1681380052972623,1.0074046378297004
14566,0.18463090206566365,-0.9552142636712971,0.5359319055457232,-0.9880647720874756,-0.8204247009218442,-1.3804199638603631,1.1374284698424082,-0.23408140044849168,-0.9527908750689161,1.815442720301711
14567,-0.3553548407483177,-0.3615827770984007,0.5887268441464654,-0.43513640199874876,0.02846838690587006,0.7244172253228549,0.16880563863385561,0.2811456651089531,-0.7916002801610865,0.3176960381187571
14569,-0.9153400555183724,-0.9552142636712971,-0.9245603954092424,-0.9880647720874756,-0.8204247009218442,-1.3804199638603631,-1.4749179537200516,0.7588771130090108,-1.8859995824300346,-0.73459253504106
14570,1.8845860183319012,-0.3615827770984007,-0.9577303854039837,-0.9880647720874756,-0.8204247009218442,0.7244172253228549,1.1374284698424082,-1.8025698461500101,0.48944076358008515,-1.288537699754349
14572,-0.8953405835622991,1.074425194724936,1.0781975470127403,1.435730822822012,0.2899744111530651,0.7244172253228549,-1.416213539707412,0.8819988223643348,0.8542405310030678,0.3069496844516885
14573,0.8746126845501954,1.4011241767997944,0.6501967475442227,0.4662125848582169,1.0160344982043334,0.7244172253228549,1.1374284698424082,-0.7338938024152717,1.261458876033374,-1.0266868869521482
14576,2.79456199233324,-0.9552142636712971,-2.3850647729564214,-0.9880647720874756,-0.8204247009218442,-1.3804199638603631,1.1374284698424082,-2.6598117814311295,1.261458876033374,-2.745853107750305
14577,-0.7953432237819321,0.3863044476016779,0.13052825264365525,1.6629616598447763,-0.24961277407572335,0.7244172253228549,-1.1226914696442145,0.7081846027431746,1.1851054363401916,-0.6134850577287019
14578,-0.8953405835622991,-0.9552142636712971,-1.1611019665964348,-0.9880647720874756,-0.8204247009218442,-1.3804199638603631,-1.416213539707412,0.7395017592114757,-1.869032151387105,0.48602612030178444
14581,-0.7553442798697854,-0.9552142636712971,-1.3160513398646925,-0.9880647720874756,-0.8204247009218442,-1.3804199638603631,-1.0052826416189355,0.6101213211405475,-1.750260134086599,0.37500541664710685
14582,-0.5153506163969047,-0.9552142636712971,-1.4694535871323986,-0.9880647720874756,-0.8204247009218442,-1.3804199638603631,-0.30082967346726086,0.3887684874149104,-1.546650961571446,-0.8208854938007576
14583,-0.8653413756281889,0.6532369520997158,0.2913027161285336,0.5268074747309541,0.35193080418570905,0.7244172253228549,-1.3281569186884528,0.7922627594272227,-0.14683790052976836,0.02846977851913454
14584,0.7646155887917918,0.3863044476016779,0.28349713866954884,-0.7684082962988033,2.7011734956367803,0.7244172253228549,1.1374284698424082,-0.7250098453338197,-0.21470762470148605,-0.5241732668173009
14585,-0.42535299259457454,-0.9552142636712971,-1.217334127188383,-0.9880647720874756,-0.8204247009218442,-1.3804199638603631,-0.03665981041038266,0.3066151679845871,-1.4702975218782637,-0.5798948302215583
14586,1.8445870744197546,-0.9552142636712971,-0.8905804910341709,-0.9880647720874756,-0.8204247009218442,-1.3804199638603631,1.1374284698424082,-1.7819028314010552,0.4555059014942263,1.1648418024939966
14587,-0.7353448079137119,1.4011241767997944,0.6246603833280083,1.3751359329492747,0.5992489662458302,0.7244172253228549,-0.9465782276062956,0.7474665649703929,0.9136265396533209,-0.6602783413796484
14589,2.79456199233324,-0.9552142636712971,-2.295288940248481,-0.9880647720874756,-0.8204247009218442,-1.3804199638603631,1.1374284698424082,-2.6597405112233448,1.261458876033374,-3.6016705002869576
14591,-0.7753437518258587,0.3863044476016779,0.544290067199602,0.5040843910286776,-0.4685247132807216,0.7244172253228549,-1.063987055631575,0.699396397352233,-0.08745189187951535,0.8178613500705026
14592,-0.5753490322651249,0.05960546552681911,-0.19518552130215205,-0.7759826575328954,1.9765957326879975,0.7244172253228549,-0.4769429155051793,0.48443212472436026,-1.3515255045777577,-0.12045637430805994
14593,-0.7053455999796019,0.05960546552681911,-0.13164762394794427,0.3525971663468347,-0.42988601396358633,0.7244172253228549,-0.8585216065873364,0.6048929657450199,-0.20622390918002134,-0.3654621013038626
14594,-0.8553416396501522,-0.3615827770984007,-0.5179395087048552,1.7765770783561585,-0.6239172909758344,0.7244172253228549,-1.298804711682133,0.7226112462773434,1.2699425915548388,-0.5619936465148555
14595,-0.7253450719356752,0.8789251688960825,0.69103689582429,1.2312230695015238,0.2078598162752867,0.7244172253228549,-0.9172260205999759,0.691121773052456,0.760919660266956,0.059959733919086475
14597,-0.8153426957380054,-0.3615827770984007,0.15189647545117269,0.3753202500491111,-0.43591831231889344,0.7244172253228549,-1.1813958836568539,0.6940323538090166,-0.2656099178302743,0.688979209778995
14598,-0.4853514084627947,-0.9552142636712971,-0.9436607904383733,-0.9880647720874756,-0.8204247009218442,-1.3804199638603631,-0.21277305244830141,0.3629167120578925,-1.521199815007052,0.2228434878122663
14600,2.1345794177828186,-0.9552142636712971,-0.4902362036395804,-0.9880647720874756,-0.8204247009218442,-1.3804199638603631,1.1374284698424082,-2.046330597845692,0.701533651616703,-0.2317929400349163
14601,-0.8153426957380054,-0.9552142636712971,-0.9727560015150158,-0.9880647720874756,-0.8204247009218442,-1.3804199638603631,-1.1813958836568539,0.6665939137125364,-1.8011624272153874,0.09320144339823294
14603,1.8245876024636811,-0.9552142636712971,-0.07942636078133351,-0.9880647720874756,-0.8204247009218442,-1.3804199638603631,1.1374284698424082,-1.7565656837624037,0.4385384704512969,1.0496028510649729
14606,-0.9153400555183724,4.681692090595079,2.236371621370352,1.8295976069948037,4.396431542702674,0.7244172253228549,-1.4749179537200516,2.469975966696838,1.2699425915548388,-0.9157050311215456
14607,-0.7653440158478221,1.9947556633726906,2.4826396021909436,0.8676537302651008,0.5492446469068906,0.7244172253228549,-1.0346348486252552,1.1026987661605863,0.3197664531507909,1.8699449888176851
14608,-0.8853408475842623,0.3863044476016779,0.7111240425555245,1.7235565497175136,-0.26104022464972515,0.7244172253228549,-1.3868613327010924,0.8062038173033776,1.1766217208187268,-0.37959426283648684
14609,-0.2053588010777673,0.3863044476016779,-0.15304190821726713,0.7085921443491656,0.02203576710883975,0.7244172253228549,0.6090887437286524,0.16078242420766248,0.6251802119235206,2.6852030662477615
14616,1.5045960511665069,0.05960546552681911,-0.46492939804441014,-0.4275620407646566,0.6457234084718455,0.7244172253228549,1.1374284698424082,-1.4331748555462571,0.8033382378742796,-1.6287298413496902
14618,-0.8353421676940789,0.05960546552681911,-0.21923125743175087,1.4963257126947491,-0.40139382823092007,0.7244172253228549,-1.2401002976694935,0.7235174929981947,0.9730125483035739,-0.6165898724803326
14619,1.5345952591006171,-0.9552142636712971,-0.48800073857168647,-0.9880647720874756,-0.8204247009218442,-1.3804199638603631,1.1374284698424082,-1.4939334350352789,0.1925107203288202,-0.016888300756974145
14620,1.1346058199791493,-0.3615827770984007,-0.45194682992896196,-0.397264595828288,-0.00870598452150238,0.7244172253228549,1.1374284698424082,-1.1089058414998396,0.5148919101444793,-0.40241704528405114
14621,-0.9153400555183724,0.6532369520997158,0.7125519906060269,1.7159821884834214,-0.09760898534375057,0.7244172253228549,-1.4749179537200516,0.8503498193387037,1.142686858732868,0.277402329558478
14622,0.9246113644403788,-0.9552142636712971,-0.6524252263213326,-0.9880647720874756,-0.8204247009218442,-1.3804199638603631,1.1374284698424082,-0.933558261115151,-0.32499592648052733,-0.06116883478578145
14623,-0.6053482401992349,0.6532369520997158,0.1573644347460722,0.5495305584332305,0.3380689670979753,0.7244172253228549,-0.5649995365241388,0.5502230362412455,0.09918984959270834,-0.6700966773280834
14624,-0.3553548407483177,-0.3615827770984007,-0.9299409521868978,-0.9804904108533835,6.095393496340334,0.7244172253228549,0.16880563863385561,0.25977263091175706,-1.3939440821850813,-0.7072611283017771
14625,1.0346084601987824,-0.3615827770984007,0.16658337469819326,0.2541304703036368,-0.40373265086286475,0.7244172253228549,1.1374284698424082,-1.0088661498425269,1.1681380052972623,0.08992183882646386
14626,-0.6853461280235285,0.3863044476016779,1.0664451903062278,0.5949767258377835,0.06924892719790009,0.7244172253228549,-0.799817192574697,0.6385617173858082,0.08222241854977891,0.9045583559231437
14628,-0.015363817495070167,-0.3615827770984007,-0.06516551557890123,0.15566377426043881,-0.368404839127154,0.7244172253228549,1.1374284698424082,-0.04593307597834403,0.15857585824296133,-0.1391493641385155
14629,-0.8853408475842623,-0.3615827770984007,0.21736079137209868,-0.6623672390215132,0.49973549618605567,0.7244172253228549,-1.3868613327010924,0.7597194546359024,-1.4957486684426577,0.2286538199639716
14631,-0.4153532566165378,0.05960546552681911,0.2561381408435177,0.8903768139673772,-0.2799704001591887,0.7244172253228549,-0.007307603404062988,0.3442829886838544,0.64214764296645,0.32480274460745245
14632,1.7045907707272407,-0.9552142636712971,-1.4663506912371083,-0.9880647720874756,-0.8204247009218442,-1.3804199638603631,1.1374284698424082,-1.6550263532969784,0.3367338841937203,-0.5213168375334848
14633,1.7345899786613508,-0.9552142636712971,-0.5944472754116814,-0.9880647720874756,-0.8204247009218442,-1.3804199638603631,1.1374284698424082,-1.6788714217460587,0.3621850307581145,-0.5213168375334848
14636,-0.5653492962870882,-0.3615827770984007,-0.1421751757831809,0.7691870342219028,-0.5170934457984386,0.7244172253228549,-0.4475907084988595,0.4593967117606367,0.3876361773225086,-0.2720470391645994
14638,-0.4153532566165378,-0.9552142636712971,-0.39481409303157533,-0.9880647720874756,-0.8204247009218442,-1.3804199638603631,-0.007307603404062988,0.3021036742457187,-1.461813806356799,0.08002431475699087
14639,-0.4053535206385011,0.8789251688960825,1.1196559935285835,1.3524128492469982,-0.18281754283021995,0.7244172253228549,0.02204460360225668,0.4168994909845747,1.1681380052972623,0.47911538567869905
14640,-0.6853461280235285,0.8789251688960825,0.8496741591521174,0.5495305584332305,0.5596068614392032,0.7244172253228549,-0.799817192574697,0.6605958112753492,0.03980384094245534,-0.04868994575349682
14641,-0.7053455999796019,-0.9552142636712971,-1.4950791427175367,-0.9880647720874756,-0.8204247009218442,-1.3804199638603631,-0.8585216065873364,0.5636286952390235,-1.7078415564792757,-0.5919918438892852
14642,-0.3353553687922443,-0.9552142636712971,-1.6046026648039156,-0.9880647720874756,-0.8204247009218442,-1.3804199638603631,0.22751005264649524,0.2227600470640016,-1.3939440821850813,-0.7768982857927977
14643,0.7746153247698284,-0.3615827770984007,-0.039754584929120255,0.42834077868775616,-0.4511278359936225,0.7244172253228549,1.1374284698424082,-0.7728740724261269,1.142686858732868,1.0701136121374362
14644,-0.24535774498991408,-0.3615827770984007,0.10331908814657878,0.7540383117537186,-0.5158573319150609,0.7244172253228549,0.49167991570337316,0.1684139705755027,0.6336639274449853,-0.19720057055511253
14645,0.6446187570553514,-0.3615827770984007,-0.15896349857071815,-0.09429014646460207,-0.25963698376611755,0.7244172253228549,1.1374284698424082,-0.6547766170314462,0.4470221859727616,0.2315475882349355
14646,-0.9053403195403357,4.3314417901064886,4.73159077713056,1.6856847435470528,3.0605550058973368,0.7244172253228549,-1.4455657467137322,6.52298946999196,1.117235712168474,3.1598171610953774
14647,1.0846071400889659,-0.9552142636712971,-0.8712654826833608,-0.9880647720874756,-0.8204247009218442,-1.3804199638603631,1.1374284698424082,-1.0821267843686768,-0.18925647813709193,-0.5327870514035039
14649,-0.8753411116062256,0.3863044476016779,0.5277261156921301,0.5798280033695992,-0.18823338230509185,0.7244172253228549,-1.3575091256947727,0.7909704990411343,-0.09593560740098007,0.5506952778011166
14651,-0.25535748096795075,-0.3615827770984007,-0.08594996492826856,0.09506888438770164,-0.348388132970591,0.7244172253228549,0.4623277086970535,0.1747340891965325,-0.10441932292244478,0.11909422020017577
14652,-0.15536012118758386,-0.9552142636712971,-1.4689701185810013,-0.9880647720874756,-0.8204247009218442,-1.3804199638603631,0.7558497787602511,0.057342248320141447,-1.2412372027987164,-1.1696379075049148
14653,-0.9153400555183724,1.074425194724936,0.7803309613850633,1.5644949638015784,0.09794958667045565,0.7244172253228549,-1.4749179537200516,0.8859069026769131,0.9730125483035739,-0.14146014938947238
14655,-0.8453419036721156,0.3863044476016779,0.7740536256366264,0.6328485320082442,0.05522253135692826,0.7244172253228549,-1.2694525046758134,0.7717883044163418,-0.011098452186332935,0.6250376019850075
14656,0.7646155887917918,-0.3615827770984007,-0.7290268035749566,-0.12458759140097067,-0.23770652638978176,0.7244172253228549,1.1374284698424082,-0.7702665581922494,0.5064081946230146,-1.0347222451683766
14657,-0.7453445438917486,0.3863044476016779,0.1198403253880036,1.344838488012906,-0.18281754283021995,0.7244172253228549,-0.9759304346126154,0.6619647697059325,0.8712079620459973,-0.3091003980788642
14658,-0.8753411116062256,-0.3615827770984007,-0.8585698179320718,-0.1473106751032471,-0.2284441534955728,0.7244172253228549,-1.3575091256947727,0.7388500555740997,-0.9018885819401279,-2.044405993397666
14659,-0.8353421676940789,1.4011241767997944,0.9882954306459141,1.329689765544722,0.620316889687124,0.7244172253228549,-1.2401002976694935,0.85474698205956,0.7863708068313501,-0.16549373963691244
14660,-0.05536276140721694,-0.3615827770984007,-0.7436193452693144,-0.8820237148101855,2.0359408194478132,0.7244172253228549,1.0493718488234491,-0.015435622284351391,-1.0376280302835632,-0.3329048796889562
14661,-0.6553469200894184,-0.9552142636712971,-1.5131928129680277,-0.9880647720874756,-0.8204247009218442,-1.3804199638603631,-0.7117605715557376,0.517555990124978,-1.6654229788719521,-1.618433341675073
14662,-0.6353474481333451,0.3863044476016779,0.0441992589954554,1.185776902096971,-0.14212570803275684,0.7244172253228549,-0.6530561575430981,0.5594329068636643,0.7863708068313501,-0.027793470082998303
14664,-0.7253450719356752,-0.3615827770984007,-0.10648271542601724,-0.8895980760442777,2.0359408194478132,0.7244172253228549,-0.9172260205999759,0.6071571783134806,-1.6145206857431638,0.45340034725260175
14665,-0.31535589683617093,0.6532369520997158,0.7333184855052511,0.9055255364355616,-0.053448962746444936,0.7244172253228549,0.28621446665913486,0.29874645918741505,0.7439522292240266,-0.0462109621121476
14666,-0.6853461280235285,-0.9552142636712971,-1.045175471599226,-0.9880647720874756,-0.8204247009218442,-1.3804199638603631,-0.799817192574697,0.5466052582983976,-1.6908741254363462,0.04637838888610602
14667,-0.8153426957380054,2.8000649690066,2.0183252358881907,1.7159821884834214,1.7863305657803483,0.7244172253228549,-1.1813958836568539,1.2098828719316366,1.2275240139475152,0.3668516727165118
14669,1.4945963151884702,0.05960546552681911,0.4405200180303292,-0.30637226101918225,-0.10970577992671149,0.7244172253228549,1.1374284698424082,-1.409814276003136,0.9305939706962503,0.5671785295574422
14670,1.8745862823538646,-0.3615827770984007,-0.454352923936427,-0.9880647720874756,-0.8204247009218442,0.7244172253228549,1.1374284698424082,-1.7901937259419407,0.48095704805862044,0.09647135931608926
14672,1.4245981633422133,-0.3615827770984007,0.03838995766817436,-0.2230542874441686,-0.17730759105532257,0.7244172253228549,1.1374284698424082,-1.3701092454405401,0.9560451172606445,0.4246489714498224
14673,-0.8953405835622991,0.6532369520997158,0.6891167229580373,1.7690027171220666,-0.10970577992671149,0.7244172253228549,-1.416213539707412,0.8310858764406938,1.2275240139475152,0.2895355084147566
14675,-0.7653440158478221,-0.9552142636712971,-0.14884278539117046,-0.9880647720874756,-0.8204247009218442,-1.3804199638603631,-1.0346348486252552,0.6269650184196173,-1.7587438496080638,0.8734444056199796
14676,-0.6153479761772717,0.8789251688960825,0.9940281045097428,0.9130998976696537,0.34449606200716,0.7244172253228549,-0.5943517435304586,0.6030846320781058,0.5064081946230146,1.0946769019059401
14680,-0.6753463920454919,2.178003940795619,2.92098632057262,1.6326642149084079,1.2577724308554574,0.7244172253228549,-0.7704649855683771,1.2524229529147615,1.261458876033374,1.8723384158973884
14681,-0.215358537055804,0.05960546552681911,-0.3015024631769235,0.07234580068542519,-0.3361308397342537,0.7244172253228549,0.5797365367223325,0.1518331220725199,-0.09593560740098007,-1.9645318544221475
14682,0.9546105723744889,-0.3615827770984007,-2.086262977994042,-0.8895980760442777,2.0359408194478132,0.7244172253228549,1.1374284698424082,-0.9491031520920993,-0.18925647813709193,-1.4744819905226407
14684,-0.6653466560674551,0.6532369520997158,0.41914256927021315,1.5569206025674862,-0.060643276791988505,0.7244172253228549,-0.7411127785620575,0.6111466580888655,1.1851054363401916,0.11010048513227554
14687,0.1446319581535169,-0.9552142636712971,-0.11840946753656659,-0.9880647720874756,-0.8204247009218442,-1.3804199638603631,1.1374284698424082,-0.21042260991071082,-0.986725737154775,1.2276938580310137
14688,-0.8453419036721156,2.555485194733606,1.6243968546115568,1.7841514395902507,1.5217293083986896,0.7244172253228549,-1.2694525046758134,1.1124524907486486,1.2784263070763036,0.12183285846292306
14689,1.1646050279132594,-0.9552142636712971,-1.47855599993406,-0.9880647720874756,-0.8204247009218442,-1.3804199638603631,1.1374284698424082,-1.1579141101016943,-0.12138675396537421,-0.7768982857927977
14690,-0.4853514084627947,-0.3615827770984007,-0.5351008846992727,-0.1776081200396157,-0.20393985509836815,0.7244172253228549,-0.21277305244830141,0.3818443424679194,-0.6049585386888628,-0.6545432729367536
14691,-0.6153479761772717,0.6532369520997158,0.8456428658774835,0.39046897251729545,0.18179527237995208,0.7244172253228549,-0.5943517435304586,0.579501009105232,-0.08745189187951535,-0.09635896079207106
14692,0.44462403749461765,0.3863044476016779,-0.16636428183688182,0.4131920562195719,0.16837538105488192,0.7244172253228549,1.1374284698424082,-0.43779213719443905,0.8372730999601384,-0.9267550701566288
14693,1.7245902426833142,-0.9552142636712971,-1.1413308667664657,-0.9880647720874756,-0.8204247009218442,-1.3804199638603631,1.1374284698424082,-1.6724831458688487,0.3537013152366497,-1.649614720063494
14696,-0.8853408475842623,1.074425194724936,0.8322290472831129,1.799300162058435,0.17058668807401725,0.7244172253228549,-1.3868613327010924,0.860440805639725,1.2699425915548388,0.45272439869223974
14697,1.2546026517155897,-0.3615827770984007,-1.0725487269879823,-0.9880647720874756,-0.8204247009218442,0.7244172253228549,1.1374284698424082,-1.2230544281982594,-0.04503331427219179,-0.5859268109982184
14698,-0.9053403195403357,0.6532369520997158,0.42839566043646793,-0.6169210716169603,2.232104630777091,0.7244172253228549,-1.4455657467137322,0.8323354884168175,-1.461813806356799,-0.2495031695906764
14699,1.2146037078034428,-0.9552142636712971,-1.5046258136834914,-0.9880647720874756,-0.8204247009218442,-1.3804199638603631,1.1374284698424082,-1.2040058206044815,-0.07896817635805065,-0.76261594913842
14700,-0.6053482401992349,0.05960546552681911,0.8898693975011869,0.572253642135507,-0.18281754283021995,0.7244172253228549,-0.5649995365241388,0.5393277385505103,0.12464099615710247,1.1731020328684059
14701,-0.8153426957380054,1.4011241767997944,0.9943805457673986,1.3221154043106298,0.33352220288929524,0.7244172253228549,-1.1813958836568539,0.8366528536065765,0.7948545223528148,-0.43829351335571004
14702,-0.9153400555183724,2.2616881678707283,1.1976543084764604,1.7690027171220666,1.2773237179271506,0.7244172253228549,-1.4749179537200516,1.0726812128850247,1.2020728673831211,-0.6477503490600034
14703,-0.7753437518258587,-0.9552142636712971,-0.6584076302288899,-0.9880647720874756,-0.8204247009218442,-1.3804199638603631,-1.063987055631575,0.6314760206398112,-1.7672275651295286,0.1873260319993053
14704,-0.8153426957380054,1.4011241767997944,0.597275536041871,0.2844279152400054,1.384126510553041,0.7244172253228549,-1.1813958836568539,0.8202285932625993,-0.3674145040878509,-0.2745804935395539
14705,1.0646076681328924,-0.9552142636712971,-1.1139127549691688,-0.9880647720874756,-0.8204247009218442,-1.3804199638603631,1.1374284698424082,-1.0647663294569845,-0.20622390918002134,-0.4765889042531565
14708,-0.8953405835622991,0.05960546552681911,0.34516013055317496,1.7765770783561585,-0.4417667420889711,0.7244172253228549,-1.416213539707412,0.7881422504638973,1.23600772946898,0.323030341133149
14709,-0.7753437518258587,1.8937448980942,1.5172591440376555,1.6099411312061314,0.8608071211951909,0.7244172253228549,-1.063987055631575,0.9045827678056425,1.142686858732868,0.23487717783037473
14710,-0.7853434878038954,0.3863044476016779,-0.14703308493915168,-0.647218516553329,1.9199034251945408,0.7244172253228549,-1.0933392626378946,0.694823642951205,-1.3939440821850813,-0.538567042256892
14711,-0.8253424317160422,1.6680566812978321,1.0882256454232089,0.9206742589037459,1.1354456812779308,0.7244172253228549,-1.2107480906631736,0.8840416183012005,0.3282501686722556,-0.6053411401670838
14712,-0.6353474481333451,0.05960546552681911,0.1818359782388662,-0.36696715089191945,0.5365139924218739,0.7244172253228549,-0.6530561575430981,0.5453488653105387,-0.9443071595474514,-0.4231067267954814
14713,-0.8353421676940789,1.6680566812978321,1.0300490738687789,1.700833466015237,0.7041995336641828,0.7244172253228549,-1.2401002976694935,0.8899311665634735,1.2020728673831211,-0.05502525342694025
14714,-0.6853461280235285,-0.9552142636712971,-1.201689269842983,-0.9880647720874756,-0.8204247009218442,-1.3804199638603631,-0.799817192574697,0.5460308368076057,-1.6908741254363462,0.43431598253190734
14715,-0.6753463920454919,0.3863044476016779,0.13758372133757965,1.329689765544722,-0.1791548503815633,0.7244172253228549,-0.7704649855683771,0.5978344723603657,0.9136265396533209,-0.1866084731398704
14716,-0.49535114444083134,-0.3615827770984007,-0.6302333470033905,-0.1927568425078,-0.19355751272395488,0.7244172253228549,-0.24212525945462107,0.3903622049216622,-0.630409685253257,0.7394273921378642
14719,-0.9053403195403357,0.6532369520997158,0.625151648352192,0.8828024527332851,0.1639826223835226,0.7244172253228549,-1.4455657467137322,0.8380923189707178,0.21796186689321434,0.31983284521712013
14720,-0.8653413756281889,0.05960546552681911,-0.07485558269482698,-0.07914142399641778,0.1840678945381534,0.7244172253228549,-1.3281569186884528,0.7529447390322132,-0.8170514267254807,-0.8208854938007576
14722,0.5446213972749846,-0.9552142636712971,-1.0754480361156245,-0.9880647720874756,-0.8204247009218442,-1.3804199638603631,1.1374284698424082,-0.5858917381676031,-0.6473771162961864,-0.27661144040879315
14723,-0.8253424317160422,0.8789251688960825,0.36737117130550173,1.74627963341979,-0.10457171888443641,0.7244172253228549,-1.2107480906631736,0.7736445583526437,1.2529751605119093,-0.3153983708779288
14725,-0.6753463920454919,-0.9552142636712971,-0.012449591909055051,-0.9880647720874756,-0.8204247009218442,-1.3804199638603631,-0.7704649855683771,0.5459649656389483,-1.6823904099148814,1.48451020174011
14727,1.8145878664856443,-0.9552142636712971,-0.7926960799279188,-0.9880647720874756,-0.8204247009218442,-1.3804199638603631,1.1374284698424082,-1.7537723754696108,0.43005475492983214,-0.9990138022557798
14729,2.814561464289313,-0.9552142636712971,-0.6701550560859558,-0.9880647720874756,-0.8204247009218442,-1.3804199638603631,1.1374284698424082,-2.673668199713165,1.2784263070763036,0.26849390534908824
14730,-0.9153400555183724,1.2468684386726134,0.8034630891070181,1.0948845672878653,0.4355482703329356,0.7244172253228549,-1.4749179537200516,0.9033236046818949,0.4555059014942263,-0.09558194023843912
14731,-0.4553522005286846,0.05960546552681911,-0.5175428386704408,0.2617048315377289,-0.04678846705537168,0.7244172253228549,-0.12471643142934195,0.37083616885550236,-0.09593560740098007,-0.6502613885516217
14732,-0.8453419036721156,1.2468684386726134,1.0407489006071766,1.5114744351629334,0.4050537486191144,0.7244172253228549,-1.2694525046758134,0.8503060530453923,0.9814962638250385,0.14204756775944571
14733,-0.7653440158478221,1.7852452398084835,2.047447012865735,1.6705360210788684,0.8327735742377339,0.7244172253228549,-1.0346348486252552,0.9553310147743421,1.2275240139475152,0.7812459660625517
14735,-0.8853408475842623,3.149116681306502,1.683542459079141,1.693259104781145,1.5683582784607983,0.7244172253228549,-1.3868613327010924,1.3376208952912194,1.142686858732868,-0.8550624511033477
14737,-0.8853408475842623,0.05960546552681911,0.37164710913459204,1.6553872986106843,-0.4257579962167542,0.7244172253228549,-1.3868613327010924,0.7795614736198353,1.1002682811255444,-0.3233215667227715
14738,-0.49535114444083134,1.074425194724936,0.4678635799340929,1.079735844819681,0.4391470505961836,0.7244172253228549,-0.24212525945462107,0.48886893661828346,0.7863708068313501,-0.6435660021396288
14739,-0.8853408475842623,1.074425194724936,1.3328310956092644,1.7614283558879744,0.1840678945381534,0.7244172253228549,-1.3868613327010924,0.8903141637916545,1.2190402984260504,1.3926923873998736
14740,1.0446081961768192,0.05960546552681911,0.5448774592871357,-0.33666970595555085,0.49973549618605567,0.7244172253228549,1.1374284698424082,-0.992610094933605,0.5148919101444793,0.5087551680892437
14741,-0.8053429597599688,0.8789251688960825,0.5181645708281367,1.74627963341979,0.04634249459181361,0.7244172253228549,-1.1520436766505342,0.7591974984635623,1.2699425915548388,-0.1059873351596583
14744,-0.7653440158478221,1.074425194724936,0.326322705137175,1.6629616598447763,0.06924892719790009,0.7244172253228549,-1.0346348486252552,0.7339256090938961,1.2190402984260504,-0.5972170262121909
14745,0.20463037402173703,0.6532369520997158,0.4087783489710591,0.3147253601763739,0.2243665605519224,0.7244172253228549,1.1374284698424082,-0.19006532898147094,0.523375625665944,0.3262186267745434
14747,1.5645944670347272,-0.9552142636712971,-0.633800672465624,-0.9880647720874756,-0.8204247009218442,-1.3804199638603631,1.1374284698424082,-1.5226376570992832,0.21796186689321434,-0.6674892185646875
14748,-0.6353474481333451,0.6532369520997158,0.5268621294468196,1.5796436862697627,-0.23311202489878752,0.7244172253228549,-0.6530561575430981,0.5864681378075931,1.23600772946898,0.5069539215840158
14752,-0.4853514084627947,-0.9552142636712971,-0.4977131069031483,-0.9880647720874756,-0.8204247009218442,-1.3804199638603631,-0.21277305244830141,0.3656638099290048,-1.521199815007052,0.5742693016175449
14753,-0.05536276140721694,-0.9552142636712971,-0.20542409411372647,-0.9880647720874756,-0.8204247009218442,-1.3804199638603631,1.0493718488234491,-0.027365009808551336,-1.1564000475840692,0.34411413542538216
14754,-0.47535167248475796,-0.3615827770984007,-0.10628357713451919,0.9055255364355616,-0.5388078011739609,0.7244172253228549,-0.1834208454419816,0.3770018928216348,0.6166964964020558,0.4997194792733506
14755,-0.8253424317160422,1.6680566812978321,1.531548809956777,1.4660282677583805,0.8106994996083443,0.7244172253228549,-1.2107480906631736,0.9191275319949321,0.9390776862177149,0.2946099163668294
14756,-0.7753437518258587,-0.9552142636712971,0.010313864284356803,-0.9880647720874756,-0.8204247009218442,-1.3804199638603631,-1.063987055631575,0.6383702254062282,-1.7672275651295286,1.092908745406627
14757,-0.17535959314365723,-0.9552142636712971,-0.43724596660328313,-0.9880647720874756,-0.8204247009218442,-1.3804199638603631,0.6971453647476117,0.0807736142186613,-1.2582046338416457,0.03952470919773476
14758,0.5246219253189112,0.3863044476016779,0.5643111798222924,-0.12458759140097067,0.6215061876217111,0.7244172253228549,1.1374284698424082,-0.4968198230079935,0.3112827376293262,-0.4257203424920135
14759,-0.8753411116062256,0.05960546552681911,0.6368909814324866,0.7388895892855343,-0.23770652638978176,0.7244172253228549,-1.3575091256947727,0.7779150422339297,0.08222241854977891,0.22672042954542482
14760,2.0445817939804884,-0.9552142636712971,-1.663387442703012,-0.9880647720874756,-0.8204247009218442,-1.3804199638603631,1.1374284698424082,-1.9684566038340816,0.6251802119235206,-1.4744819905226407
14761,-0.3353553687922443,-0.3615827770984007,-0.8310108854319194,1.1024589285219575,-0.5630466726184838,0.7244172253228549,0.22751005264649524,0.24185233622994612,0.9475614017391797,-1.0530179630917655
14762,1.7145905067052774,-0.9552142636712971,-0.7036486427970169,-0.9880647720874756,-0.8204247009218442,-1.3804199638603631,1.1374284698424082,-1.6611859091510446,0.345217599715185,0.8734444056199796
14764,-0.4553522005286846,-0.9552142636712971,-0.7645265552451425,-0.9880647720874756,-0.8204247009218442,-1.3804199638603631,-0.12471643142934195,0.33622067145784745,-1.4957486684426577,0.2286538199639716
14765,-0.6353474481333451,0.05960546552681911,-0.8365714848885064,0.12536632932407024,0.03335832016027537,0.7244172253228549,-0.6530561575430981,0.534486957964966,-0.40134936617370975,-1.347115692442422
14766,-0.8453419036721156,0.8789251688960825,0.9703215013062984,1.7235565497175136,0.05247069697983391,0.7244172253228549,-1.2694525046758134,0.8136032396772034,1.210556582904586,0.414080213568644
14768,-0.7553442798697854,-0.3615827770984007,-1.055987328283005,-0.1624593975714314,-0.21888112266041226,0.7244172253228549,-1.0052826416189355,0.6274805154606264,-0.8170514267254807,-1.9368587697257784
14769,-0.8953405835622991,1.2468684386726134,2.1329992579015906,1.693259104781145,0.338721483884279,0.7244172253228549,-1.416213539707412,1.026954789997522,1.142686858732868,1.981318868744802
14770,1.3945989554081033,-0.3615827770984007,0.14581984917201637,-0.30637226101918225,-0.10970577992671149,0.7244172253228549,1.1374284698424082,-1.3406738074286164,0.8457568154816031,0.5087551680892437
14772,0.19463063804370034,-0.9552142636712971,-1.3123003217051081,-0.9880647720874756,-0.8204247009218442,-1.3804199638603631,1.1374284698424082,-0.2644679117627627,-0.9443071595474514,-0.6938444096888514
14775,-0.345355104770281,0.05960546552681911,0.2600104559530217,1.3827102941833669,-0.3842549206225785,0.7244172253228549,0.19815784564017558,0.2799193838075156,1.261458876033374,1.025418267895335
14776,-0.4153532566165378,1.6680566812978321,0.9909211206310703,0.9888435100105751,0.8061079582212255,0.7244172253228549,-0.007307603404062988,0.5011677535484794,0.7524359447454912,0.6751639750675102
14778,0.3446266777142507,-0.3615827770984007,0.0015604000989753802,0.3828946112832033,-0.4378877985279803,0.7244172253228549,1.1374284698424082,-0.37639544695265287,0.7269847981810972,-0.009677423571934109
14779,1.8845860183319012,0.05960546552681911,-0.5048500337010035,-0.6623672390215132,1.3584656711195786,0.7244172253228549,1.1374284698424082,-1.7833414063112627,0.8542405310030678,-1.8577632911644981
14780,-0.37535431270439107,-0.3615827770984007,-0.38754934044228007,-0.8062801024692641,1.1462671913280684,0.7244172253228549,0.11010122462121627,0.2818197163836657,-1.2242697717557869,0.004604913082443595
14782,2.2745757214753324,-0.9552142636712971,-1.0257605631957412,-0.9880647720874756,-0.8204247009218442,-1.3804199638603631,1.1374284698424082,-2.1783848975052487,0.820305668917209,-0.3329048796889562
14784,-0.6653466560674551,-0.3615827770984007,-0.731918503665579,1.2615205144378925,-0.5803979093143835,0.7244172253228549,-0.7411127785620575,0.5462193024243039,0.8542405310030678,-0.29041867640851443
14785,-0.8253424317160422,-0.3615827770984007,-1.7748888399797618,-0.957767327151107,4.033364363113035,0.7244172253228549,-1.2107480906631736,0.6900372976899428,-1.7672275651295286,-1.4217641351576178
14788,-0.8553416396501522,-0.3615827770984007,-0.056374782294538524,-0.8441519086397248,1.542679827616961,0.7244172253228549,-1.298804711682133,0.7275200432783797,-1.6739066943934169,0.3415005197288501
14789,-0.6353474481333451,-0.9552142636712971,-1.0355488849644372,-0.9880647720874756,-0.8204247009218442,-1.3804199638603631,-0.6530561575430981,0.5006128345678348,-1.6484555478290226,-0.3138205149682618
14790,-0.7553442798697854,0.3863044476016779,0.016842957598952945,0.7994844791582715,-0.017492024441169523,0.7244172253228549,-1.0052826416189355,0.669480917101287,0.2603804445005379,0.13655052905256876
14792,-0.28535668890206084,-0.9552142636712971,-3.6737920241123074,-0.9880647720874756,-0.8204247009218442,-1.3804199638603631,0.3742710876780942,0.17525522037237046,-1.3515255045777577,-4.368891362507822
14793,-0.7153453359576386,-0.9552142636712971,-0.9190084991557399,-0.9880647720874756,-0.8204247009218442,-1.3804199638603631,-0.8878738135936562,0.5747770017984907,-1.7163252720007403,-0.5798948302215583
14794,-0.8953405835622991,1.074425194724936,0.4711576573816222,1.5190487963970256,0.26010371739371985,0.7244172253228549,-1.416213539707412,0.8572110440966616,0.9390776862177149,-0.5196878957631169
14795,0.7346163808576817,-0.9552142636712971,-1.3578634987618567,-0.9880647720874756,-0.8204247009218442,-1.3804199638603631,1.1374284698424082,-0.7617369494151742,-0.4861865213883569,-2.3856542038959363
14796,-0.9153400555183724,2.2616881678707283,1.9058687468994868,1.7765770783561585,1.2734341388334118,0.7244172253228549,-1.4749179537200516,1.1501830582635229,1.2190402984260504,0.9160214137516305
14798,-0.39535378466046445,0.05960546552681911,-1.137498666741931,0.9585460650742066,-0.29887570632002874,0.7244172253228549,0.05139681060857664,0.31221858878851716,0.7354685137025618,-1.2329045971479955
14799,-0.4153532566165378,-0.9552142636712971,-1.2140701839428312,-0.9880647720874756,-0.8204247009218442,-1.3804199638603631,-0.007307603404062988,0.29741950127887506,-1.461813806356799,-0.06116883478578145
14800,-0.4453524645506479,1.7852452398084835,1.41731085956978,1.4508795452901961,0.9393247352643704,0.7244172253228549,-0.0953642244230223,0.5747758764448361,1.2444914449904447,0.7488243642920049
14801,-0.31535589683617093,-0.9552142636712971,-1.0537722009783423,-0.9880647720874756,-0.8204247009218442,-1.3804199638603631,0.28621446665913486,0.205936985902966,-1.3769766511421517,0.13812389922963547
14803,0.6946174369455349,0.05960546552681911,0.11733600477503374,-0.003397811655496293,0.12615681346113924,0.7244172253228549,1.1374284698424082,-0.6802629800489876,0.582761634316197,-0.24653171617336758
14804,-0.8353421676940789,-0.9552142636712971,-0.5754326443270761,-0.9880647720874756,-0.8204247009218442,-1.3804199638603631,-1.2401002976694935,0.6872889951507831,-1.818129858258317,-0.267501382947513
14805,-0.7753437518258587,0.3863044476016779,-0.21749756278700874,1.2690948756719846,-0.16213507374940286,0.7244172253228549,-1.063987055631575,0.6847738806289764,0.7694033757884207,-1.8295013541197236
14806,-0.17535959314365723,-0.9552142636712971,-1.0527487647972986,-0.9880647720874756,-0.8204247009218442,-1.3804199638603631,0.6971453647476117,0.07705265401404424,-1.2582046338416457,0.8372583507331147
14808,-0.5253503523749414,1.2468684386726134,1.0520465606501845,0.011750910812688004,1.0630565570768513,0.7244172253228549,-0.33018188047358055,0.556337663592514,-0.4352842282595686,0.6092286081911097
14810,-0.5153506163969047,1.6680566812978321,0.8356361340481914,1.4963257126947491,0.7961001408471813,0.7244172253228549,-0.30082967346726086,0.5858512549412422,1.2444914449904447,-0.5636091161276122
14813,2.7745625203771667,-0.3615827770984007,-1.2255276578098302,-0.9880647720874756,-0.8204247009218442,0.7244172253228549,1.1374284698424082,-2.6229581219547575,1.2444914449904447,-1.6655411204931272
14815,-0.5553495603090515,-0.3615827770984007,0.05171294595850362,-0.753259573830619,0.8679703506073949,0.7244172253228549,-0.4182385014925398,0.4529535496314532,-1.3175906424918988,0.9694845802176542
14816,1.0446081961768192,-0.9552142636712971,-0.7831074939085179,-0.9880647720874756,-0.8204247009218442,-1.3804199638603631,1.1374284698424082,-1.0448324466057959,-0.22319134022295078,-3.6016705002869576
14817,1.0746074041109293,-0.3615827770984007,0.3337710579541366,-0.4124133182964723,0.00027621515309949766,0.7244172253228549,1.1374284698424082,-1.0422391516212022,0.4555059014942263,0.8288666067221399
14818,-0.18535932912169392,0.05960546552681911,-0.08207766898027537,0.36774588881501896,-0.10284372840714015,0.7244172253228549,0.6677931577412918,0.1268167646223909,0.2603804445005379,-0.3922154455737557
14819,-0.28535668890206084,-0.3615827770984007,-0.7824665220611031,-0.02612089535777274,-0.29520159436656235,0.7244172253228549,0.3742710876780942,0.19608568341048183,-0.2656099178302743,-1.139310921851463
14820,-0.7153453359576386,0.3863044476016779,-0.28834545063228845,0.16323813549453098,0.33959267109409674,0.7244172253228549,-0.8878738135936562,0.6287600388197423,-0.4268005127381039,-0.9772672140915307
14821,2.744563312443056,-0.9552142636712971,-2.135790027032829,-0.9880647720874756,-0.8204247009218442,-1.3804199638603631,1.1374284698424082,-2.613560655038285,1.2190402984260504,-2.215030098646801
14823,0.8746126845501954,0.05960546552681911,-0.6503259392908597,-0.8820237148101855,2.0359408194478132,0.7244172253228549,1.1374284698424082,-0.854563831955366,-0.2401587712658802,-1.8080081402803063
14824,-0.8253424317160422,0.3863044476016779,0.34610483423876237,-0.37454151212601156,1.043392646376342,0.7244172253228549,-1.2107480906631736,0.7401944517319453,-1.1224651854982104,-0.17820717486945542
14825,-0.8853408475842623,1.7852452398084835,0.8868801414849785,1.7690027171220666,0.7859755225320575,0.7244172253228549,-1.3868613327010924,0.9452372792727418,1.23600772946898,-0.6860924419028038
14828,1.0446081961768192,0.05960546552681911,0.8551464184416565,0.07234580068542519,0.06924892719790009,0.7244172253228549,1.1374284698424082,-0.9812797702913483,0.9645288327821091,1.7051000587841598
14829,-0.6353474481333451,0.3863044476016779,-0.03548530568321099,1.6099411312061314,-0.23922202200370163,0.7244172253228549,-0.6530561575430981,0.5582267200367346,1.261458876033374,-0.34257189077104117
14830,-0.39535378466046445,-0.9552142636712971,-1.037593336611515,-0.9880647720874756,-0.8204247009218442,-1.3804199638603631,0.05139681060857664,0.279652888102586,-1.4448463753138696,0.09973164365617612
14834,-0.7453445438917486,0.8789251688960825,0.6817128088012272,0.6934434218809814,0.46268765893351954,0.7244172253228549,-0.9759304346126154,0.7092018113034402,0.14160842720003192,-0.25547011521744917
14836,-0.8253424317160422,0.05960546552681911,-1.554388384250227,-0.8365775474056326,2.6374843977092453,0.7244172253228549,-1.2107480906631736,0.706922176489245,-1.6399718323075578,-2.516024210015389
14837,-0.02536355347310686,0.3863044476016779,0.648310187747578,-0.1473106751032471,0.6506676205053543,0.7244172253228549,1.1374284698424082,0.012238133876161416,-0.1807727626156272,0.9302191955201199
14840,1.7545894506174242,-0.9552142636712971,-1.938147954950956,-0.9880647720874756,-0.8204247009218442,-1.3804199638603631,1.1374284698424082,-1.701905149037007,0.3791524618010439,-1.7488033477945253
14841,-0.39535378466046445,0.8789251688960825,1.1985280340463385,1.3221154043106298,0.1772811476860965,0.7244172253228549,0.05139681060857664,0.41279300863339485,1.1511705742543328,0.7185309164673668
14842,-0.4853514084627947,0.3863044476016779,1.075907086556005,1.0115665937128515,-0.09110556954866335,0.7244172253228549,-0.21277305244830141,0.45498294364924835,0.7185010826596324,0.7003902977852038
14844,-0.28535668890206084,0.3863044476016779,1.1725502097822211,0.3525971663468347,0.20027357516540145,0.7244172253228549,0.3742710876780942,0.2768387280557524,0.15009214272149662,1.1997306995602883
14847,0.5646208692310579,-0.9552142636712971,-0.6805655465507213,-0.9880647720874756,-0.8204247009218442,-1.3804199638603631,1.1374284698424082,-0.6023140477694613,-0.630409685253257,-0.27661144040879315
14849,-0.7053455999796019,2.8000649690066,1.8967022336104709,1.6705360210788684,0.9367149409821869,0.7244172253228549,-0.8585216065873364,1.0871395973592914,1.2784263070763036,0.42833238827066256
14850,2.1945778336510386,-0.9552142636712971,-0.6397414408864175,-0.9880647720874756,-0.8204247009218442,-1.3804199638603631,1.1374284698424082,-2.102675723241459,0.7524359447454912,0.7060520274350821
14851,-0.6953458640015652,-0.3615827770984007,-0.28201840458366023,0.7691870342219028,-0.5183195542700898,0.7244172253228549,-0.8291693995810168,0.5774650037139712,0.27734787554346735,0.05657998859640146
14852,-0.345355104770281,0.8789251688960825,1.0792772537674553,0.4737869460923091,0.3806936948203788,0.7244172253228549,0.19815784564017558,0.35924004465351417,0.24341301345760846,0.6991281930496066
14853,-0.6853461280235285,-0.3615827770984007,-0.3392070487131016,0.42834077868775616,-0.449292897468299,0.7244172253228549,-0.799817192574697,0.5676762378078387,-0.10441932292244478,-1.447809236425938
14854,-0.14536038520954717,1.074425194724936,1.0574399161428483,0.49651002979458553,0.8045833850093971,0.7244172253228549,0.785201985766571,0.19032890897612598,0.4385384704512969,0.581515584343833
14855,0.2646287898899572,-0.3615827770984007,-0.09688149019704778,-0.8744493535760934,1.9199034251945408,0.7244172253228549,1.1374284698424082,-0.30414099361152325,-0.749181702553763,-0.15953420793576523
14856,-0.5653492962870882,0.05960546552681911,0.46600540514908567,-0.8365775474056326,1.465128892601692,0.7244172253228549,-0.4475907084988595,0.4873650089880988,-1.4109115132280106,0.4768021858123491
14857,-0.3253556328142076,-0.3615827770984007,0.3774731484845706,-0.3215209834873665,-0.09584693797306118,0.7244172253228549,0.2568622596528149,0.2476737119034592,-0.6388934007747217,0.4486600156681821
14859,-0.7953432237819321,0.3863044476016779,0.4912690013804025,0.45863822362412476,-0.14212570803275684,0.7244172253228549,-1.1226914696442145,0.7162787684333117,-0.16380533157269778,0.09156285578115292
14860,-0.7353448079137119,-0.9552142636712971,-1.1532179991489244,-0.9880647720874756,-0.8204247009218442,-1.3804199638603631,-0.9465782276062956,0.5922283876649425,-1.7332927030436698,0.4486600156681821
14861,-0.4053535206385011,-0.9552142636712971,-1.392595411024158,-0.9880647720874756,-0.8204247009218442,-1.3804199638603631,0.02204460360225668,0.2876903729719013,-1.4533300908353342,-0.3044003242090173
14862,-0.6653466560674551,-0.3615827770984007,0.11323896565049218,-0.06399270152823348,-0.2760230118464947,0.7244172253228549,-0.7411127785620575,0.5552503027078092,-0.630409685253257,1.0102684576244263
14863,-0.6353474481333451,-0.9552142636712971,-0.7980833547836031,-0.9880647720874756,-0.8204247009218442,-1.3804199638603631,-0.6530561575430981,0.5017452935936076,-1.6484555478290226,-0.17194778552190632
14865,-0.8553416396501522,-0.3615827770984007,-2.083267602667278,1.7690027171220666,-0.6233996290139846,0.7244172253228549,-1.298804711682133,0.7172433708344366,1.261458876033374,-1.1493278746794886
14866,-0.8153426957380054,1.7852452398084835,2.3704841389517783,1.700833466015237,0.7041995336641828,0.7244172253228549,-1.1813958836568539,1.0800709560438408,1.210556582904586,1.4264924406445627
14867,0.9346111004184156,0.05960546552681911,-0.021123180263750693,0.14808941302634668,0.014132063266710052,0.7244172253228549,1.1374284698424082,-0.9034308283995538,0.9560451172606445,-0.378757945657907
14868,-0.8953405835622991,1.2468684386726134,1.1113819965375948,0.7540383117537186,0.6215061876217111,0.7244172253228549,-1.416213539707412,0.9004516457349104,0.08222241854977891,0.14204756775944571
14869,-0.8353421676940789,-0.3615827770984007,-0.004066542308127358,-0.27607481608281365,-0.13588201477463924,0.7244172253228549,-1.2401002976694935,0.7098653325202929,-1.020660599240634,0.6361214661694625
14870,1.6945910347492041,-0.9552142636712971,-0.6360989709657561,-0.9880647720874756,-0.8204247009218442,-1.3804199638603631,1.1374284698424082,-1.6423353334581894,0.3282501686722556,-0.2857971008709019
14871,-0.8953405835622991,0.3863044476016779,-0.26507929290658055,1.7159821884834214,-0.25963698376611755,0.7244172253228549,-1.416213539707412,0.7947209656987939,1.1681380052972623,-1.3174392303064852
14873,1.1746047638912962,-0.9552142636712971,-0.26919253745427557,-0.9880647720874756,-0.8204247009218442,-1.3804199638603631,1.1374284698424082,-1.1604541224376237,-0.1129030384439095,0.09320144339823294
14875,0.1546316941315536,-0.3615827770984007,0.5542117803887981,0.18596121919680741,-0.3790968540161701,0.7244172253228549,1.1374284698424082,-0.18944207750364492,0.3367338841937203,0.6520478665990965
14878,-0.7953432237819321,1.4011241767997944,0.5651033466595301,1.6250898536743157,0.493803146423964,0.7244172253228549,-1.1226914696442145,0.8008104773403938,1.1511705742543328,-0.6028568708418968
14880,-0.15536012118758386,0.05960546552681911,-0.02570934459480576,0.6101254483059677,-0.1961859156586487,0.7244172253228549,0.7558497787602511,0.09999063541319286,0.5573104877518029,-0.23766492056076086
14881,-0.7253450719356752,-0.9552142636712971,-0.8325602161558978,-0.9880647720874756,-0.8204247009218442,-1.3804199638603631,-0.9172260205999759,0.584416018348495,-1.724808987522205,0.7894233754279658
14882,-0.6553469200894184,-0.3615827770984007,-0.16885108164358076,-0.9350442434488305,3.332694330994623,0.7244172253228549,-0.7117605715557376,0.5419234215439295,-1.606036970221699,-0.73459253504106
14883,-0.7353448079137119,0.8789251688960825,0.03427093517420672,0.4737869460923091,0.38562796332644256,0.7244172253228549,-0.9465782276062956,0.6842880327492776,-0.09593560740098007,-0.17472536723842824
14885,0.3946253576044342,-0.9552142636712971,0.038151304188802374,-0.9880647720874756,-0.8204247009218442,-1.3804199638603631,1.1374284698424082,-0.4383368979264979,-0.7746328491181571,1.7051000587841598
14886,1.6045934109468738,-0.9552142636712971,-0.5499621738727206,-0.9880647720874756,-0.8204247009218442,-1.3804199638603631,1.1374284698424082,-1.5588632694245037,0.25189672897907317,0.03952470919773476
14887,-0.13536064923151048,-0.9552142636712971,0.7446253401812036,-0.9880647720874756,-0.8204247009218442,-1.3804199638603631,0.8145541927728907,0.06756582141467317,-1.2242697717557869,2.167551309206675
14888,1.144605555957186,-0.9552142636712971,-0.540453383091555,-0.9880647720874756,-0.8204247009218442,-1.3804199638603631,1.1374284698424082,-1.1353006312773417,-0.13835418500830363,0.19332531895270902
14889,2.4345714971239194,-0.9552142636712971,-1.3315833508393053,-0.9880647720874756,-0.8204247009218442,-1.3804199638603631,1.1374284698424082,-2.326737807900279,0.9560451172606445,-0.5919918438892852
14890,1.6145931469249106,-0.9552142636712971,-1.3934740251387168,-0.9880647720874756,-0.8204247009218442,-1.3804199638603631,1.1374284698424082,-1.5719878087340966,0.2603804445005379,-1.2114113833085771
14891,0.5546211332530212,-0.3615827770984007,-0.2178840928189264,-0.6926646839578818,0.602716236965679,0.7244172253228549,1.1374284698424082,-0.5726195292912859,-0.2995447799161332,0.5419968775683911
14893,-0.8253424317160422,-0.3615827770984007,0.4201510591036107,-0.9729160496192913,6.095393496340334,0.7244172253228549,-1.2107480906631736,0.7090500592127648,-1.7926787116939227,1.0482218580808473
14894,-0.07536223336329032,-0.9552142636712971,-0.08455618716388741,-0.9880647720874756,-0.8204247009218442,-1.3804199638603631,0.9906674348108093,-0.007435222946315531,-1.1733674786269988,0.5952730766989572
14895,-0.8453419036721156,2.487376384667096,2.1668311986436044,1.1479050959265102,0.9823455406372221,0.7244172253228549,-1.2694525046758134,1.1862182372257508,0.5657942032732676,0.4976762438251832
14896,1.1246060840011127,-0.3615827770984007,-0.3510199297343559,0.22383302536726815,-0.394216743645058,0.7244172253228549,1.1374284698424082,-1.0987821875368973,1.210556582904586,-0.11122694604772189
14897,-0.8453419036721156,0.3863044476016779,0.498654642227196,1.2009256245651554,-0.1441815510191757,0.7244172253228549,-1.2694525046758134,0.7625174430197388,0.6251802119235206,-0.3044003242090173
14898,-0.6953458640015652,0.8789251688960825,0.46122811102208505,1.6402385761425,0.073545834641587,0.7244172253228549,-0.8291693995810168,0.6563417248148776,1.2529751605119093,0.106223543399117
14901,-0.8153426957380054,1.4011241767997944,0.529965860349183,1.74627963341979,0.45098995614486,0.7244172253228549,-1.1813958836568539,0.8181704407334115,1.2699425915548388,-0.8142575354740208
14902,-0.6653466560674551,-0.9552142636712971,-0.6230986747020869,-0.9880647720874756,-0.8204247009218442,-1.3804199638603631,-0.7411127785620575,0.530443945112636,-1.6739066943934169,0.38007117255198175
14903,-0.7153453359576386,0.6532369520997158,1.0719401177180778,0.9585460650742066,0.13533474179943947,0.7244172253228549,-0.8878738135936562,0.682972320307509,0.47247333253715573,0.7582619493740569
14904,-0.9053403195403357,-0.3615827770984007,0.270570863142233,-0.8138544637033562,1.261856404077265,0.7244172253228549,-1.4455657467137322,0.7792204733745223,-1.6739066943934169,2.053831841061497
14905,0.6546184930333881,-0.3615827770984007,-0.13401515530432576,-0.4124133182964723,0.00946127826626002,0.7244172253228549,1.1374284698424082,-0.6636706551106464,0.09070613407124363,-0.08015499040005432
14907,-0.8953405835622991,1.074425194724936,1.246580404567928,1.7690027171220666,0.04030058502071915,0.7244172253228549,-1.416213539707412,0.8929475646757152,1.2275240139475152,0.4932199554117623
14908,-0.18535932912169392,-0.9552142636712971,-0.7659515174774605,-0.9880647720874756,-0.8204247009218442,-1.3804199638603631,0.6677931577412918,0.08764194000118439,-1.2666883493631105,-0.17194778552190632
14910,-0.8953405835622991,0.3863044476016779,-0.41153442864334655,-0.6017723491487761,1.685361924022424,0.7244172253228549,-1.416213539707412,0.7932786860686037,-1.42787894427094,-1.0438323026296568
14911,-0.9153400555183724,5.801670110198668,4.2012052939781,1.8295976069948037,5.285608238027823,0.7244172253228549,-1.4749179537200516,6.406467134331321,1.2699425915548388,1.047747388319998
14912,-0.7553442798697854,-0.3615827770984007,0.13801403566255707,0.7464639505196264,-0.5146110894938228,0.7244172253228549,-1.0052826416189355,0.638543781623137,0.2009944358502849,1.2635328506557628
14913,-0.5653492962870882,0.3863044476016779,0.4134337223873202,1.4584539065242883,-0.20900247943466296,0.7244172253228549,-0.4475907084988595,0.5024640366038188,1.1511705742543328,1.144128655274149
14915,-0.015363817495070167,-0.3615827770984007,-0.6855000269676667,0.42076641745366405,-0.4474395991036586,0.7244172253228549,1.1374284698424082,-0.05190470019294858,0.463989617015691,-1.1097927529919047
14916,-0.215358537055804,0.3863044476016779,0.4398877996542917,0.9282486201378379,-0.0638686517845832,0.7244172253228549,0.5797365367223325,0.18092372027315057,0.8542405310030678,0.6716389219824245
14918,0.23462958195584713,-0.3615827770984007,0.6291202437033813,-0.700239045191974,0.602716236965679,0.7244172253228549,1.1374284698424082,-0.2607197193992238,-0.5795073921244688,0.8620584710806491
14920,1.2046039718254062,-0.3615827770984007,0.23275165937436942,-0.9880647720874756,-0.8204247009218442,0.7244172253228549,1.1374284698424082,-1.1640932842441714,-0.08745189187951535,0.5506952778011166
14921,-0.6253477121553084,-0.3615827770984007,0.4688423679557223,0.3071509989422818,-0.41723392417337124,0.7244172253228549,-0.6237039505367783,0.5262052866966118,-0.18925647813709193,1.2428646327174373
14923,-0.4153532566165378,-0.9552142636712971,0.02113782378105023,-0.9880647720874756,-0.8204247009218442,-1.3804199638603631,-0.007307603404062988,0.30710897274649224,-1.461813806356799,1.0982047638030186
14924,1.5345952591006171,-0.9552142636712971,-0.6789019325048256,-0.9880647720874756,-0.8204247009218442,-1.3804199638603631,1.1374284698424082,-1.4953160770663108,0.1925107203288202,-0.9644214327759761
14929,-0.6053482401992349,-0.9552142636712971,-0.9368773709059156,-0.9880647720874756,-0.8204247009218442,-1.3804199638603631,-0.5649995365241388,0.47342380073738627,-1.6230044012646285,-0.1391493641385155
14930,0.16463143010959028,0.05960546552681911,0.9373428004216119,0.2617048315377289,-0.40604545042978635,0.7244172253228549,1.1374284698424082,-0.16730483781620395,0.43005475492983214,1.0178692822269892
14931,-0.8753411116062256,0.6532369520997158,0.43277998406526097,0.7994844791582715,0.20500161250864615,0.7244172253228549,-1.3575091256947727,0.8048299165600677,0.15009214272149662,-0.675330094799571
14932,2.73456357646502,-0.9552142636712971,-0.5527280343839603,-0.9880647720874756,-0.8204247009218442,-1.3804199638603631,1.1374284698424082,-2.59919781634837,1.210556582904586,-0.7208424733347566
14934,-0.1053614412974004,-0.3615827770984007,0.7568841802755815,0.5268074747309541,-0.4734281041937851,0.7244172253228549,0.9026108137918503,0.05689548497111281,0.5064081946230146,1.3414901638384085
14935,2.0445817939804884,-0.9552142636712971,0.7109281113970983,-0.9880647720874756,-0.8204247009218442,-1.3804199638603631,1.1374284698424082,-1.9406774429141296,0.6251802119235206,1.987842071694329
14936,-0.5853487682431616,1.2468684386726134,1.9171404580619953,0.8373562853287322,0.1840678945381534,0.7244172253228549,-0.5062951225114992,0.6999809292262963,0.4470221859727616,1.319269111383683
14937,-0.3553548407483177,0.05960546552681911,0.6348892515296093,-0.43513640199874876,0.02846838690587006,0.7244172253228549,0.16880563863385561,0.2991195854511233,-0.7916002801610865,0.048653550495374495
14944,-0.6253477121553084,1.7852452398084835,1.661554038277537,1.0267153161810358,0.4649407791826658,0.7244172253228549,-0.6237039505367783,0.7660568963159161,0.6251802119235206,0.4608645987624722
14946,-0.7853434878038954,-0.9552142636712971,-1.5663941673989161,-0.9880647720874756,-0.8204247009218442,-1.3804199638603631,-1.0933392626378946,0.6371225948373823,-1.7757112806509934,-2.1143365546632853
14947,-0.2053588010777673,-0.3615827770984007,-0.7296533553332287,-0.5487518205101309,0.21945609078396586,0.7244172253228549,0.6090887437286524,0.12274235236604199,-0.7831165646396219,-0.5980902931081322
14948,-0.6953458640015652,0.8789251688960825,0.32775884491907864,0.49651002979458553,0.597176918335129,0.7244172253228549,-0.8291693995810168,0.6530395385208327,-0.03654959875072707,-0.35069273228434994
14950,-0.7353448079137119,-0.9552142636712971,-0.5361685062975053,-0.9880647720874756,-0.8204247009218442,-1.3804199638603631,-0.9465782276062956,0.5955195967085928,-1.7332927030436698,-0.1391493641385155
14951,-0.13536064923151048,-0.9552142636712971,-0.6747199086217136,-0.9880647720874756,-0.8204247009218442,-1.3804199638603631,0.8145541927728907,0.04216561087872079,-1.2242697717557869,0.7718257753033072
14952,-0.3253556328142076,1.6680566812978321,1.913464433399741,1.3145410430765376,0.48625550397745554,0.7244172253228549,0.2568622596528149,0.5094251982814628,1.2020728673831211,0.7503325614638894
14953,-0.6753463920454919,-0.9552142636712971,-0.7323832468270653,-0.9880647720874756,-0.8204247009218442,-1.3804199638603631,-0.7704649855683771,0.5389483727226115,-1.6823904099148814,0.41489678736679564
14954,-0.8053429597599688,-0.9552142636712971,-0.6147763652707331,-0.9880647720874756,-0.8204247009218442,-1.3804199638603631,-1.1520436766505342,0.6593898806754118,-1.7926787116939227,-0.2143616233527985
14957,1.6045934109468738,-0.9552142636712971,-1.9943961763891092,-0.9880647720874756,-0.8204247009218442,-1.3804199638603631,1.1374284698424082,-1.5638818389294846,0.25189672897907317,-1.649614720063494
14958,0.5446213972749846,0.05960546552681911,-0.30034209803570594,-0.24577737114644505,0.37094757345694396,0.7244172253228549,1.1374284698424082,-0.5478349546910539,0.1925107203288202,-1.3963178252120911
14959,-0.28535668890206084,0.3863044476016779,-0.037913929942948496,0.7691870342219028,-0.002740054496829003,0.7244172253228549,0.3742710876780942,0.23597075251616798,0.6166964964020558,-0.24504897551869417
14960,-0.8453419036721156,-0.3615827770984007,-0.9461614206828738,0.23898174783545245,-0.39902853979542185,0.7244172253228549,-1.2694525046758134,0.7108070899666946,-0.44376794378103335,-0.3671153738042022
14961,-0.8153426957380054,1.4011241767997944,1.8025162340012946,1.6553872986106843,0.35193080418570905,0.7244172253228549,-1.1813958836568539,0.910303814010863,1.1681380052972623,1.0822400774311394
14962,1.7845886585515343,-0.9552142636712971,-1.386907958591956,-0.9880647720874756,-0.8204247009218442,-1.3804199638603631,1.1374284698424082,-1.7284779822893401,0.404603608365438,-1.3714433911424704
14963,-0.8253424317160422,0.6532369520997158,0.5663114864204946,0.3222997214104661,0.4879250851336449,0.7244172253228549,-1.2107480906631736,0.7625686110867265,-0.33347964200199204,0.4637581625771831
14964,1.5445949950786537,-0.9552142636712971,-1.001957718161596,-0.9880647720874756,-0.8204247009218442,-1.3804199638603631,1.1374284698424082,-1.50622370331489,0.2009944358502849,-0.08399161723334575
14965,0.03463486239511329,-0.3615827770984007,-0.15642784716528133,-0.9880647720874756,-0.8204247009218442,0.7244172253228549,1.1374284698424082,-0.09316003077939199,-1.0800466078908868,0.18431415059479042
14966,-0.7753437518258587,-0.9552142636712971,-1.0612627785338828,-0.9880647720874756,-0.8204247009218442,-1.3804199638603631,-1.063987055631575,0.6293977158449727,-1.7672275651295286,0.21113051360939733
14967,-0.42535299259457454,-0.9552142636712971,-0.3594784404280568,-0.9880647720874756,-0.8204247009218442,-1.3804199638603631,-0.03665981041038266,0.3116409464301264,-1.4702975218782637,-0.10729491444130809
14968,-0.6253477121553084,-0.9552142636712971,-1.266418746074595,-0.9880647720874756,-0.8204247009218442,-1.3804199638603631,-0.6237039505367783,0.49058650130241976,-1.6399718323075578,-0.2143616233527985
14970,-0.24535774498991408,0.3863044476016779,0.6201404271332315,0.8903768139673772,-0.04812987830266154,0.7244172253228549,0.49167991570337316,0.21383599754808322,0.7948545223528148,-0.9902638299446199
14971,-0.5753490322651249,0.05960546552681911,0.33821677584776905,-0.9274698822147385,3.066139799978023,0.7244172253228549,-0.4769429155051793,0.4933795668332213,-1.5296835305285166,0.3630943714492469
14972,0.3546264136922874,-0.9552142636712971,-1.4649068058803927,-0.9880647720874756,-0.8204247009218442,-1.3804199638603631,1.1374284698424082,-0.4121702152724715,-0.808567711204016,-1.8577632911644981
14973,0.1446319581535169,0.05960546552681911,0.4678635799340929,-0.09429014646460207,0.20500161250864615,0.7244172253228549,1.1374284698424082,-0.16623314793391866,0.022836409899525918,-0.2495031695906764
14974,-0.5553495603090515,-0.9552142636712971,-1.4675214739170175,-0.9880647720874756,-0.8204247009218442,-1.3804199638603631,-0.4182385014925398,0.4255983400305015,-1.580585823657305,-1.3714433911424704
14975,-0.3553548407483177,-0.9552142636712971,-0.7598705203016923,-0.9880647720874756,-0.8204247009218442,-1.3804199638603631,0.16880563863385561,0.2441843783754704,-1.4109115132280106,0.9929733286672654
14976,-0.3553548407483177,1.074425194724936,0.06422408900975499,1.0494383998833123,0.09966263748163438,0.7244172253228549,0.16880563863385561,0.3514020333164505,0.879691677567462,-1.6678351435592353
14978,-0.2053588010777673,0.6532369520997158,0.7737203467889368,0.9661204263082988,0.13225548191301673,0.7244172253228549,0.6090887437286524,0.19904525239090412,0.9136265396533209,-0.4231067267954814
14981,1.5345952591006171,-0.9552142636712971,-1.5569293119963086,-0.9880647720874756,-0.8204247009218442,-1.3804199638603631,1.1374284698424082,-1.4987227929984404,0.1925107203288202,-0.5099642689559386
14984,-0.7353448079137119,-0.3615827770984007,-0.9753128479933328,0.23140738660136032,-0.394216743645058,0.7244172253228549,-0.9465782276062956,0.6094065392732924,-0.35893078856638616,-1.7839448940324036
14985,1.0546079321548558,-0.3615827770984007,-0.7136548570630719,0.21625866413317602,-0.39176929865306626,0.7244172253228549,1.1374284698424082,-1.0371563416768559,1.142686858732868,-0.18871879929522678
14987,-0.7653440158478221,-0.3615827770984007,-0.6381609885252283,1.6553872986106843,-0.6152937589493048,0.7244172253228549,-1.0346348486252552,0.6388790050253533,1.210556582904586,-0.9644214327759761
14988,1.1946042358473694,-0.9552142636712971,-0.6186303130571691,-0.9880647720874756,-0.8204247009218442,-1.3804199638603631,1.1374284698424082,-1.181900080570765,-0.09593560740098007,-0.09947250921132522
14995,-0.5353500883529781,-0.3615827770984007,-0.9044807162213738,0.8373562853287322,-0.5289236486151809,0.7244172253228549,-0.35953408747990034,0.42560723749149393,0.48095704805862044,-1.2008192858933355
14997,-0.4653519365067213,0.05960546552681911,-0.2296844843503701,0.004176549578595856,0.11419346125134072,0.7244172253228549,-0.15406863843566193,0.3827651709094431,-0.38438193513078034,0.9734341499147537
14998,0.7746153247698284,-0.3615827770984007,-0.4197606224137153,-0.4502851244669331,0.058687073079082816,0.7244172253228549,1.1374284698424082,-0.7771984537233249,0.15009214272149662,-0.14725830687642594
15000,-0.4453524645506479,-0.9552142636712971,-0.31502641822055877,-0.9880647720874756,-0.8204247009218442,-1.3804199638603631,-0.0953642244230223,0.3304913582834222,-1.487264952921193,0.38007117255198175
15002,0.23462958195584713,0.3863044476016779,0.6445720009710161,0.9130998976696537,-0.05869471474131325,0.7244172253228549,1.1374284698424082,-0.22725290114359542,1.2190402984260504,0.3673630452057143
15004,0.5446213972749846,-0.9552142636712971,0.4255698142182149,-0.9880647720874756,-0.8204247009218442,-1.3804199638603631,1.1374284698424082,-0.568550959335465,-0.6473771162961864,1.551394271759749
15005,-0.7653440158478221,2.959940965055545,1.7157680326223312,1.6629616598447763,2.163448347362973,0.7244172253228549,-1.0346348486252552,1.1653576639768348,1.210556582904586,-0.019216094954971938
15006,-0.4153532566165378,-0.9552142636712971,-0.29652328038485026,-0.9880647720874756,-0.8204247009218442,-1.3804199638603631,-0.007307603404062988,0.30306197182120276,-1.461813806356799,0.7394273921378642
15007,0.6646182290114249,-0.9552142636712971,-1.2180388871362156,-0.9880647720874756,-0.8204247009218442,-1.3804199638603631,1.1374284698424082,-0.696875599961246,-0.5455725300386098,-0.8823938578426296
15009,-0.8053429597599688,0.05960546552681911,0.4353662752068692,-0.8971724372783698,3.4836085444708726,0.7244172253228549,-1.1520436766505342,0.7075039554275734,-1.6823904099148814,0.35966753981671196
15010,-0.5653492962870882,-0.9552142636712971,-0.6817449798396645,-0.9880647720874756,-0.8204247009218442,-1.3804199638603631,-0.4475907084988595,0.4379921549108491,-1.5890695391787697,0.19332531895270902
15012,-0.38535404868242773,-0.3615827770984007,-0.4324679668699996,1.4281564615879199,-0.5969002406256059,0.7244172253228549,0.0807490176148963,0.2906223319894326,1.2784263070763036,-0.3185608465526805
15014,-0.49535114444083134,-0.3615827770984007,-0.8179011320727111,0.019325272046780154,-0.3130703905466348,0.7244172253228549,-0.24212525945462107,0.3892233561531222,-0.40134936617370975,-0.7841091629778377
15016,0.8046145327039386,-0.9552142636712971,-1.1545188286161072,-0.9880647720874756,-0.8204247009218442,-1.3804199638603631,1.1374284698424082,-0.8255489064993009,-0.4268005127381039,-0.7768982857927977
15017,-0.5853487682431616,-0.9552142636712971,-1.3939136964735033,-0.9880647720874756,-0.8204247009218442,-1.3804199638603631,-0.5062951225114992,0.4534006253270187,-1.606036970221699,-0.9815824855736611
15018,-0.5353500883529781,0.05960546552681911,-0.30587297261804985,1.5039000739288413,-0.40256651986723535,0.7244172253228549,-0.35953408747990034,0.4463903508973056,1.2275240139475152,-0.9815824855736611
15019,1.7445897146393876,-0.9552142636712971,-0.8003438324776482,-0.9880647720874756,-0.8204247009218442,-1.3804199638603631,1.1374284698424082,-1.6893704321366703,0.3706687462795792,0.032628327179803525
15021,-0.8353421676940789,1.4011241767997944,0.7668592445942727,1.7159821884834214,0.3309403227765465,0.7244172253228549,-1.2401002976694935,0.8446690469996251,1.2190402984260504,-0.5430835510781207
15022,-0.8053429597599688,0.3863044476016779,0.17134620366070255,-0.7229621288942504,1.6261108209084045,0.7244172253228549,-1.1520436766505342,0.7181336037371536,-1.4957486684426577,-0.14117103727258987
15023,-0.8953405835622991,1.6680566812978321,1.7747300444635061,1.7841514395902507,0.6728362205709758,0.7244172253228549,-1.416213539707412,1.0129396590489772,1.23600772946898,0.5785020629256368
15024,-0.8253424317160422,1.5406654655354899,0.6539899832056408,1.7159821884834214,0.19558953610914012,0.7244172253228549,-1.2107480906631736,0.8477840224698729,1.2190402984260504,-0.5679285976413818
15025,-0.5953485042211982,-0.9552142636712971,-0.5238503071170146,-0.9880647720874756,-0.8204247009218442,-1.3804199638603631,-0.5356473295178191,0.4667263596139907,-1.6145206857431638,0.2228434878122663
15026,-0.1253609132534738,0.05960546552681911,-0.3506306592070095,0.5040843910286776,-0.1572448848488087,0.7244172253228549,0.8439063997792103,0.06848557610301124,0.4555059014942263,-0.5327870514035039
15027,-0.6153479761772717,0.3863044476016779,0.30150296766518403,0.5798280033695992,0.07643382171217264,0.7244172253228549,-0.5943517435304586,0.5458532135953056,0.12464099615710247,-0.09752551533517448
15028,-0.8453419036721156,0.3863044476016779,-0.11999051156607837,1.738705272185698,-0.43591831231889344,0.7244172253228549,-1.2694525046758134,0.7504056036852171,1.23600772946898,-0.3257096274833877
15030,-0.2053588010777673,-0.3615827770984007,-0.2713337358951841,0.49651002979458553,-0.4668592567494488,0.7244172253228549,0.6090887437286524,0.12646904695519323,0.3791524618010439,0.20522721570600805
15031,-0.8853408475842623,0.3863044476016779,-0.06969266589935108,1.1100332897560496,-0.12085358393430568,0.7244172253228549,-1.3868613327010924,0.7879027748210587,0.49792447910154986,-0.4738525228021545
15032,1.6345926188809838,0.05960546552681911,1.5233849774860035,-0.15488503633733927,-0.21888112266041226,0.7244172253228549,1.1374284698424082,-1.4782604886529038,1.210556582904586,2.0502981996614573
15033,-0.8753411116062256,1.5406654655354899,1.005927414698265,1.4660282677583805,0.688001609663999,0.7244172253228549,-1.3575091256947727,0.9089763335265307,0.8966591086103914,0.10298235299175856
15034,-0.7653440158478221,1.2468684386726134,1.4115869525344067,1.5720693250356705,0.2444882887684385,0.7244172253228549,-1.0346348486252552,0.8029701219393227,1.1087519966470092,0.7421637735888662
15035,-0.02536355347310686,-0.9552142636712971,-0.8408851275238072,-0.9880647720874756,-0.8204247009218442,-1.3804199638603631,1.1374284698424082,-0.06006986620289594,-1.1309489010196752,0.5087551680892437
15036,-0.2053588010777673,0.05960546552681911,-0.3564898190638297,-0.1776081200396157,0.2899744111530651,0.7244172253228549,0.6090887437286524,0.1420795816713849,-0.3674145040878509,-0.3821070124586251
15038,-0.3353553687922443,0.8789251688960825,-0.02649692013079458,1.3675615717151826,0.16136589225485956,0.7244172253228549,0.22751005264649524,0.31511624174854547,1.2444914449904447,-1.5831316701952234
15039,-0.8253424317160422,3.6976961396940635,2.6288671566702617,1.7311309109516058,2.8900213353123876,0.7244172253228549,-1.2107480906631736,1.7563972162830062,1.23600772946898,0.2625308172642827
15041,0.7746153247698284,-0.9552142636712971,-1.1079704766940808,-0.9880647720874756,-0.8204247009218442,-1.3804199638603631,1.1374284698424082,-0.797761039083899,-0.45225165930249805,-0.4335984236724724
15042,1.0646076681328924,-0.9552142636712971,-1.3314090957440416,-0.9880647720874756,-0.8204247009218442,-1.3804199638603631,1.1374284698424082,-1.0654719864338367,-0.20622390918002134,-1.7839448940324036
15043,-0.6153479761772717,-0.9552142636712971,-0.2431689488055827,-0.9880647720874756,-0.8204247009218442,-1.3804199638603631,-0.5943517435304586,0.48776026125844335,-1.6314881167860933,0.7320971287034029
15044,-0.7353448079137119,2.2616881678707283,1.8732678499084605,1.6023667699720392,1.1738802499376186,0.7244172253228549,-0.9465782276062956,0.9791894716774918,1.1766217208187268,0.06944721257619715
15045,0.594620077165168,-0.3615827770984007,0.006759260717882834,-0.1927568425078,-0.19879225578734452,0.7244172253228549,1.1374284698424082,-0.6064747108895275,0.29431530658639676,-1.0905424289436352
15046,-0.8353421676940789,2.0892449239230517,1.5632034769525047,1.5039000739288413,1.2316336495915154,0.7244172253228549,-1.2401002976694935,0.9975656622650235,0.9730125483035739,0.4394374062816373
15047,1.7745889225734977,-0.9552142636712971,-0.5973956282865023,-0.9880647720874756,-0.8204247009218442,-1.3804199638603631,1.1374284698424082,-1.7157176583174631,0.3961198928439733,0.4001054884166613
15048,-0.2753569529240241,0.3863044476016779,-0.5091755287960797,1.3069666818424455,-0.17170103856179034,0.7244172253228549,0.4036232946844138,0.22166296391778323,1.23600772946898,-1.2603716575099968
15049,1.8145878664856443,-0.9552142636712971,-1.422114810354751,-0.9880647720874756,-0.8204247009218442,-1.3804199638603631,1.1374284698424082,-1.7561875343959574,0.43005475492983214,-0.9815824855736611
15050,-0.6753463920454919,0.05960546552681911,0.7097604298558874,-0.6396441553192368,0.4319704248891608,0.7244172253228549,-0.7704649855683771,0.5963465798755847,-1.2921394959275048,1.071467576505891
15051,-0.6953458640015652,0.05960546552681911,0.5131947322484984,-0.02612089535777274,0.14469462577854697,0.7244172253228549,-0.8291693995810168,0.6083616053638323,-0.6219259697317923,0.8604223056190965
15052,2.2645759854972956,-0.9552142636712971,-0.9660510301237303,-0.9880647720874756,-0.8204247009218442,-1.3804199638603631,1.1374284698424082,-2.1689216808011156,0.8118219533957443,-0.6938444096888514
15053,-0.8753411116062256,0.05960546552681911,-0.035212122217400964,1.1100332897560496,-0.33136809565692243,0.7244172253228549,-1.3575091256947727,0.7627077821277193,0.49792447910154986,0.8327906726869191
15054,-0.8053429597599688,-0.3615827770984007,-0.6994922094319478,-0.7759826575328954,0.9960600277420028,0.7244172253228549,-1.1520436766505342,0.6753061400070693,-1.5551346770929109,-0.487602584508457
15057,1.8245876024636811,-0.3615827770984007,0.5672190561195349,-0.6850903227237897,0.5754552644819473,0.7244172253228549,1.1374284698424082,-1.7265007317095935,0.7863708068313501,0.8505541950871581
15058,-0.6753463920454919,1.6680566812978321,0.8496404934745397,1.178202540862879,0.5492446469068906,0.7244172253228549,-0.7704649855683771,0.7337603239733069,0.7524359447454912,-0.5079126173338832
15059,-0.5153506163969047,1.4011241767997944,0.481808756933425,1.2312230695015238,0.37094757345694396,0.7244172253228549,-0.30082967346726086,0.5406117452364161,0.9475614017391797,-0.9126720409682111
15060,-0.8453419036721156,0.3863044476016779,-0.6968988887426494,-0.9880647720874756,7.7451555481238294,0.7244172253228549,-1.2694525046758134,0.7450965466436771,-1.818129858258317,-0.935015300531038
15061,-0.8853408475842623,3.72788433066158,3.4299835727581858,1.799300162058435,2.139755595576366,0.7244172253228549,-1.3868613327010924,2.395317209699291,1.261458876033374,1.5020725317067736
15062,-0.215358537055804,0.3863044476016779,0.24090802702202205,1.1933512633310632,-0.14212570803275684,0.7244172253228549,0.5797365367223325,0.17631786261508992,1.1511705742543328,0.23299164027692923
15063,1.2046039718254062,-0.9552142636712971,-0.5370236367122486,-0.9880647720874756,-0.8204247009218442,-1.3804199638603631,1.1374284698424082,-1.1905123146099874,-0.08745189187951535,-1.1097927529919047
15065,-0.5453498243310149,0.3863044476016779,1.1646148904129698,0.9282486201378379,-0.0638686517845832,0.7244172253228549,-0.38888629448622003,0.5156839075373727,0.5742779187947323,0.8887117612351499
15066,-0.39535378466046445,-0.9552142636712971,0.1612319902131156,-0.9880647720874756,-0.8204247009218442,-1.3804199638603631,0.05139681060857664,0.2910636579678835,-1.4448463753138696,0.7929095695955404
15067,-0.14536038520954717,0.05960546552681911,0.6929342220533057,0.5571049196673227,-0.4781965135110471,0.7244172253228549,0.785201985766571,0.10780020412457371,0.5064081946230146,0.7963848180805261
15068,-0.4653519365067213,-0.3615827770984007,-0.21934601518217908,0.6025510870718755,-0.48735011701009145,0.7244172253228549,-0.15406863843566193,0.3664080193268675,0.27734787554346735,0.18129405122264516
15069,0.8646129485721586,-0.9552142636712971,0.33319121331165297,-0.9880647720874756,-0.8204247009218442,-1.3804199638603631,1.1374284698424082,-0.8653942415147935,-0.37589821960931563,1.3393676977361009
15070,2.8045617283112767,-0.9552142636712971,-1.5260704907453593,-0.9880647720874756,-0.8204247009218442,-1.3804199638603631,1.1374284698424082,-2.6678581136365835,1.2699425915548388,-1.588106356021621
15071,0.014635390439039907,-0.3615827770984007,0.23623784751937507,0.39046897251729545,-0.43983717275454787,0.7244172253228549,1.1374284698424082,-0.06847119627224746,0.4470221859727616,-0.15133516501466346
15073,-0.8253424317160422,0.05960546552681911,0.28437329436748415,0.3525971663468347,-0.09229676066691794,0.7244172253228549,-1.2107480906631736,0.7223388235507419,-0.3080284954375979,0.06445006759545359
15074,0.1246324861974435,-0.9552142636712971,0.020893935730591482,-0.9880647720874756,-0.8204247009218442,-1.3804199638603631,1.1374284698424082,-0.1900358745208589,-1.0036931681977044,1.1918698336706859
15075,-0.14536038520954717,-0.9552142636712971,0.046112601593326384,-0.9880647720874756,-0.8204247009218442,-1.3804199638603631,0.785201985766571,0.05893050133033247,-1.2327534872772516,1.172278778287358
15076,0.8046145327039386,-0.9552142636712971,0.1498249864193713,-0.9880647720874756,-0.8204247009218442,-1.3804199638603631,1.1374284698424082,-0.8139030268680915,-0.4268005127381039,1.4427367259364465
15078,-0.8553416396501522,3.149116681306502,2.0603816008949463,1.74627963341979,1.542679827616961,0.7244172253228549,-1.298804711682133,1.370252633244902,1.23600772946898,0.03629737947464292
15079,1.2046039718254062,0.3863044476016779,0.1630257022758403,0.17081249672862311,0.00484295783154082,0.7244172253228549,1.1374284698424082,-1.1324904686413528,1.210556582904586,-0.5071442273459322
15081,-0.7053455999796019,0.6532369520997158,-0.2922508816891707,1.6250898536743157,-0.07587747491166666,0.7244172253228549,-0.8585216065873364,0.6359873871989716,1.2190402984260504,-1.5298368113592835
15083,1.6445923548590207,-0.9552142636712971,-1.6722534342956785,-0.9880647720874756,-0.8204247009218442,-1.3804199638603631,1.1374284698424082,-1.6002203367102543,0.28583159106493206,-1.5298368113592835
15087,1.8945857543099378,-0.9552142636712971,-0.6868933839734823,-0.9880647720874756,-0.8204247009218442,-1.3804199638603631,1.1374284698424082,-1.8267944171405641,0.49792447910154986,1.2276938580310137
15088,-0.7153453359576386,-0.3615827770984007,0.36858445221596625,-0.647218516553329,0.4319704248891608,0.7244172253228549,-0.8878738135936562,0.6065062360827524,-1.3260743580133636,0.4391180105982231
15089,-0.8253424317160422,0.8789251688960825,0.9532563837618941,-0.09429014646460207,1.2256998885958919,0.7244172253228549,-1.2107480906631736,0.7943299579243817,-0.808567711204016,0.4222189688641805
15090,2.154578889738892,-0.9552142636712971,-0.5148340756779956,-0.9880647720874756,-0.8204247009218442,-1.3804199638603631,1.1374284698424082,-2.0649400017089836,0.7185010826596324,0.3283390598620982
15091,-0.24535774498991408,-0.9552142636712971,-0.3310593699378404,-0.9880647720874756,-0.8204247009218442,-1.3804199638603631,0.49167991570337316,0.14620430613708038,-1.3175906424918988,0.8895095023386487
15092,1.2246034437814797,-0.3615827770984007,-0.36979392278950324,-0.4730082081692095,0.09116140329435662,0.7244172253228549,1.1374284698424082,-1.1910249184625132,0.5148919101444793,-0.9063702263593791
15093,-0.7453445438917486,0.8789251688960825,1.4631033198118901,1.6856847435470528,0.06077912566688751,0.7244172253228549,-0.9759304346126154,0.7563338646688857,1.261458876033374,1.5455316217550967
15095,0.11463275021940682,0.3863044476016779,0.5011052239458613,-0.2382030099123529,0.35193080418570905,0.7244172253228549,1.1374284698424082,-0.1212197792778691,-0.17228904709416248,0.6148641320822842
15096,-0.49535114444083134,-0.9552142636712971,-0.9529165775188374,-0.9880647720874756,-0.8204247009218442,-1.3804199638603631,-0.24212525945462107,0.3720807577288862,-1.5296835305285166,-0.27661144040879315
15097,-0.8853408475842623,-0.9552142636712971,-0.8555949246758677,-0.9880647720874756,-0.8204247009218442,-1.3804199638603631,-1.3868613327010924,0.7315971482238021,-1.8605484358656406,0.106223543399117
15098,0.8946121565062688,0.05960546552681911,3.1818347472254276,-0.9880647720874756,-0.8204247009218442,0.7244172253228549,1.1374284698424082,-0.22425258722948244,-0.35044707304492145,-1.4655194659816981
15099,-0.085361969341327,-0.9552142636712971,-0.45637968385802613,-0.9880647720874756,-0.8204247009218442,-1.3804199638603631,0.9613152278044893,-0.002247399511500503,-1.1818511941484633,0.8798984515049735
15100,2.4145720251678457,0.05960546552681911,0.14543908069674008,-0.6850903227237897,1.465128892601692,0.7244172253228549,1.1374284698424082,-2.2632504882369466,1.2784263070763036,-1.9098607060798731
15101,-0.8353421676940789,-0.3615827770984007,-0.6600039098108234,1.6629616598447763,-0.6158548553759696,0.7244172253228549,-1.2401002976694935,0.7031778932762328,1.1511705742543328,-0.2720470391645994
15103,-0.6153479761772717,-0.3615827770984007,-0.028898208662296056,-0.5714749042124074,0.2654127385271785,0.7244172253228549,-0.5943517435304586,0.5069603568536358,-1.164883763105534,0.0700374885122512
15104,1.0446081961768192,-0.3615827770984007,0.2721189271853048,-0.34424406718964295,-0.07400694302481724,0.7244172253228549,1.1374284698424082,-1.0159784327271,0.49792447910154986,0.7981183591289901
15105,-0.7453445438917486,1.074425194724936,0.9121815052609242,-0.10943886893278637,0.9511694192575065,0.7244172253228549,-0.9759304346126154,0.7351565203615246,-0.749181702553763,0.12547386744738664
15106,-0.7453445438917486,0.6532369520997158,0.5306533156944717,0.9130998976696537,0.1510383579725636,0.7244172253228549,-0.9759304346126154,0.6878485362353473,0.3876361773225086,0.4684344083715567
15107,2.184578097673002,0.8789251688960825,-0.6551005743023285,-0.5260287368078546,2.2750295665350913,0.7244172253228549,1.1374284698424082,-2.0111995031573247,1.261458876033374,-1.8514202037010494
15108,0.4946227173848011,0.3863044476016779,0.45923212655774887,-0.34424406718964295,0.9658738486809929,0.7244172253228549,1.1374284698424082,-0.4722124090949486,0.03980384094245534,-0.23399128382247633
15109,1.5345952591006171,-0.9552142636712971,-0.32409003875435444,-0.9880647720874756,-0.8204247009218442,-1.3804199638603631,1.1374284698424082,-1.4924505231946732,0.1925107203288202,-0.18030152882106995
15110,-0.6853461280235285,0.3863044476016779,0.247507427178436,1.238797430735616,-0.15625806399159337,0.7244172253228549,-0.799817192574697,0.6091497314295634,0.8118219533957443,-1.0078334961967186
15111,-0.6353474481333451,0.05960546552681911,0.6077742004247263,1.6099411312061314,-0.41831955883283994,0.7244172253228549,-0.6530561575430981,0.5560051540106616,1.2699425915548388,0.47060991381213185
15113,-0.8253424317160422,0.05960546552681911,1.2707855911059482,-0.6547928777874211,1.2930362369966513,0.7244172253228549,-1.2107480906631736,0.7643787434496072,-1.4363626597924049,1.8089752059639368
15114,-0.6253477121553084,1.5406654655354899,1.05765016858283,1.0645871223514967,0.9039234682217483,0.7244172253228549,-0.6237039505367783,0.6816674326780223,0.6675987895308442,0.7668478933942947
15115,-0.7453445438917486,-0.9552142636712971,-0.6055371018195088,-0.9880647720874756,-0.8204247009218442,-1.3804199638603631,-0.9759304346126154,0.6042165357993682,-1.7417764185651345,0.018705304189737794
15116,-0.7453445438917486,0.3863044476016779,0.49068763055602505,0.42834077868775616,0.1596292194152515,0.7244172253228549,-0.9759304346126154,0.6702309669321026,-0.15532161605123307,0.05318989181705936
15117,-0.7753437518258587,0.6532369520997158,0.5997736728907175,0.5268074747309541,0.3472728118811585,0.7244172253228549,-1.063987055631575,0.717585275194666,-0.06200074531512122,1.02051728763633
15118,0.41462482956050756,-0.9552142636712971,-0.866136986438808,-0.9880647720874756,-0.8204247009218442,-1.3804199638603631,1.1374284698424082,-0.4652777071600944,-0.7576654180752277,2.465429309949798
15119,1.5345952591006171,-0.9552142636712971,-0.7991533064932089,-0.9880647720874756,-0.8204247009218442,-1.3804199638603631,1.1374284698424082,-1.4960312367375346,0.1925107203288202,-0.6165898724803326
15120,0.41462482956050756,-0.9552142636712971,-0.5630704936567623,-0.9880647720874756,-0.8204247009218442,-1.3804199638603631,1.1374284698424082,-0.46340960851833335,-0.7576654180752277,0.7172893395192463
15121,-0.42535299259457454,-0.3615827770984007,-0.36994993819836713,0.8146332016264558,-0.5243041877833818,0.7244172253228549,-0.03665981041038266,0.3280157926849805,0.5573104877518029,-0.48208204571701285
15122,0.21463010999977375,0.05960546552681911,0.6406994155631665,0.39804333375138756,-0.11308749703121695,0.7244172253228549,1.1374284698424082,-0.22544547326319267,0.6336639274449853,0.602186689014963
15123,-0.8553416396501522,-0.3615827770984007,0.8769665556185072,0.5116587522627698,-0.4701745275840188,0.7244172253228549,-1.298804711682133,0.7524215261993942,-0.14683790052976836,1.4928639450392727
15124,-0.6953458640015652,-0.3615827770984007,-1.0913067937462293,0.2920022764740975,-0.4128319921137541,0.7244172253228549,-0.8291693995810168,0.572104828730296,-0.2656099178302743,-0.3091003980788642
15125,-0.6753463920454919,2.0892449239230517,2.1941813959893572,0.8676537302651008,1.0326526764826072,0.7244172253228549,-0.7704649855683771,0.9537245314430378,0.404603608365438,1.0845603644263457
15127,-0.26535721694598746,-0.9552142636712971,-0.46405076389925715,-0.9880647720874756,-0.8204247009218442,-1.3804199638603631,0.4329755016907335,0.16340157684887854,-1.3345580735348281,0.5354279221859473
15128,-0.3253556328142076,0.3863044476016779,0.5572864258284764,0.21625866413317602,0.2984145979367984,0.7244172253228549,0.2568622596528149,0.2855030860733284,-0.028065883229262362,0.8563212793152377
15129,-0.42535299259457454,1.6680566812978321,1.2342915293227354,0.8373562853287322,1.0542636775484742,0.7244172253228549,-0.03665981041038266,0.5252687240547744,0.582761634316197,0.06057312586229408
15130,0.7746153247698284,-0.9552142636712971,-0.6291998872411366,-0.9880647720874756,-0.8204247009218442,-1.3804199638603631,1.1374284698424082,-0.7953073778613918,-0.45225165930249805,0.26849390534908824
15132,-0.7453445438917486,0.6532369520997158,0.2328816521145615,0.8600793690310087,0.1772811476860965,0.7244172253228549,-0.9759304346126154,0.6805643933205886,0.3367338841937203,-0.14076640713348504
15133,0.3546264136922874,0.05960546552681911,0.2365209355860522,0.32987408264455825,-0.08143283167175853,0.7244172253228549,1.1374284698424082,-0.3650057545992133,0.6675987895308442,0.4230295626266567
15134,-0.7753437518258587,1.2468684386726134,0.5111247844471005,0.7161665055832578,0.8186334831090153,0.7244172253228549,-1.063987055631575,0.7643251291906911,0.15009214272149662,-0.3633989772523198
15135,1.4645971072543602,-0.9552142636712971,-1.3134919094840154,-0.9880647720874756,-0.8204247009218442,-1.3804199638603631,1.1374284698424082,-1.433673519571342,0.13312471167856718,-1.3963178252120911
15136,-0.8953405835622991,0.3863044476016779,0.45090749821202897,-0.2836491773169058,0.4109327335165717,0.7244172253228549,-1.416213539707412,0.8072435508055386,-1.0800466078908868,0.2515948636150456
15139,1.4745968432323968,-0.3615827770984007,-1.1140895015437569,-0.2609260936146293,-0.14825585158074672,0.7244172253228549,1.1374284698424082,-1.4257514914656535,0.9645288327821091,-0.4335984236724724
15140,-0.4053535206385011,1.074425194724936,0.9310836634599168,0.6101254483059677,0.51419928736599,0.7244172253228549,0.02204460360225668,0.42304812737938763,0.345217599715185,0.4127958078055403
15142,-0.4653519365067213,-0.9552142636712971,-0.3018365806660745,-0.9880647720874756,-0.8204247009218442,-1.3804199638603631,-0.15406863843566193,0.34903866695418545,-1.5042323839641225,0.9485149134435078
15143,1.3346005395398832,-0.9552142636712971,-0.8200965832984787,-0.9880647720874756,-0.8204247009218442,-1.3804199638603631,1.1374284698424082,-1.312018779690612,0.022836409899525918,-0.031452533690271026
15144,-0.8453419036721156,2.2616881678707283,1.7483096762398755,1.3145410430765376,1.2385256158427025,0.7244172253228549,-1.2694525046758134,1.0621123608449154,0.7524359447454912,0.16552748737252296
15145,-0.8853408475842623,0.3863044476016779,0.3919772624087636,0.8600793690310087,-0.037265423538574705,0.7244172253228549,-1.3868613327010924,0.7965304021124568,0.2094781513717496,0.2228434878122663
15146,0.724616644879645,-0.3615827770984007,0.4755106798848082,-0.03369525659186489,-0.291475154520719,0.7244172253228549,1.1374284698424082,-0.7164657126272118,0.5742779187947323,1.7240213012979129
15147,1.4745968432323968,-0.9552142636712971,-0.12459976181568834,-0.9880647720874756,-0.8204247009218442,-1.3804199638603631,1.1374284698424082,-1.4349426284548805,0.14160842720003192,0.951535012815654
15148,-0.8153426957380054,-0.9552142636712971,-0.7016203254026654,-0.9880647720874756,-0.8204247009218442,-1.3804199638603631,-1.1813958836568539,0.6680247245736576,-1.8011624272153874,0.21113051360939733
15149,0.41462482956050756,-0.9552142636712971,-0.2674837198330718,-0.9880647720874756,-0.8204247009218442,-1.3804199638603631,1.1374284698424082,-0.4607557353557956,-0.7576654180752277,-0.20574783876659553
15150,-0.7553442798697854,1.5406654655354899,1.578414194296676,0.9130998976696537,0.9960600277420028,0.7244172253228549,-1.0052826416189355,0.8431926928684592,0.3876361773225086,0.9509316518123277
15152,-0.8253424317160422,1.8937448980942,1.488410246964758,0.3525971663468347,1.9385180948255116,0.7244172253228549,-1.2107480906631736,0.9477414225388459,-0.3080284954375979,0.3283390598620982
15153,-0.6153479761772717,-0.9552142636712971,-0.6312681515005578,-0.9880647720874756,-0.8204247009218442,-1.3804199638603631,-0.5943517435304586,0.48435649443836004,-1.6314881167860933,0.2740700669317299
15154,-0.17535959314365723,-0.9552142636712971,-0.7145367547591668,-0.9880647720874756,-0.8204247009218442,-1.3804199638603631,0.6971453647476117,0.07874069298142444,-1.2582046338416457,-0.4335984236724724
15156,-0.9153400555183724,0.05960546552681911,0.2194125715463853,-0.7456852125965269,1.813744674167018,0.7244172253228549,-1.4749179537200516,0.8038534963834857,-1.606036970221699,0.27961827771240555
15157,-0.8853408475842623,0.05960546552681911,0.7756317164538585,1.693259104781145,-0.4309045334363826,0.7244172253228549,-1.3868613327010924,0.7922020232084318,1.142686858732868,1.811751626482871
15158,-0.47535167248475796,-0.9552142636712971,-0.4741252045571159,-0.9880647720874756,-0.8204247009218442,-1.3804199638603631,-0.1834208454419816,0.35665016897236945,-1.5127160994855873,0.2740700669317299
15159,-0.9053403195403357,3.057582165231702,2.5763174847943833,1.7311309109516058,1.465128892601692,0.7244172253228549,-1.4455657467137322,1.5291180936430913,1.1681380052972623,0.9969366091831368
15160,2.6445659526626897,-0.9552142636712971,-1.211768384335675,-0.9880647720874756,-0.8204247009218442,-1.3804199638603631,1.1374284698424082,-2.519705742860701,1.1342031432114035,-0.6674892185646875
15163,-0.7453445438917486,-0.3615827770984007,-0.6932980089489194,0.3222997214104661,-0.42366101908255605,0.7244172253228549,-0.9759304346126154,0.6201070723203993,-0.2656099178302743,-0.5560903486114662
15164,-0.23535800901187737,0.05960546552681911,0.11498396470413316,1.0570127611174045,-0.32155498131921045,0.7244172253228549,0.5210321227096931,0.17588347382164382,0.9814962638250385,-0.27661144040879315
15165,2.8045617283112767,-0.9552142636712971,-0.31952090874356803,-0.9880647720874756,-0.8204247009218442,-1.3804199638603631,1.1374284698424082,-2.6616068152962558,1.2699425915548388,0.03952470919773476
15167,2.2845754574533688,-0.9552142636712971,-1.1879448882752757,-0.9880647720874756,-0.8204247009218442,-1.3804199638603631,1.1374284698424082,-2.1881990585428905,0.8287893844386737,-0.9144791690972895
15168,-0.6653466560674551,-0.9552142636712971,-1.5234042781970991,-0.9880647720874756,-0.8204247009218442,-1.3804199638603631,-0.7411127785620575,0.5267395327033892,-1.6739066943934169,-1.1903275890163445
15171,2.3845728172337357,-0.9552142636712971,0.452634874102884,-0.9880647720874756,-0.8204247009218442,-1.3804199638603631,1.1374284698424082,-2.2618056950898198,0.9136265396533209,0.6946994588575369
15172,-0.8353421676940789,0.6532369520997158,0.6359519214643052,0.7313152280514421,0.23433004156147158,0.7244172253228549,-1.2401002976694935,0.7740072413431948,0.11615728063563777,0.8108628696559677
15174,2.3045749294094424,-0.9552142636712971,-1.3324551995022733,-0.9880647720874756,-0.8204247009218442,-1.3804199638603631,1.1374284698424082,-2.2070581538927687,0.8457568154816031,-0.06872426161817644
15175,-0.2053588010777673,-0.9552142636712971,-0.9359584315815787,-0.9880647720874756,-0.8204247009218442,-1.3804199638603631,0.6090887437286524,0.10517540948625809,-1.28365578040604,1.189439831085044
15178,1.6745915627931307,-0.9552142636712971,-2.280785111946941,-0.9880647720874756,-0.8204247009218442,-1.3804199638603631,1.1374284698424082,-1.6286208002334919,0.3112827376293262,-1.7839448940324036
15179,-0.7453445438917486,0.6532369520997158,0.8797231435333495,1.284243598140169,0.01648741273199477,0.7244172253228549,-0.9759304346126154,0.7007006026934848,0.8118219533957443,1.0148352128728446
15180,2.744563312443056,-0.9552142636712971,-1.678518968632902,-0.9880647720874756,-0.8204247009218442,-1.3804199638603631,1.1374284698424082,-2.612926595948334,1.2190402984260504,-1.588106356021621
15181,-0.26535721694598746,0.05960546552681911,-0.044726158462197095,0.5495305584332305,-0.1745165488549514,0.7244172253228549,0.4329755016907335,0.20098633855846407,0.3961198928439733,0.17725439077811553
15182,0.6146195491212414,-0.3615827770984007,-0.12542793713931047,-0.12458759140097067,-0.23770652638978176,0.7244172253228549,1.1374284698424082,-0.6267356174987376,0.3876361773225086,-0.2186937843945293
15184,-0.6353474481333451,-0.3615827770984007,-0.4636020588177712,0.23140738660136032,-0.394216743645058,0.7244172253228549,-0.6530561575430981,0.5205135081135775,-0.27409363335173903,-0.35723257838900524
15185,-0.22535827303384068,-0.9552142636712971,-0.6774459294348215,-0.9880647720874756,-0.8204247009218442,-1.3804199638603631,0.5503843297160128,0.1250049265389203,-1.3006232114489693,1.6128078130710586
15186,-0.7853434878038954,-0.3615827770984007,-0.4545842923893174,0.17838685796271528,-0.37647167837913303,0.7244172253228549,-1.0933392626378946,0.6586844376629716,-0.46921909034542747,-0.39730449239224697
15187,-0.9053403195403357,2.178003940795619,1.4936687295721935,0.6025510870718755,1.7905075871749243,0.7244172253228549,-1.4455657467137322,1.0713312656418976,-0.09593560740098007,-0.29564111943825383
15189,-0.9153400555183724,3.502196113865212,2.4659507747789458,1.5190487963970256,2.8487059570382387,0.7244172253228549,-1.4749179537200516,1.6799660663480005,0.9305939706962503,-0.03163133439063418
15192,0.2746285258679939,0.05960546552681911,0.2850659167120101,0.8676537302651008,-0.2760230118464947,0.7244172253228549,1.1374284698424082,-0.2903410575184798,1.2020728673831211,0.7539438721166178
15193,-0.31535589683617093,-0.9552142636712971,-0.30091412130766315,-0.9880647720874756,-0.8204247009218442,-1.3804199638603631,0.28621446665913486,0.21095342549369092,-1.3769766511421517,-0.07633161619016947
15194,-0.8953405835622991,2.0892449239230517,1.8645772166435286,1.7765770783561585,1.0897176978652092,0.7244172253228549,-1.416213539707412,1.0921702735954377,1.2275240139475152,0.9935542080997477
15195,-0.8953405835622991,-0.9552142636712971,1.3243757392644566,-0.9880647720874756,-0.8204247009218442,-1.3804199638603631,-1.416213539707412,0.7999973861355307,-1.869032151387105,2.4374255911474707
15197,-0.8153426957380054,0.05960546552681911,0.311471018672915,1.6402385761425,-0.42366101908255605,0.7244172253228549,-1.1813958836568539,0.7137256064741695,1.142686858732868,0.014025103841688107
15198,-0.0053640815170334765,-0.3615827770984007,-1.0517266439858446,-0.753259573830619,0.8293373508616512,0.7244172253228549,1.1374284698424082,-0.06297616599965393,-0.8425025732898749,-1.0347222451683766
15199,-0.3353553687922443,0.3863044476016779,0.43971244217662,0.8979511752014694,-0.05079868360118282,0.7244172253228549,0.22751005264649524,0.2913949280894148,0.7185010826596324,-0.487602584508457
15201,-0.05536276140721694,0.6532369520997158,0.41930966870784747,0.22383302536726815,0.2927733874941386,0.7244172253228549,1.0493718488234491,0.0495656250209254,0.2009944358502849,0.4951738230562642
15203,-0.6653466560674551,0.8789251688960825,0.7298904935371795,1.1706281796287867,0.23132080708595854,0.7244172253228549,-0.7411127785620575,0.6373125563373752,0.7524359447454912,0.7029101980954189
15204,2.6445659526626897,-0.9552142636712971,-0.6623793109531669,-0.9880647720874756,-0.8204247009218442,-1.3804199638603631,1.1374284698424082,-2.5171101965808567,1.1342031432114035,0.5657549078393991
15205,-0.07536223336329032,-0.3615827770984007,-0.08760141736982234,-0.6699416002556053,0.5240234597907494,0.7244172253228549,0.9906674348108093,0.008998114030788732,-0.8170514267254807,0.2228434878122663
15206,-0.8253424317160422,0.3863044476016779,-0.4376234090446763,1.0191409549469437,-0.09110556954866335,0.7244172253228549,-1.2107480906631736,0.7286042775504995,0.4470221859727616,-1.461065271909715
15208,-0.9153400555183724,0.6532369520997158,0.14008909059894814,1.6781103823129606,-0.08871137244830361,0.7244172253228549,-1.4749179537200516,0.8353054157532701,1.1002682811255444,-0.9781289235419763
15210,1.3246008035618464,-0.9552142636712971,-0.6266340685739967,-0.9880647720874756,-0.8204247009218442,-1.3804199638603631,1.1374284698424082,-1.3016372422631772,0.014352694378061205,0.42949303052995425
15211,-0.3253556328142076,-0.3615827770984007,0.16196061863442113,1.3145410430765376,-0.5864074991009424,0.7244172253228549,0.2568622596528149,0.24310733957890857,1.2020728673831211,-0.27661144040879315
15212,1.4845965792104336,-0.9552142636712971,-1.5594010193755163,-0.9880647720874756,-0.8204247009218442,-1.3804199638603631,1.1374284698424082,-1.4526964544793453,0.15009214272149662,-1.588106356021621
15213,2.2645759854972956,-0.3615827770984007,-0.6334383896217212,-0.904746798512462,2.4613391755682144,0.7244172253228549,1.1374284698424082,-2.1506028781890887,0.9051428241318561,-0.1391493641385155
15214,-0.9053403195403357,1.2468684386726134,0.6540426062941742,0.8373562853287322,0.7427132296409482,0.7244172253228549,-1.4455657467137322,0.888487433508551,0.16705957376442604,0.016952547318022933
15215,-0.4553522005286846,0.05960546552681911,0.005981594934683683,-0.6169210716169603,0.35193080418570905,0.7244172253228549,-0.12471643142934195,0.37665116245253744,-1.071562892369422,-0.7913673249411993
15216,-0.04536302542918024,-0.9552142636712971,-1.60068184564232,-0.9880647720874756,-0.8204247009218442,-1.3804199638603631,1.0787240558297684,-0.044215260669947555,-1.1479163320626045,-1.8577632911644981
15218,-0.8153426957380054,1.6680566812978321,1.641995850146605,1.344838488012906,0.6167610609765756,0.7244172253228549,-1.1813958836568539,0.9221536409672436,0.8118219533957443,0.7417496049280216
15219,0.8346137406380486,-0.9552142636712971,-0.6899725748537702,-0.9880647720874756,-0.8204247009218442,-1.3804199638603631,1.1374284698424082,-0.850944388686934,-0.40134936617370975,-1.347115692442422
15220,-0.4053535206385011,0.8789251688960825,0.7083632002213096,0.7464639505196264,0.4362663456149951,0.7244172253228549,0.02204460360225668,0.39714814073371835,0.48944076358008515,0.44945148208245084
15221,2.73456357646502,-0.9552142636712971,-0.4704773912146783,-0.9880647720874756,-0.8204247009218442,-1.3804199638603631,1.1374284698424082,-2.5985470456234903,1.210556582904586,-1.3963178252120911
15222,2.2645759854972956,-0.9552142636712971,-0.17520409355849195,-0.9880647720874756,-0.8204247009218442,-1.3804199638603631,1.1374284698424082,-2.1628723966359584,0.8118219533957443,1.1548474616052402
15223,1.3346005395398832,-0.3615827770984007,0.02815721904188317,-0.8138544637033562,1.2023224526798368,0.7244172253228549,1.1374284698424082,-1.2874129617145857,0.22644558241467905,-0.40755332240415065
15224,2.654565688640726,-0.3615827770984007,-0.6487243329311728,-0.957767327151107,4.517658224300627,0.7244172253228549,1.1374284698424082,-2.5097519403946835,1.1851054363401916,-0.7768982857927977
15225,1.4145984273641767,-0.9552142636712971,-0.45846975394168826,-0.9880647720874756,-0.8204247009218442,-1.3804199638603631,1.1374284698424082,-1.3832125357324292,0.09070613407124363,0.4197836197338883
15226,2.184578097673002,-0.9552142636712971,-1.230730194534883,-0.9880647720874756,-0.8204247009218442,-1.3804199638603631,1.1374284698424082,-2.0962766339534116,0.7439522292240266,-0.8512124794542093
15227,-0.5553495603090515,0.6532369520997158,0.40821812906485033,1.132756373458326,-0.12737490127043338,0.7244172253228549,-0.4182385014925398,0.509600617867846,0.7948545223528148,-0.031452533690271026
15228,-0.26535721694598746,0.3863044476016779,1.2201705518185588,0.7388895892855343,0.00946127826626002,0.7244172253228549,0.4329755016907335,0.2616520964012857,0.6082127808805912,1.428617728134751
15230,1.4645971072543602,-0.3615827770984007,-0.4202591266761598,-0.9804904108533835,7.7451555481238294,0.7244172253228549,1.1374284698424082,-1.4124387005037737,0.15009214272149662,0.14126394596870173
15232,0.20463037402173703,-0.3615827770984007,-0.1393031487840471,-0.7835570187669876,1.043392646376342,0.7244172253228549,1.1374284698424082,-0.24945343302532563,-0.6982794094249747,0.8798984515049735
15234,1.8445870744197546,-0.9552142636712971,-1.038115313037905,-0.9880647720874756,-0.8204247009218442,-1.3804199638603631,1.1374284698424082,-1.7825640878576547,0.4555059014942263,0.26288950991657967
15235,1.2546026517155897,1.7852452398084835,0.8941996970921648,0.18596121919680741,1.685361924022424,0.7244172253228549,1.1374284698424082,-1.024576894513594,1.2699425915548388,-0.3687711194131673
15236,2.0645812659365617,-0.9552142636712971,-0.651263759221575,-0.9880647720874756,-0.8204247009218442,-1.3804199638603631,1.1374284698424082,-1.9830706162328946,0.64214764296645,0.6117937674694145
15237,-0.9053403195403357,0.3863044476016779,0.5249344162928793,0.7161665055832578,0.015700806628340395,0.7244172253228549,-1.4455657467137322,0.8185080196117186,0.03132012542099063,0.6066574903493139
15238,-0.6353474481333451,0.05960546552681911,0.3058432401604088,0.17838685796271528,-0.00423981653472815,0.7244172253228549,-0.6530561575430981,0.547887067745039,-0.33347964200199204,0.44230782759891274
15239,-0.8253424317160422,-0.3615827770984007,0.05384237836798128,-0.4730082081692095,0.09116140329435662,0.7244172253228549,-1.2107480906631736,0.7015583315778599,-1.2242697717557869,0.721009900108716
15240,-0.47535167248475796,0.6532369520997158,0.6753438697281514,1.034289677415128,0.10541978300321707,0.7244172253228549,-0.1834208454419816,0.4439318594051797,0.7524359447454912,0.6312985141675094
15241,-0.25535748096795075,1.2468684386726134,0.698237260498682,0.6479972544764285,0.8679703506073949,0.7244172253228549,0.4623277086970535,0.2916333513063394,0.5148919101444793,0.4258619751144462
15243,-0.18535932912169392,-0.9552142636712971,-0.662128934346531,-0.9880647720874756,-0.8204247009218442,-1.3804199638603631,0.6677931577412918,0.08827894820318039,-1.2666883493631105,0.19929226457948176
15244,-0.2753569529240241,-0.3615827770984007,-0.11438883191615432,0.39046897251729545,-0.4417667420889711,0.7244172253228549,0.4036232946844138,0.19276939924814862,0.2094781513717496,0.29882089100254094
15245,0.41462482956050756,0.05960546552681911,0.9838556877739109,-0.02612089535777274,0.14469462577854697,0.7244172253228549,1.1374284698424082,-0.39512016673888356,0.3197664531507909,1.4876115367284275
15246,1.4545973712763234,-0.3615827770984007,-0.2776840690169309,-0.07914142399641778,-0.26382565671385283,0.7244172253228549,1.1374284698424082,-1.4018471207628205,1.1511705742543328,-0.24504897551869417
15247,0.2946279978240673,-0.9552142636712971,-0.569327786643581,-0.9880647720874756,-0.8204247009218442,-1.3804199638603631,1.1374284698424082,-0.3529800159498328,-0.8594700043328043,0.03952470919773476
15249,-0.6053482401992349,1.8937448980942,1.761256363088377,0.7085921443491656,1.4316471260740378,0.7244172253228549,-0.5649995365241388,0.7770327222792381,0.28583159106493206,0.6367382762902961
15251,-0.8353421676940789,1.6680566812978321,2.1187362804991636,0.7691870342219028,1.104874351102986,0.7244172253228549,-1.2401002976694935,1.018031254999146,0.15857585824296133,1.4232147783940052
15252,-0.5653492962870882,-0.3615827770984007,0.012267505717301341,0.11779196808997809,-0.35718036679798254,0.7244172253228549,-0.4475907084988595,0.46154186309519113,-0.34196335752345675,0.5785020629256368
15253,-0.7653440158478221,0.6532369520997158,0.18281423029717242,0.17081249672862311,0.00484295783154082,0.7244172253228549,-1.0346348486252552,0.6979984121938795,-0.45225165930249805,0.12674539628703801
15254,0.3446266777142507,-0.9552142636712971,-0.7040707612830879,-0.9880647720874756,-0.8204247009218442,-1.3804199638603631,1.1374284698424082,-0.3999232006362053,-0.8170514267254807,0.6361214661694625
15255,-0.25535748096795075,-0.9552142636712971,0.15879245144146678,-0.9880647720874756,-0.8204247009218442,-1.3804199638603631,0.4623277086970535,0.16213033805108246,-1.3260743580133636,1.2714674060183895
15256,0.5646208692310579,-0.9552142636712971,-1.585748631065128,-0.9880647720874756,-0.8204247009218442,-1.3804199638603631,1.1374284698424082,-0.6057702432481455,-0.630409685253257,-1.1293838083752317
15257,1.9045854902879746,-0.9552142636712971,-0.6609532190253022,-0.9880647720874756,-0.8204247009218442,-1.3804199638603631,1.1374284698424082,-1.8358334532287086,0.5064081946230146,-1.3233112108323308
15258,0.7646155887917918,-0.3615827770984007,-0.12503285363855754,-0.6244954328510525,0.37094757345694396,0.7244172253228549,1.1374284698424082,-0.7648252826273005,-0.0535170297936565,-0.8512124794542093
15260,0.07463380630726006,1.074425194724936,0.7224501380549868,1.0721614835855888,0.2751037446253544,0.7244172253228549,1.1374284698424082,-0.027759406221255348,1.2699425915548388,-0.21931405100263168
15261,0.4246245655385443,-0.9552142636712971,-0.834361229386174,-0.9880647720874756,-0.8204247009218442,-1.3804199638603631,1.1374284698424082,-0.4743198561998421,-0.749181702553763,0.6158856972062001
15262,2.314574665387479,-0.9552142636712971,-1.1141336943258022,-0.9880647720874756,-0.8204247009218442,-1.3804199638603631,1.1374284698424082,-2.215556683278652,0.8542405310030678,-0.8208854938007576
15263,0.1446319581535169,-0.9552142636712971,-1.2200559352255116,-0.9880647720874756,-0.8204247009218442,-1.3804199638603631,1.1374284698424082,-0.21815370714003932,-0.986725737154775,-0.6042225289216073
15264,-0.28535668890206084,-0.9552142636712971,-0.48940975928085606,-0.9880647720874756,-0.8204247009218442,-1.3804199638603631,0.3742710876780942,0.1816046586080155,-1.3515255045777577,0.5952730766989572
15265,0.5846203411871314,-0.3615827770984007,0.576037747570389,-0.3518184284237351,-0.05869471474131325,0.7244172253228549,1.1374284698424082,-0.5846452120171011,0.10767356511417306,0.7539438721166178
15266,2.4545709690799926,-0.9552142636712971,-1.434381784802375,-0.9880647720874756,-0.8204247009218442,-1.3804199638603631,1.1374284698424082,-2.345422414120752,0.9730125483035739,-2.3258090493829267
15267,-0.7053455999796019,0.6532369520997158,0.6803533151744741,0.22383302536726815,0.5754552644819473,0.7244172253228549,-0.8585216065873364,0.6558539166591919,-0.34196335752345675,0.22167775233516904
15269,-0.6853461280235285,-0.9552142636712971,-0.4596332818874756,-0.9880647720874756,-0.8204247009218442,-1.3804199638603631,-0.799817192574697,0.5501040520621954,-1.6908741254363462,-1.9368587697257784
15270,-0.7653440158478221,1.074425194724936,0.939560832974576,1.238797430735616,0.03090626377778069,0.7244172253228549,-1.0346348486252552,0.7548890443957748,0.7354685137025618,0.37645514276554215
15271,-0.8553416396501522,2.0892449239230517,0.9810797034934419,1.7235565497175136,1.1156768745126189,0.7244172253228549,-1.298804711682133,0.9716318416208314,1.2020728673831211,-0.6657543189411774
15272,-0.3553548407483177,-0.3615827770984007,-0.00819201684220034,-0.7759826575328954,0.9511694192575065,0.7244172253228549,0.16880563863385561,0.2679005475508691,-1.164883763105534,0.004604913082443595
15274,-0.8853408475842623,-0.3615827770984007,-0.014121342116725536,-0.8820237148101855,2.0359408194478132,0.7244172253228549,-1.3868613327010924,0.7557473283886781,-1.7417764185651345,0.7664914722889152
15275,-0.5453498243310149,-0.9552142636712971,-0.1353177266391214,-0.9880647720874756,-0.8204247009218442,-1.3804199638603631,-0.38888629448622003,0.42459628962670976,-1.5721021081358402,1.2916131423119437
15276,-0.26535721694598746,-0.9552142636712971,-1.3350181500249017,-0.9880647720874756,-0.8204247009218442,-1.3804199638603631,0.4329755016907335,0.158957920353364,-1.3345580735348281,-0.9644214327759761
15277,-0.4553522005286846,-0.9552142636712971,-0.8310108854319194,-0.9880647720874756,-0.8204247009218442,-1.3804199638603631,-0.12471643142934195,0.335853670847643,-1.4957486684426577,0.31233590302778813
15279,2.624566480706616,-0.9552142636712971,-0.7304986199279708,-0.9880647720874756,-0.8204247009218442,-1.3804199638603631,1.1374284698424082,-2.4991246937549105,1.117235712168474,0.2228434878122663
15280,0.7946147967259019,-0.9552142636712971,-1.4763228746784924,-0.9880647720874756,-0.8204247009218442,-1.3804199638603631,1.1374284698424082,-0.817275164987167,-0.4352842282595686,-0.0025132190580743627
15281,-0.3353553687922443,1.4011241767997944,0.9235861701164595,1.0873102060537732,0.7445226266242945,0.7244172253228549,0.22751005264649524,0.3911907494293781,0.9305939706962503,-0.15088143853436373
15286,-0.42535299259457454,-0.9552142636712971,-0.8800078731625569,-0.9880647720874756,-0.8204247009218442,-1.3804199638603631,-0.03665981041038266,0.3079832282949454,-1.4702975218782637,-1.1293838083752317
15287,-0.7053455999796019,-0.3615827770984007,-0.32124756437582247,-0.6244954328510525,0.3906037362794947,0.7244172253228549,-0.8585216065873364,0.5862672916406212,-1.2921394959275048,0.3724638179799887
15288,-0.49535114444083134,0.6532369520997158,0.914801659114811,1.4508795452901961,-0.030317228306232204,0.7244172253228549,-0.24212525945462107,0.47217404624897763,1.2020728673831211,0.004604913082443595
15289,-0.6353474481333451,0.05960546552681911,0.2012689694095125,0.6782946994127971,-0.21888112266041226,0.7244172253228549,-0.6530561575430981,0.545720944947045,0.22644558241467905,0.8571427010473275
15290,-0.8753411116062256,2.3408466559766334,1.8979726031644968,1.693259104781145,1.3130311669440966,0.7244172253228549,-1.3575091256947727,1.1285334976844819,1.1511705742543328,0.5312718228878753
15291,-0.6653466560674551,2.0892449239230517,1.4753372881407802,1.6478129373765922,1.154074252957151,0.7244172253228549,-0.7411127785620575,0.8321213291790344,1.2784263070763036,-0.1057260045639003
15292,1.0846071400889659,-0.9552142636712971,-1.1053873589320722,-0.9880647720874756,-0.8204247009218442,-1.3804199638603631,1.1374284698424082,-1.0831471771366894,-0.18925647813709193,-1.1097927529919047
15296,-0.4153532566165378,0.8789251688960825,1.2846580631385376,1.0948845672878653,0.26222098613490125,0.7244172253228549,-0.007307603404062988,0.4373840309243389,0.879691677567462,0.7110604782122372
15297,-0.8253424317160422,0.05960546552681911,-0.10145730782207278,-0.5866236266805918,1.06804061525746,0.7244172253228549,-1.2107480906631736,0.7157611568106255,-1.3515255045777577,-0.5062058078465734
15298,-0.9053403195403357,1.7852452398084835,1.4974412412857918,1.7690027171220666,0.6790021261040949,0.7244172253228549,-1.4455657467137322,1.005805666293185,1.210556582904586,0.5728547765263823
15299,-0.25535748096795075,1.074425194724936,1.4473808385505453,1.3145410430765376,-0.1754495990482077,0.7244172253228549,0.4623277086970535,0.32022410793982115,1.261458876033374,1.1064762174209104
15300,-0.28535668890206084,-0.9552142636712971,-0.30550518016572914,-0.9880647720874756,-0.8204247009218442,-1.3804199638603631,0.3742710876780942,0.18328729086997786,-1.3515255045777577,0.7022807606413258
15301,-0.4153532566165378,1.7852452398084835,1.5410250094729974,1.4130077391197355,0.7127938484288563,0.7244172253228549,-0.007307603404062988,0.5591272095701633,1.23600772946898,0.44509139656452684
15303,1.9745836421342315,-0.9552142636712971,-0.19024662205617196,-0.9880647720874756,-0.8204247009218442,-1.3804199638603631,1.1374284698424082,-1.896069120438042,0.5657942032732676,0.5221718867021694
15304,-0.31535589683617093,1.2468684386726134,-0.03907956454870074,1.337264126778814,0.4763288106249656,0.7244172253228549,0.28621446665913486,0.3294708325369902,1.23600772946898,-2.6638255328169587
15306,-0.28535668890206084,0.05960546552681911,0.37830583302750354,-0.3593927896578273,0.5240234597907494,0.7244172253228549,0.3742710876780942,0.22734305976733843,-0.6388934007747217,0.6158856972062001
15307,0.03463486239511329,-0.9552142636712971,-1.0054579864431377,-0.9880647720874756,-0.8204247009218442,-1.3804199638603631,1.1374284698424082,-0.1160848548890367,-1.0800466078908868,-1.5585881871620628
15308,1.8145878664856443,-0.9552142636712971,-0.6778288297659695,-0.9880647720874756,-0.8204247009218442,-1.3804199638603631,1.1374284698424082,-1.753086051560618,0.43005475492983214,0.13812389922963547
15311,-0.9153400555183724,4.650205384783498,3.5160580664252903,1.8371719682288958,4.415276377378906,0.7244172253228549,-1.4749179537200516,3.2334716172834614,1.2784263070763036,1.1027241265968215
15312,-0.17535959314365723,0.3863044476016779,0.18854694912970751,1.1251820122242338,-0.1230410383884666,0.7244172253228549,0.6971453647476117,0.13846024445136876,1.1087519966470092,-0.19720057055511253
15313,0.17463116608762697,-0.9552142636712971,-2.086262977994042,-0.9880647720874756,-0.8204247009218442,-1.3804199638603631,1.1374284698424082,-0.24748494319299502,-0.9612745905903809,-1.9786322455294412
15314,1.0646076681328924,-0.9552142636712971,-0.6343564935621054,-0.9880647720874756,-0.8204247009218442,-1.3804199638603631,1.1374284698424082,-1.0623256115595707,-0.20622390918002134,0.7788984238608555
15315,-0.28535668890206084,-0.3615827770984007,-0.19512985732725105,-0.6017723491487761,0.3156925761936896,0.7244172253228549,0.3742710876780942,0.2009751473436595,-0.9103722974615925,1.132024679157676
15316,2.344573873321589,-0.9552142636712971,-1.178305119228941,-0.9880647720874756,-0.8204247009218442,-1.3804199638603631,1.1374284698424082,-2.243404188293212,0.879691677567462,-0.4765889042531565
15318,-0.8853408475842623,-0.9552142636712971,-0.672358130051893,-0.9880647720874756,-0.8204247009218442,-1.3804199638603631,-1.3868613327010924,0.7326545687319518,-1.8605484358656406,1.5722463622238558
15319,1.9145852262660112,-0.9552142636712971,-1.0085479221771938,-0.9880647720874756,-0.8204247009218442,-1.3804199638603631,1.1374284698424082,-1.8468854221279976,0.5148919101444793,0.13812389922963547
15320,-0.4853514084627947,-0.9552142636712971,-0.7969851801801611,-0.9880647720874756,-0.8204247009218442,-1.3804199638603631,-0.21277305244830141,0.3636566115023934,-1.521199815007052,0.8238008508172651
15321,-0.215358537055804,0.05960546552681911,1.054114578609856,0.6782946994127971,-0.5029177679376415,0.7244172253228549,0.5797365367223325,0.1886865369193239,0.582761634316197,1.031981658691676
15322,-0.06536249738525363,-0.9552142636712971,-0.0560943292967738,-0.9880647720874756,-0.8204247009218442,-1.3804199638603631,1.0200196418171292,-0.01624947116070948,-1.164883763105534,1.092908745406627
15325,0.11463275021940682,-0.9552142636712971,-1.1913953049955464,-0.9880647720874756,-0.8204247009218442,-1.3804199638603631,1.1374284698424082,-0.19044005904446834,-1.0121768837191691,0.4486600156681821
15326,2.4145720251678457,-0.9552142636712971,-0.6746690438177894,-0.9880647720874756,-0.8204247009218442,-1.3804199638603631,1.1374284698424082,-2.3054447120748707,0.9390776862177149,1.0102684576244263
15327,-0.39535378466046445,-0.9552142636712971,-0.992268472870964,-0.9880647720874756,-0.8204247009218442,-1.3804199638603631,0.05139681060857664,0.27984326966913003,-1.4448463753138696,-0.3138205149682618
15329,-0.5353500883529781,0.05960546552681911,0.2891484812878014,0.011750910812688004,0.11419346125134072,0.7244172253228549,-0.35953408747990034,0.45545870660006377,-0.4352842282595686,0.05318989181705936
15330,-0.6053482401992349,-0.3615827770984007,-0.015907683783761003,-0.7759826575328954,0.9960600277420028,0.7244172253228549,-0.5649995365241388,0.4979440944640708,-1.3769766511421517,1.5960874689430036
15332,2.73456357646502,0.3863044476016779,0.6538608026781301,-0.9653416883851992,5.160775334167149,0.7244172253228549,1.1374284698424082,-2.528515760044164,1.2444914449904447,0.059959733919086475
15333,1.1546052919352228,-0.9552142636712971,0.2729845285867736,-0.9880647720874756,-0.8204247009218442,-1.3804199638603631,1.1374284698424082,-1.1337040224496857,-0.12987046948683892,0.8831114167020655
15334,0.6446187570553514,0.05960546552681911,-0.5790324862010423,-0.8668749923420013,2.947526923664013,0.7244172253228549,1.1374284698424082,-0.6423231067607982,-0.4268005127381039,-0.5758916948158296
15335,-0.38535404868242773,-0.9552142636712971,-1.1364525862497334,-0.9880647720874756,-0.8204247009218442,-1.3804199638603631,0.0807490176148963,0.27006711940897404,-1.4363626597924049,-0.7208424733347566
15339,-0.26535721694598746,-0.3615827770984007,-0.19017747344957697,0.9130998976696537,-0.5398647757031969,0.7244172253228549,0.4329755016907335,0.18262100551192817,0.8033382378742796,0.3283390598620982
15341,-0.11536117727543709,-0.9552142636712971,0.8095684691509746,-0.9880647720874756,-0.8204247009218442,-1.3804199638603631,0.8732586067855304,0.051750373536115946,-1.2073023407128576,1.831901993597221
15342,0.3746258856483608,-0.9552142636712971,-0.46490986229121056,-0.9880647720874756,-0.8204247009218442,-1.3804199638603631,1.1374284698424082,-0.4258098738191041,-0.7916002801610865,0.6677483530095384
15343,-0.05536276140721694,-0.9552142636712971,-0.550614659517762,-0.9880647720874756,-0.8204247009218442,-1.3804199638603631,1.0493718488234491,-0.03061968263074021,-1.1564000475840692,-0.6674892185646875
15344,-0.9153400555183724,0.05960546552681911,-0.20431122559536,-0.43513640199874876,0.6606597055226227,0.7244172253228549,-1.4749179537200516,0.7973400547501562,-1.2666883493631105,-1.5110759260690176
15345,-0.4653519365067213,-0.9552142636712971,-0.48981279558032326,-0.9880647720874756,-0.8204247009218442,-1.3804199638603631,-0.15406863843566193,0.347315074802691,-1.5042323839641225,-0.7072611283017771
15346,2.4045722891898094,-0.9552142636712971,-0.841857361007083,-0.9880647720874756,-0.8204247009218442,-1.3804199638603631,1.1374284698424082,-2.2972098005380137,0.9305939706962503,-0.07633161619016947
15347,2.73456357646502,-0.9552142636712971,-1.0198506682073993,-0.9880647720874756,-0.8204247009218442,-1.3804199638603631,1.1374284698424082,-2.6018508703131173,1.210556582904586,-0.18871879929522678
15348,-0.2053588010777673,-0.9552142636712971,-1.2123682118002541,-0.9880647720874756,-0.8204247009218442,-1.3804199638603631,0.6090887437286524,0.10409243000704017,-1.28365578040604,-0.6674892185646875
15349,0.6546184930333881,-0.3615827770984007,-0.34253318444732717,-0.7684082962988033,0.9511694192575065,0.7244172253228549,1.1374284698424082,-0.6660027473810229,-0.3080284954375979,0.06332919080782677
15350,2.8045617283112767,-0.9552142636712971,-1.458884587411702,-0.9880647720874756,-0.8204247009218442,-1.3804199638603631,1.1374284698424082,-2.6677032852541536,1.2699425915548388,-1.2114113833085771
15351,-0.8053429597599688,1.074425194724936,0.7854406848642704,1.7159821884834214,0.1979260948457436,0.7244172253228549,-1.1520436766505342,0.7848432061150182,1.2444914449904447,-0.39657605160702575
15353,1.6245928829029472,-0.3615827770984007,0.05020156665846193,-0.1321619526350628,-0.23311202489878752,0.7244172253228549,1.1374284698424082,-1.5540476470071891,1.2275240139475152,0.11589055448120195
15355,-0.6353474481333451,-0.3615827770984007,-0.7680937596161994,-0.8138544637033562,1.2023224526798368,0.7244172253228549,-0.6530561575430981,0.518388345205115,-1.4448463753138696,-2.0905320730531933
15356,-0.6153479761772717,1.5406654655354899,1.0593589265993382,1.5569206025674862,0.6473676762665354,0.7244172253228549,-0.5943517435304586,0.6725584370985587,1.2275240139475152,0.0886072712928578
15358,-0.8753411116062256,2.6205659263872656,1.9374191100988658,1.738705272185698,1.1044613945130224,0.7244172253228549,-1.3575091256947727,1.201050130978465,1.210556582904586,0.8048689972479502
15360,-0.5253503523749414,-0.9552142636712971,-0.42334943088974547,-0.9880647720874756,-0.8204247009218442,-1.3804199638603631,-0.33018188047358055,0.4031164167050352,-1.5551346770929109,0.4050579160664955
15361,2.694564632552873,-0.9552142636712971,-0.44023265574121945,-0.9880647720874756,-0.8204247009218442,-1.3804199638603631,1.1374284698424082,-2.561465043927942,1.1766217208187268,0.8571427010473275
15363,2.8045617283112767,-0.9552142636712971,-0.6391332028383462,-0.9880647720874756,-0.8204247009218442,-1.3804199638603631,1.1374284698424082,-2.6642569201489574,1.2699425915548388,-0.07633161619016947
15364,0.03463486239511329,-0.3615827770984007,0.1784678351767004,0.20868430289908388,-0.3892935126887987,0.7244172253228549,1.1374284698424082,-0.0880123557026064,0.2603804445005379,0.5154838558816902
15365,-0.6653466560674551,1.074425194724936,0.9174853433078299,1.2009256245651554,-0.14622489408961564,0.7244172253228549,-0.7411127785620575,0.6617581392255527,0.7778870913098854,0.003590835381467484
15366,-0.17535959314365723,-0.3615827770984007,-0.1517890658368373,1.1479050959265102,-0.569102823170621,0.7244172253228549,0.6971453647476117,0.10023011872232213,1.142686858732868,0.770050529159824
15367,-0.3553548407483177,0.3863044476016779,0.7512526563222495,0.6631459769446127,-0.2139822258564771,0.7244172253228549,0.16880563863385561,0.3197835874981775,0.4385384704512969,0.5921478066701079
15368,-0.7153453359576386,-0.9552142636712971,-0.38886205001455043,-0.9880647720874756,-0.8204247009218442,-1.3804199638603631,-0.8878738135936562,0.5783478849678638,-1.7163252720007403,0.4391180105982231
15370,-0.5153506163969047,1.074425194724936,0.9417493756712484,1.2160743470333397,0.3774269800466337,0.7244172253228549,-0.30082967346726086,0.5248386162211309,0.9305939706962503,-0.2897572687203595
15372,0.44462403749461765,-0.9552142636712971,0.8043902050030657,-0.9880647720874756,-0.8204247009218442,-1.3804199638603631,1.1374284698424082,-0.4640182954756434,-0.7322142715108336,3.2490428349803966
15373,-0.8453419036721156,1.7852452398084835,0.951635846053829,1.7614283558879744,0.6821047885861584,0.7244172253228549,-1.2694525046758134,0.9115085818133739,1.2529751605119093,-1.4303779197438198
15374,0.3646261496703241,-0.9552142636712971,-1.1640610750025122,-0.9880647720874756,-0.8204247009218442,-1.3804199638603631,1.1374284698424082,-0.4205044135815536,-0.8000839956825513,-0.22304296772375637
15376,-0.5253503523749414,0.05960546552681911,0.4172634986847688,0.39046897251729545,-0.10970577992671149,0.7244172253228549,-0.33018188047358055,0.4492614676476294,-0.011098452186332935,0.3194769970439236
15379,0.7646155887917918,1.074425194724936,1.2912180382298426,0.4434895011559405,0.8484220205059414,0.7244172253228549,1.1374284698424082,-0.6319882652790274,1.142686858732868,0.8348671946223798
15380,-0.8353421676940789,0.6532369520997158,0.6677112591036962,1.7084078272493293,-0.09760898534375057,0.7244172253228549,-1.2401002976694935,0.7750920230575523,1.2020728673831211,-0.7884583463070638
15381,1.2146037078034428,-0.3615827770984007,-0.15928268697940606,-0.5790492654464996,0.2654127385271785,0.7244172253228549,1.1374284698424082,-1.1795405769693277,0.3791524618010439,-0.6481266420206878
15382,-0.7753437518258587,0.8789251688960825,1.6689931024771785,1.132756373458326,0.06658449309635575,0.7244172253228549,-1.063987055631575,0.8062135304229853,0.6166964964020558,1.617224240808378
15384,0.7746153247698284,-0.3615827770984007,-0.10087616352245936,0.4434895011559405,-0.4547437160482629,0.7244172253228549,1.1374284698424082,-0.7737162077548988,1.1596542897757975,0.7247179964852518
15385,-0.5253503523749414,-0.9552142636712971,-0.6616284174887445,-0.9880647720874756,-0.8204247009218442,-1.3804199638603631,-0.33018188047358055,0.4012969784120381,-1.5551346770929109,0.04637838888610602
15386,0.9346111004184156,-0.9552142636712971,-0.48860429893035384,-0.9880647720874756,-0.8204247009218442,-1.3804199638603631,1.1374284698424082,-0.9415593736025623,-0.3165122109590626,1.1698053342788741
15388,1.7745889225734977,-0.9552142636712971,-1.3050756648674546,-0.9880647720874756,-0.8204247009218442,-1.3804199638603631,1.1374284698424082,-1.7190449120639015,0.3961198928439733,-0.6165898724803326
15389,0.7946147967259019,-0.9552142636712971,-0.2998339780860911,-0.9880647720874756,-0.8204247009218442,-1.3804199638603631,1.1374284698424082,-0.810936540162358,-0.4352842282595686,1.0496028510649729
15392,-0.8753411116062256,0.3863044476016779,0.5914072245011088,1.700833466015237,-0.2582266551391152,0.7244172253228549,-1.3575091256947727,0.7929077379764262,1.1596542897757975,0.8007135906419381
15393,-0.7653440158478221,-0.3615827770984007,-0.909145875744285,1.0115665937128515,-0.5529163667628264,0.7244172253228549,-1.0346348486252552,0.6373300658428229,0.48944076358008515,-0.7913673249411993
15394,-0.8253424317160422,0.3863044476016779,0.8712461861460683,1.6478129373765922,-0.2481512859711555,0.7244172253228549,-1.2107480906631736,0.7574931237976447,1.1511705742543328,0.4270736509149134
15395,2.3345741373435525,-0.9552142636712971,-1.5168509206557328,-0.9880647720874756,-0.8204247009218442,-1.3804199638603631,1.1374284698424082,-2.2351407686732396,0.8712079620459973,-2.3856542038959363
15396,0.20463037402173703,-0.9552142636712971,-0.7368806546161598,-0.9880647720874756,-0.8204247009218442,-1.3804199638603631,1.1374284698424082,-0.2712343293401295,-0.9358234440259867,-0.2584656941316199
15397,1.9745836421342315,-0.9552142636712971,-1.6221546468965942,-0.9880647720874756,-0.8204247009218442,-1.3804199638603631,1.1374284698424082,-1.9039337469072444,0.5657942032732676,-2.215030098646801
15398,-0.7653440158478221,-0.3615827770984007,0.48643483320695396,-0.5184543755737624,0.1639826223835226,0.7244172253228549,-1.0346348486252552,0.6555763859127275,-1.2327534872772516,1.0059699445203536
15399,-0.9153400555183724,0.05960546552681911,0.08885596767764346,-0.40483895706238016,0.602716236965679,0.7244172253228549,-1.4749179537200516,0.8014660263424632,-1.2242697717557869,0.3051484379464597
15400,-0.0053640815170334765,0.6532369520997158,-0.014531512881218003,0.42076641745366405,0.42136065068688316,0.7244172253228549,1.1374284698424082,-0.004991183931598522,0.47247333253715573,-0.7485155580311258
15402,0.5646208692310579,-0.3615827770984007,-0.12044643583251986,-0.6320697940851446,0.3906037362794947,0.7244172253228549,1.1374284698424082,-0.5806398110069968,-0.2316750557444155,0.8926947296682503
15405,0.9646103083525256,-0.9552142636712971,-0.5848490581049229,-0.9880647720874756,-0.8204247009218442,-1.3804199638603631,1.1374284698424082,-0.9699162558033385,-0.2910610643946685,0.2459040246873788
15406,-0.6153479761772717,-0.3615827770984007,-0.283012435480444,1.0494383998833123,-0.5576182609999892,0.7244172253228549,-0.5943517435304586,0.5038039877663232,0.6591150740093794,-0.2143616233527985
15407,-0.5853487682431616,0.3863044476016779,0.2942336712775267,1.0645871223514967,-0.1074331577685099,0.7244172253228549,-0.5062951225114992,0.5180751765533914,0.6930499360952382,-0.11122694604772189
15408,1.7145905067052774,-0.9552142636712971,-0.7968368944477688,-0.9880647720874756,-0.8204247009218442,-1.3804199638603631,1.1374284698424082,-1.6617321502378388,0.345217599715185,-0.4127135449586689
15410,-0.085361969341327,1.2468684386726134,1.2350844678831043,0.3525971663468347,1.1308460964337077,0.7244172253228549,0.9613152278044893,0.16288694932649306,0.3282501686722556,-0.031452533690271026
15411,-0.6653466560674551,0.3863044476016779,0.49428061913885435,0.19353558043089958,0.3156925761936896,0.7244172253228549,-0.7411127785620575,0.5966808703653048,-0.34196335752345675,-0.16779443831017443
15412,0.7846150607478651,-0.9552142636712971,-1.064536271524578,-0.9880647720874756,-0.8204247009218442,-1.3804199638603631,1.1374284698424082,-0.806800566690717,-0.44376794378103335,-0.3922154455737557
15414,-0.8253424317160422,0.05960546552681911,0.04803160165473568,0.7691870342219028,-0.24888296839804808,0.7244172253228549,-1.2107480906631736,0.7179395675754798,0.15857585824296133,-0.04868994575349682
15415,2.2045775696290755,-0.9552142636712971,-0.19192185428169167,-0.9880647720874756,-0.8204247009218442,-1.3804199638603631,1.1374284698424082,-2.10783421939537,0.760919660266956,1.4504501072083824
15416,-0.2753569529240241,0.3863044476016779,1.3493730428062425,0.6631459769446127,0.04163586858835003,0.7244172253228549,0.4036232946844138,0.28064962851149106,0.5064081946230146,1.344666251335278
15417,-0.07536223336329032,-0.9552142636712971,-0.2859864049560335,-0.9880647720874756,-0.8204247009218442,-1.3804199638603631,0.9906674348108093,-0.009842845252988753,-1.1733674786269988,0.6716389219824245
15419,-0.6753463920454919,-0.9552142636712971,-1.331815750376052,-0.9880647720874756,-0.8204247009218442,-1.3804199638603631,-0.7704649855683771,0.5364258988856914,-1.6823904099148814,0.4391180105982231
15421,-0.3353553687922443,0.3863044476016779,0.21016266340958956,0.9130998976696537,-0.28769525660959294,0.7244172253228549,0.22751005264649524,0.2861792595960072,0.7354685137025618,-0.2317929400349163
15422,2.3045749294094424,-0.3615827770984007,-1.591768880928012,-0.9880647720874756,-0.8204247009218442,0.7244172253228549,1.1374284698424082,-2.1912071027052464,0.8457568154816031,-2.269034259482787
15423,-0.5453498243310149,-0.9552142636712971,-2.22527855196333,-0.9880647720874756,-0.8204247009218442,-1.3804199638603631,-0.38888629448622003,0.4152305651259503,-1.5721021081358402,-0.46568373492713233
15424,1.6145931469249106,-0.3615827770984007,-0.5106432960369599,-0.9880647720874756,-0.8204247009218442,0.7244172253228549,1.1374284698424082,-1.5512913664545338,0.2603804445005379,0.6441133112364689
15426,-0.7353448079137119,0.6532369520997158,0.5444273471882547,1.6629616598447763,-0.24961277407572335,0.7244172253228549,-0.9465782276062956,0.6790496889394165,1.23600772946898,-0.1488872486467938
15427,-0.5953485042211982,0.05960546552681911,0.5638183537844547,-0.8895980760442777,2.0359408194478132,0.7244172253228549,-0.5356473295178191,0.5177980660694561,-1.4957486684426577,0.8626033225478126
15428,-0.7753437518258587,-0.9552142636712971,-1.6239984633616718,-0.9880647720874756,-0.8204247009218442,-1.3804199638603631,-1.063987055631575,0.6277996247950048,-1.7672275651295286,-0.4548849591930755
15429,-0.6553469200894184,-0.3615827770984007,-0.48216985235308446,-0.6244954328510525,0.37094757345694396,0.7244172253228549,-0.7117605715557376,0.5387719676433619,-1.2582046338416457,0.2286538199639716
15432,-0.6953458640015652,-0.9552142636712971,-1.149189659762774,-0.9880647720874756,-0.8204247009218442,-1.3804199638603631,-0.8291693995810168,0.5554173765985356,-1.699357840957811,-0.9475223910419335
15433,1.2146037078034428,-0.3615827770984007,-0.24865717999396914,-0.5866236266805918,0.2816626601958108,0.7244172253228549,1.1374284698424082,-1.1805817773612237,0.3706687462795792,0.6035642445545562
15434,-0.8453419036721156,0.6532369520997158,0.28290232668722565,0.45863822362412476,0.13843421718589066,0.7244172253228549,-1.2694525046758134,0.7736687564823936,-0.19774019365855663,-0.19380005871554268
15435,-0.7053455999796019,-0.9552142636712971,-1.2573717999063718,-0.9880647720874756,-0.8204247009218442,-1.3804199638603631,-0.8585216065873364,0.5642648842432287,-1.7078415564792757,-1.1493278746794886
15436,-0.8053429597599688,0.05960546552681911,0.34244668756991137,0.6858690606468892,-0.22370113218773416,0.7244172253228549,-1.1520436766505342,0.7052224895806586,0.09070613407124363,0.3087480044787713
15437,1.6945910347492041,-0.9552142636712971,-1.0255233222426305,-0.9880647720874756,-0.8204247009218442,-1.3804199638603631,1.1374284698424082,-1.6444175704024218,0.3282501686722556,-0.73459253504106
15438,0.3846256216263975,-0.9552142636712971,-1.2197025823069676,-0.9880647720874756,-0.8204247009218442,-1.3804199638603631,1.1374284698424082,-0.4391041509109169,-0.7831165646396219,-1.0530179630917655
15440,-0.37535431270439107,0.05960546552681911,-0.5099400835621025,0.17838685796271528,0.00027621515309949766,0.7244172253228549,0.11010122462121627,0.29724560391784816,-0.12138675396537421,-0.9363980186786152
15442,1.5645944670347272,-0.9552142636712971,-0.16308287519869277,-0.9880647720874756,-0.8204247009218442,-1.3804199638603631,1.1374284698424082,-1.5182828016442742,0.21796186689321434,-0.27661144040879315
15443,-0.9053403195403357,1.074425194724936,1.1842035230933126,1.4205821003538277,0.29558674544486857,0.7244172253228549,-1.4455657467137322,0.8978254036665549,0.820305668917209,0.4748155880911625
15444,-0.8353421676940789,-0.3615827770984007,0.5282698334083731,-0.753259573830619,0.8679703506073949,0.7244172253228549,-1.2401002976694935,0.7212122049579199,-1.5551346770929109,0.9987684504557981
15445,1.7145905067052774,-0.9552142636712971,-1.473679157263083,-0.9880647720874756,-0.8204247009218442,-1.3804199638603631,1.1374284698424082,-1.6642500365671316,0.345217599715185,-1.0716211864298808
15447,2.3845728172337357,-0.9552142636712971,-1.2268505660762579,-0.9880647720874756,-0.8204247009218442,-1.3804199638603631,1.1374284698424082,-2.2803905076868145,0.9136265396533209,-0.6545432729367536
15448,2.2045775696290755,-0.9552142636712971,-0.30838810952486956,-0.9880647720874756,-0.8204247009218442,-1.3804199638603631,1.1374284698424082,-2.109114953221246,0.760919660266956,0.4486600156681821
15449,-0.6653466560674551,0.05960546552681911,0.2301065720923202,0.7919101179241793,-0.253233903413679,0.7244172253228549,-0.7411127785620575,0.5739090724029496,0.3282501686722556,0.6186052704003668
15450,-0.6253477121553084,-0.9552142636712971,-0.4198159963475959,-0.9880647720874756,-0.8204247009218442,-1.3804199638603631,-0.6237039505367783,0.4952108728305483,-1.6399718323075578,0.9812912599840395
15452,-0.6253477121553084,0.05960546552681911,-0.24061576688908048,0.7843357566900871,-0.253233903413679,0.7244172253228549,-0.6237039505367783,0.5299438431913799,0.345217599715185,-0.5405004326754388
15453,-0.9053403195403357,1.074425194724936,0.5113423250547519,0.4131920562195719,0.8679703506073949,0.7244172253228549,-1.4455657467137322,0.8675390059885885,-0.2995447799161332,-0.27009661446046007
15454,2.694564632552873,-0.9552142636712971,-1.1134710603123903,-0.9880647720874756,-0.8204247009218442,-1.3804199638603631,1.1374284698424082,-2.5653942442109376,1.1766217208187268,-0.641746994773477
15456,1.9045854902879746,0.05960546552681911,-0.38836509423480076,-0.4199876795305645,0.00946127826626002,0.7244172253228549,1.1374284698424082,-1.800753470683764,1.1511705742543328,0.3901336576095206
15457,1.6945910347492041,-0.9552142636712971,-0.8915486445052724,-0.9880647720874756,-0.8204247009218442,-1.3804199638603631,1.1374284698424082,-1.6438128385933761,0.3282501686722556,-0.17194778552190632
15458,-0.6753463920454919,-0.9552142636712971,-1.1945673172142155,-0.9880647720874756,-0.8204247009218442,-1.3804199638603631,-0.7704649855683771,0.5368482772665428,-1.6823904099148814,0.011677561639991967
15460,2.614566744728579,-0.9552142636712971,-0.962463939838632,-0.9880647720874756,-0.8204247009218442,-1.3804199638603631,1.1374284698424082,-2.491126694219104,1.1087519966470092,-0.3821070124586251
15462,0.014635390439039907,0.05960546552681911,-0.8998427635813009,-0.2912235385509979,0.42136065068688316,0.7244172253228549,1.1374284698424082,-0.06424325101735506,-0.3080284954375979,-1.0841993414801858
15463,-0.6353474481333451,-0.9552142636712971,-1.3904031131511438,-0.9880647720874756,-0.8204247009218442,-1.3804199638603631,-0.6530561575430981,0.4994413817272288,-1.6484555478290226,-0.4127135449586689
15464,2.4545709690799926,-0.9552142636712971,0.28850485884166066,-0.9880647720874756,-0.8204247009218442,-1.3804199638603631,1.1374284698424082,-2.330192707995077,0.9730125483035739,0.9021957814227589
15465,-0.7253450719356752,2.3408466559766334,1.8367526467078379,1.6553872986106843,1.421997774952529,0.7244172253228549,-0.9172260205999759,0.9807951571382755,1.2444914449904447,-0.8692947022022436
15466,-0.07536223336329032,-0.9552142636712971,-0.6186540146444606,-0.9880647720874756,-0.8204247009218442,-1.3804199638603631,0.9906674348108093,-0.012698077232463445,-1.1733674786269988,0.5132455017656118
15467,-0.8353421676940789,0.05960546552681911,-0.2612896091580697,0.08749452315360949,0.053500584890342845,0.7244172253228549,-1.2401002976694935,0.723049567220185,-0.6049585386888628,-0.44064854771901274
15468,-0.4153532566165378,-0.3615827770984007,-0.35315584294957625,-0.9880647720874756,-0.8204247009218442,0.7244172253228549,-0.007307603404062988,0.31896987533539545,-1.461813806356799,-0.7555433005808716
15469,-0.42535299259457454,-0.3615827770984007,-0.24088103413940073,-0.46543384693511736,0.06924892719790009,0.7244172253228549,-0.03665981041038266,0.3293401078333182,-0.8764374353757337,-0.7697340812789379
15471,-0.9053403195403357,-0.9552142636712971,-0.3498188817880175,-0.9880647720874756,-0.8204247009218442,-1.3804199638603631,-1.4455657467137322,0.7536371885947111,-1.8775158669085699,0.5994264239106891
15472,0.20463037402173703,-0.9552142636712971,-0.5353996743044621,-0.9880647720874756,-0.8204247009218442,-1.3804199638603631,1.1374284698424082,-0.26986823510446895,-0.9358234440259867,0.5354279221859473
15473,-0.7853434878038954,1.074425194724936,0.704888517549421,-0.6396441553192368,1.8834888492117652,0.7244172253228549,-1.0933392626378946,0.7633354804684639,-1.3769766511421517,-0.5213168375334848
15475,-0.15536012118758386,-0.9552142636712971,-0.37623326003993524,-0.9880647720874756,-0.8204247009218442,-1.3804199638603631,0.7558497787602511,0.06291164641954397,-1.2412372027987164,0.7998491894006671
15478,-0.5253503523749414,-0.3615827770984007,0.541142609783954,-0.8668749923420013,1.813744674167018,0.7244172253228549,-0.33018188047358055,0.43619585278782047,-1.4109115132280106,0.7041680002003072
15480,0.23462958195584713,-0.9552142636712971,0.17174986345748927,-0.9880647720874756,-0.8204247009218442,-1.3804199638603631,1.1374284698424082,-0.28873913456882117,-0.9103722974615925,0.7430743995005278
15482,-0.7653440158478221,1.7852452398084835,2.160829642497331,1.6099411312061314,0.5027222700971123,0.7244172253228549,-1.0346348486252552,0.9793998650609559,1.1511705742543328,1.0990849751680476
15483,0.6846177009674982,0.3863044476016779,-0.9025139008692775,-0.1927568425078,-0.19355751272395488,0.7244172253228549,1.1374284698424082,-0.6646049241946496,0.3706687462795792,-0.8097237279564743
15484,-0.9153400555183724,0.3863044476016779,1.267470135196124,-0.40483895706238016,1.1106753272280088,0.7244172253228549,-1.4749179537200516,0.8634639636324136,-1.2327534872772516,1.798734995780691
15485,-0.6253477121553084,0.05960546552681911,1.0023327501239307,1.6099411312061314,-0.41831955883283994,0.7244172253228549,-0.6237039505367783,0.5633060008940596,1.2699425915548388,1.1430721831760065
15488,0.004635654461003215,-0.9552142636712971,-1.644912198468313,-0.9880647720874756,-0.8204247009218442,-1.3804199638603631,1.1374284698424082,-0.09033334934159275,-1.1054977544552809,-0.8208854938007576
15489,-0.6953458640015652,0.05960546552681911,0.35072053175577284,0.4359151399218483,-0.13271659029624724,0.7244172253228549,-0.8291693995810168,0.6041455220145565,-0.10441932292244478,0.2997270439251867
15491,0.0246351264170766,0.8789251688960825,1.1498681679183285,0.07234580068542519,0.7236783201912479,0.7244172253228549,1.1374284698424082,0.022921876365906913,0.10767356511417306,0.6334446432609812
15492,-0.6453471841113817,-0.3615827770984007,-0.08007631836886714,-0.6396441553192368,0.4319704248891608,0.7244172253228549,-0.6824083645494178,0.5338600500244309,-1.2666883493631105,0.4928939752199808
15493,-0.5953485042211982,0.6532369520997158,0.8021696616921878,0.8146332016264558,-0.02037822928460035,0.7244172253228549,-0.5356473295178191,0.5592446900036486,0.404603608365438,-0.3523240748540679
15494,-0.7153453359576386,-0.3615827770984007,0.4586084994878989,-0.2382030099123529,-0.16599530792849665,0.7244172253228549,-0.8878738135936562,0.6087862273736453,-0.867953719854269,1.4485267952853729
15497,-0.7453445438917486,-0.3615827770984007,0.4356307380378453,1.2993923206083533,-0.5841895285563456,0.7244172253228549,-0.9759304346126154,0.6357984783208752,0.820305668917209,0.775367748672009
15498,-0.8953405835622991,2.9085646272923156,2.308831047420271,1.7690027171220666,1.2773237179271506,0.7244172253228549,-1.416213539707412,1.3832502202877766,1.2190402984260504,0.42032527168166484
15500,-0.8453419036721156,0.3863044476016779,0.3488128674355838,-0.43513640199874876,1.1832669424785127,0.7244172253228549,-1.2694525046758134,0.7586701625158057,-1.2073023407128576,-0.08399161723334575
15502,-0.7653440158478221,1.7852452398084835,2.111111160548753,1.6856847435470528,0.341339050885535,0.7244172253228549,-1.0346348486252552,0.968422123147788,1.23600772946898,0.9116159721820034
15503,2.7045643685309098,-0.9552142636712971,-1.2690993176062886,-0.9880647720874756,-0.8204247009218442,-1.3804199638603631,1.1374284698424082,-2.5751250109134927,1.1851054363401916,-0.8060280125591635
15504,-0.11536117727543709,-0.9552142636712971,-2.073905243549392,-0.9880647720874756,-0.8204247009218442,-1.3804199638603631,0.8732586067855304,0.019511827523069347,-1.2073023407128576,-1.6817000313181532
15505,-0.39535378466046445,0.6532369520997158,1.2711445609320886,-0.21547992621007644,1.1063211643263307,0.7244172253228549,0.05139681060857664,0.4014827707993562,-0.5795073921244688,1.2463362478995625
15506,-0.6953458640015652,0.05960546552681911,0.23396139514159162,-0.10943886893278637,0.21945609078396586,0.7244172253228549,-0.8291693995810168,0.6016056811844747,-0.7152468404679041,0.6664484518229152
15507,0.7946147967259019,-0.9552142636712971,-0.3120548872173936,-0.9880647720874756,-0.8204247009218442,-1.3804199638603631,1.1374284698424082,-0.811061713584767,-0.4352842282595686,0.05318989181705936
15508,0.9646103083525256,0.8789251688960825,0.25082641791116994,-0.6396441553192368,1.8834888492117652,0.7244172253228549,1.1374284698424082,-0.8768752117658252,0.09918984959270834,-0.8159108079743604
15510,2.3845728172337357,-0.9552142636712971,-0.8494881888566678,-0.9880647720874756,-0.8204247009218442,-1.3804199638603631,1.1374284698424082,-2.2788368171570976,0.9136265396533209,-4.368891362507822
15511,-0.8053429597599688,0.6532369520997158,0.17501547340285273,-0.43513640199874876,1.5836165367123283,0.7244172253228549,-1.1520436766505342,0.7346767132182027,-1.1733674786269988,-1.1453102088048657
15512,0.6346190210773148,-0.3615827770984007,-1.4232222037887505,0.5495305584332305,-0.4781965135110471,0.7244172253228549,1.1374284698424082,-0.6533705382773115,1.1596542897757975,-1.649614720063494
15513,-0.5953485042211982,2.41594390599791,2.39058216127085,1.5872180475038549,1.1859659733866408,0.7244172253228549,-0.5356473295178191,0.9988877614983244,1.2784263070763036,0.7338376360243426
15514,-0.8053429597599688,1.6680566812978321,1.3797438797763673,1.6781103823129606,0.34661045914505934,0.7244172253228549,-1.1520436766505342,0.8864474230401547,1.1935891518616564,0.2649307566605044
15516,-0.47535167248475796,0.05960546552681911,-1.9433964640671768,-0.9804904108533835,6.095393496340334,0.7244172253228549,-0.1834208454419816,0.38404542088293503,-1.4957486684426577,-3.03625512170365
15517,1.4045986913861401,-0.9552142636712971,-0.7972818346185035,-0.9880647720874756,-0.8204247009218442,-1.3804199638603631,1.1374284698424082,-1.376338803244489,0.08222241854977891,0.7060520274350821
15518,-0.28535668890206084,1.2468684386726134,0.7782467447931869,1.0418640386492202,0.4611900579794004,0.7244172253228549,0.3742710876780942,0.3222998797580286,0.9221102551747855,0.03349272842107461
15520,-0.9053403195403357,-0.9552142636712971,-0.5976725975982475,-0.9880647720874756,-0.8204247009218442,-1.3804199638603631,-1.4455657467137322,0.75157313784143,-1.8775158669085699,0.7824178727185493
15521,-0.5253503523749414,1.2468684386726134,1.123829832285187,0.6328485320082442,0.5045209823777366,0.7244172253228549,-0.33018188047358055,0.5605815996666728,0.2688641600220026,0.4367196007038029
15522,-0.5953485042211982,-0.3615827770984007,-0.4792007460552654,-0.5790492654464996,0.2654127385271785,0.7244172253228549,-0.5356473295178191,0.4835584820755762,-1.1479163320626045,0.6813059330645094
15523,-0.085361969341327,-0.9552142636712971,-0.45342812265876914,-0.9880647720874756,-0.8204247009218442,-1.3804199638603631,0.9613152278044893,-0.0022223320591070253,-1.1818511941484633,-0.17194778552190632
15524,-0.6753463920454919,-0.9552142636712971,-0.40127974823182955,-0.9880647720874756,-0.8204247009218442,-1.3804199638603631,-0.7704649855683771,0.5414089152065595,-1.6823904099148814,-3.8034759839245136
15525,-0.9053403195403357,0.05960546552681911,0.09867789927757586,1.8220232457607115,-0.44650597849380697,0.7244172253228549,-1.4455657467137322,0.7924260072169708,1.2699425915548388,-0.11781153258800227
15526,-0.5953485042211982,-0.3615827770984007,-1.2618824083864482,-0.9880647720874756,-0.8204247009218442,0.7244172253228549,-0.5356473295178191,0.47945593954008225,-1.6145206857431638,-2.745853107750305
15527,-0.7353448079137119,1.2468684386726134,0.9561866493309755,1.5493462413333943,0.3906037362794947,0.7244172253228549,-0.9465782276062956,0.7445685054088165,1.1087519966470092,-0.240612633975855
15528,1.6145931469249106,-0.9552142636712971,-0.9178336978859235,-0.9880647720874756,-0.8204247009218442,-1.3804199638603631,1.1374284698424082,-1.5702891201954385,0.2603804445005379,-0.2495031695906764
15529,-0.6953458640015652,1.6680566812978321,1.3515471604387503,1.6099411312061314,0.743677703400198,0.7244172253228549,-0.8291693995810168,0.7828148860463914,1.2190402984260504,0.7957537657640071
15530,-0.7053455999796019,0.3863044476016779,0.5740459163775525,0.7161665055832578,0.018856220273955844,0.7244172253228549,-0.8585216065873364,0.6358567416137139,0.2009944358502849,0.4744841415448349
15531,-0.8453419036721156,-0.3615827770984007,0.8044060437461392,-0.8214288249374483,1.3252218984526802,0.7244172253228549,-1.2694525046758134,0.7400716203206253,-1.6399718323075578,1.40634603642956
15532,-0.6753463920454919,0.3863044476016779,0.6145647214997358,1.5266231576311178,-0.22370113218773416,0.7244172253228549,-0.7704649855683771,0.609525244030501,1.142686858732868,-0.1866084731398704
15533,-0.7353448079137119,0.05960546552681911,0.08083145681391034,-0.46543384693511736,0.7236783201912479,0.7244172253228549,-0.9465782276062956,0.6356179849189603,-1.13943261654114,-0.5175196957883346
15535,0.8046145327039386,0.3863044476016779,-0.2440563633024466,0.17838685796271528,0.00027621515309949766,0.7244172253228549,1.1374284698424082,-0.770123098329184,0.8881753930889267,-1.595610559227508
15537,0.7046171729235716,-0.9552142636712971,-1.4918037798982478,-0.9880647720874756,-0.8204247009218442,-1.3804199638603631,1.1374284698424082,-0.7344543631970358,-0.511637667952751,-1.8202388253126285
15539,-0.8553416396501522,-0.9552142636712971,-0.24101370095246796,-0.9880647720874756,-0.8204247009218442,-1.3804199638603631,-1.298804711682133,0.7087357724817142,-1.8350972893012463,1.0768669322525053
15540,-0.8153426957380054,-0.9552142636712971,-0.9752015096527512,-0.9880647720874756,-0.8204247009218442,-1.3804199638603631,-1.1813958836568539,0.6665831003016993,-1.8011624272153874,0.2851388165038507
15541,0.21463010999977375,-0.9552142636712971,-1.7001064220651478,-0.9880647720874756,-0.8204247009218442,-1.3804199638603631,1.1374284698424082,-0.2837674078448846,-0.927339728504522,-1.2548234467293211
15543,1.954584170178158,-0.9552142636712971,-1.379716495473426,-0.9880647720874756,-0.8204247009218442,-1.3804199638603631,1.1374284698424082,-1.8849663536094452,0.5488267722303382,-0.641746994773477
15544,-0.8353421676940789,1.4011241767997944,1.2568708452860236,1.7614283558879744,0.4454958574123691,0.7244172253228549,-1.2401002976694935,0.8714058606507742,1.2699425915548388,0.8877359628898339
15545,-0.38535404868242773,-0.3615827770984007,-0.7244922370473963,1.4054333778856434,-0.5948777000951354,0.7244172253228549,0.0807490176148963,0.28848717486792436,1.2529751605119093,-0.7005324405093315
15547,-0.8553416396501522,1.9947556633726906,1.5227016624277974,1.693259104781145,0.8191169006926634,0.7244172253228549,-1.298804711682133,0.9952615364342345,1.1766217208187268,0.6870658718208092
15549,-0.15536012118758386,0.05960546552681911,0.6691206817340302,0.8222075628605479,-0.261739203932876,0.7244172253228549,0.7558497787602511,0.11616274667721317,0.7863708068313501,0.45182249134293473
15550,-0.8853408475842623,0.3863044476016779,-0.18802305156035365,1.2615205144378925,-0.16018772869443282,0.7244172253228549,-1.3868613327010924,0.7863870950688281,0.6675987895308442,-0.8097237279564743
15551,-0.5553495603090515,-0.9552142636712971,-0.40841682222179443,-0.9880647720874756,-0.8204247009218442,-1.3804199638603631,-0.4182385014925398,0.430868567096766,-1.580585823657305,0.38007117255198175
15552,1.2446029157375529,-0.9552142636712971,-1.655317116306544,-0.9880647720874756,-0.8204247009218442,-1.3804199638603631,1.1374284698424082,-1.2319362284354536,-0.0535170297936565,-1.0347222451683766
15553,-0.3253556328142076,-0.9552142636712971,-0.4062907431650064,-0.9880647720874756,-0.8204247009218442,-1.3804199638603631,0.2568622596528149,0.21914246195427348,-1.3854603666636165,1.1821176495876593
15554,1.8545868103977912,-0.9552142636712971,-0.9608586574695623,-0.9880647720874756,-0.8204247009218442,-1.3804199638603631,1.1374284698424082,-1.79143944822723,0.463989617015691,-0.8060280125591635
15555,-0.8053429597599688,2.178003940795619,1.4983137403291578,1.7159821884834214,1.213940331876728,0.7244172253228549,-1.1520436766505342,0.9797266897951844,1.23600772946898,0.645853862001143
15556,-0.6853461280235285,-0.9552142636712971,-0.7603518936426421,-0.9880647720874756,-0.8204247009218442,-1.3804199638603631,-0.799817192574697,0.5479900302436848,-1.6908741254363462,0.467500738359897
15557,-0.6353474481333451,-0.9552142636712971,-0.3428012176338933,-0.9880647720874756,-0.8204247009218442,-1.3804199638603631,-0.6530561575430981,0.5051349702116917,-1.6484555478290226,0.3851138497622375
15561,-0.8053429597599688,0.3863044476016779,0.07393645530943892,0.5495305584332305,-0.17730759105532257,0.7244172253228549,-1.1520436766505342,0.7164222995525196,-0.06200074531512122,-0.918556027235527
15562,2.594567272772506,-0.9552142636712971,-1.3394646128617937,-0.9880647720874756,-0.8204247009218442,-1.3804199638603631,1.1374284698424082,-2.474060986672483,1.0917845656040799,-1.5018133972619236
15563,-0.7053455999796019,0.3863044476016779,0.5182213195711292,1.5569206025674862,-0.410594702382436,0.7244172253228549,-0.8585216065873364,0.6341870526768437,1.1511705742543328,0.9790870792360049
15565,-0.42535299259457454,-0.3615827770984007,-1.1401427351062785,-0.8365775474056326,1.465128892601692,0.7244172253228549,-0.03665981041038266,0.3233535742189246,-1.2921394959275048,-1.7839448940324036
15567,-0.7353448079137119,-0.9552142636712971,-1.083529227186808,-0.9880647720874756,-0.8204247009218442,-1.3804199638603631,-0.9465782276062956,0.592485451931643,-1.7332927030436698,0.4050579160664955
15568,-0.8953405835622991,0.05960546552681911,0.030822044193114927,-0.4578594857010252,0.707410735439137,0.7244172253228549,-1.416213539707412,0.7821116440083681,-1.2751720648845752,-0.004896138672066107
15569,0.11463275021940682,0.6532369520997158,0.5040625617727112,0.7388895892855343,0.006376623739559673,0.7244172253228549,1.1374284698424082,-0.10466159655747125,0.9221102551747855,-0.16200581089768107
15570,-0.8553416396501522,1.7852452398084835,1.384733619897805,1.7538539946538823,0.795771479397996,0.7244172253228549,-1.298804711682133,0.9493804310197823,1.23600772946898,0.12069258254751768
15571,-0.8053429597599688,0.3863044476016779,-0.09102451133347023,-0.4881569306373938,1.3036505260100846,0.7244172253228549,-1.1520436766505342,0.7139620847476885,-1.2327534872772516,-0.9308774798871711
15572,-0.8753411116062256,1.074425194724936,0.9954680739360886,1.079735844819681,0.08558160642378781,0.7244172253228549,-1.3575091256947727,0.8589990098619202,0.463989617015691,0.14171179777865325
15573,-0.6053482401992349,-0.3615827770984007,-0.14530591205277044,-0.5866236266805918,0.2816626601958108,0.7244172253228549,-0.5649995365241388,0.49618265537464973,-1.164883763105534,0.17826568891442562
15574,0.854613212594122,0.3863044476016779,-0.030152464066937872,0.4813613073264012,-0.15127931153180113,0.7244172253228549,1.1374284698424082,-0.8134374006426073,1.261458876033374,-0.6259569162521619
15576,-0.5453498243310149,-0.9552142636712971,0.20202095902817435,-0.9880647720874756,-0.8204247009218442,-1.3804199638603631,-0.38888629448622003,0.4299297587624103,-1.5721021081358402,1.0605892016395717
15577,0.5846203411871314,0.05960546552681911,-0.8218389574475992,0.17838685796271528,-0.37647167837913303,0.7244172253228549,1.1374284698424082,-0.5886054763587109,0.6930499360952382,-1.79591112661258
15578,0.6946174369455349,-0.9552142636712971,-1.3844207909381838,-0.9880647720874756,-0.8204247009218442,-1.3804199638603631,1.1374284698424082,-0.7249829545149948,-0.5201213834742158,-1.1903275890163445
15579,-0.23535800901187737,-0.3615827770984007,-0.5859856471351546,0.8676537302651008,-0.532294651063532,0.7244172253228549,0.5210321227096931,0.15130796616387174,0.7694033757884207,-1.0347222451683766
15581,0.2846282618460306,1.8937448980942,1.286195659536552,0.8676537302651008,1.3017122601932125,0.7244172253228549,1.1374284698424082,-0.09162039359584372,1.210556582904586,-2.1143365546632853
15582,-0.6753463920454919,0.05960546552681911,-0.05232949033024162,0.48893566856049336,-0.1542755330983382,0.7244172253228549,-0.7704649855683771,0.5783376633254064,-0.028065883229262362,-0.02414646272033576
15584,-0.6853461280235285,0.3863044476016779,-0.004712476792548783,0.0571970782172409,0.4248767975254262,0.7244172253228549,-0.799817192574697,0.6047098432438862,-0.5201213834742158,-0.7415321548461868
15585,0.8446134766160853,-0.9552142636712971,-0.37415653655303704,-0.9880647720874756,-0.8204247009218442,-1.3804199638603631,1.1374284698424082,-0.8577004843721394,-0.39286565065224505,0.8033027514323529
15587,-0.42535299259457454,0.3863044476016779,0.1788939812688524,1.2918179593742611,-0.1679084008160029,0.7244172253228549,-0.03665981041038266,0.36843514258971716,1.0917845656040799,-0.7485155580311258
15589,1.6345926188809838,0.05960546552681911,-0.3346665735668356,-0.5790492654464996,0.2654127385271785,0.7244172253228549,1.1374284698424082,-1.5516699495485125,0.7439522292240266,-0.7072611283017771
15592,-0.4553522005286846,-0.9552142636712971,-0.4998740051120793,-0.9880647720874756,-0.8204247009218442,-1.3804199638603631,-0.12471643142934195,0.3380274941048699,-1.4957486684426577,0.9147383035421404
15593,-0.215358537055804,-0.9552142636712971,-1.0269478307102378,-0.9880647720874756,-0.8204247009218442,-1.3804199638603631,0.5797365367223325,0.11398294027876837,-1.2921394959275048,-1.0347222451683766
15594,-0.7653440158478221,0.6532369520997158,0.7051487488090538,0.6631459769446127,0.2694294127513754,0.7244172253228549,-1.0346348486252552,0.7119834291964644,0.09918984959270834,0.2662555512330097
15596,0.08463354228529675,0.6532369520997158,0.5217036075854999,1.0115665937128515,0.11125027016742436,0.7244172253228549,1.1374284698424082,-0.07653671117100276,1.2020728673831211,-0.35036675209256846
15597,-0.5753490322651249,-0.9552142636712971,-0.6426186209523267,-0.9880647720874756,-0.8204247009218442,-1.3804199638603631,-0.4769429155051793,0.4474545524171917,-1.5975532547002345,0.6520478665990965
15598,-0.39535378466046445,-0.9552142636712971,-0.8795799806075616,-0.9880647720874756,-0.8204247009218442,-1.3804199638603631,0.05139681060857664,0.28036640937822854,-1.4448463753138696,0.03952470919773476
15599,-0.6553469200894184,-0.3615827770984007,0.034427348123204166,0.3525971663468347,-0.43191774345135114,0.7244172253228549,-0.7117605715557376,0.5447421173019433,-0.16380533157269778,0.9302191955201199
15601,-0.8153426957380054,1.9947556633726906,1.7716616930035067,1.74627963341979,1.0067587942695608,0.7244172253228549,-1.1813958836568539,0.98828325130934,1.2699425915548388,0.9207351828237026
15602,-0.8453419036721156,1.4011241767997944,0.4577762352863915,1.7311309109516058,0.45375531580085143,0.7244172253228549,-1.2694525046758134,0.8437672817379841,1.2275240139475152,-0.22014161420618655
15603,-0.13536064923151048,-0.9552142636712971,-2.1409166923875116,-0.9880647720874756,-0.8204247009218442,-1.3804199638603631,0.8145541927728907,0.03785318986926562,-1.2242697717557869,-0.5213168375334848
15604,-0.4053535206385011,-0.9552142636712971,-0.9638163489769719,-0.9880647720874756,-0.8204247009218442,-1.3804199638603631,0.02204460360225668,0.2891747593685299,-1.4533300908353342,0.032628327179803525
15605,-0.5653492962870882,0.6532369520997158,0.3943016863768803,1.5644949638015784,-0.060643276791988505,0.7244172253228549,-0.4475907084988595,0.5184600858002826,1.2699425915548388,-0.6141053243368043
15606,-0.31535589683617093,1.4011241767997944,1.1023325293582047,1.0039922324787596,0.7970046734501732,0.7244172253228549,0.28621446665913486,0.38241204673280893,0.8627242465245325,-0.4863734164385616
15607,2.444571233101956,-0.9552142636712971,-1.5368256372064721,-0.9880647720874756,-0.8204247009218442,-1.3804199638603631,1.1374284698424082,-2.336454320561277,0.9645288327821091,0.2960979726965215
15608,-0.6453471841113817,0.3863044476016779,0.32175895449566455,-0.2912235385509979,0.4319704248891608,0.7244172253228549,-0.6824083645494178,0.5739232127298015,-0.867953719854269,0.15991942802277803
15609,0.9146116284623421,-0.9552142636712971,-0.7090475096764237,-0.9880647720874756,-0.8204247009218442,-1.3804199638603631,1.1374284698424082,-0.9247140302616207,-0.33347964200199204,-0.0462109621121476
15610,-0.4053535206385011,-0.9552142636712971,-1.4809355864237754,-0.9880647720874756,-0.8204247009218442,-1.3804199638603631,0.02204460360225668,0.2874719748409181,-1.4533300908353342,-0.9308774798871711
15611,-0.8253424317160422,1.8937448980942,0.6198358508214492,1.4736026289924726,0.9276437668598692,0.7244172253228549,-1.2107480906631736,0.8960624937562659,0.9475614017391797,-1.5082176527358424
15612,-0.5653492962870882,-0.3615827770984007,-1.0455808086156904,-0.7987057412351719,1.1462671913280684,0.7244172253228549,-0.4475907084988595,0.45260228528511987,-1.3684929356206872,-1.9368587697257784
15615,-0.8253424317160422,2.6828764104959486,2.1122443837730107,1.6478129373765922,1.3375613879103025,0.7244172253228549,-1.2107480906631736,1.2051217349634584,1.1511705742543328,0.4836272772464875
15618,-0.5953485042211982,0.3863044476016779,0.05002880061954957,-0.2079055649759843,0.3156925761936896,0.7244172253228549,-0.5356473295178191,0.522700719008671,-0.7322142715108336,-0.3377278316909093
15619,-0.8153426957380054,-0.9552142636712971,-0.6142340571776429,-0.9880647720874756,-0.8204247009218442,-1.3804199638603631,-1.1813958836568539,0.6685999652622407,-1.8011624272153874,-0.1391493641385155
15620,-0.3553548407483177,0.05960546552681911,0.6004903733104696,1.2918179593742611,-0.368404839127154,0.7244172253228549,0.16880563863385561,0.2979940076867919,1.142686858732868,0.7503325614638894
15621,-0.8853408475842623,0.3863044476016779,0.4548072683979544,-0.8593006311079091,2.947526923664013,0.7244172253228549,-1.3868613327010924,0.7981409449688426,-1.7078415564792757,-0.22959895372055444
15622,-0.49535114444083134,1.4011241767997944,1.2925630018284202,0.8222075628605479,0.19442532822462577,0.7244172253228549,-0.24212525945462107,0.5610592344371746,0.49792447910154986,0.20522721570600805
15623,0.4846229814067644,-0.9552142636712971,-0.7023046334749468,-0.9880647720874756,-0.8204247009218442,-1.3804199638603631,1.1374284698424082,-0.5288006512636853,-0.6982794094249747,-0.2317929400349163
15624,0.24462931793388382,0.3863044476016779,-0.17096761798397644,0.06477143945133304,0.4178647087632266,0.7244172253228549,1.1374284698424082,-0.253721844783498,0.27734787554346735,-0.6011521643087365
15625,0.11463275021940682,0.3863044476016779,0.5907496310503277,0.004176549578595856,0.4763288106249656,0.7244172253228549,1.1374284698424082,-0.11853838106956666,0.09918984959270834,0.721009900108716
15626,-0.17535959314365723,-0.3615827770984007,-0.06064048937878533,0.9358229813719301,-0.5429885759289039,0.7244172253228549,0.6971453647476117,0.10143089884383336,0.9051428241318561,1.0016546730382232
15628,-0.8753411116062256,1.4011241767997944,1.088624594242622,1.7538539946538823,0.4482368309078424,0.7244172253228549,-1.3575091256947727,0.8971478711701361,1.2190402984260504,0.34120973666315696
15630,-0.47535167248475796,-0.3615827770984007,0.38638416423184285,0.21625866413317602,-0.3892935126887987,0.7244172253228549,-0.1834208454419816,0.38598521579372536,-0.15532161605123307,1.0496028510649729
15632,-0.7653440158478221,1.2468684386726134,1.1960031965114322,0.9736947875423909,0.6606597055226227,0.7244172253228549,-1.0346348486252552,0.7862044199562094,0.4385384704512969,0.5895366572327142
15634,-0.7553442798697854,-0.9552142636712971,-0.8701916052404898,-0.9880647720874756,-0.8204247009218442,-1.3804199638603631,-1.0052826416189355,0.611840817303087,-1.750260134086599,-0.487602584508457
15636,-0.02536355347310686,-0.3615827770984007,-0.005095906340059758,0.4662125848582169,-0.46003646526692576,0.7244172253228549,1.1374284698424082,-0.0358616868344433,0.49792447910154986,-0.09170499850528059
15637,-0.39535378466046445,-0.9552142636712971,-0.9387184412176285,-0.9880647720874756,-0.8204247009218442,-1.3804199638603631,0.05139681060857664,0.2800826392635527,-1.4448463753138696,-0.20574783876659553
15639,0.41462482956050756,-0.9552142636712971,-0.42820336669650133,-0.9880647720874756,-0.8204247009218442,-1.3804199638603631,1.1374284698424082,-0.46232007545678994,-0.7576654180752277,0.8135992511069696
15640,-0.8853408475842623,2.0892449239230517,2.2595155688158695,1.7917258008243429,1.078814345779496,0.7244172253228549,-1.3868613327010924,1.1632310867590083,1.261458876033374,1.1560181288039402
15641,0.1246324861974435,0.3863044476016779,0.7553105267640822,0.9282486201378379,-0.0638686517845832,0.7244172253228549,1.1374284698424082,-0.12196214398203126,1.1511705742543328,1.023064735787702
15643,0.9946095162866356,0.05960546552681911,-0.07462832988313993,-0.30637226101918225,-0.10970577992671149,0.7244172253228549,1.1374284698424082,-0.95942697553651,0.49792447910154986,-0.6938444096888514
15644,0.7346163808576817,0.3863044476016779,0.08615429501041368,-0.27607481608281365,0.4006819485928732,0.7244172253228549,1.1374284698424082,-0.70114708221246,0.3197664531507909,-0.11319821234469735
15645,-0.7353448079137119,-0.9552142636712971,-0.13936801222655307,-0.9880647720874756,-0.8204247009218442,-1.3804199638603631,-0.9465782276062956,0.5994650171078438,-1.7332927030436698,0.5571745103501964
15646,0.6546184930333881,0.05960546552681911,-0.387620242346583,0.6328485320082442,-0.20648165642656044,0.7244172253228549,1.1374284698424082,-0.649957054798447,1.261458876033374,-0.17750993658927058
15648,1.114606348023076,-0.3615827770984007,-0.08262107262908197,-0.5184543755737624,0.1510383579725636,0.7244172253228549,1.1374284698424082,-1.0864861848727507,0.3706687462795792,-0.3671153738042022
15649,2.4345714971239194,-0.3615827770984007,0.08907988215679079,-0.753259573830619,0.8679703506073949,0.7244172253228549,1.1374284698424082,-2.2991206188458837,1.2275240139475152,-0.5213168375334848
15651,-0.5553495603090515,0.05960546552681911,-0.09608250054615403,0.7010177831150736,-0.5069137792922854,0.7244172253228549,-0.4182385014925398,0.4672620513792121,0.3197664531507909,0.03723068613162628
15652,-0.015363817495070167,-0.9552142636712971,-0.6110818555171128,-0.9880647720874756,-0.8204247009218442,-1.3804199638603631,1.1374284698424082,-0.0678833823962511,-1.1224651854982104,0.3283390598620982
15653,0.004635654461003215,-0.3615827770984007,0.1467438143224441,-0.8138544637033562,1.261856404077265,0.7244172253228549,1.1374284698424082,-0.060979133291936945,-0.9103722974615925,1.4974778147178904
15654,-0.8353421676940789,-0.3615827770984007,0.18655165322196832,-0.8668749923420013,1.7161694892255979,0.7244172253228549,-1.2401002976694935,0.7130901865429025,-1.6739066943934169,0.4744841415448349
15655,1.5045960511665069,-0.9552142636712971,-0.20892780836412958,-0.9880647720874756,-0.8204247009218442,-1.3804199638603631,1.1374284698424082,-1.4635909812295644,0.16705957376442604,0.817010242198353
15656,-0.47535167248475796,0.3863044476016779,0.020501437076710222,0.8146332016264558,-0.023243583396006132,0.7244172253228549,-0.1834208454419816,0.4117604221535333,0.5148919101444793,-0.6449322221030784
15657,-0.6953458640015652,-0.9552142636712971,-2.512770672412669,-0.9880647720874756,-0.8204247009218442,-1.3804199638603631,-0.8291693995810168,0.5531041258773437,-1.699357840957811,-2.0220443089501843
15658,0.9746100443305623,0.6532369520997158,0.26953197180038874,0.39046897251729545,0.44276695373859615,0.7244172253228549,1.1374284698424082,-0.9021655590819937,1.2699425915548388,-1.2681861732087174
15659,-0.4853514084627947,-0.9552142636712971,-0.6881598425600882,-0.9880647720874756,-0.8204247009218442,-1.3804199638603631,-0.21277305244830141,0.36430082864494784,-1.521199815007052,-0.36216294615436906
15660,-0.6753463920454919,1.4011241767997944,0.6245213846144555,1.5872180475038549,0.09116140329435662,0.7244172253228549,-0.7704649855683771,0.6922240798008199,1.210556582904586,-0.3075314882014554
15661,2.244576513541222,-0.3615827770984007,-0.6795413722828526,-0.8290031861715405,1.392823709581291,0.7244172253228549,1.1374284698424082,-2.1324941680154303,0.9814962638250385,-0.2950596296779965
15663,0.1346322221754802,-0.9552142636712971,-1.3186761880262803,-0.9880647720874756,-0.8204247009218442,-1.3804199638603631,1.1374284698424082,-0.20924836413132666,-0.9952094526762397,-0.4127135449586689
15664,-0.4153532566165378,-0.9552142636712971,-0.5042750745018418,-0.9880647720874756,-0.8204247009218442,-1.3804199638603631,-0.007307603404062988,0.3011670034919086,-1.461813806356799,0.018705304189737794
15665,0.7546158528137551,-0.3615827770984007,0.892252029560369,-0.4275620407646566,0.018856220273955844,0.7244172253228549,1.1374284698424082,-0.7290957994829574,0.16705957376442604,1.8601296076274907
15667,-0.5253503523749414,-0.9552142636712971,-0.701541404656094,-0.9880647720874756,-0.8204247009218442,-1.3804199638603631,-0.33018188047358055,0.40104204405959276,-1.5551346770929109,0.48602612030178444
15668,1.2546026517155897,-0.9552142636712971,-1.785920264042954,-0.9880647720874756,-0.8204247009218442,-1.3804199638603631,1.1374284698424082,-1.2413686433026592,-0.04503331427219179,-0.83594512383904
15669,-0.5253503523749414,0.3863044476016779,-0.0506683791490002,0.7010177831150736,0.025239727671524152,0.7244172253228549,-0.33018188047358055,0.4567408089335478,0.345217599715185,-0.6481266420206878
15670,2.0445817939804884,-0.9552142636712971,-1.1406451895786347,-0.9880647720874756,-0.8204247009218442,-1.3804199638603631,1.1374284698424082,-1.9670828091391888,0.6251802119235206,-0.5798948302215583
15671,-0.7353448079137119,1.074425194724936,1.0272923845839395,0.9206742589037459,0.5240234597907494,0.7244172253228549,-0.9465782276062956,0.7318189370566336,0.404603608365438,0.4984226241359
15673,-0.04536302542918024,0.3863044476016779,1.0916048293325644,0.8146332016264558,-0.023243583396006132,0.7244172253228549,1.0787240558297684,0.05082793569257083,0.879691677567462,0.9886069887518975
15674,-0.1953590650997306,0.6532369520997158,0.961670648011969,0.3828946112832033,0.4482368309078424,0.7244172253228549,0.6384409507349721,0.19827962246948713,0.2688641600220026,0.5528592388680651
15675,-0.11536117727543709,0.05960546552681911,-0.6447711110062524,0.5116587522627698,-0.16310442003965184,0.7244172253228549,0.8732586067855304,0.05689850720687955,0.48095704805862044,0.14230865178782606
15676,-0.7353448079137119,0.05960546552681911,1.2316025676448947,1.0191409549469437,-0.31133860096939625,0.7244172253228549,-0.9465782276062956,0.6786781337462813,0.5148919101444793,1.7450814973056914
15677,-0.4353527285726112,-0.9552142636712971,-0.08276604299982292,-0.9880647720874756,-0.8204247009218442,-1.3804199638603631,-0.06601201741670262,0.3240164112799629,-1.4787812373997284,0.7998491894006671
15678,-0.39535378466046445,-0.9552142636712971,-0.5767132203038149,-0.9880647720874756,-0.8204247009218442,-1.3804199638603631,0.05139681060857664,0.2822017401083645,-1.4448463753138696,0.19332531895270902
15679,-0.6853461280235285,0.3863044476016779,0.05454414663500794,0.20868430289908388,0.3041142443063693,0.7244172253228549,-0.799817192574697,0.6056301300418842,-0.34196335752345675,0.7041680002003072
15680,-0.8353421676940789,0.05960546552681911,0.4794051524369388,1.7084078272493293,-0.4329256855001497,0.7244172253228549,-1.2401002976694935,0.736300910681478,1.210556582904586,0.7940691985472791
15681,-0.6753463920454919,0.6532369520997158,0.532684261836683,0.9433973426060223,-0.06642915242436435,0.7244172253228549,-0.7704649855683771,0.6234639598955677,0.48095704805862044,0.06130874777673911
15683,0.24462931793388382,-0.9552142636712971,-1.051277326667338,-0.9880647720874756,-0.8204247009218442,-1.3804199638603631,1.1374284698424082,-0.3096067313954846,-0.9018885819401279,-0.18030152882106995
15687,-0.8353421676940789,1.4011241767997944,1.1219462140428393,1.4433051840561042,0.4319704248891608,0.7244172253228549,-1.2401002976694935,0.8623355388733183,0.9051428241318561,-0.06452043684154649
15689,0.2746285258679939,-0.3615827770984007,-0.8366026591582847,0.8373562853287322,-0.5289236486151809,0.7244172253228549,1.1374284698424082,-0.3197624477869675,1.1766217208187268,-1.4217641351576178
15690,-0.8853408475842623,-0.3615827770984007,-0.8826131055526488,-0.2609260936146293,-0.14212570803275684,0.7244172253228549,-1.3868613327010924,0.7479352944176353,-1.0376280302835632,0.3069496844516885
15691,1.5945936749688372,-0.9552142636712971,-1.3263722358108168,-0.9880647720874756,-0.8204247009218442,-1.3804199638603631,1.1374284698424082,-1.553392495072803,0.24341301345760846,-0.83594512383904
15692,-0.6453471841113817,-0.9552142636712971,-1.0624214629856197,-0.9880647720874756,-0.8204247009218442,-1.3804199638603631,-0.6824083645494178,0.5097110167364627,-1.6569392633504874,-0.12310755098439373
15694,-0.9153400555183724,1.9947556633726906,1.7360057733024838,1.8295976069948037,0.9681586836435556,0.7244172253228549,-1.4749179537200516,1.0754777577699548,1.2699425915548388,-0.2785733890462993
15695,1.7445897146393876,-0.3615827770984007,-0.4573466260887232,-0.9880647720874756,-0.8204247009218442,0.7244172253228549,1.1374284698424082,-1.6705370094725667,0.3706687462795792,-0.4127135449586689
15696,-0.5953485042211982,1.2468684386726134,1.0506794142124607,1.2312230695015238,0.5275680875781316,0.7244172253228549,-0.5356473295178191,0.6207047090995745,0.879691677567462,-0.20146595438146356
15699,-0.7453445438917486,-0.9552142636712971,-0.679925283083978,-0.9880647720874756,-0.8204247009218442,-1.3804199638603631,-0.9759304346126154,0.6037174805053146,-1.7417764185651345,-0.34257189077104117
15700,0.7946147967259019,-0.3615827770984007,-0.036476383143872984,-0.9804904108533835,7.7451555481238294,0.7244172253228549,1.1374284698424082,-0.7912396830269263,-0.4268005127381039,0.15991942802277803
15701,-0.9053403195403357,0.3863044476016779,0.5948210647919525,-0.17003375880552357,0.6914926587352195,0.7244172253228549,-1.4455657467137322,0.8206349847553215,-0.9527908750689161,0.4427059091472399
15703,1.7245902426833142,-0.9552142636712971,-0.9819095539995777,-0.9880647720874756,-0.8204247009218442,-1.3804199638603631,1.1374284698424082,-1.671850725174479,0.3537013152366497,-0.9308774798871711
15704,0.4746232454287277,0.3863044476016779,0.9103432873721655,-0.4199876795305645,0.6457234084718455,0.7244172253228549,1.1374284698424082,-0.43752444635532783,-0.06200074531512122,0.5614730234542681
15705,1.0846071400889659,-0.9552142636712971,-1.2908203168220271,-0.9880647720874756,-0.8204247009218442,-1.3804199638603631,1.1374284698424082,-1.0837671460246416,-0.18925647813709193,-0.9990138022557798
15706,-0.28535668890206084,0.3863044476016779,0.29732618804038236,-0.5941979879146839,1.6553532912805167,0.7244172253228549,0.3742710876780942,0.2419531901416092,-0.9103722974615925,-0.717431482243373
15707,-0.5753490322651249,0.3863044476016779,0.2061568419222795,-0.6017723491487761,1.7161694892255979,0.7244172253228549,-0.4769429155051793,0.5070525349350069,-1.164883763105534,-0.022327455354183897
15708,-0.5153506163969047,1.074425194724936,1.2148781062891756,1.4963257126947491,0.2680871714004943,0.7244172253228549,-0.30082967346726086,0.5408652379575342,1.2444914449904447,0.17522901833157845
15709,1.9145852262660112,-0.9552142636712971,-1.3471285162928444,-0.9880647720874756,-0.8204247009218442,-1.3804199638603631,1.1374284698424082,-1.8480527789796508,0.5148919101444793,-0.267501382947513
15712,-0.8353421676940789,0.6532369520997158,0.3061174268962874,1.1176076509901416,0.07462662418760052,0.7244172253228549,-1.2401002976694935,0.7649683767608985,0.5488267722303382,-0.5077076611749439
15713,0.5046224533628378,-0.3615827770984007,-0.5677699581158929,0.6934434218809814,-0.5055930135197425,0.7244172253228549,1.1374284698424082,-0.529826728291381,1.210556582904586,-0.7913673249411993
15714,-0.8053429597599688,-0.3615827770984007,-0.6273526222557635,-0.4881569306373938,0.11419346125134072,0.7244172253228549,-1.1520436766505342,0.6757776702553582,-1.2327534872772516,-0.5502183680856217
15716,0.5346216612969479,0.3863044476016779,0.3398091813430794,0.7010177831150736,0.02203576710883975,0.7244172253228549,1.1374284698424082,-0.5120103791455652,1.2444914449904447,0.20522721570600805
15717,1.4145984273641767,-0.9552142636712971,-1.2520451848065146,-0.9880647720874756,-0.8204247009218442,-1.3804199638603631,1.1374284698424082,-1.3874576186834933,0.09070613407124363,-0.8666933714321878
15719,-0.5953485042211982,1.8937448980942,1.537135875907757,1.3145410430765376,1.12386266206908,0.7244172253228549,-0.5356473295178191,0.7409100241953898,0.9730125483035739,0.33686125792792754
15720,-0.6853461280235285,-0.9552142636712971,-0.15678579975474446,-0.9880647720874756,-0.8204247009218442,-1.3804199638603631,-0.799817192574697,0.5532158567896962,-1.6908741254363462,0.6599259477795555
15721,-0.8053429597599688,-0.9552142636712971,-0.28867408480347573,-0.9880647720874756,-0.8204247009218442,-1.3804199638603631,-1.1520436766505342,0.6621900625633571,-1.7926787116939227,1.0741705466725522
15722,-0.5653492962870882,0.6532369520997158,0.8853258545367567,0.9358229813719301,-0.06642915242436435,0.7244172253228549,-0.4475907084988595,0.535242663257883,0.5742779187947323,0.31341000862706236
15723,2.724563840486983,-0.9552142636712971,-1.0139843676285702,-0.9880647720874756,-0.8204247009218442,-1.3804199638603631,1.1374284698424082,-2.592619978102407,1.2020728673831211,-0.6290969629912271
15724,1.0846071400889659,-0.3615827770984007,-0.9570409120212598,-0.3593927896578273,-0.05079868360118282,0.7244172253228549,1.1374284698424082,-1.066061431039125,0.523375625665944,-1.5732488747800264
15725,-0.7753437518258587,-0.9552142636712971,-0.4472136861034864,-0.9880647720874756,-0.8204247009218442,-1.3804199638603631,-1.063987055631575,0.6330665750701058,-1.7672275651295286,0.3951308025902642
15727,-0.7553442798697854,1.074425194724936,1.5578770289784758,1.6023667699720392,0.231821135542044,0.7244172253228549,-1.0052826416189355,0.7915491208977004,1.1511705742543328,1.1494559958397939
15729,1.2046039718254062,-0.9552142636712971,-1.7013076685281472,-0.9880647720874756,-0.8204247009218442,-1.3804199638603631,1.1374284698424082,-1.19519484918125,-0.08745189187951535,-1.8577632911644981
15730,-0.26535721694598746,0.05960546552681911,0.3412779052707508,0.07234580068542519,0.06393613678851245,0.7244172253228549,0.4329755016907335,0.20805437709605357,-0.13835418500830363,0.4375196482508812
15732,1.1946042358473694,-0.3615827770984007,-0.7207106264549689,0.21625866413317602,-0.39176929865306626,0.7244172253228549,1.1374284698424082,-1.166087859358518,1.261458876033374,-0.39730449239224697
15733,1.9045854902879746,-0.9552142636712971,-1.1913466034915607,-0.9880647720874756,-0.8204247009218442,-1.3804199638603631,1.1374284698424082,-1.8383705087863014,0.5064081946230146,-0.9990138022557798
15734,0.22462984597781044,-0.3615827770984007,0.4828358058948117,-0.34424406718964295,-0.07400694302481724,0.7244172253228549,1.1374284698424082,-0.2559485399607235,-0.19774019365855663,0.12547386744738664
15737,-0.7753437518258587,1.2468684386726134,0.3988577248885361,0.7388895892855343,0.6310937234007601,0.7244172253228549,-1.063987055631575,0.7613289951912273,0.16705957376442604,-0.793189326559511
15738,-0.7353448079137119,2.178003940795619,1.4995124852564479,1.6856847435470528,1.1308460964337077,0.7244172253228549,-0.9465782276062956,0.9154012595358886,1.2699425915548388,0.20744464362596945
15739,-0.26535721694598746,-0.9552142636712971,-0.3850010727054599,-0.9880647720874756,-0.8204247009218442,-1.3804199638603631,0.4329755016907335,0.16409936952693974,-1.3345580735348281,1.2323839740874074
15740,-0.4353527285726112,-0.9552142636712971,-1.2283287184046079,-0.9880647720874756,-0.8204247009218442,-1.3804199638603631,-0.06601201741670262,0.31578593107746544,-1.4787812373997284,-0.016888300756974145
15743,-0.7653440158478221,0.3863044476016779,0.05777040342923304,0.2844279152400054,0.2496422698449756,0.7244172253228549,-1.0346348486252552,0.6793327612372976,-0.32499592648052733,-1.1493278746794886
15744,-0.14536038520954717,-0.9552142636712971,-2.3982828812730954,-0.9880647720874756,-0.8204247009218442,-1.3804199638603631,0.785201985766571,0.04683537363073983,-1.2327534872772516,-0.27661144040879315
15745,-0.7353448079137119,0.3863044476016779,0.32241978338151855,0.6555716157105206,0.04499245577688402,0.7244172253228549,-0.9465782276062956,0.6567949686225097,0.10767356511417306,-0.4204992680320854
15746,0.41462482956050756,-0.9552142636712971,-1.0385974417032242,-0.9880647720874756,-0.8204247009218442,-1.3804199638603631,1.1374284698424082,-0.4660628263226379,-0.7576654180752277,0.15683193443594176
15747,-0.7953432237819321,0.05960546552681911,0.22971516635441194,0.22383302536726815,-0.026088313779484795,0.7244172253228549,-1.1226914696442145,0.6935833197050425,-0.4268005127381039,0.03952470919773476
15748,-0.5253503523749414,-0.9552142636712971,-1.2572659753940278,-0.9880647720874756,-0.8204247009218442,-1.3804199638603631,-0.33018188047358055,0.3985515189365066,-1.5551346770929109,-1.2114113833085771
15749,1.4245981633422133,0.05960546552681911,3.268890946333198,-0.2533517323805372,-0.14825585158074672,0.7244172253228549,1.1374284698424082,-0.6365295187582252,0.9221102551747855,4.046191740434392
15750,-0.8953405835622991,1.2468684386726134,0.9677815759196471,1.7690027171220666,0.18179527237995208,0.7244172253228549,-1.416213539707412,0.8924544730631844,1.2190402984260504,0.4062925684345464
15752,-0.5253503523749414,1.074425194724936,1.02136143036033,1.53419751886521,0.25746892877414945,0.7244172253228549,-0.33018188047358055,0.5381627121125222,1.2699425915548388,0.6660767709150602
15753,2.1245796818047817,-0.9552142636712971,-1.7568365115700568,-0.9880647720874756,-0.8204247009218442,-1.3804199638603631,1.1374284698424082,-2.0422709736081366,0.6930499360952382,-0.07633161619016947
15754,-0.4153532566165378,0.05960546552681911,-0.36847767840944806,0.48893566856049336,-0.15127931153180113,0.7244172253228549,-0.007307603404062988,0.3352978634766242,0.2009944358502849,-0.9253843384233147
15755,-0.8253424317160422,0.8789251688960825,0.9344531048273,1.1630538183946946,0.23735680343537954,0.7244172253228549,-1.2107480906631736,0.7934027898649415,0.6082127808805912,0.476030043658125
15756,-0.31535589683617093,0.3863044476016779,-0.24916340922696373,0.42834077868775616,0.15531463907174475,0.7244172253228549,0.28621446665913486,0.2609279638858136,0.21796186689321434,-1.0256865563524824
15757,-0.26535721694598746,-0.3615827770984007,-0.016507729157149164,0.16323813549453098,-0.3711262499010365,0.7244172253228549,0.4329755016907335,0.18492049371023775,-0.04503331427219179,0.5110026119744637
15758,-0.6753463920454919,-0.9552142636712971,-1.0056507560984482,-0.9880647720874756,-0.8204247009218442,-1.3804199638603631,-0.7704649855683771,0.5375627815795335,-1.6823904099148814,-1.300007913624368
15759,1.2546026517155897,0.05960546552681911,-0.8399140811624757,0.06477143945133304,0.06924892719790009,0.7244172253228549,1.1374284698424082,-1.2055243492190546,1.142686858732868,-2.215030098646801
15762,-0.2753569529240241,-0.3615827770984007,-0.17690230306368254,-0.8971724372783698,2.304409813797492,0.7244172253228549,0.4036232946844138,0.19198591848118535,-1.2412372027987164,-0.2274093076391243
15763,-0.6053482401992349,-0.3615827770984007,0.3168326733961334,-0.647218516553329,0.4319704248891608,0.7244172253228549,-0.5649995365241388,0.5040382706681542,-1.2327534872772516,-0.14319640971912695
15764,-0.04536302542918024,0.8789251688960825,1.1947098911574776,0.4359151399218483,0.15531463907174475,0.7244172253228549,1.0787240558297684,0.09031323627642777,0.4555059014942263,0.8755999384009018
15766,-0.28535668890206084,-0.9552142636712971,-0.6661947725922471,-0.9880647720874756,-0.8204247009218442,-1.3804199638603631,0.3742710876780942,0.1803155689646747,-1.3515255045777577,0.106223543399117
15768,0.23462958195584713,0.05960546552681911,-0.12672927639921822,-0.15488503633733927,0.2654127385271785,0.7244172253228549,1.1374284698424082,-0.2604378499018134,0.022836409899525918,-0.70277079462541
15769,-0.8553416396501522,2.8553196544436252,3.45465837915504,1.7614283558879744,1.685361924022424,0.7244172253228549,-1.298804711682133,2.0334172641125927,1.2529751605119093,2.2082444616174643
15773,-0.8653413756281889,-0.9552142636712971,-0.10923842641116963,-0.9880647720874756,-0.8204247009218442,-1.3804199638603631,-1.3281569186884528,0.7195349369428136,-1.843581004822711,0.7718257753033072
15774,-0.23535800901187737,-0.9552142636712971,-0.7861738146797825,-0.9880647720874756,-0.8204247009218442,-1.3804199638603631,0.5210321227096931,0.13355883369545077,-1.309106926970434,-0.6290969629912271
15775,1.5245955231225803,-0.9552142636712971,-1.5357735916096762,-0.9880647720874756,-0.8204247009218442,-1.3804199638603631,1.1374284698424082,-1.4894709293242907,0.18402700480735548,-0.8983202582722637
15776,0.4046250935824709,-0.9552142636712971,-0.8764928202718572,-0.9880647720874756,-0.8204247009218442,-1.3804199638603631,1.1374284698424082,-0.45612349186258755,-0.7661491335966925,-0.12310755098439373
15777,1.4845965792104336,0.3863044476016779,0.28718569906636093,-0.07914142399641778,0.19094887587899637,0.7244172253228549,1.1374284698424082,-1.3877851550914804,1.1681380052972623,-0.538567042256892
15780,0.9146116284623421,0.05960546552681911,-0.3400748479949236,0.32987408264455825,-0.08143283167175853,0.7244172253228549,1.1374284698424082,-0.8888684254615503,1.142686858732868,-0.8159108079743604
15781,-0.6753463920454919,0.05960546552681911,-0.593160800242101,1.132756373458326,-0.3361308397342537,0.7244172253228549,-0.7704649855683771,0.572808897436418,0.701533651616703,-1.0347222451683766
15782,-0.8253424317160422,0.05960546552681911,1.0145077415940291,-0.3896902345941959,0.5754552644819473,0.7244172253228549,-1.2107480906631736,0.7480834248378764,-1.13943261654114,0.6870658718208092
15783,-0.8153426957380054,-0.9552142636712971,-0.861298574379483,-0.9880647720874756,-0.8204247009218442,-1.3804199638603631,-1.1813958836568539,0.6671237708435176,-1.8011624272153874,0.34932292495883294
15785,-0.5953485042211982,0.6532369520997158,0.9225015045548063,0.9964178712446673,-0.08630129062768982,0.7244172253228549,-0.5356473295178191,0.5646050288268827,0.6082127808805912,0.8115475994849141
15786,-0.4653519365067213,0.05960546552681911,1.519060263135114,-0.4730082081692095,0.09116140329435662,0.7244172253228549,-0.15406863843566193,0.4546252011038462,-0.927339728504522,2.1887931625969155
15787,-0.6653466560674551,0.05960546552681911,0.20822931492399419,-0.7229621288942504,0.7236783201912479,0.7244172253228549,-0.7411127785620575,0.5734753890925887,-1.3769766511421517,0.16913056911273133
15789,2.654565688640726,-0.9552142636712971,-0.5798672745590727,-0.9880647720874756,-0.8204247009218442,-1.3804199638603631,1.1374284698424082,-2.5257476619120314,1.142686858732868,1.1498162450645184
15790,-0.8253424317160422,-0.9552142636712971,-0.9476655817537087,-0.9880647720874756,-0.8204247009218442,-1.3804199638603631,-1.2107480906631736,0.6759131154450765,-1.8096461427368522,-0.3329048796889562
15791,-0.4853514084627947,-0.3615827770984007,0.6303730123919327,0.22383302536726815,-0.394216743645058,0.7244172253228549,-0.21277305244830141,0.40217666779189404,-0.16380533157269778,0.9500259931774349
15793,-0.7753437518258587,0.05960546552681911,0.2228095155753473,0.9282486201378379,-0.291475154520719,0.7244172253228549,-1.063987055631575,0.6750325704035608,0.3876361773225086,0.1953178770663107
15795,0.5746206052090946,-0.9552142636712971,-0.14196689759389358,-0.9880647720874756,-0.8204247009218442,-1.3804199638603631,1.1374284698424082,-0.6065951830896035,-0.6219259697317923,1.4619203210784004
15796,-0.9153400555183724,1.2468684386726134,1.043412508442919,1.2918179593742611,0.49973549618605567,0.7244172253228549,-1.4749179537200516,0.9148988694635513,0.6675987895308442,-0.3960300354486918
15797,0.20463037402173703,0.3863044476016779,0.8798852104190481,0.572253642135507,0.08373698818638015,0.7244172253228549,1.1374284698424082,-0.1903665315467397,0.8118219533957443,0.3813339972562093
15799,-0.16535985716562054,0.05960546552681911,0.1527864579629864,0.9661204263082988,-0.30069348380480726,0.7244172253228549,0.7264975717539314,0.1121124766270492,0.9390776862177149,0.7975408137294054
15800,0.1446319581535169,-0.3615827770984007,-0.0337453666925391,0.06477143945133304,-0.3329660846204898,0.7244172253228549,1.1374284698424082,-0.19278980352855987,0.2009944358502849,0.08992183882646386
15801,-0.4653519365067213,0.05960546552681911,0.299861771397723,-0.5108800143396702,0.8484220205059414,0.7244172253228549,-0.15406863843566193,0.3912479640314574,-0.9612745905903809,0.2286538199639716
15802,0.5046224533628378,-0.9552142636712971,-0.38094778367571347,-0.9880647720874756,-0.8204247009218442,-1.3804199638603631,1.1374284698424082,-0.5447493007029987,-0.6813119783820453,-4.817686796677979
15803,-0.4153532566165378,-0.9552142636712971,-0.44612541102475817,-0.9880647720874756,-0.8204247009218442,-1.3804199638603631,-0.007307603404062988,0.30164852795324315,-1.461813806356799,0.6946994588575369
15804,-0.9153400555183724,1.8937448980942,1.3924965388681025,0.5116587522627698,1.763955513034836,0.7244172253228549,-1.4749179537200516,1.0217624016619877,-0.20622390918002134,0.27021264130498346
15805,-0.6953458640015652,2.2616881678707283,1.6098054112093232,1.594792408737947,0.977070283527198,0.7244172253228549,-0.8291693995810168,0.9067823505333452,1.2020728673831211,0.2809197072958382
15806,-0.4653519365067213,0.05960546552681911,0.05789189307338743,0.7540383117537186,-0.24222938194306798,0.7244172253228549,-0.15406863843566193,0.3866707782960691,0.4555059014942263,0.2888039381745143
15807,-0.42535299259457454,0.05960546552681911,0.17034494542120762,-0.7911313800010797,1.043392646376342,0.7244172253228549,-0.03665981041038266,0.351800446795674,-1.2412372027987164,-0.0814323889644429
15808,2.1345794177828186,0.3863044476016779,1.297990474720271,-0.5108800143396702,1.392823709581291,0.7244172253228549,1.1374284698424082,-1.942157933625233,1.23600772946898,0.8563212793152377
15809,-0.5653492962870882,0.6532369520997158,-0.27518709169869887,1.0267153161810358,0.10832577057978753,0.7244172253228549,-0.4475907084988595,0.5072786913163634,0.6760825050523088,-1.0310991135104397
15810,-0.13536064923151048,0.3863044476016779,0.5134059983351026,0.6631459769446127,0.04163586858835003,0.7244172253228549,0.8145541927728907,0.10928841662218094,0.6251802119235206,0.3660841707327778
15811,-0.7053455999796019,0.8789251688960825,0.8839154370496916,1.6099411312061314,0.08447392352580199,0.7244172253228549,-0.8585216065873364,0.68054099905605,1.2020728673831211,0.15991942802277803
15812,0.1446319581535169,0.6532369520997158,0.7182118034698638,0.6025510870718755,0.30698627013226826,0.7244172253228549,1.1374284698424082,-0.1253103190670572,0.8033382378742796,0.19571595861463786
15813,1.1546052919352228,-0.3615827770984007,0.46146583019742504,-0.753259573830619,0.8293373508616512,0.7244172253228549,1.1374284698424082,-1.1127182395104704,0.14160842720003192,0.7375993723446714
15814,-0.7553442798697854,0.3863044476016779,0.7794243854313178,-0.7381108513624347,1.7161694892255979,0.7244172253228549,-1.0052826416189355,0.6891460877445688,-1.461813806356799,0.7955170283589363
15815,-0.28535668890206084,0.6532369520997158,0.8404641637005424,0.49651002979458553,0.37094757345694396,0.7244172253228549,0.3742710876780942,0.27546762025122,0.3112827376293262,0.9671080559913363
15819,-0.4353527285726112,0.3863044476016779,0.7629601447629619,0.7313152280514421,0.012569249953262206,0.7244172253228549,-0.06601201741670262,0.39389057472304745,0.4555059014942263,0.8677660786686785
15820,2.2745757214753324,-0.9552142636712971,-0.9990079383833969,-0.9880647720874756,-0.8204247009218442,-1.3804199638603631,1.1374284698424082,-2.1782721758892576,0.820305668917209,-0.20574783876659553
15821,-0.4853514084627947,-0.3615827770984007,-0.19449000149335283,-0.8593006311079091,1.7161694892255979,0.7244172253228549,-0.21277305244830141,0.38510900950315324,-1.3769766511421517,-0.46568373492713233
15822,-0.8953405835622991,-0.3615827770984007,0.15398052540084523,1.7084078272493293,-0.6186148907940336,0.7244172253228549,-1.416213539707412,0.7677208948024301,1.1511705742543328,0.21407039776317602
15823,2.79456199233324,-0.9552142636712971,-3.0387618430761014,-0.9880647720874756,-0.8204247009218442,-1.3804199638603631,1.1374284698424082,-2.660146014129708,1.261458876033374,-4.817686796677979
15825,0.7946147967259019,-0.9552142636712971,-0.24919319745467022,-0.9880647720874756,-0.8204247009218442,-1.3804199638603631,1.1374284698424082,-0.8103968526578883,-0.4352842282595686,0.3901336576095206
15826,-0.36535457672635435,0.05960546552681911,0.6506244509479129,0.17838685796271528,-0.37647167837913303,0.7244172253228549,0.13945343162753596,0.3088572334151201,-0.10441932292244478,0.8067455714185984
15827,-0.1953590650997306,1.9947556633726906,0.7334873333559495,1.2766692369060768,0.9126975254772675,0.7244172253228549,0.6384409507349721,0.3365471999620403,1.261458876033374,-0.9815824855736611
15829,0.06463407032922336,-0.3615827770984007,-0.10866405205359662,-0.6775159614896975,0.5492446469068906,0.7244172253228549,1.1374284698424082,-0.12017047949148106,-0.6982794094249747,1.2916131423119437
15830,-0.5453498243310149,-0.9552142636712971,-0.1875129220431744,-0.9880647720874756,-0.8204247009218442,-1.3804199638603631,-0.38888629448622003,0.4239550215962013,-1.5721021081358402,1.0902512033540126
15831,-0.345355104770281,0.05960546552681911,0.07509638609708719,1.0191409549469437,-0.3130703905466348,0.7244172253228549,0.19815784564017558,0.2764764593330398,0.8542405310030678,0.9585500296258976
15832,1.6145931469249106,-0.9552142636712971,0.10906375736035108,-0.9880647720874756,-0.8204247009218442,-1.3804199638603631,1.1374284698424082,-1.5603365223974697,0.2603804445005379,1.2158808778890458
15834,-0.22535827303384068,0.3863044476016779,0.8893179966340675,0.572253642135507,-0.18553707444961187,0.7244172253228549,0.5503843297160128,0.20593678559953754,0.4555059014942263,0.491752287926194
15835,-0.4853514084627947,0.3863044476016779,0.21327458913010233,1.178202540862879,-0.13797605784226327,0.7244172253228549,-0.21277305244830141,0.4243351159060537,0.9136265396533209,-0.3745858120593318
15836,-0.42535299259457454,-0.9552142636712971,-1.3230894372964632,-0.9880647720874756,-0.8204247009218442,-1.3804199638603631,-0.03665981041038266,0.30629273173419397,-1.4702975218782637,-1.9368587697257784
15837,-0.2753569529240241,-0.9552142636712971,-0.49296350847371756,-0.9880647720874756,-0.8204247009218442,-1.3804199638603631,0.4036232946844138,0.17236950656879438,-1.343041789056293,0.2228434878122663
15838,-0.8153426957380054,2.41594390599791,3.045861095241047,1.7084078272493293,1.1232304063551073,0.7244172253228549,-1.1813958836568539,1.5108354313607244,1.2275240139475152,2.0247501957820573
15839,-0.5953485042211982,0.05960546552681911,0.2882321087029719,-0.12458759140097067,0.22683948291662093,0.7244172253228549,-0.5356473295178191,0.5106767796754768,-0.6388934007747217,0.41489678736679564
15840,-0.3353553687922443,-0.3615827770984007,-0.5703085573604031,-0.1321619526350628,-0.23770652638978176,0.7244172253228549,0.22751005264649524,0.24348516126623845,-0.4268005127381039,0.2740700669317299
15841,-0.1953590650997306,0.3863044476016779,0.41124902576326916,1.0267153161810358,-0.09348403954802313,0.7244172253228549,0.6384409507349721,0.16177512042406272,0.9814962638250385,0.46516311186654385
15843,2.114579945826745,-0.9552142636712971,-1.4366989137937778,-0.9880647720874756,-0.8204247009218442,-1.3804199638603631,1.1374284698424082,-2.0324133950875916,0.6845662205737736,-1.8966046705960957
15844,-0.4653519365067213,-0.9552142636712971,-1.3621380278342912,-0.9880647720874756,-0.8204247009218442,-1.3804199638603631,-0.15406863843566193,0.34300937121511954,-1.5042323839641225,-0.1554270947514491
15845,-0.7453445438917486,1.2468684386726134,1.2930365223169358,1.4281564615879199,0.43811668053503827,0.7244172253228549,-0.9759304346126154,0.7747788891981018,0.9645288327821091,0.48946537444077004
15847,-0.5453498243310149,-0.3615827770984007,-0.4984667158193639,0.8979511752014694,-0.5377428239340357,0.7244172253228549,-0.38888629448622003,0.437370106233495,0.5488267722303382,0.4124452565015205
15850,-0.7353448079137119,-0.3615827770984007,-0.8856246852746875,0.13294069055816238,-0.36286162230998326,0.7244172253228549,-0.9465782276062956,0.6098256408629802,-0.46921909034542747,-0.02414646272033576
15852,0.9446108363964523,-0.3615827770984007,-1.199127849055005,-0.9123211597465541,2.4613391755682144,0.7244172253228549,1.1374284698424082,-0.9381157359787113,-0.22319134022295078,-2.0220443089501843
15853,-0.4053535206385011,-0.9552142636712971,-1.492656922703922,-0.9880647720874756,-0.8204247009218442,-1.3804199638603631,0.02204460360225668,0.28744477747426966,-1.4533300908353342,-0.14725830687642594
15854,-0.8853408475842623,1.7852452398084835,1.1170304971285707,1.7159821884834214,0.5844223951252088,0.7244172253228549,-1.3868613327010924,0.9574882183921122,1.1766217208187268,-0.7450183490137604
15855,0.44462403749461765,0.6532369520997158,-0.01893474829589346,-0.03369525659186489,0.8388228008304673,0.7244172253228549,1.1374284698424082,-0.4193402968612119,0.345217599715185,-0.5443773744085973
15856,-0.8853408475842623,2.9085646272923156,2.4738599151091396,1.74627963341979,1.6217885981075906,0.7244172253228549,-1.3868613327010924,1.4243618175840056,1.2020728673831211,1.0703644712671263
15857,-0.7353448079137119,-0.9552142636712971,-0.7129874032185322,-0.9880647720874756,-0.8204247009218442,-1.3804199638603631,-0.9465782276062956,0.5943039071872925,-1.7332927030436698,0.7611313371979462
15858,-0.7653440158478221,0.6532369520997158,0.5397243890419618,1.6705360210788684,-0.08871137244830361,0.7244172253228549,-1.0346348486252552,0.7065287187877497,1.2190402984260504,0.4552908101087238
15860,-0.5153506163969047,1.2468684386726134,0.23229651738084384,1.488751351460657,0.4138938602394842,0.7244172253228549,-0.30082967346726086,0.5182307046201934,1.23600772946898,-1.1293838083752317
15861,-0.8053429597599688,1.2468684386726134,1.166432872370295,0.9358229813719301,0.33352220288929524,0.7244172253228549,-1.1520436766505342,0.8210644295644426,0.3706687462795792,0.7963848180805261
15862,-0.8453419036721156,0.3863044476016779,0.10534350623653763,1.7765770783561585,-0.2706688822796804,0.7244172253228549,-1.2694525046758134,0.7537766025936756,1.2784263070763036,-0.05928800895821463
15863,-0.6653466560674551,-0.3615827770984007,-1.866835723945927,0.2768535540059132,-0.4083326598276457,0.7244172253228549,-0.7411127785620575,0.5425959905963303,-0.2571262023088096,-2.9822509608676646
15864,-0.7053455999796019,0.8789251688960825,0.7757343482501139,1.2312230695015238,0.2078598162752867,0.7244172253228549,-0.8585216065873364,0.6759158083301313,0.7863708068313501,0.2777719624666354
15865,-0.5153506163969047,0.05960546552681911,0.16259983997624983,0.3222997214104661,-0.0777385860998323,0.7244172253228549,-0.30082967346726086,0.4345136059961167,-0.07896817635805065,-0.25248262154634554
15866,0.08463354228529675,-0.9552142636712971,-0.9137011572964255,-0.9880647720874756,-0.8204247009218442,-1.3804199638603631,1.1374284698424082,-0.16170306906883855,-1.0376280302835632,-0.22304296772375637
15867,-0.8753411116062256,2.0892449239230517,1.314354470790873,1.7614283558879744,1.0933813765961526,0.7244172253228549,-1.3575091256947727,1.01143487536517,1.23600772946898,-0.13163424299739188
15869,1.8445870744197546,-0.3615827770984007,-1.255521900935267,-0.9880647720874756,-0.8204247009218442,0.7244172253228549,1.1374284698424082,-1.7668655712987487,0.4555059014942263,-0.6228257522597237
15870,-0.5953485042211982,-0.9552142636712971,-0.5735940216758917,-0.9880647720874756,-0.8204247009218442,-1.3804199638603631,-0.5356473295178191,0.4663508393467646,-1.6145206857431638,0.8538533502366527
15872,-0.7753437518258587,-0.3615827770984007,-0.5584206092601242,-0.9880647720874756,-0.8204247009218442,0.7244172253228549,-1.063987055631575,0.6486510592965556,-1.7672275651295286,-0.4127135449586689
15874,-0.28535668890206084,1.074425194724936,1.4293370427199894,0.6782946994127971,0.47174893146165303,0.7244172253228549,0.3742710876780942,0.34618614731945796,0.5148919101444793,0.9394048559822276
15877,-0.9053403195403357,-0.3615827770984007,-0.31057327504295434,-0.8668749923420013,1.813744674167018,0.7244172253228549,-1.4455657467137322,0.7705015874492469,-1.7417764185651345,0.20226371799679158
15880,2.76456278439913,-0.9552142636712971,-0.5981806253340962,-0.9880647720874756,-0.8204247009218442,-1.3804199638603631,1.1374284698424082,-2.6271485402845496,1.23600772946898,0.34411413542538216
15881,2.1945778336510386,0.6532369520997158,-0.29763059218876153,-0.5941979879146839,1.0933813765961526,0.7244172253228549,1.1374284698424082,-2.033900202417742,1.1935891518616564,-1.1903275890163445
15882,1.0646076681328924,0.3863044476016779,-0.2742796428010347,0.2920022764740975,-0.41504493398969033,0.7244172253228549,1.1374284698424082,-1.0098156560054365,1.2275240139475152,-0.8823938578426296
15883,-0.9053403195403357,-0.3615827770984007,-0.4839086313071978,-0.753259573830619,0.8679703506073949,0.7244172253228549,-1.4455657467137322,0.7689156205265799,-1.6145206857431638,-0.35723257838900524
15885,0.004635654461003215,0.05960546552681911,-0.5189425046610296,0.6479972544764285,-0.21150258403829375,0.7244172253228549,1.1374284698424082,-0.052665357136478595,0.7269847981810972,-1.5585881871620628
15886,-0.3253556328142076,-0.9552142636712971,-1.1047319696063878,-0.9880647720874756,-0.8204247009218442,-1.3804199638603631,0.2568622596528149,0.21494587551241387,-1.3854603666636165,-0.053664631579894
15888,-0.11536117727543709,-0.9552142636712971,-1.1626036297965354,-0.9880647720874756,-0.8204247009218442,-1.3804199638603631,0.8732586067855304,0.021403846740317495,-1.2073023407128576,-0.7768982857927977
15889,0.6446187570553514,-0.3615827770984007,-0.38898633749682804,0.6176998095400599,-0.49174545586408996,0.7244172253228549,1.1374284698424082,-0.6572378148736255,1.23600772946898,-0.39730449239224697
15891,1.3446002755179198,-0.9552142636712971,-0.26183421187151784,-0.9880647720874756,-0.8204247009218442,-1.3804199638603631,1.1374284698424082,-1.316882200800336,0.03132012542099063,1.1598559123823953
15894,1.6045934109468738,-0.3615827770984007,-0.8076749518833609,-0.11701323016687852,-0.2466822617109715,0.7244172253228549,1.1374284698424082,-1.544047684244343,1.23600772946898,-0.6674892185646875
15895,0.5746206052090946,-0.9552142636712971,-1.113162019951902,-0.9880647720874756,-0.8204247009218442,-1.3804199638603631,1.1374284698424082,-0.613654046611937,-0.6219259697317923,-0.5443773744085973
15897,1.014608988242709,-0.3615827770984007,-0.9433755041399601,-0.9880647720874756,-0.8204247009218442,0.7244172253228549,1.1374284698424082,-1.001554958068099,-0.2486424867873449,-0.18450216283119336
15898,-0.9153400555183724,0.6532369520997158,0.5116341939554893,1.7917258008243429,-0.11476623596742946,0.7244172253228549,-1.4749179537200516,0.8438047566706546,1.23600772946898,-0.3329048796889562
15899,2.76456278439913,-0.9552142636712971,-2.0249191536220827,-0.9880647720874756,-0.8204247009218442,-1.3804199638603631,1.1374284698424082,-2.6318512271214627,1.23600772946898,-1.5018133972619236
15900,-0.6853461280235285,-0.9552142636712971,-0.5802962904259428,-0.9880647720874756,-0.8204247009218442,-1.3804199638603631,-0.799817192574697,0.5491588616513617,-1.6908741254363462,0.3951308025902642
15901,-0.7553442798697854,0.05960546552681911,-0.5519648286572962,0.0571970782172409,0.08007043724803801,0.7244172253228549,-1.0052826416189355,0.6467612201184153,-0.5795073921244688,-0.20574783876659553
15903,-0.8253424317160422,1.074425194724936,1.5498221900812652,1.1706281796287867,0.39730359030548107,0.7244172253228549,-1.2107480906631736,0.8551380923432151,0.6082127808805912,0.8840276963348481
15904,-0.8453419036721156,-0.9552142636712971,-1.1798396517052285,-0.9880647720874756,-0.8204247009218442,-1.3804199638603631,-1.2694525046758134,0.693405461201061,-1.8266135737797815,-0.6674892185646875
15906,-0.7253450719356752,1.074425194724936,0.6078806702393414,0.7919101179241793,0.20500161250864615,0.7244172253228549,-0.9172260205999759,0.7047632839590802,0.2688641600220026,-0.7525259455096017
15907,-0.8853408475842623,0.05960546552681911,0.22432192290715153,0.572253642135507,-0.18553707444961187,0.7244172253228549,-1.3868613327010924,0.7763321959291566,-0.1129030384439095,0.1040638046979069
15909,0.8146142686819752,-0.9552142636712971,-1.0587031119435655,-0.9880647720874756,-0.8204247009218442,-1.3804199638603631,1.1374284698424082,-0.8343964141439937,-0.41831679721663917,-0.4987269568717754
15910,-0.9153400555183724,1.2468684386726134,0.41650288682173436,1.3978590166515512,0.4505959054301075,0.7244172253228549,-1.4749179537200516,0.8906607729133924,0.7948545223528148,-0.21544307505894783
15912,0.854613212594122,-0.3615827770984007,-0.804464882097897,-0.5790492654464996,0.2654127385271785,0.7244172253228549,1.1374284698424082,-0.853556432637298,0.08222241854977891,-0.5619936465148555
15916,-0.7653440158478221,1.2468684386726134,0.5875471052350743,1.6629616598447763,0.21459222023879976,0.7244172253228549,-1.0346348486252552,0.757414205123056,1.210556582904586,-0.5371192124452356
15917,1.5545947310566903,-0.9552142636712971,-1.4096495904144168,-0.9880647720874756,-0.8204247009218442,-1.3804199638603631,1.1374284698424082,-1.516791690159473,0.2094781513717496,-1.4217641351576178
15918,0.984609780308599,-0.3615827770984007,-0.6193653909299702,-0.3821158733601037,-0.0345009833196519,0.7244172253228549,1.1374284698424082,-0.9720980570740607,0.404603608365438,-0.7697340812789379
15919,-0.7253450719356752,-0.3615827770984007,-0.10399706365304506,1.6553872986106843,-0.6147295743453494,0.7244172253228549,-0.9172260205999759,0.607189946225106,1.23600772946898,0.6260498249482737
15920,0.6146195491212414,0.3863044476016779,-1.1664174358644521,-0.9880647720874756,-0.8204247009218442,0.7244172253228549,1.1374284698424082,-0.6012471303656511,-0.5879911076459334,-1.9893266836348027
15921,0.8046145327039386,-0.9552142636712971,-0.6151066469998115,-0.9880647720874756,-0.8204247009218442,-1.3804199638603631,1.1374284698424082,-0.8228293336739543,-0.4268005127381039,0.08002431475699087
15922,2.8045617283112767,-0.9552142636712971,-0.5398091779456871,-0.9880647720874756,-0.8204247009218442,-1.3804199638603631,1.1374284698424082,-2.6635442180711046,1.2699425915548388,-0.12310755098439373
15923,2.8045617283112767,-0.9552142636712971,-1.3845449647551415,-0.9880647720874756,-0.8204247009218442,-1.3804199638603631,1.1374284698424082,-2.667516016639214,1.2699425915548388,-0.2584656941316199
15925,1.014608988242709,-0.9552142636712971,-0.9983581601262851,-0.9880647720874756,-0.8204247009218442,-1.3804199638603631,1.1374284698424082,-1.0182735397159033,-0.2486424867873449,-0.5560903486114662
15930,-0.25535748096795075,-0.9552142636712971,-0.42576339690639126,-0.9880647720874756,-0.8204247009218442,-1.3804199638603631,0.4623277086970535,0.154524578083722,-1.3260743580133636,-0.11517299562176703
15932,-0.8853408475842623,1.2468684386726134,0.9775203991222652,1.1706281796287867,0.5566298607525777,0.7244172253228549,-1.3868613327010924,0.8837460652033406,0.5573104877518029,0.6970741985223485
15933,-0.7153453359576386,0.05960546552681911,0.3317074645067166,-0.49573129187148596,0.8106994996083443,0.7244172253228549,-0.8878738135936562,0.6221187368736429,-1.1564000475840692,0.7135562306409696
15935,1.4645971072543602,-0.3615827770984007,-0.4441436156409927,-0.9729160496192913,6.095393496340334,0.7244172253228549,1.1374284698424082,-1.4126474321008275,0.15857585824296133,-1.0810413771891254
15937,-0.28535668890206084,-0.9552142636712971,-1.2784987742860199,-0.9880647720874756,-0.8204247009218442,-1.3804199638603631,0.3742710876780942,0.17753504782370505,-1.3515255045777577,-0.8208854938007576
15938,0.19463063804370034,0.6532369520997158,-0.4678652092529215,0.6101254483059677,0.3026838039439853,0.7244172253228549,1.1374284698424082,-0.1942230777817647,0.8542405310030678,-1.2771851311768028
15939,-0.02536355347310686,2.0892449239230517,1.6899815883873475,0.8373562853287322,1.5740347299798085,0.7244172253228549,1.1374284698424082,0.2666199201653692,0.9221102551747855,0.7866264927441149
15940,2.184578097673002,-0.9552142636712971,-2.3763731978200924,-0.9880647720874756,-0.8204247009218442,-1.3804199638603631,1.1374284698424082,-2.098219934952353,0.7439522292240266,-3.8034759839245136
15942,0.41462482956050756,-0.9552142636712971,-0.6117864876041036,-0.9880647720874756,-0.8204247009218442,-1.3804199638603631,1.1374284698424082,-0.46375989749360885,-0.7576654180752277,0.4486600156681821
15944,1.8445870744197546,-0.9552142636712971,-0.6413250403555573,-0.9880647720874756,-0.8204247009218442,-1.3804199638603631,1.1374284698424082,-1.7804653031180506,0.4555059014942263,-1.2329045971479955
15945,2.724563840486983,-0.9552142636712971,-1.1051251383848528,-0.9880647720874756,-0.8204247009218442,-1.3804199638603631,1.1374284698424082,-2.592982063525868,1.2020728673831211,-1.1903275890163445
15947,-0.0953617053193637,-0.9552142636712971,0.6761212632764787,-0.9880647720874756,-0.8204247009218442,-1.3804199638603631,0.9319630207981703,0.02822135926095092,-1.190334909669928,1.9431994737019402
15948,-0.8453419036721156,-0.3615827770984007,0.2142315792896361,-0.7229621288942504,0.7236783201912479,0.7244172253228549,-1.2694525046758134,0.7228324220145254,-1.521199815007052,0.6696953468856891
15949,-0.7553442798697854,-0.3615827770984007,-0.5501361177074228,-0.5790492654464996,0.2654127385271785,0.7244172253228549,-1.0052826416189355,0.6303005219351049,-1.2921394959275048,-0.09170499850528059
15950,-0.6053482401992349,0.3863044476016779,0.7023310335626027,1.488751351460657,-0.21562407651203538,0.7244172253228549,-0.5649995365241388,0.5481051806554675,1.1596542897757975,0.18280513095657133
15951,-0.8353421676940789,-0.3615827770984007,-0.023429776306233132,1.1024589285219575,-0.5639296611066668,0.7244172253228549,-1.2401002976694935,0.7095789409726875,0.5318593411874087,0.015197010497685733
15952,-0.5853487682431616,0.3863044476016779,0.079847295403909,0.45863822362412476,0.13843421718589066,0.7244172253228549,-0.5062951225114992,0.513981317514478,0.014352694378061205,-0.47933206732559247
15953,-0.7753437518258587,1.2468684386726134,0.6530565409035699,1.693259104781145,0.341339050885535,0.7244172253228549,-1.063987055631575,0.7687715709586934,1.23600772946898,-0.35723257838900524
15955,-0.6853461280235285,1.9947556633726906,1.4312080282115707,1.6478129373765922,0.6120479132225516,0.7244172253228549,-0.799817192574697,0.8299300888037953,1.2699425915548388,-0.013276990104245746
15957,-0.6053482401992349,-0.9552142636712971,-0.4215715014546923,-0.9880647720874756,-0.8204247009218442,-1.3804199638603631,-0.5649995365241388,0.47678267551854325,-1.6230044012646285,0.34411413542538216
15958,-0.18535932912169392,-0.9552142636712971,-1.5399146581498073,-0.9880647720874756,-0.8204247009218442,-1.3804199638603631,0.6677931577412918,0.08480014286547544,-1.2666883493631105,-1.6817000313181532
15963,-0.7253450719356752,-0.3615827770984007,-0.3476581843567597,-0.7987057412351719,1.0933813765961526,0.7244172253228549,-0.9172260205999759,0.6044189277785069,-1.5127160994855873,-0.03880715033829886
15965,-0.7553442798697854,0.3863044476016779,0.11742054863471273,1.6629616598447763,-0.4257579962167542,0.7244172253228549,-1.0052826416189355,0.6711288153769263,1.2190402984260504,-0.34014721130595016
15967,-0.6953458640015652,-0.3615827770984007,-0.4404031217348887,1.2463717919697082,-0.578846935128414,0.7244172253228549,-0.8291693995810168,0.5759491601221824,0.8118219533957443,-0.4178979372620306
15969,-0.8953405835622991,0.05960546552681911,-0.07212090413044706,0.39046897251729545,-0.11308749703121695,0.7244172253228549,-1.416213539707412,0.7806012071219962,-0.3165122109590626,-1.4390592641147777
15970,2.114579945826745,-0.9552142636712971,-0.6686140036888666,-0.9880647720874756,-0.8204247009218442,-1.3804199638603631,1.1374284698424082,-2.029216066110748,0.6845662205737736,-0.3138205149682618
15971,-0.7453445438917486,1.7852452398084835,1.3912594013086867,1.2312230695015238,0.9338534583301575,0.7244172253228549,-0.9759304346126154,0.8486734131759314,0.7439522292240266,-0.08335125520611696
15973,2.744563312443056,-0.9552142636712971,-0.6846239788923965,-0.9880647720874756,-0.8204247009218442,-1.3804199638603631,1.1374284698424082,-2.6093168828036846,1.2190402984260504,-0.4127135449586689
15974,-0.5353500883529781,1.074425194724936,1.2330798499021736,0.8979511752014694,0.5365139924218739,0.7244172253228549,-0.35953408747990034,0.5605543445088821,0.5573104877518029,0.8140871795844297
15975,-0.085361969341327,-0.9552142636712971,-0.536574578597016,-0.9880647720874756,-0.8204247009218442,-1.3804199638603631,0.9613152278044893,-0.002894074247426162,-1.1818511941484633,0.4997194792733506
15976,0.724616644879645,-0.3615827770984007,-0.41778813570180257,-0.5790492654464996,0.2654127385271785,0.7244172253228549,1.1374284698424082,-0.7311493415056499,-0.028065883229262362,-0.11913316347122463
15977,-0.7553442798697854,-0.3615827770984007,0.29294658688358544,-0.8290031861715405,1.3252218984526802,0.7244172253228549,-1.0052826416189355,0.6416056152854096,-1.5636183926143754,1.3135754845250822
15978,-0.15536012118758386,-0.9552142636712971,0.3254554360615077,-0.9880647720874756,-0.8204247009218442,-1.3804199638603631,0.7558497787602511,0.0734738912133035,-1.2412372027987164,1.9308182961372637
15980,-0.03536328945114355,0.05960546552681911,0.9460057533790702,0.2617048315377289,-0.40604545042978635,0.7244172253228549,1.1080762628360883,0.0172474705747454,0.2603804445005379,1.3393676977361009
15981,-0.6753463920454919,1.2468684386726134,1.2252647491032178,1.178202540862879,0.5492446469068906,0.7244172253228549,-0.7704649855683771,0.705365585300737,0.7439522292240266,0.45458226485896963
15983,-0.7053455999796019,0.3863044476016779,0.5594553339377217,1.6705360210788684,-0.25106678411644084,0.7244172253228549,-0.8585216065873364,0.6354089681013543,1.2784263070763036,0.4050579160664955
15984,-0.8953405835622991,1.5406654655354899,1.079551854318741,1.7765770783561585,0.557868675853393,0.7244172253228549,-1.416213539707412,0.931501338989494,1.2275240139475152,0.19511878259087645
15985,0.30462773380210395,-0.3615827770984007,0.3564023109962819,-0.1321619526350628,-0.23311202489878752,0.7244172253228549,1.1374284698424082,-0.33282720099042357,0.11615728063563777,1.3871834175653002
15986,-0.6253477121553084,-0.9552142636712971,-1.1634965857732604,-0.9880647720874756,-0.8204247009218442,-1.3804199638603631,-0.6237039505367783,0.4909228639152547,-1.6399718323075578,0.6076866542850984
15987,-0.8053429597599688,1.074425194724936,0.5465603763559516,1.7084078272493293,0.05660503226298667,0.7244172253228549,-1.1520436766505342,0.7765065578788537,1.23600772946898,0.40152273026610347
15988,-0.7353448079137119,-0.9552142636712971,-1.2124182178498248,-0.9880647720874756,-0.8204247009218442,-1.3804199638603631,-0.9465782276062956,0.5920270288480052,-1.7332927030436698,0.17522901833157845
15990,-0.4853514084627947,-0.3615827770984007,0.06547848400456285,0.8525050077969165,-0.5300560562045314,0.7244172253228549,-0.21277305244830141,0.3887323213311268,0.5403430567088734,0.39762094027313305
15992,-0.8853408475842623,-0.9552142636712971,-2.2527326331887334,-0.9880647720874756,-0.8204247009218442,-1.3804199638603631,-1.3868613327010924,0.7282205787703673,-1.8605484358656406,-2.3856542038959363
15993,-0.8353421676940789,1.074425194724936,1.0682374829627375,-0.7229621288942504,2.8371392581097434,0.7244172253228549,-1.2401002976694935,0.8261830625808764,-1.521199815007052,0.7060520274350821
15994,-0.37535431270439107,-0.9552142636712971,-0.4249455416701218,-0.9880647720874756,-0.8204247009218442,-1.3804199638603631,0.11010122462121627,0.26500758234817146,-1.42787894427094,0.150630989740531
15996,-0.04536302542918024,0.8789251688960825,0.29741608135926517,1.1100332897560496,0.2558943095979266,0.7244172253228549,1.0787240558297684,0.053952486980910624,1.210556582904586,-0.9644214327759761
15998,-0.5553495603090515,0.6532369520997158,1.1472686608716345,1.4736026289924726,-0.03864030414050366,0.7244172253228549,-0.4182385014925398,0.5402479540923661,1.1766217208187268,1.0720086988501762
16000,-0.8953405835622991,0.05960546552681911,2.251728595195676,-0.9880647720874756,-0.8204247009218442,0.7244172253228549,-1.416213539707412,0.9727456873107516,-1.869032151387105,2.651202013477016
16003,-0.6253477121553084,0.6532369520997158,1.05036269059139,1.5039000739288413,-0.21888112266041226,0.7244172253228549,-0.6237039505367783,0.5988824173001283,1.1596542897757975,0.4721612325428671
16005,-0.8053429597599688,0.3863044476016779,-0.1349951092505005,0.9661204263082988,-0.29887570632002874,0.7244172253228549,-1.1520436766505342,0.7133879909360117,0.404603608365438,-0.7913673249411993
16006,1.1846044998693328,-0.9552142636712971,-1.562501495852671,-0.9880647720874756,-0.8204247009218442,-1.3804199638603631,1.1374284698424082,-1.176513519751941,-0.10441932292244478,-0.6674892185646875
16007,-0.4453524645506479,0.3863044476016779,0.6731845985575029,0.2768535540059132,0.2496422698449756,0.7244172253228549,-0.0953642244230223,0.39976259215260074,-0.07048446083658592,0.8966634170795412
16008,-0.6853461280235285,0.05960546552681911,-0.3342520718796383,0.3753202500491111,-0.10629135045457624,0.7244172253228549,-0.799817192574697,0.5841995227023552,-0.15532161605123307,-0.3956055423530988
16009,-0.7053455999796019,0.3863044476016779,0.244799009996924,0.04962271698314875,0.4391470505961836,0.7244172253228549,-0.8585216065873364,0.627506822373342,-0.5370888145171452,-0.538567042256892
16010,1.5345952591006171,0.05960546552681911,-0.46216011420220915,-0.10943886893278637,0.21217755000742078,0.7244172253228549,1.1374284698424082,-1.4607705391599766,1.1851054363401916,-0.8666933714321878
16011,-0.8453419036721156,2.178003940795619,1.2145164555202235,1.7159821884834214,1.2100520967774735,0.7244172253228549,-1.2694525046758134,0.9929187540015944,1.210556582904586,-0.20897015758735202
16012,-0.5753490322651249,0.05960546552681911,0.5266038734678046,-0.08671578523050993,0.19094887587899637,0.7244172253228549,-0.4769429155051793,0.4982737821135846,-0.5795073921244688,0.6008074168948148
16013,-0.8853408475842623,3.6976961396940635,3.1242996864270047,1.7917258008243429,2.081732476672656,0.7244172253228549,-1.3868613327010924,2.093703918648935,1.2529751605119093,0.8391066818667308
16014,-0.5453498243310149,0.05960546552681911,-0.07656804592435905,0.9282486201378379,-0.291475154520719,0.7244172253228549,-0.38888629448622003,0.45831918911168945,0.5742779187947323,-0.6124520518364657
16015,-0.8853408475842623,0.05960546552681911,-0.026609494618424642,-0.647218516553329,1.261856404077265,0.7244172253228549,-1.3868613327010924,0.7720386164688866,-1.4787812373997284,0.7430743995005278
16016,-0.8953405835622991,1.2468684386726134,0.5774295938008633,1.7614283558879744,0.1840678945381534,0.7244172253228549,-1.416213539707412,0.87677961485808,1.2190402984260504,-0.7555433005808716
16017,-0.4553522005286846,-0.9552142636712971,-0.9804886919945899,-0.9880647720874756,-0.8204247009218442,-1.3804199638603631,-0.12471643142934195,0.3351324491127689,-1.4957486684426577,-0.4548849591930755
16018,-0.5353500883529781,-0.3615827770984007,-0.4594392423088417,0.07992016191951734,-0.33925463995996075,0.7244172253228549,-0.35953408747990034,0.42848540700910653,-0.3674145040878509,-0.5327870514035039
16019,-0.4553522005286846,1.4011241767997944,1.3088300461592903,1.4130077391197355,0.5821695462056092,0.7244172253228549,-0.12471643142934195,0.5254902910609264,1.2020728673831211,0.24336534070018828
16020,-0.7553442798697854,0.05960546552681911,0.12244880121145435,-0.6244954328510525,0.37094757345694396,0.7244172253228549,-1.0052826416189355,0.654742336513445,-1.343041789056293,0.05545110962736881
16022,1.6745915627931307,-0.9552142636712971,-0.11853583545336038,-0.9880647720874756,-0.8204247009218442,-1.3804199638603631,1.1374284698424082,-1.6189906386859163,0.3112827376293262,0.5785020629256368
16023,-0.4653519365067213,0.05960546552681911,-0.010538585021383523,0.6782946994127971,-0.21888112266041226,0.7244172253228549,-0.15406863843566193,0.38560958947808205,0.3621850307581145,-0.2827267362580312
16024,-0.8053429597599688,-0.9552142636712971,-0.8455690318141558,-0.9880647720874756,-0.8204247009218442,-1.3804199638603631,-1.1520436766505342,0.6579983913082412,-1.7926787116939227,1.0440685108691155
16025,-0.6253477121553084,-0.9552142636712971,-0.4018931189745046,-0.9880647720874756,-0.8204247009218442,-1.3804199638603631,-0.6237039505367783,0.49537176327662863,-1.6399718323075578,0.8636922215369528
16026,-0.49535114444083134,-0.9552142636712971,-0.8948290843149568,-0.9880647720874756,-0.8204247009218442,-1.3804199638603631,-0.24212525945462107,0.3723543697909589,-1.5296835305285166,0.4997194792733506
16027,-0.0053640815170334765,0.8789251688960825,0.19689505149965922,0.6025510870718755,0.51909293010822,0.7244172253228549,1.1374284698424082,0.015061860403200993,0.6760825050523088,0.23539421498450647
16029,-0.5353500883529781,4.118884382319285,3.74484961766187,1.5493462413333943,2.8769134017150453,0.7244172253228549,-0.35953408747990034,2.7542355088444146,1.2784263070763036,1.5657240842651334
16030,2.1745783616949654,-0.9552142636712971,-0.6264904357132315,-0.9880647720874756,-0.8204247009218442,-1.3804199638603631,1.1374284698424082,-2.084173142770065,0.7354685137025618,0.6677483530095384
16031,-0.0053640815170334765,-0.3615827770984007,-0.22571225173983908,0.17838685796271528,-0.3790968540161701,0.7244172253228549,1.1374284698424082,-0.05715494649940992,0.2009944358502849,0.3467215941887782
16033,-0.8653413756281889,2.487376384667096,1.980905410807476,1.7690027171220666,1.3644462231462102,0.7244172253228549,-1.3281569186884528,1.1665822453563934,1.2444914449904447,0.15032002872340114
16034,1.0346084601987824,0.05960546552681911,-0.4054382748857583,0.0420483557490566,0.09116140329435662,0.7244172253228549,1.1374284698424082,-0.9999599298448831,0.9305939706962503,-0.7117697525934947
16036,-0.05536276140721694,-0.3615827770984007,0.03148162501531061,0.3450228051127425,-0.42783287848325874,0.7244172253228549,1.0493718488234491,-0.007683062072909602,0.3367338841937203,0.9271402902436416
16037,1.7745889225734977,0.05960546552681911,0.1261829784889357,-0.3215209834873665,0.4649407791826658,0.7244172253228549,1.1374284698424082,-1.6743899819024712,1.1511705742543328,-0.08655677651165047
16038,-0.8453419036721156,0.05960546552681911,-0.34594057165938225,0.4813613073264012,-0.14825585158074672,0.7244172253228549,-1.2694525046758134,0.7313858954435224,-0.1807727626156272,-0.70277079462541
16040,-0.2753569529240241,0.05960546552681911,0.4673192878305822,0.5495305584332305,-0.1745165488549514,0.7244172253228549,0.4036232946844138,0.22041739013947284,0.3876361773225086,0.42949303052995425
16041,-0.6153479761772717,0.05960546552681911,1.1666940385859035,-0.15488503633733927,-0.22370113218773416,0.7244172253228549,-0.5943517435304586,0.5637891560846865,-0.6982794094249747,1.3562345495722716
16042,-0.7053455999796019,0.6532369520997158,0.3936648059585061,1.3599872104810904,-0.18463315918180337,0.7244172253228549,-0.8585216065873364,0.6473327850805772,0.9221102551747855,-0.02414646272033576
16043,-0.5453498243310149,0.3863044476016779,0.04709833510027686,1.132756373458326,-0.12521476763646636,0.7244172253228549,-0.38888629448622003,0.47662226312613626,0.8033382378742796,-0.22522398465247245
16045,0.2746285258679939,0.3863044476016779,0.48357706874985673,0.29957663770818965,0.23433004156147158,0.7244172253228549,1.1374284698424082,-0.2690107199885241,0.5657942032732676,0.4112174519017538
16048,2.8045617283112767,-0.3615827770984007,-0.8293409915457927,-0.9880647720874756,-0.8204247009218442,0.7244172253228549,1.1374284698424082,-2.648922127409093,1.2699425915548388,-0.83594512383904
16049,-0.5253503523749414,0.05960546552681911,0.33480799681701606,-0.7305364901283425,1.6702598345742319,0.7244172253228549,-0.33018188047358055,0.4472696701394812,-1.2582046338416457,0.5924954949824354
16050,0.8146142686819752,-0.9552142636712971,-1.3200491209681924,-0.9880647720874756,-0.8204247009218442,-1.3804199638603631,1.1374284698424082,-0.8352818031161108,-0.41831679721663917,0.6480876987496389
16052,-0.38535404868242773,-0.9552142636712971,-0.5559415207375495,-0.9880647720874756,-0.8204247009218442,-1.3804199638603631,0.0807490176148963,0.27314877765778045,-1.4363626597924049,0.6638440606608972
16053,-0.5953485042211982,-0.3615827770984007,0.5791081644204855,-0.3139466222532744,-0.10284372840714015,0.7244172253228549,-0.5356473295178191,0.5017956271302259,-0.8594700043328043,1.9413511029971073
16054,0.5246219253189112,-0.9552142636712971,0.05720320623118073,-0.9880647720874756,-0.8204247009218442,-1.3804199638603631,1.1374284698424082,-0.5577145956283821,-0.6643445473391159,0.9929733286672654
16055,1.2846018596496998,-0.9552142636712971,-1.337999214973267,-0.9880647720874756,-0.8204247009218442,-1.3804199638603631,1.1374284698424082,-1.2680294583977068,-0.019582167707797648,-2.1143365546632853
16056,-0.47535167248475796,-0.9552142636712971,-0.07361246690889027,-0.9880647720874756,-0.8204247009218442,-1.3804199638603631,-0.1834208454419816,0.36096652213121916,-1.5127160994855873,0.8926947296682503
16057,-0.7653440158478221,1.074425194724936,0.8997016917560036,1.0418640386492202,-0.09819441829271904,0.7244172253228549,-1.0346348486252552,0.7529824434578543,0.523375625665944,-0.24695572143930433
16059,-0.26535721694598746,0.8789251688960825,0.5512449755886302,1.2918179593742611,0.18543648876431584,0.7244172253228549,0.4329755016907335,0.26303159255601816,1.2275240139475152,-0.4007102357967415
16062,-0.8253424317160422,0.3863044476016779,0.36415422833986355,1.700833466015237,-0.2568091847055168,0.7244172253228549,-1.2107480906631736,0.7406189600270514,1.2020728673831211,0.2851388165038507
16063,1.6745915627931307,-0.9552142636712971,-0.6167837622228376,-0.9880647720874756,-0.8204247009218442,-1.3804199638603631,1.1374284698424082,-1.6237904823807987,0.3112827376293262,0.5827186993896702
16065,2.724563840486983,-0.9552142636712971,-0.5342691336706565,-0.9880647720874756,-0.8204247009218442,-1.3804199638603631,1.1374284698424082,-2.5898512534096225,1.2020728673831211,0.44389929549809204
16066,-0.7553442798697854,0.6532369520997158,0.5843055203065523,-0.1776081200396157,1.043392646376342,0.7244172253228549,-1.0052826416189355,0.6986825985223274,-0.8425025732898749,0.21230740445200424
16070,-0.7053455999796019,-0.3615827770984007,0.12351217275832994,-0.9198955209806463,2.6374843977092453,0.7244172253228549,-0.8585216065873364,0.5922549721319225,-1.6230044012646285,0.43190713341318404
16071,-0.47535167248475796,-0.9552142636712971,-0.6385497316389623,-0.9880647720874756,-0.8204247009218442,-1.3804199638603631,-0.1834208454419816,0.35541875085348906,-1.5127160994855873,0.16913056911273133
16072,1.954584170178158,-0.9552142636712971,-0.1761274697203131,-0.9880647720874756,-0.8204247009218442,-1.3804199638603631,1.1374284698424082,-1.8774877331391902,0.5488267722303382,-0.10729491444130809
16073,2.0445817939804884,-0.9552142636712971,-1.4141481062182353,-0.9880647720874756,-0.8204247009218442,-1.3804199638603631,1.1374284698424082,-1.9679126565011018,0.6251802119235206,-1.2771851311768028
16076,-0.8953405835622991,1.5406654655354899,0.8896666687218026,0.5646792809014148,1.112860163123218,0.7244172253228549,-1.416213539707412,0.921622796671798,-0.12138675396537421,-0.08015499040005432
16078,1.9145852262660112,-0.9552142636712971,-1.7568365115700568,-0.9880647720874756,-0.8204247009218442,-1.3804199638603631,1.1374284698424082,-1.848938331791326,0.5148919101444793,-2.4489208935390168
16079,-0.7553442798697854,0.05960546552681911,0.4902469149952383,-0.8138544637033562,2.304409813797492,0.7244172253228549,-1.0052826416189355,0.662950534536039,-1.5551346770929109,0.6870658718208092
16080,-0.1053614412974004,-0.3615827770984007,-0.9610044584066441,0.4662125848582169,-0.46003646526692576,0.7244172253228549,0.9026108137918503,0.02947234741096953,0.43005475492983214,-0.9644214327759761
16081,-0.36535457672635435,0.6532369520997158,1.070884384571168,1.3599872104810904,-0.00423981653472815,0.7244172253228549,0.13945343162753596,0.3606901384576428,1.2190402984260504,0.7150509854031679
16083,0.08463354228529675,-0.3615827770984007,0.46977773631557185,0.9736947875423909,-0.5480429933710895,0.7244172253228549,1.1374284698424082,-0.1274177738382401,1.1681380052972623,1.189439831085044
16084,2.0645812659365617,-0.9552142636712971,-0.40819850106126715,-0.9880647720874756,-0.8204247009218442,-1.3804199638603631,1.1374284698424082,-1.9811843314001816,0.64214764296645,0.36991636982861664
16085,-0.6953458640015652,0.6532369520997158,0.2357846969082192,1.2615205144378925,0.026044565750983722,0.7244172253228549,-0.8291693995810168,0.6345914664974427,0.8287893844386737,-0.2126334953933393
16086,-0.3353553687922443,0.6532369520997158,0.3416393487010113,1.337264126778814,0.00027621515309949766,0.7244172253228549,0.22751005264649524,0.3054558682648437,1.2190402984260504,-0.45273778929919756
16091,0.6246192850992781,-0.3615827770984007,-0.6661947725922471,-0.6623672390215132,0.4763288106249656,0.7244172253228549,1.1374284698424082,-0.6409847515353124,-0.20622390918002134,-0.76261594913842
16092,0.22462984597781044,0.05960546552681911,0.09088835609263339,0.06477143945133304,0.06924892719790009,0.7244172253228549,1.1374284698424082,-0.24801978676686373,0.2603804445005379,0.3353779753687283
16093,0.1446319581535169,-0.9552142636712971,-2.945092385899738,-0.9880647720874756,-0.8204247009218442,-1.3804199638603631,1.1374284698424082,-0.22043943281546524,-0.986725737154775,-2.215030098646801
16094,-0.8053429597599688,0.3863044476016779,0.31045476337818556,0.5798280033695992,-0.18823338230509185,0.7244172253228549,-1.1520436766505342,0.7209711410443518,-0.03654959875072707,0.05149094177791121
16096,1.7145905067052774,-0.9552142636712971,-0.6523263119917172,-0.9880647720874756,-0.8204247009218442,-1.3804199638603631,1.1374284698424082,-1.6608565916392095,0.345217599715185,0.004604913082443595
16097,1.4745968432323968,-0.9552142636712971,-1.0876221990729695,-0.9880647720874756,-0.8204247009218442,-1.3804199638603631,1.1374284698424082,-1.442126173880949,0.14160842720003192,-0.6290969629912271
16098,-0.04536302542918024,1.074425194724936,0.8036890246227092,1.178202540862879,0.39730359030548107,0.7244172253228549,1.0787240558297684,0.08590896673229421,1.2784263070763036,-0.6219327584773674
16099,-0.42535299259457454,0.05960546552681911,0.0026897075574435552,0.3374484438786504,-0.08509024311034788,0.7244172253228549,-0.03665981041038266,0.348982406395894,0.022836409899525918,-0.07125424153839009
16101,-0.215358537055804,-0.9552142636712971,0.4533740310385236,-0.9880647720874756,-0.8204247009218442,-1.3804199638603631,0.5797365367223325,0.13185619767481865,-1.2921394959275048,1.7543685683181554
16102,-0.505350880418868,0.05960546552681911,0.7361020586036623,-0.33666970595555085,0.49973549618605567,0.7244172253228549,-0.2714774664609409,0.44082305971328883,-0.8000839956825513,0.7824178727185493
16103,-0.8553416396501522,0.8789251688960825,0.534621097987265,0.72374086681735,0.4493366181807935,0.7244172253228549,-1.298804711682133,0.8057091297538281,0.09070613407124363,-0.5560903486114662
16104,-0.3053561608581342,-0.9552142636712971,-0.6988103160604779,-0.9880647720874756,-0.8204247009218442,-1.3804199638603631,0.31556667366545454,0.19852012527983592,-1.3684929356206872,-0.2495031695906764
16105,1.5645944670347272,-0.9552142636712971,-0.6129151991488696,-0.9880647720874756,-0.8204247009218442,-1.3804199638603631,1.1374284698424082,-1.5224941336463644,0.21796186689321434,0.8372583507331147
16106,-0.26535721694598746,-0.9552142636712971,-1.5100602424366183,-0.9880647720874756,-0.8204247009218442,-1.3804199638603631,0.4329755016907335,0.15851670042332833,-1.3345580735348281,-0.8060280125591635
16107,-0.7453445438917486,1.074425194724936,1.1761187571641027,0.2617048315377289,1.0115561688271872,0.7244172253228549,-0.9759304346126154,0.7499877686818337,-0.34196335752345675,0.09320144339823294
16108,-0.07536223336329032,-0.9552142636712971,0.1144655810349264,-0.9880647720874756,-0.8204247009218442,-1.3804199638603631,0.9906674348108093,-0.004375519198298151,-1.1733674786269988,1.524764300869792
16109,1.2646023876936263,-0.3615827770984007,-0.13953668194009813,-0.3139466222532744,-0.10284372840714015,0.7244172253228549,1.1374284698424082,-1.2253259074984184,0.7269847981810972,0.7539438721166178
16110,-0.47535167248475796,0.05960546552681911,0.4816661713285448,1.0267153161810358,-0.3130703905466348,0.7244172253228549,-0.1834208454419816,0.4049357837418895,0.7439522292240266,0.5057514600500107
16112,0.5046224533628378,0.3863044476016779,-1.0431923010636335,0.48893566856049336,0.12615681346113924,0.7244172253228549,1.1374284698424082,-0.4995149684065998,0.9814962638250385,-0.08015499040005432
16113,0.9046118924843054,-0.9552142636712971,-1.1958396731213483,-0.9880647720874756,-0.8204247009218442,-1.3804199638603631,1.1374284698424082,-0.9177539543265477,-0.34196335752345675,0.14439510996113988
16114,0.7846150607478651,-0.9552142636712971,-1.3324551995022726,-0.9880647720874756,-0.8204247009218442,-1.3804199638603631,1.1374284698424082,-0.807698079790135,-0.44376794378103335,-1.3963178252120911
16115,-0.8253424317160422,1.2468684386726134,0.657160281780653,1.1479050959265102,0.5640971940659116,0.7244172253228549,-1.2107480906631736,0.8149438905240796,0.5912453498376617,-0.23069540327350493
16116,1.1946042358473694,-0.9552142636712971,-0.13836970133159973,-0.9880647720874756,-0.8204247009218442,-1.3804199638603631,1.1374284698424082,-1.1773414087054448,-0.09593560740098007,0.5221718867021694
16117,0.9746100443305623,-0.9552142636712971,-0.9079514415369606,-0.9880647720874756,-0.8204247009218442,-1.3804199638603631,1.1374284698424082,-0.9810376926752736,-0.2825773488732038,-0.18871879929522678
16119,-0.8453419036721156,-0.3615827770984007,-0.4318680451373829,-0.5033056531055781,0.13843421718589066,0.7244172253228549,-1.2694525046758134,0.7141181235968788,-1.2751720648845752,-0.27661144040879315
16120,-0.3353553687922443,0.3863044476016779,0.464646858452346,-0.9880647720874756,-0.8204247009218442,0.7244172253228549,0.22751005264649524,0.2920574952624803,-1.3939440821850813,0.3876265993843767
16121,-0.3553548407483177,-0.3615827770984007,0.13733641415103234,0.20868430289908388,-0.3867888893693912,0.7244172253228549,0.16880563863385561,0.27027900641619484,-0.06200074531512122,0.7060520274350821
16122,-0.1953590650997306,0.3863044476016779,-0.050575552254723495,1.2312230695015238,-0.15228106020157864,0.7244172253228549,0.6384409507349721,0.15293368250930975,1.2190402984260504,0.6638440606608972
16123,-0.4053535206385011,-0.9552142636712971,-0.6847269932978628,-0.9880647720874756,-0.8204247009218442,-1.3804199638603631,0.02204460360225668,0.2906720890902507,-1.4533300908353342,0.106223543399117
16124,2.244576513541222,-0.9552142636712971,-0.8526629284383938,-0.9880647720874756,-0.8204247009218442,-1.3804199638603631,1.1374284698424082,-2.1499647732350367,0.7948545223528148,-1.2771851311768028
16125,2.744563312443056,-0.9552142636712971,-0.7336695401655255,-0.9880647720874756,-0.8204247009218442,-1.3804199638603631,1.1374284698424082,-2.609619494467545,1.2190402984260504,-0.240612633975855
16126,-0.6353474481333451,0.3863044476016779,1.7121343291574678,1.034289677415128,-0.09584693797306118,0.7244172253228549,-0.6530561575430981,0.6498166374998795,0.6251802119235206,1.363013960415499
16127,-0.5353500883529781,-0.9552142636712971,-0.08395095790401658,-0.9880647720874756,-0.8204247009218442,-1.3804199638603631,-0.35953408747990034,0.4160635177731769,-1.5636183926143754,0.8135992511069696
16128,-0.7453445438917486,0.6532369520997158,0.7523652463845324,1.0115665937128515,0.11125027016742436,0.7244172253228549,-0.9759304346126154,0.6953474728108086,0.5064081946230146,0.27184297214980735
16131,-0.4053535206385011,0.8789251688960825,1.247814783579116,0.4359151399218483,0.15531463907174475,0.7244172253228549,0.02204460360225668,0.4254527351165828,0.14160842720003192,0.7333222154175011
16133,-0.8853408475842623,3.192823669993736,2.381413584387444,1.390284655417459,2.420447208050764,0.7244172253228549,-1.3868613327010924,1.4937415457733976,0.8033382378742796,0.6130353444175348
16134,-0.7053455999796019,-0.3615827770984007,-0.13151915547889298,1.5644949638015784,-0.6083122002356601,0.7244172253228549,-0.8585216065873364,0.5884201434344078,1.1511705742543328,0.20226371799679158
16135,1.7045907707272407,-0.9552142636712971,-0.27245250887028993,-0.9880647720874756,-0.8204247009218442,-1.3804199638603631,1.1374284698424082,-1.6484237829440271,0.3367338841937203,0.33362243854839113
16136,-0.3253556328142076,0.05960546552681911,-0.022130093567626585,0.6555716157105206,-0.2139822258564771,0.7244172253228549,0.2568622596528149,0.2565502769410826,0.463989617015691,-0.05616038400862638
16139,-0.7353448079137119,0.05960546552681911,-0.10957575249129377,0.42834077868775616,-0.12952156724608394,0.7244172253228549,-0.9465782276062956,0.6327973230862499,-0.13835418500830363,-0.3720900596305994
16140,-0.26535721694598746,-0.3615827770984007,-0.004635813061917162,1.3221154043106298,-0.5871375895947308,0.7244172253228549,0.4329755016907335,0.1850967850747825,1.2529751605119093,0.9485149134435078
16141,-0.04536302542918024,-0.9552142636712971,-0.128557295864625,-0.9880647720874756,-0.8204247009218442,-1.3804199638603631,1.0787240558297684,-0.035633344615266696,-1.1479163320626045,0.4768021858123491
16142,1.5745942030127638,-0.9552142636712971,-0.2456265530233893,-0.9880647720874756,-0.8204247009218442,-1.3804199638603631,1.1374284698424082,-1.5284502007692364,0.22644558241467905,1.1087213819497126
16143,-0.8953405835622991,0.8789251688960825,0.9546015820731558,1.7765770783561585,0.036319681251577404,0.7244172253228549,-1.416213539707412,0.8588413460821497,1.23600772946898,-0.008480164684847101
16144,1.5445949950786537,-0.9552142636712971,-1.1308815660182785,-0.9880647720874756,-0.8204247009218442,-1.3804199638603631,1.1374284698424082,-1.5067317697846414,0.2009944358502849,-2.4489208935390168
16145,-0.8353421676940789,1.6680566812978321,1.3116075182704803,1.6705360210788684,0.7203962747779672,0.7244172253228549,-1.2401002976694935,0.9084963184134914,1.1596542897757975,0.6712857984403662
16146,0.6446187570553514,0.05960546552681911,0.005105810989037975,-0.4275620407646566,0.6457234084718455,0.7244172253228549,1.1374284698424082,-0.6360568990206819,0.0737387030283142,-0.08912789435344524
16147,0.41462482956050756,-0.9552142636712971,-0.5280903010605789,-0.9880647720874756,-0.8204247009218442,-1.3804199638603631,1.1374284698424082,-0.46314451611328394,-0.7576654180752277,0.5132455017656118
16148,2.0345820580024516,-0.9552142636712971,-1.785920264042954,-0.9880647720874756,-0.8204247009218442,-1.3804199638603631,1.1374284698424082,-1.9594613129079579,0.6166964964020558,-0.83594512383904
16149,-0.8753411116062256,-0.3615827770984007,-0.7582303771279139,0.04962271698314875,-0.32975956129137063,0.7244172253228549,-1.3575091256947727,0.7393967881795693,-0.68979569390351,-0.0025132190580743627
16150,-0.49535114444083134,0.6532369520997158,0.8222523648710467,1.5039000739288413,-0.04678846705537168,0.7244172253228549,-0.24212525945462107,0.46802071345046414,1.261458876033374,0.33572874885706816
16152,1.7645891865954608,-0.9552142636712971,0.7304295366967728,-0.9880647720874756,-0.8204247009218442,-1.3804199638603631,1.1374284698424082,-1.6821742863972053,0.3876361773225086,1.5722463622238558
16153,-0.42535299259457454,0.6532369520997158,0.7283365275764246,1.3221154043106298,0.00714561588033925,0.7244172253228549,-0.03665981041038266,0.3998280142611452,1.117235712168474,0.36275216531475685
16156,-0.8353421676940789,1.4011241767997944,1.1554773937561398,1.2993923206083533,0.6383708485299057,0.7244172253228549,-1.2401002976694935,0.8644480861358049,0.7439522292240266,-0.06620005132650432
16157,-0.7653440158478221,0.05960546552681911,-0.08341873689764677,-0.5639005429783153,0.9733219108115574,0.7244172253228549,-1.0346348486252552,0.6607649224969167,-1.2751720648845752,-0.31697847925932215
16159,1.8945857543099378,-0.9552142636712971,-0.5868960893743584,-0.9880647720874756,-0.8204247009218442,-1.3804199638603631,1.1374284698424082,-1.8261184151237337,0.49792447910154986,0.467500738359897
16160,-0.2753569529240241,-0.3615827770984007,0.270570863142233,-0.8365775474056326,1.465128892601692,0.7244172253228549,0.4036232946844138,0.199222547924088,-1.164883763105534,1.4619203210784004
16161,-0.9053403195403357,2.41594390599791,1.616547975220134,1.7917258008243429,1.4364185524855564,0.7244172253228549,-1.4455657467137322,1.133835270402207,1.23600772946898,-0.13278926772802527
16162,1.5945936749688372,-0.9552142636712971,-2.342526761802989,-0.9880647720874756,-0.8204247009218442,-1.3804199638603631,1.1374284698424082,-1.555021060280583,0.24341301345760846,-3.8034759839245136
16163,1.3945989554081033,-0.3615827770984007,0.1276494983316405,0.011750910812688004,-0.3130703905466348,0.7244172253228549,1.1374284698424082,-1.340998537432824,1.2020728673831211,-0.5213168375334848
16164,-0.7553442798697854,0.05960546552681911,0.09536265821958556,-0.7987057412351719,2.232104630777091,0.7244172253228549,-1.0052826416189355,0.6542749022541092,-1.5296835305285166,-0.07379001752305032
16168,-0.8153426957380054,2.9085646272923156,1.30911557723069,1.7311309109516058,1.9245311707784056,0.7244172253228549,-1.1813958836568539,1.1534802519240075,1.2444914449904447,-0.8655391839103046
16169,-0.8453419036721156,0.3863044476016779,0.7277873432273787,-0.48058256940330163,1.3036505260100846,0.7244172253228549,-1.2694525046758134,0.7699981934042485,-1.2497209183201812,0.84143048433169
16170,-0.4153532566165378,0.8789251688960825,0.7544044748149611,0.5040843910286776,0.5862300292025944,0.7244172253228549,-0.007307603404062988,0.4080926308828761,0.2094781513717496,0.7135562306409696
16171,-0.3353553687922443,-0.9552142636712971,-1.8186762955521565,-0.9880647720874756,-0.8204247009218442,-1.3804199638603631,0.22751005264649524,0.22238452679677548,-1.3939440821850813,-2.0220443089501843
16172,0.0246351264170766,0.6532369520997158,0.354863724949279,0.11779196808997809,0.3774269800466337,0.7244172253228549,1.1374284698424082,-0.025663171658438337,0.15857585824296133,0.021503954816486183
16173,-0.7653440158478221,0.8789251688960825,0.5283034532271225,-0.36696715089191945,1.754242283649199,0.7244172253228549,-1.0346348486252552,0.7226668168811102,-1.0630791768479575,-0.5232203044397166
16174,0.33462694173621405,0.05960546552681911,0.2581632265363191,-0.7987057412351719,2.232104630777091,0.7244172253228549,1.1374284698424082,-0.34614862532403284,-0.6049585386888628,0.37500541664710685
16175,0.014635390439039907,0.3863044476016779,0.27992923245551055,0.11021760685588594,0.3774269800466337,0.7244172253228549,1.1374284698424082,-0.034612637633138106,0.14160842720003192,-0.16159349361476366
16177,-0.42535299259457454,-0.9552142636712971,-0.6247927470141293,-0.9880647720874756,-0.8204247009218442,-1.3804199638603631,-0.03665981041038266,0.309480721856225,-1.4702975218782637,-0.5327870514035039
16178,0.4546237734726543,-0.9552142636712971,-1.034508634706128,-0.9880647720874756,-0.8204247009218442,-1.3804199638603631,1.1374284698424082,-0.5028713797956732,-0.7237305559893689,-0.5443773744085973
16179,-0.31535589683617093,-0.9552142636712971,-0.9658676230960763,-0.9880647720874756,-0.8204247009218442,-1.3804199638603631,0.28621446665913486,0.20630873786035478,-1.3769766511421517,-0.487602584508457
16180,0.07463380630726006,1.2468684386726134,2.1010358204740993,0.16323813549453098,1.1283005771249028,0.7244172253228549,1.1374284698424082,0.12705151083325678,0.25189672897907317,1.719321227428067
16181,-0.1953590650997306,-0.9552142636712971,-0.6905172012472713,-0.9880647720874756,-0.8204247009218442,-1.3804199638603631,0.6384409507349721,0.09730274721241827,-1.2751720648845752,-0.016888300756974145
16182,-0.2053588010777673,0.3863044476016779,1.75279330022623,0.6934434218809814,0.02846838690587006,0.7244172253228549,0.6090887437286524,0.2593497769327519,0.6082127808805912,2.0028178015053633
16183,-0.25535748096795075,-0.9552142636712971,-0.6088078085027809,-0.9880647720874756,-0.8204247009218442,-1.3804199638603631,0.4623277086970535,0.15308410068867145,-1.3260743580133636,-0.34257189077104117
16184,-0.28535668890206084,0.8789251688960825,0.3677072366572143,0.12536632932407024,0.9338534583301575,0.7244172253228549,0.3742710876780942,0.27651150753347686,-0.10441932292244478,-0.5502183680856217
16185,-0.7553442798697854,-0.3615827770984007,-0.2544683750960766,0.6404228932423364,-0.49602614020665214,0.7244172253228549,-1.0052826416189355,0.6329987956178947,0.08222241854977891,-0.18871879929522678
16186,-0.6953458640015652,1.7852452398084835,1.3538741056441752,1.6553872986106843,0.6058128905654129,0.7244172253228549,-0.8291693995810168,0.7994812028751529,1.261458876033374,0.5383522719271335
16187,-0.6053482401992349,2.0892449239230517,1.787332935032043,0.9206742589037459,1.130081707437097,0.7244172253228549,-0.5649995365241388,0.8136349381587374,0.5148919101444793,0.8588930326762637
16188,-0.47535167248475796,0.3863044476016779,0.2360679462975173,0.5116587522627698,0.11419346125134072,0.7244172253228549,-0.1834208454419816,0.4155837820819802,0.16705957376442604,0.2600766348749314
16189,-0.7653440158478221,-0.3615827770984007,-0.9671523614299002,-0.46543384693511736,0.06924892719790009,0.7244172253228549,-1.0346348486252552,0.6370616966466109,-1.1733674786269988,-0.9144791690972895
16190,-0.5253503523749414,-0.9552142636712971,-0.9686231796946885,-0.9880647720874756,-0.8204247009218442,-1.3804199638603631,-0.33018188047358055,0.39962909171030697,-1.5551346770929109,-0.6165898724803326
16191,-0.8953405835622991,1.8937448980942,1.5581164972968145,1.7159821884834214,0.5814202433809593,0.7244172253228549,-1.416213539707412,1.0193098719838087,1.1681380052972623,0.5647682498630351
16193,1.4445976352982868,-0.9552142636712971,-0.66773113967565,-0.9880647720874756,-0.8204247009218442,-1.3804199638603631,1.1374284698424082,-1.4123871411678157,0.11615728063563777,0.3851138497622375
16198,-0.17535959314365723,-0.9552142636712971,-0.47554744970836865,-0.9880647720874756,-0.8204247009218442,-1.3804199638603631,0.6971453647476117,0.08044890059841014,-1.2582046338416457,-0.19720057055511253
16200,-0.8853408475842623,-0.3615827770984007,0.312213977543707,0.21625866413317602,-0.39176929865306626,0.7244172253228549,-1.3868613327010924,0.7617119075022827,-0.5031539524312864,0.5806123890809932
16201,-0.8953405835622991,0.3863044476016779,0.7452526014270158,-0.18518248127370787,0.7127938484288563,0.7244172253228549,-1.416213539707412,0.8166933249996174,-0.9612745905903809,0.8084629739868701
16202,2.684564896574836,-0.9552142636712971,-0.5489410214702845,-0.9880647720874756,-0.8204247009218442,-1.3804199638603631,1.1374284698424082,-2.5531377268803013,1.1681380052972623,0.23443381081735964
16203,-0.3353553687922443,0.3863044476016779,-0.16455448522412297,1.3827102941833669,-0.19179284752533,0.7244172253228549,0.22751005264649524,0.2803226507512081,1.261458876033374,-0.9391686477427699
16204,-0.6953458640015652,-0.9552142636712971,-0.4656525584854029,-0.9880647720874756,-0.8204247009218442,-1.3804199638603631,-0.8291693995810168,0.5592597419157256,-1.699357840957811,0.44389929549809204
16205,-0.6153479761772717,0.3863044476016779,0.034051905350716005,0.13294069055816238,0.3582006545440329,0.7244172253228549,-0.5943517435304586,0.540859875382276,-0.3674145040878509,-0.19507402670562624
16206,-0.37535431270439107,0.3863044476016779,-0.24308026179445943,1.0721614835855888,-0.10970577992671149,0.7244172253228549,0.11010122462121627,0.31623303576659134,0.8881753930889267,-0.8983202582722637
16207,-0.6753463920454919,-0.9552142636712971,-0.48812141400386283,-0.9880647720874756,-0.8204247009218442,-1.3804199638603631,-0.7704649855683771,0.5406614791423853,-1.6823904099148814,-0.10729491444130809
16208,-0.47535167248475796,-0.3615827770984007,-0.07431745754691196,0.8600793690310087,-0.532294651063532,0.7244172253228549,-0.1834208454419816,0.37743131630348525,0.5573104877518029,0.08333333286629457
16209,-0.03536328945114355,0.6532369520997158,0.8995260475687663,0.20110994166499171,0.5889504506241978,0.7244172253228549,1.1080762628360883,0.04796424184721513,0.2009944358502849,0.46656628010836754
16210,-0.9053403195403357,2.3408466559766334,2.6743373075582144,1.8295976069948037,1.2466283094402684,0.7244172253228549,-1.4455657467137322,1.3714880884779392,1.2784263070763036,1.1033294902883743
16211,-0.03536328945114355,-0.9552142636712971,-0.2284936322598249,-0.9880647720874756,-0.8204247009218442,-1.3804199638603631,1.1080762628360883,-0.04604191556979248,-1.13943261654114,-0.0025132190580743627
16212,-0.7353448079137119,-0.3615827770984007,-0.043736256263473564,1.0115665937128515,-0.5519557065721653,0.7244172253228549,-0.9465782276062956,0.6172228330728462,0.5064081946230146,-0.2584656941316199
16213,-0.13536064923151048,-0.9552142636712971,-1.2075822121455324,-0.9880647720874756,-0.8204247009218442,-1.3804199638603631,0.8145541927728907,0.03966394466568321,-1.2242697717557869,-1.2771851311768028
16214,0.7846150607478651,0.05960546552681911,0.298965143829729,-0.24577737114644505,0.36136126590738293,0.7244172253228549,1.1374284698424082,-0.759561231339394,0.3876361773225086,-0.10729491444130809
16215,-0.11536117727543709,-0.9552142636712971,-0.8741035846429323,-0.9880647720874756,-0.8204247009218442,-1.3804199638603631,0.8732586067855304,0.022616914828688085,-1.2073023407128576,-0.4335984236724724
16216,1.7445897146393876,-0.9552142636712971,0.17998005549095272,-0.9880647720874756,-0.8204247009218442,-1.3804199638603631,1.1374284698424082,-1.6787383916911491,0.3706687462795792,0.5485270778263333
16217,1.4245981633422133,-0.3615827770984007,-0.6938709709399045,-0.6396441553192368,0.4109327335165717,0.7244172253228549,1.1374284698424082,-1.3776671642569283,0.49792447910154986,-1.3351494598622453
16218,-0.6253477121553084,1.074425194724936,1.1459064383967685,1.6099411312061314,0.08226675169320585,0.7244172253228549,-0.6237039505367783,0.6375544183174431,1.2784263070763036,0.7257751749163275
16221,-0.5553495603090515,0.05960546552681911,0.13527252466651493,1.5114744351629334,-0.4048922762460101,0.7244172253228549,-0.4182385014925398,0.47084292876163025,1.2190402984260504,0.4814237613499617
16222,2.2545762495192587,-0.9552142636712971,0.11843437453019359,-0.9880647720874756,-0.8204247009218442,-1.3804199638603631,1.1374284698424082,-2.149378071443673,0.8033382378742796,0.9485149134435078
16224,-0.3553548407483177,0.3863044476016779,0.45620111868479357,0.4662125848582169,0.13843421718589066,0.7244172253228549,0.16880563863385561,0.31024337386801415,0.22644558241467905,0.6520478665990965
16225,-0.47535167248475796,0.6532369520997158,0.32367457220289697,0.7691870342219028,-0.005734038317163346,0.7244172253228549,-0.1834208454419816,0.4339335503704935,0.463989617015691,-0.49203892605129623
16226,1.1046066120450393,0.05960546552681911,-0.8334291616046526,-0.7456852125965269,1.813744674167018,0.7244172253228549,1.1374284698424082,-1.0673955264360984,0.09918984959270834,-0.9644214327759761
16227,1.3246008035618464,-0.9552142636712971,-0.6683111970311582,-0.9880647720874756,-0.8204247009218442,-1.3804199638603631,1.1374284698424082,-1.3019151141537606,0.014352694378061205,-0.5919918438892852
16229,-0.05536276140721694,-0.3615827770984007,0.25898911466982927,-0.04126961782595703,-0.2838607375543317,0.7244172253228549,1.0493718488234491,-0.0035595480739742023,-0.08745189187951535,0.032628327179803525
16230,0.9746100443305623,-0.3615827770984007,-0.23576814947445404,-0.7608339350647112,0.8679703506073949,0.7244172253228549,1.1374284698424082,-0.9594871547791948,-0.028065883229262362,0.18431415059479042
16232,-0.4853514084627947,0.3863044476016779,0.24333310140079262,0.3071509989422818,-0.07400694302481724,0.7244172253228549,-0.21277305244830141,0.4249378816404023,-0.07048446083658592,-0.1270962606456714
16233,-0.215358537055804,0.05960546552681911,-0.24364211330508978,1.2463717919697082,-0.3586139037076814,0.7244172253228549,0.5797365367223325,0.15245128872533165,1.210556582904586,-1.0716211864298808
16235,-0.5153506163969047,0.6532369520997158,0.1375196120438471,1.2160743470333397,0.03830547401167853,0.7244172253228549,-0.30082967346726086,0.46700672575779684,0.9221102551747855,-0.9308774798871711
16236,-0.14536038520954717,-0.9552142636712971,-0.4154716495101136,-0.9880647720874756,-0.8204247009218442,-1.3804199638603631,0.785201985766571,0.053346357670697765,-1.2327534872772516,0.19332531895270902
16239,-0.3553548407483177,-0.3615827770984007,-0.44922231010600294,0.011750910812688004,-0.3130703905466348,0.7244172253228549,0.16880563863385561,0.2628585489890746,-0.2825773488732038,-0.3329048796889562
16240,-0.6853461280235285,-0.3615827770984007,1.2945409166965534,-0.5866236266805918,0.2984145979367984,0.7244172253228549,-0.799817192574697,0.6208094065083516,-1.2412372027987164,1.8434143136292305
16241,-0.8253424317160422,1.8937448980942,1.0124162873590474,1.738705272185698,0.8023710973661774,0.7244172253228549,-1.2107480906631736,0.9127154741233875,1.2444914449904447,-0.3545868335293752
16242,-0.8453419036721156,1.074425194724936,1.2694363544347143,1.0418640386492202,0.45746163766288755,0.7244172253228549,-1.2694525046758134,0.848588949018793,0.4555059014942263,0.6683049865305439
16243,-0.5853487682431616,-0.3615827770984007,-0.459051305125985,-0.8290031861715405,1.392823709581291,0.7244172253228549,-0.5062951225114992,0.47452026518522405,-1.42787894427094,-1.1293838083752317
16244,1.1946042358473694,-0.3615827770984007,0.5847649400461054,0.22383302536726815,-0.394216743645058,0.7244172253228549,1.1374284698424082,-1.1459580397283886,1.2699425915548388,1.1230204922196942
16245,-0.6853461280235285,0.05960546552681911,0.5256880733201083,0.776761395455995,-0.24888296839804808,0.7244172253228549,-0.799817192574697,0.5995165553125101,0.28583159106493206,0.8636922215369528
16247,0.7746153247698284,-0.9552142636712971,-1.4663506912371083,-0.9880647720874756,-0.8204247009218442,-1.3804199638603631,1.1374284698424082,-0.7988389395368147,-0.45225165930249805,0.18129405122264516
16248,-0.3053561608581342,-0.9552142636712971,-1.2382883485787104,-0.9880647720874756,-0.8204247009218442,-1.3804199638603631,0.31556667366545454,0.19607203460230443,-1.3684929356206872,-0.7485155580311258
16249,-0.39535378466046445,0.6532369520997158,0.7177394800589411,0.42076641745366405,0.41612425923042917,0.7244172253228549,0.05139681060857664,0.3718132290577375,0.13312471167856718,0.2286538199639716
16250,1.6845912987711673,-0.3615827770984007,-0.49812037439250484,-0.13973631386915497,-0.2284441534955728,0.7244172253228549,1.1374284698424082,-1.6156356382630128,1.2784263070763036,-0.4335984236724724
16253,-0.25535748096795075,-0.3615827770984007,1.287035647777105,0.4359151399218483,-0.4529446866488054,0.7244172253228549,0.4623277086970535,0.22436535118164344,0.2688641600220026,2.593321480593734
16255,-0.7553442798697854,1.2468684386726134,1.0160780407306271,1.6478129373765922,0.3546095452567129,0.7244172253228549,-1.0052826416189355,0.7660962194814632,1.2020728673831211,0.39450739185387884
16256,1.7445897146393876,-0.9552142636712971,0.024660543588992355,-0.9880647720874756,-0.8204247009218442,-1.3804199638603631,1.1374284698424082,-1.6814007845107102,0.3706687462795792,1.4619203210784004
16257,0.8446134766160853,-0.9552142636712971,-2.1658959592209905,-0.9880647720874756,-0.8204247009218442,-1.3804199638603631,1.1374284698424082,-0.8643908727282466,-0.39286565065224505,-4.368891362507822
16258,-0.47535167248475796,0.6532369520997158,1.5616372487212762,0.3222997214104661,0.4879250851336449,0.7244172253228549,-0.1834208454419816,0.5012255698447632,-0.03654959875072707,1.4952655573528204
16260,-0.4153532566165378,-0.9552142636712971,0.2782888968563758,-0.9880647720874756,-0.8204247009218442,-1.3804199638603631,-0.007307603404062988,0.3118005184934524,-1.461813806356799,0.7718257753033072
16261,-0.7553442798697854,0.3863044476016779,0.01872747479736371,0.7388895892855343,0.006376623739559673,0.7244172253228549,-1.0052826416189355,0.6695099167030757,0.1925107203288202,-0.7697340812789379
16265,-0.8353421676940789,1.4011241767997944,1.5979994433293612,1.700833466015237,0.338721483884279,0.7244172253228549,-1.2401002976694935,0.9025401280420471,1.2020728673831211,0.7098104885444483
16266,-0.18535932912169392,1.074425194724936,0.13253996320326866,0.011750910812688004,1.0630565570768513,0.7244172253228549,0.6677931577412918,0.19605840898897728,-0.14683790052976836,-1.0932720622214485
16268,-0.215358537055804,-0.3615827770984007,-0.07027524300020986,-0.9880647720874756,-0.8204247009218442,0.7244172253228549,0.5797365367223325,0.13812263471192363,-1.2921394959275048,0.6014972677947967
16270,2.604567008750543,-0.9552142636712971,0.355581173897944,-0.9880647720874756,-0.8204247009218442,-1.3804199638603631,1.1374284698424082,-2.4667737384724093,1.1002682811255444,1.6487269621321934
16271,-0.8953405835622991,0.6532369520997158,0.5343987129269289,1.700833466015237,-0.09584693797306118,0.7244172253228549,-1.416213539707412,0.8260533805732718,1.142686858732868,0.3262186267745434
16272,0.24462931793388382,-0.9552142636712971,-0.4540252671438792,-0.9880647720874756,-0.8204247009218442,-1.3804199638603631,1.1374284698424082,-0.3060358482261112,-0.9018885819401279,0.4099882838318583
16274,2.8045617283112767,-0.9552142636712971,-0.5649956888924932,-0.9880647720874756,-0.8204247009218442,-1.3804199638603631,1.1374284698424082,-2.6637334527607424,1.2699425915548388,0.004604913082443595
16275,1.0446081961768192,-0.9552142636712971,-0.21006133959683496,-0.9880647720874756,-0.8204247009218442,-1.3804199638603631,1.1374284698424082,-1.040113539652628,-0.22319134022295078,0.8571427010473275
16276,0.8446134766160853,-0.9552142636712971,0.08380605154514933,-0.9880647720874756,-0.8204247009218442,-1.3804199638603631,1.1374284698424082,-0.8518792648718951,-0.39286565065224505,1.1034755629686506
16278,0.07463380630726006,-0.9552142636712971,-0.20088381151866302,-0.9880647720874756,-0.8204247009218442,-1.3804199638603631,1.1374284698424082,-0.14699420123215975,-1.046111745805028,-0.3329048796889562
16279,-0.7153453359576386,0.05960546552681911,0.5778614143293294,0.18596121919680741,-0.00423981653472815,0.7244172253228549,-0.8878738135936562,0.6287070531850362,-0.39286565065224505,0.9063924337797274
16281,-0.2053588010777673,-0.9552142636712971,0.8257447737063699,-0.9880647720874756,-0.8204247009218442,-1.3804199638603631,0.6090887437286524,0.13528780955349387,-1.28365578040604,1.9866588906803373
16282,2.474570441036066,-0.9552142636712971,-1.1626506024913361,-0.9880647720874756,-0.8204247009218442,-1.3804199638603631,1.1374284698424082,-2.3630322328399127,0.9899799793465033,-0.3329048796889562
16283,-0.8653413756281889,0.6532369520997158,0.609460830716126,0.5419561971991385,0.3380689670979753,0.7244172253228549,-1.3281569186884528,0.8007539083667006,-0.12987046948683892,0.5186099665464567
16284,-0.6153479761772717,-0.3615827770984007,0.0968003171406821,-0.8441519086397248,1.542679827616961,0.7244172253228549,-0.5943517435304586,0.5089364257642027,-1.4702975218782637,0.6240244525017367
16287,0.7746153247698284,-0.9552142636712971,-1.2941385603388214,-0.9880647720874756,-0.8204247009218442,-1.3804199638603631,1.1374284698424082,-0.7983811718114084,-0.45225165930249805,0.7247179964852518
16292,0.2946279978240673,-0.9552142636712971,-0.6990987380579996,-0.9880647720874756,-0.8204247009218442,-1.3804199638603631,1.1374284698424082,-0.35386065357476426,-0.8594700043328043,0.23443381081735964
16293,-0.7053455999796019,1.5406654655354899,0.8947229832684082,1.6250898536743157,0.07788489942818372,0.7244172253228549,-0.8585216065873364,0.7469364226188582,1.2190402984260504,-0.49649312012327845
16295,-0.8253424317160422,0.3863044476016779,0.47634254422021166,-0.5790492654464996,1.597603606003435,0.7244172253228549,-1.2107480906631736,0.7434850054173637,-1.343041789056293,0.340191393930835
16297,1.7645891865954608,-0.9552142636712971,-0.700017140942153,-0.9880647720874756,-0.8204247009218442,-1.3804199638603631,1.1374284698424082,-1.7071948806769766,0.3876361773225086,0.3176960381187571
16298,-0.6953458640015652,0.05960546552681911,-0.15748891631413003,0.2541304703036368,-0.04273590051938134,0.7244172253228549,-0.8291693995810168,0.5953624109824969,-0.3080284954375979,-0.9308774798871711
16302,0.3446266777142507,-0.9552142636712971,-0.9045146695230789,-0.9880647720874756,-0.8204247009218442,-1.3804199638603631,1.1374284698424082,-0.40102321942946817,-0.8170514267254807,0.02568870737467776
16303,-0.6653466560674551,0.05960546552681911,1.585290583526676,1.337264126778814,-0.37647167837913303,0.7244172253228549,-0.7411127785620575,0.6457709048324923,0.9305939706962503,1.9287412346660733
16305,0.46462350945069103,-0.9552142636712971,-0.5577836454737151,-0.9880647720874756,-0.8204247009218442,-1.3804199638603631,1.1374284698424082,-0.509401868409338,-0.7152468404679041,0.5571745103501964
16306,1.2146037078034428,0.8789251688960825,-0.11350927383123645,0.17081249672862311,0.8759234474318721,0.7244172253228549,1.1374284698424082,-1.1130624144296652,1.2190402984260504,-0.7050136844165571
16308,-0.5453498243310149,0.3863044476016779,0.997688365447935,0.7010177831150736,0.02203576710883975,0.7244172253228549,-0.38888629448622003,0.5058841720471365,0.3197664531507909,2.8288241094620803
16309,0.1346322221754802,-0.3615827770984007,-0.02528212999060366,0.0268996332808723,-0.31649874242306325,0.7244172253228549,1.1374284698424082,-0.18346077142253223,0.15009214272149662,0.45576292175298555
16311,-0.7453445438917486,-0.3615827770984007,-0.1338734198465263,-0.753259573830619,0.8293373508616512,0.7244172253228549,-0.9759304346126154,0.625215425903234,-1.4787812373997284,0.26849390534908824
16313,-0.8953405835622991,-0.3615827770984007,-0.7764318204730695,-0.6396441553192368,0.4319704248891608,0.7244172253228549,-1.416213539707412,0.7577050549350242,-1.4702975218782637,-0.6871965474638727
16315,2.3845728172337357,-0.9552142636712971,-0.9281200671118713,-0.9880647720874756,-0.8204247009218442,-1.3804199638603631,1.1374284698424082,-2.2792239700329513,0.9136265396533209,-0.7913673249411993
16316,-0.28535668890206084,1.2468684386726134,1.1074208105214096,1.2312230695015238,0.37094757345694396,0.7244172253228549,0.3742710876780942,0.3386258363671289,1.142686858732868,0.20226371799679158
16317,0.2746285258679939,0.05960546552681911,0.48413996679234317,0.3525971663468347,-0.09584693797306118,0.7244172253228549,1.1374284698424082,-0.28546961593669656,0.6251802119235206,0.7197711022925655
16318,-0.5753490322651249,-0.9552142636712971,-0.6339214700976757,-0.9880647720874756,-0.8204247009218442,-1.3804199638603631,-0.4769429155051793,0.4475132069790016,-1.5975532547002345,0.27961827771240555
16319,1.2546026517155897,-0.9552142636712971,-0.4682182360106378,-0.9880647720874756,-0.8204247009218442,-1.3804199638603631,1.1374284698424082,-1.2359933950796365,-0.04503331427219179,-0.83594512383904
16320,0.7946147967259019,-0.3615827770984007,0.28059513172870365,-0.6850903227237897,0.5492446469068906,0.7244172253228549,1.1374284698424082,-0.7856399746092699,-0.08745189187951535,0.951535012815654
16321,-0.2053588010777673,0.6532369520997158,-0.5309508013996654,0.9130998976696537,-0.28578489873554486,0.7244172253228549,0.6090887437286524,0.17352281754458945,0.8542405310030678,-1.8966046705960957
16322,-0.9153400555183724,-0.3615827770984007,-0.6373112748729034,-0.7229621288942504,0.7236783201912479,0.7244172253228549,-1.4749179537200516,0.7769794835647535,-1.5890695391787697,-0.3185608465526805
16323,1.0346084601987824,-0.9552142636712971,-0.9970220507363782,-0.9880647720874756,-0.8204247009218442,-1.3804199638603631,1.1374284698424082,-1.0366804378853496,-0.2316750557444155,-1.2329045971479955
16324,0.3546264136922874,0.05960546552681911,-0.42196008401860363,-0.6244954328510525,0.37094757345694396,0.7244172253228549,1.1374284698424082,-0.3740782062909245,-0.39286565065224505,-0.5443773744085973
16325,-0.4553522005286846,0.05960546552681911,-0.16276215821259338,0.5116587522627698,-0.16310442003965184,0.7244172253228549,-0.12471643142934195,0.374345939869694,0.1925107203288202,-0.953126786474441
16326,-0.8653413756281889,1.9947556633726906,1.1526508935886122,1.4963257126947491,1.0233607835403953,0.7244172253228549,-1.3281569186884528,0.9742578042673454,0.9475614017391797,-1.2190397093890775
16327,-0.7853434878038954,0.8789251688960825,1.3209128377322388,1.700833466015237,0.058687073079082816,0.7244172253228549,-1.0933392626378946,0.7808252878410661,1.2444914449904447,1.1256005999921403
16330,-0.7453445438917486,0.05960546552681911,-0.8434594325959578,-0.27607481608281365,-0.13588201477463924,0.7244172253228549,-0.9759304346126154,0.6357203923090792,-0.9443071595474514,-1.2548234467293211
16332,-0.6453471841113817,1.074425194724936,0.6207093228097815,1.1100332897560496,0.4284133284729336,0.7244172253228549,-0.6824083645494178,0.631530708455933,0.6930499360952382,-0.32878758145158593
16333,-0.8453419036721156,2.6205659263872656,2.8598620078517847,1.2993923206083533,1.1372405681325395,0.7244172253228549,-1.2694525046758134,1.47292334082091,0.7354685137025618,2.4828879034030695
16337,-0.5553495603090515,-0.9552142636712971,-1.2481127330370259,-0.9880647720874756,-0.8204247009218442,-1.3804199638603631,-0.4182385014925398,0.4261989758505942,-1.580585823657305,-0.6290969629912271
16338,0.6446187570553514,-0.9552142636712971,-0.9696543734047164,-0.9880647720874756,-0.8204247009218442,-1.3804199638603631,1.1374284698424082,-0.6775145002052679,-0.5625399610815394,-0.5443773744085973
16339,1.9145852262660112,-0.9552142636712971,-1.4987263620648317,-0.9880647720874756,-0.8204247009218442,-1.3804199638603631,1.1374284698424082,-1.8484345251500856,0.5148919101444793,-2.067228775845231
16340,0.1446319581535169,-0.9552142636712971,-0.2255242802529211,-0.9880647720874756,-0.8204247009218442,-1.3804199638603631,1.1374284698424082,-0.2117220214462142,-0.986725737154775,1.2982477220152981
16341,-0.6753463920454919,0.3863044476016779,0.7901953695739649,0.3450228051127425,-0.09229676066691794,0.7244172253228549,-0.7704649855683771,0.6159303877159088,-0.18925647813709193,0.9006179255130929
16342,-0.17535959314365723,0.3863044476016779,-0.6479124425019558,-0.20033120374189214,0.7347234488846142,0.7244172253228549,0.6971453647476117,0.12858989411158034,-0.3674145040878509,-1.4949170152439928
16343,-0.7653440158478221,-0.3615827770984007,-0.5377084036981248,-0.9880647720874756,-0.8204247009218442,0.7244172253228549,-1.0346348486252552,0.6396012097975764,-1.7587438496080638,-0.5043313523042839
16344,0.6546184930333881,-0.9552142636712971,-1.5648348115873802,-0.9880647720874756,-0.8204247009218442,-1.3804199638603631,1.1374284698424082,-0.6885836722581605,-0.5540562455600746,-2.3258090493829267
16345,-0.4853514084627947,-0.9552142636712971,-0.18832652701328176,-0.9880647720874756,-0.8204247009218442,-1.3804199638603631,-0.21277305244830141,0.3687074574003258,-1.521199815007052,0.6908892460306941
16347,-0.8153426957380054,-0.3615827770984007,0.15593384924080123,-0.7987057412351719,1.1462671913280684,0.7244172253228549,-1.1813958836568539,0.6941060816101728,-1.5890695391787697,0.1475174413212768
16348,-0.6053482401992349,1.074425194724936,0.5564485726869761,0.5798280033695992,0.5339969003240337,0.7244172253228549,-0.5649995365241388,0.5926779288161497,0.14160842720003192,-0.3044003242090173
16349,1.9845833781122681,-0.9552142636712971,-2.064067922324027,-0.9880647720874756,-0.8204247009218442,-1.3804199638603631,1.1374284698424082,-1.9138036133946486,0.5742779187947323,-3.03625512170365
16350,-0.7153453359576386,0.3863044476016779,0.33814561191248205,1.3751359329492747,-0.18823338230509185,0.7244172253228549,-0.8878738135936562,0.6387408170217088,0.9390776862177149,-0.13713137682806123
16351,2.4045722891898094,-0.9552142636712971,-1.2333442816208287,-0.9880647720874756,-0.8204247009218442,-1.3804199638603631,1.1374284698424082,-2.2988239478646784,0.9305939706962503,-0.5919918438892852
16352,-0.7453445438917486,-0.3615827770984007,-0.3087090810790862,-0.8365775474056326,1.465128892601692,0.7244172253228549,-0.9759304346126154,0.6232195324061346,-1.5721021081358402,-0.031452533690271026
16353,-0.8853408475842623,2.6828764104959486,1.7597391429735172,1.7841514395902507,1.5217293083986896,0.7244172253228549,-1.3868613327010924,1.199345289660319,1.2444914449904447,-0.6263659827427525
16354,-0.29535642488009756,-0.3615827770984007,-0.4852703288302385,-0.9198955209806463,2.6374843977092453,0.7244172253228549,0.34491888067177423,0.2073191865401761,-1.2751720648845752,-0.7913673249411993
16356,1.0546079321548558,0.05960546552681911,-0.9808997331549184,-0.3896902345941959,0.5754552644819473,0.7244172253228549,1.1374284698424082,-1.0220741895356227,0.463989617015691,-1.7488033477945253
16357,-0.5953485042211982,0.05960546552681911,-0.08077501314587816,0.3753202500491111,-0.10284372840714015,0.7244172253228549,-0.5356473295178191,0.5042934266512987,-0.07896817635805065,-0.6938444096888514
16358,-0.9153400555183724,0.3863044476016779,0.8123096894587384,0.39804333375138756,0.1772811476860965,0.7244172253228549,-1.4749179537200516,0.8377934178255527,-0.33347964200199204,0.8221071003212019
16359,-0.8553416396501522,1.4011241767997944,0.6957354364085029,1.4660282677583805,0.5622225854144585,0.7244172253228549,-1.298804711682133,0.860396349195908,0.9221102551747855,-0.17658096823160035
16360,-0.8753411116062256,0.8789251688960825,1.2491717493117447,-0.3593927896578273,1.7350518969920887,0.7244172253228549,-1.3575091256947727,0.8582477400304772,-1.1479163320626045,0.9250829184000203
16361,-0.8253424317160422,0.3863044476016779,0.16395648177375458,-0.5260287368078546,1.4163777481945277,0.7244172253228549,-1.2107480906631736,0.7364089387414257,-1.2921394959275048,-0.4204992680320854
16362,-0.6053482401992349,0.6532369520997158,0.0057978683769434975,-0.5487518205101309,0.9295793754574293,0.7244172253228549,-0.5649995365241388,0.5476920427473035,-1.1224651854982104,-0.8635798230129347
16363,-0.39535378466046445,-0.9552142636712971,-1.5029666686480367,-0.9880647720874756,-0.8204247009218442,-1.3804199638603631,0.05139681060857664,0.27821486830090764,-1.4448463753138696,-1.1903275890163445
16364,-0.8053429597599688,-0.3615827770984007,-0.024754050248295058,-0.04126961782595703,-0.28769525660959294,0.7244172253228549,-1.1520436766505342,0.6819406590738547,-0.7322142715108336,-0.10729491444130809
16365,-0.7453445438917486,1.4011241767997944,0.5939341528035963,1.6553872986106843,0.35193080418570905,0.7244172253228549,-0.9759304346126154,0.7556780474504389,1.2190402984260504,-1.1097927529919047
16366,-0.7353448079137119,-0.9552142636712971,-0.6359778421544507,-0.9880647720874756,-0.8204247009218442,-1.3804199638603631,-0.9465782276062956,0.5948003410484164,-1.7332927030436698,0.5571745103501964
16367,-0.5553495603090515,-0.3615827770984007,0.07779633011840313,1.4736026289924726,-0.6001916695011116,0.7244172253228549,-0.4182385014925398,0.4533793686430257,1.1851054363401916,0.8153060605942802
16368,-0.9053403195403357,-0.3615827770984007,-0.3039240124302809,-0.7987057412351719,1.0933813765961526,0.7244172253228549,-1.4455657467137322,0.7705695808658699,-1.6569392633504874,-0.18871879929522678
16369,-0.7453445438917486,0.05960546552681911,0.6007359505568989,0.36017152758092685,-0.09584693797306118,0.7244172253228549,-0.9759304346126154,0.657048206788232,-0.22319134022295078,0.8863150824210384
16370,-0.1053614412974004,0.3863044476016779,0.4715489021611902,0.08749452315360949,0.39730359030548107,0.7244172253228549,0.9026108137918503,0.08049932566706645,0.014352694378061205,0.05149094177791121
16372,-0.5953485042211982,-0.3615827770984007,-0.5431863135083681,-0.9880647720874756,-0.8204247009218442,0.7244172253228549,-0.5356473295178191,0.4830520540014061,-1.606036970221699,-0.6805883742050745
16374,-0.26535721694598746,-0.3615827770984007,-0.3438407003252805,0.49651002979458553,-0.46517793409324093,0.7244172253228549,0.4329755016907335,0.18096557061661614,0.3282501686722556,-0.27661144040879315
16376,-0.8353421676940789,-0.3615827770984007,0.24022413726763128,-0.9274698822147385,2.8371392581097434,0.7244172253228549,-1.2401002976694935,0.7141466240137039,-1.750260134086599,0.8926947296682503
16377,1.7445897146393876,-0.9552142636712971,-0.060170609773336166,-0.9880647720874756,-0.8204247009218442,-1.3804199638603631,1.1374284698424082,-1.6826497334623103,0.3706687462795792,2.51058305148479
16378,1.5445949950786537,0.05960546552681911,-0.5539943900800237,-0.5108800143396702,0.8484220205059414,0.7244172253228549,1.1374284698424082,-1.4707067606684214,0.7439522292240266,-0.6042225289216073
16379,-0.8853408475842623,0.3863044476016779,0.8616726528017982,-0.4275620407646566,1.164585664021404,0.7244172253228549,-1.3868613327010924,0.8123027448546467,-1.2242697717557869,0.9100514973870001
16380,-0.31535589683617093,-0.9552142636712971,0.7090911373056229,-0.9880647720874756,-0.8204247009218442,-1.3804199638603631,0.28621446665913486,0.23194569655780015,-1.3769766511421517,2.528141104780282
16383,-0.17535959314365723,-0.3615827770984007,-0.06943123942557491,0.4737869460923091,-0.4617667732103057,0.7244172253228549,0.6971453647476117,0.10130900221258607,0.3791524618010439,0.4744841415448349
16384,-0.02536355347310686,-0.3615827770984007,-0.17588294226303802,0.32987408264455825,-0.42366101908255605,0.7244172253228549,1.1374284698424082,-0.03815970047672956,0.345217599715185,-0.18871879929522678
16385,-0.3253556328142076,0.05960546552681911,-0.2157247964907621,1.329689765544722,-0.3738150010013325,0.7244172253228549,0.2568622596528149,0.25403550356339527,1.210556582904586,-0.6290969629912271
16386,-0.6353474481333451,-0.3615827770984007,-0.6608282451570343,0.7161665055832578,-0.508223495339294,0.7244172253228549,-0.6530561575430981,0.5190461610309937,0.2603804445005379,-0.3523240748540679
16387,2.3045749294094424,-0.9552142636712971,-1.6191466832846708,-0.9880647720874756,-0.8204247009218442,-1.3804199638603631,1.1374284698424082,-2.2077362858238554,0.8457568154816031,-1.3714433911424704
16389,-0.39535378466046445,0.3863044476016779,0.5077280233992228,0.7464639505196264,0.0033150226203826653,0.7244172253228549,0.05139681060857664,0.34849027482184347,0.5064081946230146,0.770050529159824
16392,1.7745889225734977,-0.9552142636712971,-0.9464477083011709,-0.9880647720874756,-0.8204247009218442,-1.3804199638603631,1.1374284698424082,-1.7177235460276092,0.3961198928439733,0.3015371272937313
16393,-0.9053403195403357,1.8937448980942,1.1359292548219586,1.7841514395902507,0.8846275722967928,0.7244172253228549,-1.4455657467137322,0.9935477475302449,1.23600772946898,-0.26540966755362977
16394,-0.3553548407483177,0.6532369520997158,0.601594874222048,0.7691870342219028,0.21580385602406485,0.7244172253228549,0.16880563863385561,0.3309783184437372,0.5657942032732676,1.341065996087215
16395,-0.31535589683617093,0.6532369520997158,0.5658305887082711,1.0570127611174045,0.09681113199335831,0.7244172253228549,0.28621446665913486,0.29303173539995325,0.9136265396533209,0.7143038603439587
16398,0.6146195491212414,-0.3615827770984007,0.6749851746591452,-0.2382030099123529,-0.16018772869443282,0.7244172253228549,1.1374284698424082,-0.6089926125513988,0.2603804445005379,0.9900643500331299
16399,-0.7353448079137119,-0.3615827770984007,-0.4600797526708686,0.6479972544764285,-0.49602614020665214,0.7244172253228549,-0.9465782276062956,0.612606325843508,0.09918984959270834,-0.17194778552190632
16400,0.0246351264170766,-0.9552142636712971,-0.6947051077855514,-0.9880647720874756,-0.8204247009218442,-1.3804199638603631,1.1374284698424082,-0.10526258905024187,-1.0885303234123516,0.11909422020017577
16401,-0.9153400555183724,1.7852452398084835,1.3718024712891608,1.4811769902265648,0.9237858846627947,0.7244172253228549,-1.4749179537200516,1.0035173268511177,0.8881753930889267,0.8153060605942802
16402,1.7245902426833142,-0.3615827770984007,-0.7060788895309786,-0.20033120374189214,-0.19355751272395488,0.7244172253228549,1.1374284698424082,-1.6539328379611877,1.23600772946898,-0.7986733959111346
16403,2.1945778336510386,-0.9552142636712971,-1.1205677830025802,-0.9880647720874756,-0.8204247009218442,-1.3804199638603631,1.1374284698424082,-2.105104644690688,0.7524359447454912,-0.3329048796889562
16404,-0.22535827303384068,-0.9552142636712971,-0.3957985058394243,-0.9880647720874756,-0.8204247009218442,-1.3804199638603631,0.5503843297160128,0.1271746538071935,-1.3006232114489693,0.018705304189737794
16405,2.0945804738706717,-0.3615827770984007,-1.167598239658349,-0.9350442434488305,3.066139799978023,0.7244172253228549,1.1374284698424082,-1.9967349567616628,0.7354685137025618,-0.5502183680856217
16406,-0.7353448079137119,-0.9552142636712971,-1.1876055156689365,-0.9880647720874756,-0.8204247009218442,-1.3804199638603631,-0.9465782276062956,0.5921096039853007,-1.7332927030436698,-0.2584656941316199
16407,-0.7953432237819321,1.5406654655354899,0.8503658603138725,1.2766692369060768,0.6457234084718455,0.7244172253228549,-1.1226914696442145,0.8277934434652822,0.7524359447454912,-0.34841288444806556
16409,-0.5653492962870882,0.6532369520997158,0.8128505330026342,1.140330734692418,0.06658449309635575,0.7244172253228549,-0.4475907084988595,0.5320694186960838,0.7948545223528148,0.5793466762693232
16411,-0.7353448079137119,-0.3615827770984007,-0.9702073491199523,1.6553872986106843,-0.6152937589493048,0.7244172253228549,-0.9465782276062956,0.6094291491323133,1.23600772946898,-0.9308774798871711
16412,-0.38535404868242773,-0.9552142636712971,-1.244043506479209,-0.9880647720874756,-0.8204247009218442,-1.3804199638603631,0.0807490176148963,0.26970437862728075,-1.4363626597924049,-0.8208854938007576
16413,-0.3553548407483177,-0.9552142636712971,-0.8117436149776939,-0.9880647720874756,-0.8204247009218442,-1.3804199638603631,0.16880563863385561,0.2438937269993531,-1.4109115132280106,-0.0462109621121476
16414,-0.7053455999796019,-0.3615827770984007,-1.3897153515374667,0.9661204263082988,-0.547046911832041,0.7244172253228549,-0.8585216065873364,0.5803618586075002,0.48095704805862044,-2.6249841533853617
16415,-0.4853514084627947,-0.9552142636712971,-0.9862250624797848,-0.9880647720874756,-0.8204247009218442,-1.3804199638603631,-0.21277305244830141,0.3627263304913497,-1.521199815007052,0.21113051360939733
16416,-0.6553469200894184,0.05960546552681911,0.2904341656108525,-0.7684082962988033,1.9199034251945408,0.7244172253228549,-0.7117605715557376,0.5659623546488377,-1.4193952287494753,0.4099882838318583
16418,-0.47535167248475796,0.05960546552681911,-0.06126350779227857,0.3828946112832033,-0.10970577992671149,0.7244172253228549,-0.1834208454419816,0.39408616436317717,0.022836409899525918,-0.5213168375334848
16419,0.20463037402173703,0.8789251688960825,0.22823750534995962,0.519233113496862,0.35662679707738504,0.7244172253228549,1.1374284698424082,-0.1776545808354956,0.7524359447454912,-0.8258826387815001
16422,-0.7553442798697854,3.814884698204717,3.0701023432372088,1.6705360210788684,3.196916325985759,0.7244172253228549,-1.0052826416189355,1.999841217163859,1.23600772946898,1.6042496986047
16423,-0.6753463920454919,-0.9552142636712971,-0.5916472642219573,-0.9880647720874756,-0.8204247009218442,-1.3804199638603631,-0.7704649855683771,0.5398707894348648,-1.6823904099148814,0.4391180105982231
16424,0.984609780308599,-0.9552142636712971,-1.3452942528048122,-0.9880647720874756,-0.8204247009218442,-1.3804199638603631,1.1374284698424082,-0.9918602861931848,-0.27409363335173903,-0.6165898724803326
16425,2.0945804738706717,-0.9552142636712971,-0.6979194906416988,-0.9880647720874756,-0.8204247009218442,-1.3804199638603631,1.1374284698424082,-2.01099021065303,0.6675987895308442,0.27961827771240555
16426,-0.9053403195403357,1.5406654655354899,0.7641273013974612,1.079735844819681,0.4391470505961836,0.7244172253228549,-1.4455657467137322,0.925480079055067,0.4470221859727616,-0.23795933889822984
16427,1.7045907707272407,-0.3615827770984007,-0.8783305361885989,-0.8290031861715405,1.392823709581291,0.7244172253228549,1.1374284698424082,-1.6364793221804796,0.5148919101444793,-0.7485155580311258
16429,0.1346322221754802,-0.9552142636712971,-0.7469266688387621,-0.9880647720874756,-0.8204247009218442,-1.3804199638603631,1.1374284698424082,-0.20684958916079238,-0.9952094526762397,-3.03625512170365
16430,-0.3553548407483177,-0.9552142636712971,-0.7027787303878268,-0.9880647720874756,-0.8204247009218442,-1.3804199638603631,0.16880563863385561,0.24452696689151301,-1.4109115132280106,-0.44419052108771456
16431,1.2046039718254062,0.05960546552681911,-0.10038190691694704,-0.3518184284237351,-0.05869471474131325,0.7244172253228549,1.1374284698424082,-1.1531067933769916,0.6251802119235206,-0.02414646272033576
16432,-0.28535668890206084,-0.9552142636712971,-0.7390286234522877,-0.9880647720874756,-0.8204247009218442,-1.3804199638603631,0.3742710876780942,0.1798623887468956,-1.3515255045777577,0.6401246015751922
16433,-0.6453471841113817,-0.9552142636712971,-1.0910062458434164,-0.9880647720874756,-0.8204247009218442,-1.3804199638603631,-0.6824083645494178,0.509599933516053,-1.6569392633504874,-0.4127135449586689
16434,-0.6353474481333451,1.074425194724936,0.5845039386623755,1.0570127611174045,0.45375531580085143,0.7244172253228549,-0.6530561575430981,0.6211619505140329,0.6506313584879148,-0.3763719440157304
16438,-0.8653413756281889,0.6532369520997158,0.07171100192474907,-0.4124133182964723,1.5227673683222076,0.7244172253228549,-1.3281569186884528,0.788097957859639,-1.1988186251913928,-0.5608104655008639
16440,-0.8453419036721156,0.6532369520997158,1.2776592686715715,0.572253642135507,0.3200972288554989,0.7244172253228549,-1.2694525046758134,0.8162537705911472,-0.07048446083658592,1.0594954607075002
16441,-0.25535748096795075,-0.3615827770984007,-0.515083729175286,0.7085921443491656,-0.5069137792922854,0.7244172253228549,0.4623277086970535,0.1702547156773466,0.5742779187947323,-0.6354039073100276
16442,-0.9053403195403357,0.05960546552681911,-0.13319086648157838,1.7311309109516058,-0.4349259295112061,0.7244172253228549,-1.4455657467137322,0.7889996305378653,1.1681380052972623,-0.04126958902507863
16444,-0.4653519365067213,0.3863044476016779,-0.08586505642782424,0.6631459769446127,0.04163586858835003,0.7244172253228549,-0.15406863843566193,0.40101679930263967,0.3537013152366497,-0.4575747921892209
16445,-0.5853487682431616,-0.9552142636712971,-0.9137698572972534,-0.9880647720874756,-0.8204247009218442,-1.3804199638603631,-0.5062951225114992,0.4551197938104425,-1.606036970221699,-0.36216294615436906
16446,-0.9153400555183724,-0.3615827770984007,4.326996374764509,0.5571049196673227,-0.4797569478154378,0.7244172253228549,-1.4749179537200516,3.5318720216542445,-0.14683790052976836,6.1578806109365525
16447,0.43462430151658094,-0.9552142636712971,-0.8214412377017454,-0.9880647720874756,-0.8204247009218442,-1.3804199638603631,1.1374284698424082,-0.48345752370197875,-0.7406979870322983,0.4050579160664955
16448,1.0546079321548558,-0.9552142636712971,-1.0713752040422637,-0.9880647720874756,-0.8204247009218442,-1.3804199638603631,1.1374284698424082,-1.0553979758570062,-0.21470762470148605,-0.7485155580311258
16449,1.0546079321548558,-0.3615827770984007,-0.024024304535029444,-0.36696715089191945,-0.05079868360118282,0.7244172253228549,1.1374284698424082,-1.0304235188751947,0.48944076358008515,0.19032974003853825
16450,0.5746206052090946,-0.9552142636712971,-0.6741351597004027,-0.9880647720874756,-0.8204247009218442,-1.3804199638603631,1.1374284698424082,-0.6114790764778044,-0.6219259697317923,0.2851388165038507
16451,-0.04536302542918024,-0.9552142636712971,-0.7974598804123257,-0.9880647720874756,-0.8204247009218442,-1.3804199638603631,1.0787240558297684,-0.04142392611814153,-1.1479163320626045,-0.27661144040879315
16454,-0.47535167248475796,-0.3615827770984007,-3.60000538276959,-0.8441519086397248,1.465128892601692,0.7244172253228549,-0.1834208454419816,0.36666115911046293,-1.3515255045777577,-4.570696846145377
16455,-0.28535668890206084,1.074425194724936,0.7356877334552396,1.337264126778814,0.16925870308059895,0.7244172253228549,0.3742710876780942,0.30416621584668446,1.2529751605119093,-0.09835952195496105
16456,0.06463407032922336,0.6532369520997158,0.8620299729396436,1.079735844819681,0.08558160642378781,0.7244172253228549,1.1374284698424082,-0.04580694831616683,1.2699425915548388,0.43719969862206165
16457,1.2546026517155897,-0.9552142636712971,-0.9937485418794172,-0.9880647720874756,-0.8204247009218442,-1.3804199638603631,1.1374284698424082,-1.239205305777153,-0.04503331427219179,-0.10729491444130809
16458,-0.8953405835622991,2.3408466559766334,1.2424001734097008,1.7159821884834214,1.3887218271337702,0.7244172253228549,-1.416213539707412,1.073865823015133,1.1681380052972623,-0.2796648650574268
16460,-0.6453471841113817,0.05960546552681911,0.08783294776978448,-0.5866236266805918,1.06804061525746,0.7244172253228549,-0.6824083645494178,0.5528782837101024,-1.1988186251913928,0.7060520274350821
16461,0.854613212594122,-0.9552142636712971,-1.2461798628546796,-0.9880647720874756,-0.8204247009218442,-1.3804199638603631,1.1374284698424082,-0.8718855571414867,-0.38438193513078034,-1.2548234467293211
16462,-0.18535932912169392,0.05960546552681911,-1.3310026489448754,0.6025510870718755,-0.19355751272395488,0.7244172253228549,0.6677931577412918,0.11826761647933542,0.5148919101444793,-3.541825345773948
16463,-0.7153453359576386,0.3863044476016779,0.5305862730342307,0.39046897251729545,0.1772811476860965,0.7244172253228549,-0.8878738135936562,0.6437531606234813,-0.16380533157269778,0.697548535676894
16464,-0.7253450719356752,0.05960546552681911,0.4680026170615297,-0.06399270152823348,0.17058668807401725,0.7244172253228549,-0.9172260205999759,0.6347201364741366,-0.68979569390351,0.8067455714185984
16466,-0.5853487682431616,1.074425194724936,0.6258111533192867,0.9661204263082988,0.4957745264448221,0.7244172253228549,-0.5062951225114992,0.576460910180625,0.5912453498376617,-0.3453494724875631
16468,-0.18535932912169392,-0.9552142636712971,-1.8006613872675779,-0.9880647720874756,-0.8204247009218442,-1.3804199638603631,0.6677931577412918,0.08431763536679204,-1.2666883493631105,-1.7488033477945253
16469,-0.6853461280235285,0.3863044476016779,-0.09102451133347023,0.6934434218809814,-0.22608215007969926,0.7244172253228549,-0.799817192574697,0.6034862894237961,0.1925107203288202,-0.894317122866535
16470,-0.4053535206385011,0.3863044476016779,0.0351047823092356,1.337264126778814,-0.1791548503815633,0.7244172253228549,0.02204460360225668,0.34754378136083564,1.1511705742543328,-0.16572359442606588
16471,1.8245876024636811,-0.9552142636712971,-0.9366298596901876,-0.9880647720874756,-0.8204247009218442,-1.3804199638603631,1.1374284698424082,-1.7637099076945215,0.4385384704512969,-0.09947250921132522
16473,0.724616644879645,0.05960546552681911,-0.6635571380391249,0.3071509989422818,-0.07400694302481724,0.7244172253228549,1.1374284698424082,-0.7165562504454254,0.9645288327821091,-0.9419462294592919
16474,-0.8553416396501522,1.074425194724936,0.7486703637520086,0.04962271698314875,1.0146885994212234,0.7244172253228549,-1.298804711682133,0.8294230051754121,-0.6643445473391159,-0.1495861010744247
16475,-0.04536302542918024,0.3863044476016779,-0.2324506478664533,0.4131920562195719,0.16837538105488192,0.7244172253228549,1.0787240558297684,0.012543218465971517,0.43005475492983214,-0.7242640084648277
16477,-0.28535668890206084,1.074425194724936,0.9770711770417425,1.337264126778814,0.3275160498447393,0.7244172253228549,0.3742710876780942,0.31486952649999017,1.261458876033374,0.2968766331107601
16478,-0.6753463920454919,0.05960546552681911,-0.6270651228699418,-0.6850903227237897,1.465128892601692,0.7244172253228549,-0.7704649855683771,0.5725719854353662,-1.3345580735348281,-0.7962326766571335
16479,-0.8253424317160422,-0.3615827770984007,-0.7028314252731556,-0.9880647720874756,-0.8204247009218442,0.7244172253228549,-1.2107480906631736,0.6936979649371698,-1.8096461427368522,-1.2114113833085771
16480,-0.16535985716562054,-0.9552142636712971,0.04226065363332111,-0.9880647720874756,-0.8204247009218442,-1.3804199638603631,0.7264975717539314,0.0772818578895747,-1.2497209183201812,1.1918698336706859
16482,-0.7653440158478221,-0.9552142636712971,-0.9484904961537366,-0.9880647720874756,-0.8204247009218442,-1.3804199638603631,-1.0346348486252552,0.6206714494732942,-1.7587438496080638,0.8895095023386487
16483,0.9946095162866356,-0.9552142636712971,-1.3117901872746016,-0.9880647720874756,-0.8204247009218442,-1.3804199638603631,1.1374284698424082,-1.0009717393660202,-0.2656099178302743,-1.3714433911424704
16484,0.8146142686819752,-0.3615827770984007,-0.4684144297230143,-0.8593006311079091,1.7161694892255979,0.7244172253228549,1.1374284698424082,-0.8144426565814192,-0.27409363335173903,-0.4765889042531565
16485,-0.15536012118758386,-0.9552142636712971,-0.5524662813299769,-0.9880647720874756,-0.8204247009218442,-1.3804199638603631,0.7558497787602511,0.06142955377672976,-1.2412372027987164,0.46282053801184625
16488,-0.5953485042211982,0.05960546552681911,-0.3017411042016961,-0.11701323016687852,0.22683948291662093,0.7244172253228549,-0.5356473295178191,0.5016706830048059,-0.630409685253257,0.4982063338111879
16491,-0.4553522005286846,-0.9552142636712971,0.002255548295078117,-0.9880647720874756,-0.8204247009218442,-1.3804199638603631,-0.12471643142934195,0.34364588023215265,-1.4957486684426577,1.2463362478995625
16493,-0.1253609132534738,0.3863044476016779,0.4900294053215608,0.9055255364355616,-0.053448962746444936,0.7244172253228549,0.8439063997792103,0.09942100772814942,0.9051428241318561,0.6984966006026871
16494,2.0445817939804884,-0.9552142636712971,0.09926433641321043,-0.9880647720874756,-0.8204247009218442,-1.3804199638603631,1.1374284698424082,-1.956376221694721,0.6251802119235206,1.62764316783996
16495,-0.8953405835622991,0.05960546552681911,-0.050587155023981985,1.0721614835855888,-0.5603608166959848,0.7244172253228549,-1.416213539707412,0.7809011973529266,0.4470221859727616,-0.34906379051398206
16496,-0.8353421676940789,0.05960546552681911,0.6238558399368269,1.344838488012906,-0.37647167837913303,0.7244172253228549,-1.2401002976694935,0.7406564214947201,0.7948545223528148,0.9645277168811243
16497,-0.42535299259457454,0.8789251688960825,1.1146322380476226,1.1554794571606024,0.058687073079082816,0.7244172253228549,-0.03665981041038266,0.4350041051692776,0.9305939706962503,0.45182249134293473
16498,0.6846177009674982,-0.3615827770984007,-1.5658480449991146,-0.9880647720874756,7.7451555481238294,0.7244172253228549,1.1374284698424082,-0.6997302902971954,-0.5201213834742158,-2.0905320730531933
16499,2.6745651605967997,-0.3615827770984007,-0.5485502888015564,-0.957767327151107,4.517658224300627,0.7244172253228549,1.1374284698424082,-2.5274540007850694,1.2020728673831211,-0.9729687009874581
16500,-0.8753411116062256,0.8789251688960825,-0.475193134125763,1.4811769902265648,-0.03864030414050366,0.7244172253228549,-1.3575091256947727,0.8072662762468441,0.9136265396533209,-2.1889849973784803
16503,0.1446319581535169,0.3863044476016779,0.5358930567359846,0.9282486201378379,-0.0638686517845832,0.7244172253228549,1.1374284698424082,-0.147833900098851,1.1596542897757975,-0.08977160808673379
16504,-0.6753463920454919,-0.9552142636712971,-0.3250234077251745,-0.9880647720874756,-0.8204247009218442,-1.3804199638603631,-0.7704649855683771,0.5421360351655257,-1.6823904099148814,1.3478332513018567
16505,-0.6053482401992349,-0.9552142636712971,0.050794206252732205,-0.9880647720874756,-0.8204247009218442,-1.3804199638603631,-0.5649995365241388,0.48249592474998176,-1.6230044012646285,1.4523700829425115
16506,-0.7253450719356752,-0.3615827770984007,-1.6537476736566772,-0.8365775474056326,1.392823709581291,0.7244172253228549,-0.9172260205999759,0.5981854879500166,-1.5551346770929109,-2.163538687432954
16509,2.0445817939804884,-0.9552142636712971,-0.5523572429793451,-0.9880647720874756,-0.8204247009218442,-1.3804199638603631,1.1374284698424082,-1.9639592079635022,0.6251802119235206,-0.9644214327759761
16510,2.79456199233324,-0.9552142636712971,-0.8555310705500886,-0.9880647720874756,-0.8204247009218442,-1.3804199638603631,1.1374284698424082,-2.6563269140297736,1.261458876033374,-0.5679285976413818
16511,-0.7053455999796019,0.05960546552681911,0.21007906592718964,0.8600793690310087,-0.27402752841669303,0.7244172253228549,-0.8585216065873364,0.6103368627428982,0.3706687462795792,-0.11517299562176703
16513,-0.8753411116062256,0.3863044476016779,0.14415945152306803,-0.700239045191974,2.163448347362973,0.7244172253228549,-1.3575091256947727,0.7820789262215952,-1.5296835305285166,-0.4575747921892209
16515,-0.4053535206385011,0.6532369520997158,0.6374577932917794,0.9736947875423909,0.12919623807062772,0.7244172253228549,0.02204460360225668,0.378186104016484,0.7439522292240266,0.08399395104955287
16516,-0.6253477121553084,-0.9552142636712971,-1.5601750060147956,-0.9880647720874756,-0.8204247009218442,-1.3804199638603631,-0.6237039505367783,0.4898346415701761,-1.6399718323075578,-1.0716211864298808
16517,1.8445870744197546,-0.9552142636712971,-1.1894009848842282,-0.9880647720874756,-0.8204247009218442,-1.3804199638603631,1.1374284698424082,-1.7831260575420302,0.4555059014942263,-0.5213168375334848
16518,-0.31535589683617093,-0.3615827770984007,-0.32512172084479085,0.6934434218809814,-0.5055930135197425,0.7244172253228549,0.28621446665913486,0.22718212686269532,0.5148919101444793,0.06332919080782677
16519,-0.6753463920454919,-0.3615827770984007,-0.9686231796946885,1.5872180475038549,-0.609508628824057,0.7244172253228549,-0.7704649855683771,0.5541982965713668,1.2020728673831211,-1.8966046705960957
16520,0.9346111004184156,0.05960546552681911,0.28677585933662053,0.36774588881501896,-0.09936242406782836,0.7244172253228549,1.1374284698424082,-0.8979210678993081,1.2020728673831211,0.20522721570600805
16523,-0.9053403195403357,2.555485194733606,2.0334344911461972,1.3827102941833669,1.5860721738557144,0.7244172253228549,-1.4455657467137322,1.2297462594466912,0.7863708068313501,0.30205375074917445
16525,-0.9053403195403357,2.8553196544436252,2.291385959840469,1.7690027171220666,1.9696564721190262,0.7244172253228549,-1.4455657467137322,1.3712479318264996,1.2190402984260504,0.6735790902849562
16526,0.7946147967259019,-0.9552142636712971,-0.7309079416772338,-0.9880647720874756,-0.8204247009218442,-1.3804199638603631,1.1374284698424082,-0.8143712726589271,-0.4352842282595686,-0.4127135449586689
16527,-0.11536117727543709,-0.9552142636712971,-0.9222308201940539,-0.9880647720874756,-0.8204247009218442,-1.3804199638603631,0.8732586067855304,0.022382788100124465,-1.2073023407128576,-0.4127135449586689
16528,-0.8853408475842623,-0.9552142636712971,-0.8673998102278793,-0.9880647720874756,-0.8204247009218442,-1.3804199638603631,-1.3868613327010924,0.7315370191059689,-1.8605484358656406,0.1126775892841099
16529,0.9746100443305623,-0.9552142636712971,-0.3742436847870935,-0.9880647720874756,-0.8204247009218442,-1.3804199638603631,1.1374284698424082,-0.9773834151708134,-0.2825773488732038,0.2740700669317299
16531,-0.7053455999796019,1.074425194724936,0.4244660283514317,1.5720693250356705,0.2444882887684385,0.7244172253228549,-0.8585216065873364,0.6810569952820215,1.1596542897757975,-0.18269993871549012
16532,-0.7453445438917486,0.05960546552681911,1.7683976770011731,1.435730822822012,-0.3929965331940441,0.7244172253228549,-0.9759304346126154,0.7421651509889049,0.9814962638250385,1.6227201097618213
16533,-0.7353448079137119,0.05960546552681911,0.3231235793107759,-0.6244954328510525,1.1738802499376186,0.7244172253228549,-0.9465782276062956,0.6403364003534526,-1.3175906424918988,0.3069496844516885
16535,-0.8753411116062256,-0.9552142636712971,-0.16341709298427487,-0.9880647720874756,-0.8204247009218442,-1.3804199638603631,-1.3575091256947727,0.728054273952579,-1.8520647203441758,0.9209566667130243
16536,0.17463116608762697,-0.9552142636712971,-0.2256688697608072,-0.9880647720874756,-0.8204247009218442,-1.3804199638603631,1.1374284698424082,-0.23934260867276905,-0.9612745905903809,0.5354279221859473
16539,-0.8953405835622991,0.3863044476016779,0.5115941398597824,1.8144488845266193,-0.2786610049581354,0.7244172253228549,-1.416213539707412,0.8089165165335716,1.2699425915548388,-0.28349352931481003
16542,-0.38535404868242773,-0.9552142636712971,-1.4322691587309377,-0.9880647720874756,-0.8204247009218442,-1.3804199638603631,0.0807490176148963,0.2691766514105548,-1.4363626597924049,-1.3233112108323308
16545,0.724616644879645,-0.9552142636712971,-0.6074277989996851,-0.9880647720874756,-0.8204247009218442,-1.3804199638603631,1.1374284698424082,-0.7491252279225179,-0.4946702369098216,-0.7485155580311258
16546,1.9845833781122681,-0.3615827770984007,0.06048935111798694,-0.37454151212601156,-0.04273590051938134,0.7244172253228549,1.1374284698424082,-1.885309063506483,1.2699425915548388,0.6341144561305548
16549,-0.8253424317160422,1.5406654655354899,1.3826542184721105,1.4660282677583805,0.4258851470375693,0.7244172253228549,-1.2107480906631736,0.8886343033371794,0.9390776862177149,0.46983343834486835
16550,0.16463143010959028,0.6532369520997158,0.9121953363652371,0.9736947875423909,0.12615681346113924,0.7244172253228549,1.1374284698424082,-0.13556652689881407,1.2275240139475152,0.7611313371979462
16551,0.03463486239511329,0.05960546552681911,0.18619851515998237,0.82978192409464,-0.2658965195594257,0.7244172253228549,1.1374284698424082,-0.0713915862710044,0.9645288327821091,0.8147374164856037
16552,1.5045960511665069,-0.3615827770984007,-0.5181483619045125,-0.003397811655496293,-0.3060713096202348,0.7244172253228549,1.1374284698424082,-1.4500810334881165,1.2784263070763036,-0.377087204611342
16553,0.7046171729235716,1.7852452398084835,1.6368592439931082,0.5040843910286776,0.5916816949523669,0.7244172253228549,1.1374284698424082,-0.46133932567117075,1.1596542897757975,1.002615077205369
16554,-0.505350880418868,0.05960546552681911,0.10935797008031224,1.2009256245651554,-0.34987667759567065,0.7244172253228549,-0.2714774664609409,0.42435652876331575,0.9221102551747855,-0.1554270947514491
16555,-0.5753490322651249,-0.3615827770984007,-0.7432034301878783,-0.4275620407646566,0.02846838690587006,0.7244172253228549,-0.4769429155051793,0.46329528171255274,-0.9612745905903809,-0.6228257522597237
16556,-0.25535748096795075,1.074425194724936,1.2028655269019244,1.2312230695015238,0.37094757345694396,0.7244172253228549,0.4623277086970535,0.3006744441850171,1.1596542897757975,0.6158856972062001
16557,-0.6853461280235285,-0.3615827770984007,-0.7544820819806527,-0.1321619526350628,-0.23311202489878752,0.7244172253228549,-0.799817192574697,0.5644985695779702,-0.7322142715108336,-1.1195449370749315
16558,-0.9153400555183724,2.487376384667096,1.9365889397325473,1.7765770783561585,1.5217293083986896,0.7244172253228549,-1.4749179537200516,1.2047837704189124,1.2190402984260504,0.611178671186182
16560,-0.6553469200894184,-0.3615827770984007,0.11343723938123526,1.5190487963970256,-0.6046400114926529,0.7244172253228549,-0.7117605715557376,0.5460474270615387,1.142686858732868,0.5310268597944356
16561,-0.8653413756281889,-0.3615827770984007,-0.28237549143083573,-0.5790492654464996,0.2816626601958108,0.7244172253228549,-1.3281569186884528,0.7339686121129808,-1.3854603666636165,-0.2584656941316199
16563,-0.38535404868242773,-0.9552142636712971,0.31009360645834927,-0.9880647720874756,-0.8204247009218442,-1.3804199638603631,0.0807490176148963,0.2848744471537971,-1.4363626597924049,1.2646698468863953
16565,2.714564104508946,-0.9552142636712971,-1.1376807343272235,-0.9880647720874756,-0.8204247009218442,-1.3804199638603631,1.1374284698424082,-2.583895350126309,1.1935891518616564,-1.3233112108323308
16566,-0.7753437518258587,0.6532369520997158,-0.13593751913738886,1.1100332897560496,0.07734018943361438,0.7244172253228549,-1.063987055631575,0.7022315425234903,0.5912453498376617,-0.8298966621586752
16567,1.014608988242709,-0.3615827770984007,0.13595190627476467,0.08749452315360949,-0.34233827758129587,0.7244172253228549,1.1374284698424082,-0.9910110633048513,0.9645288327821091,1.2916131423119437
16569,-0.8953405835622991,-0.9552142636712971,-1.4026315077254934,-0.9880647720874756,-0.8204247009218442,-1.3804199638603631,-1.416213539707412,0.7387738200547181,-1.869032151387105,-0.5560903486114662
16570,-0.7753437518258587,1.5406654655354899,1.2987202795161792,1.2539461532038003,0.6606597055226227,0.7244172253228549,-1.063987055631575,0.8357830641847548,0.7524359447454912,0.3451578561375058
16571,-0.6553469200894184,0.05960546552681911,0.5301894882732674,0.9433973426060223,-0.2933449853085943,0.7244172253228549,-0.7117605715557376,0.5720291696467134,0.49792447910154986,1.0849169003396206
16572,0.3446266777142507,0.05960546552681911,0.2582025739973809,0.13294069055816238,0.02846838690587006,0.7244172253228549,1.1374284698424082,-0.35535412240323305,0.4470221859727616,0.15270183362463952
16573,-0.07536223336329032,-0.3615827770984007,-0.07509486635690119,0.5646792809014148,-0.4813031948868892,0.7244172253228549,0.9906674348108093,0.009168015652566747,0.5657942032732676,0.16913056911273133
16574,-0.215358537055804,-0.9552142636712971,-0.3809126281285918,-0.9880647720874756,-0.8204247009218442,-1.3804199638603631,0.5797365367223325,0.11810579891946991,-1.2921394959275048,1.092908745406627
16581,0.9046118924843054,-0.9552142636712971,-1.5287456720688435,-0.9880647720874756,-0.8204247009218442,-1.3804199638603631,1.1374284698424082,-0.9186639192323831,-0.34196335752345675,-0.1554270947514491
16582,0.20463037402173703,-0.9552142636712971,-0.6698263846019457,-0.9880647720874756,-0.8204247009218442,-1.3804199638603631,1.1374284698424082,-0.270817521504255,-0.9358234440259867,0.0666884217115321
16583,2.814561464289313,-0.9552142636712971,-0.9037341100984357,-0.9880647720874756,-0.8204247009218442,-1.3804199638603631,1.1374284698424082,-2.6749795715364115,1.2784263070763036,-0.36216294615436906
16584,-0.1253609132534738,-0.3615827770984007,0.19813507520928678,0.32987408264455825,-0.42366101908255605,0.7244172253228549,0.8439063997792103,0.059663733477802544,0.2603804445005379,0.8135992511069696
16586,1.5645944670347272,-0.9552142636712971,-0.35922183234545824,-0.9880647720874756,-0.8204247009218442,-1.3804199638603631,1.1374284698424082,-1.5204135350977122,0.21796186689321434,-0.5327870514035039
16587,1.3945989554081033,-0.9552142636712971,-0.9323987459593086,-0.9880647720874756,-0.8204247009218442,-1.3804199638603631,1.1374284698424082,-1.3678186470369331,0.0737387030283142,-0.8512124794542093
16589,-0.215358537055804,0.05960546552681911,-0.36731910913030225,-0.30637226101918225,0.45375531580085143,0.7244172253228549,0.5797365367223325,0.1511825151871984,-0.5286050989956804,-0.25248262154634554
16591,-0.23535800901187737,-0.9552142636712971,-0.9744596521277922,-0.9880647720874756,-0.8204247009218442,-1.3804199638603631,0.5210321227096931,0.13262003302738448,-1.309106926970434,-1.447809236425938
16592,-0.8853408475842623,2.178003940795619,1.374776754223154,1.1554794571606024,0.7114444060821536,0.7244172253228549,-1.3868613327010924,1.0420478784062033,0.5488267722303382,0.18694999471585422
16593,-0.4153532566165378,0.05960546552681911,-0.629392057166036,1.1100332897560496,-0.33136809565692243,0.7244172253228549,-0.007307603404062988,0.3331918697964628,0.8881753930889267,-1.5110759260690176
16594,-0.17535959314365723,-0.9552142636712971,-1.1047319696063878,-0.9880647720874756,-0.8204247009218442,-1.3804199638603631,0.6971453647476117,0.07685113135754881,-1.2582046338416457,-0.9644214327759761
16595,-0.31535589683617093,-0.9552142636712971,-0.5601143377377956,-0.9880647720874756,-0.8204247009218442,-1.3804199638603631,0.28621446665913486,0.20867343420279946,-1.3769766511421517,0.8538533502366527
16596,-0.7653440158478221,-0.3615827770984007,-0.8490130691318402,1.6629616598447763,-0.6158548553759696,0.7244172253228549,-1.0346348486252552,0.6376297283946369,1.210556582904586,-1.2659478190926385
16597,-0.8853408475842623,-0.9552142636712971,-1.6560156417876293,-0.9880647720874756,-0.8204247009218442,-1.3804199638603631,-1.3868613327010924,0.7290078278471666,-1.8605484358656406,0.19332531895270902
16598,1.9345846982220847,-0.9552142636712971,-1.2801306583246035,-0.9880647720874756,-0.8204247009218442,-1.3804199638603631,1.1374284698424082,-1.8662720808550426,0.5318593411874087,-0.8208854938007576
16600,-0.8853408475842623,0.8789251688960825,0.08666216846948074,1.541771880099302,0.10484079129795985,0.7244172253228549,-1.3868613327010924,0.8232335957294945,0.9814962638250385,0.23347257260393628
16601,-0.5153506163969047,-0.9552142636712971,-0.866136986438808,-0.9880647720874756,-0.8204247009218442,-1.3804199638603631,-0.30082967346726086,0.39090970660006935,-1.546650961571446,-0.1554270947514491
16602,-0.5653492962870882,-0.9552142636712971,-0.25646501737429883,-0.9880647720874756,-0.8204247009218442,-1.3804199638603631,-0.4475907084988595,0.4415825349876397,-1.5890695391787697,0.8571427010473275
16603,-0.17535959314365723,-0.3615827770984007,-0.3281590220662187,-0.8668749923420013,1.7161694892255979,0.7244172253228549,0.6971453647476117,0.09826338866656861,-1.1224651854982104,0.48602612030178444
16607,-0.7453445438917486,1.9947556633726906,1.2109621225097231,1.594792408737947,1.0815976229142947,0.7244172253228549,-0.9759304346126154,0.8676609104821058,1.1511705742543328,0.3081060826761751
16609,-0.7753437518258587,1.074425194724936,1.6047526820711924,0.8070588403923636,0.5889504506241978,0.7244172253228549,-1.063987055631575,0.8151145075547687,0.25189672897907317,0.8885977512712855
16610,1.2646023876936263,-0.9552142636712971,-1.7927378015466875,-0.9880647720874756,-0.8204247009218442,-1.3804199638603631,1.1374284698424082,-1.2505857729904868,-0.03654959875072707,-0.9308774798871711
16611,0.9346111004184156,-0.9552142636712971,-1.3697198952090572,-0.9880647720874756,-0.8204247009218442,-1.3804199638603631,1.1374284698424082,-0.9458953875083866,-0.3165122109590626,-1.300007913624368
16612,-0.5953485042211982,0.3863044476016779,0.387261101104555,1.1176076509901416,-0.1230410383884666,0.7244172253228549,-0.5356473295178191,0.5294313955121212,0.7524359447454912,-0.2186937843945293
16613,-0.22535827303384068,-0.9552142636712971,-0.13087712424218917,-0.9880647720874756,-0.8204247009218442,-1.3804199638603631,0.5503843297160128,0.13005069341055084,-1.3006232114489693,0.7060520274350821
16614,0.9046118924843054,-0.9552142636712971,-0.2900683770752626,-0.9880647720874756,-0.8204247009218442,-1.3804199638603631,1.1374284698424082,-0.9121046025227778,-0.34196335752345675,0.4050579160664955
16616,-0.7753437518258587,-0.3615827770984007,-0.29916756295598207,0.08749452315360949,-0.34233827758129587,0.7244172253228549,-1.063987055631575,0.650936457292866,-0.5625399610815394,0.19929226457948176
16617,1.4345978993202502,-0.9552142636712971,-1.2439394406312345,-0.9880647720874756,-0.8204247009218442,-1.3804199638603631,1.1374284698424082,-1.4058448561059664,0.10767356511417306,-0.5798948302215583
16618,-0.6153479761772717,0.6532369520997158,1.024433030592094,1.2160743470333397,-0.14825585158074672,0.7244172253228549,-0.5943517435304586,0.5882379173819001,0.8457568154816031,0.6264544550873775
16619,1.7145905067052774,-0.9552142636712971,-0.9286798955192295,-0.9880647720874756,-0.8204247009218442,-1.3804199638603631,1.1374284698424082,-1.6624034009074842,0.345217599715185,-0.16365661766630746
16620,-0.8853408475842623,-0.3615827770984007,-1.1140895015437569,0.9585460650742066,-0.5450327097488737,0.7244172253228549,-1.3868613327010924,0.7469391499042246,0.3197664531507909,-1.3714433911424704
16621,-0.4053535206385011,0.3863044476016779,0.08662311279315167,0.72374086681735,0.015700806628340395,0.7244172253228549,0.02204460360225668,0.34838083766330563,0.463989617015691,-0.7841091629778377
16623,1.5345952591006171,-0.9552142636712971,-1.3699637125510717,-0.9880647720874756,-0.8204247009218442,-1.3804199638603631,1.1374284698424082,-1.49827501948608,0.1925107203288202,-1.5018133972619236
16624,-0.11536117727543709,-0.3615827770984007,0.08377665457961284,-0.10943886893278637,-0.25106678411644084,0.7244172253228549,0.8732586067855304,0.04840106690676179,-0.22319134022295078,0.504246543797527
16625,1.8245876024636811,-0.9552142636712971,-0.6220982435406635,-0.9880647720874756,-0.8204247009218442,-1.3804199638603631,1.1374284698424082,-1.7619219265966846,0.4385384704512969,0.0666884217115321
16626,-0.9153400555183724,2.2616881678707283,1.4306389070053316,1.0191409549469437,1.7518263660900701,0.7244172253228549,-1.4749179537200516,1.0910469719928042,0.3706687462795792,0.02732547770353424
16627,-0.13536064923151048,-0.9552142636712971,-0.6469540030183751,-0.9880647720874756,-0.8204247009218442,-1.3804199638603631,0.8145541927728907,0.04234763662780002,-1.2242697717557869,0.05318989181705936
16628,-0.6253477121553084,0.6532369520997158,0.8728863373373241,0.5646792809014148,0.3290116154861579,0.7244172253228549,-0.6237039505367783,0.5899151506047334,0.09918984959270834,0.4906094218120704
16629,-0.18535932912169392,-0.3615827770984007,-0.4424895528352624,-0.8214288249374483,1.261856404077265,0.7244172253228549,0.6677931577412918,0.1064090076442463,-1.0800466078908868,0.5154838558816902
16633,-0.7553442798697854,0.8789251688960825,1.0921785822848609,0.6479972544764285,0.49026984386451344,0.7244172253228549,-1.0052826416189355,0.737459391399413,0.09070613407124363,0.22672042954542482
16634,1.3046013316057732,-0.3615827770984007,-0.9583114585573073,0.14051505179225454,-0.36565016832899516,0.7244172253228549,1.1374284698424082,-1.2686061235174613,1.261458876033374,-1.447809236425938
16637,-0.6053482401992349,0.3863044476016779,0.3647394700908175,0.4737869460923091,0.13430608557521942,0.7244172253228549,-0.5649995365241388,0.5380939282956897,0.022836409899525918,0.4474717538973867
16638,-0.6953458640015652,1.5406654655354899,0.663212621361689,1.6326642149084079,0.6183392001908397,0.7244172253228549,-0.8291693995810168,0.7284195957721973,1.23600772946898,-0.2274093076391243
16639,-0.6153479761772717,0.05960546552681911,0.4326725657887297,0.5571049196673227,-0.17730759105532257,0.7244172253228549,-0.5943517435304586,0.5325139866734252,0.10767356511417306,0.106223543399117
16641,0.1346322221754802,-0.9552142636712971,-0.9117456979104113,-0.9880647720874756,-0.8204247009218442,-1.3804199638603631,1.1374284698424082,-0.20772531159898072,-0.9952094526762397,0.5571745103501964
16642,-0.8753411116062256,-0.3615827770984007,-0.04605179329918485,0.5419561971991385,-0.476621695506706,0.7244172253228549,-1.3575091256947727,0.7460783291995362,-0.12987046948683892,0.4837273329060535
16643,1.5345952591006171,-0.9552142636712971,-0.3199115214648876,-0.9880647720874756,-0.8204247009218442,-1.3804199638603631,1.1374284698424082,-1.4924085802677929,0.1925107203288202,0.6117937674694145
16644,0.854613212594122,-0.3615827770984007,0.10620137321672833,-0.7305364901283425,0.7236783201912479,0.7244172253228549,1.1374284698424082,-0.8442313403469539,-0.09593560740098007,1.0849169003396206
16647,0.7746153247698284,-0.3615827770984007,-0.9723861251262794,-0.7229621288942504,0.7236783201912479,0.7244172253228549,1.1374284698424082,-0.7807342752272586,-0.15532161605123307,-0.8208854938007576
16648,-0.49535114444083134,-0.9552142636712971,-0.7300895087460044,-0.9880647720874756,-0.8204247009218442,-1.3804199638603631,-0.24212525945462107,0.3732484422596561,-1.5296835305285166,0.6599259477795555
16650,-0.2053588010777673,-0.9552142636712971,-0.27111935644019935,-0.9880647720874756,-0.8204247009218442,-1.3804199638603631,0.6090887437286524,0.10999688000281281,-1.28365578040604,0.9694845802176542
16652,-0.3353553687922443,1.074425194724936,1.7713577272559142,0.6328485320082442,0.2858026680411806,0.7244172253228549,0.22751005264649524,0.4310164106248564,0.42157103940836743,1.225341326362863
16653,-0.7653440158478221,-0.3615827770984007,0.40381384843987755,-0.5714749042124074,0.2654127385271785,0.7244172253228549,-1.0346348486252552,0.6533994497038971,-1.2921394959275048,0.9530419779676842
16654,0.4846229814067644,0.3863044476016779,-0.15342474837743753,0.7313152280514421,0.012569249953262206,0.7244172253228549,1.1374284698424082,-0.4744581502519029,1.2275240139475152,-0.8589258607261442
16655,-0.7453445438917486,0.8789251688960825,1.3105668407376232,1.390284655417459,0.1535995597113183,0.7244172253228549,-0.9759304346126154,0.7431857401292128,0.9221102551747855,1.0343163267860886
16656,-0.7053455999796019,2.0892449239230517,1.9635260268433374,1.6023667699720392,1.177891756357432,0.7244172253228549,-0.8585216065873364,0.9337860994156688,1.2020728673831211,1.4843859674133397
16657,-0.8253424317160422,0.3863044476016779,0.19604460312418384,0.8600793690310087,-0.04001032659579127,0.7244172253228549,-1.2107480906631736,0.7370144897482628,0.2688641600220026,0.7584415042017998
16658,2.754563048421093,-0.9552142636712971,-1.408752932759051,-0.9880647720874756,-0.8204247009218442,-1.3804199638603631,1.1374284698424082,-2.621547349644581,1.2275240139475152,-1.4744819905226407
16659,0.9646103083525256,-0.9552142636712971,-2.307679962815337,-0.9880647720874756,-0.8204247009218442,-1.3804199638603631,1.1374284698424082,-0.9749949544261522,-0.2910610643946685,-0.83594512383904
16660,-0.7653440158478221,0.3863044476016779,0.439054507047762,1.3069666818424455,-0.369769664152571,0.7244172253228549,-1.0346348486252552,0.6872493248464253,0.820305668917209,-0.08591492915635418
16665,2.694564632552873,-0.9552142636712971,-1.3344932377634053,-0.9880647720874756,-0.8204247009218442,-1.3804199638603631,1.1374284698424082,-2.5661102230799515,1.1766217208187268,-1.0530179630917655
16666,-0.7353448079137119,-0.9552142636712971,-1.4365000379850257,-0.9880647720874756,-0.8204247009218442,-1.3804199638603631,-0.9465782276062956,0.5913872353735201,-1.7332927030436698,0.45340034725260175
16667,-0.24535774498991408,-0.3615827770984007,-0.1956448978174301,0.6479972544764285,-0.49602614020665214,0.7244172253228549,0.49167991570337316,0.1641438201720441,0.5148919101444793,-0.29041867640851443
16668,-0.7753437518258587,0.8789251688960825,-0.6874617485690256,1.0494383998833123,0.2849721394582956,0.7244172253228549,-1.063987055631575,0.713660727876729,0.523375625665944,-1.1696379075049148
16669,-0.6853461280235285,0.05960546552681911,0.5035771787238118,-0.5790492654464996,0.2654127385271785,0.7244172253228549,-0.799817192574697,0.5988810216665368,-1.2327534872772516,0.7172893395192463
16670,-0.7553442798697854,1.6680566812978321,1.3713328508099856,1.594792408737947,0.6310937234007601,0.7244172253228549,-1.0052826416189355,0.83970215654,1.1511705742543328,0.4503861224245302
16671,-0.6453471841113817,0.05960546552681911,0.668655848348401,0.0420483557490566,0.09116140329435662,0.7244172253228549,-0.6824083645494178,0.5672560241335175,-0.4946702369098216,0.7010208108943593
16672,-0.9053403195403357,2.487376384667096,1.9169371683741863,1.0115665937128515,1.8625594249072486,0.7244172253228549,-1.4455657467137322,1.1922424999362513,0.3706687462795792,-0.0948054647711756
16674,-0.37535431270439107,-0.3615827770984007,-0.6548276731344849,-0.6623672390215132,0.4763288106249656,0.7244172253228549,0.11010122462121627,0.2797214231627353,-1.0630791768479575,-0.5443773744085973
16676,-0.5853487682431616,0.3863044476016779,0.6201703791588862,1.3069666818424455,-0.17358078003150867,0.7244172253228549,-0.5062951225114992,0.5268517340031259,0.9645288327821091,0.032628327179803525
16678,-0.8953405835622991,1.7852452398084835,1.152402968383023,1.132756373458326,1.1218524369870988,0.7244172253228549,-1.416213539707412,0.968911939248791,0.5064081946230146,0.2837612609642575
16679,2.73456357646502,-0.9552142636712971,-1.3681369019259966,-0.9880647720874756,-0.8204247009218442,-1.3804199638603631,1.1374284698424082,-2.6030280575382583,1.210556582904586,-1.8202388253126285
16680,-0.49535114444083134,-0.9552142636712971,-1.0934138154034871,-0.9880647720874756,-0.8204247009218442,-1.3804199638603631,-0.24212525945462107,0.3714960143459318,-1.5296835305285166,-0.5443773744085973
16681,-0.1953590650997306,0.8789251688960825,0.7045025005984379,0.3753202500491111,0.6852207063378495,0.7244172253228549,0.6384409507349721,0.20367426921780116,0.25189672897907317,0.4604729958101501
16682,-0.8753411116062256,0.6532369520997158,0.2725518456549429,0.39804333375138756,0.4373450319119559,0.7244172253228549,-1.3575091256947727,0.8010668495890122,-0.2995447799161332,0.3283390598620982
16684,-0.8853408475842623,2.959940965055545,3.5895771650064554,1.6856847435470528,1.2256998885958919,0.7244172253228549,-1.3868613327010924,2.2643920373306803,1.142686858732868,2.7090783736662476
16685,-0.31535589683617093,-0.3615827770984007,-0.6434251221477311,-0.9880647720874756,-0.8204247009218442,0.7244172253228549,0.28621446665913486,0.22455938321620184,-1.3769766511421517,0.2740700669317299
16686,-0.4553522005286846,1.074425194724936,1.1402550128216116,1.337264126778814,0.3275160498447393,0.7244172253228549,-0.12471643142934195,0.4806890521740885,1.117235712168474,0.6946994588575369
16688,-0.9153400555183724,0.3863044476016779,0.4347866681779493,-0.5411774592760389,1.4903670926131558,0.7244172253228549,-1.4749179537200516,0.825232821941322,-1.3769766511421517,0.2906319579677071
16689,-0.16535985716562054,-0.3615827770984007,-0.4332935988916763,-0.9426186046829227,3.332694330994623,0.7244172253228549,0.7264975717539314,0.08807616495507202,-1.1988186251913928,0.0733764525320122
16690,-0.2053588010777673,-0.3615827770984007,-0.9308880586943271,-0.010972172889588442,-0.29887570632002874,0.7244172253228549,0.6090887437286524,0.12167346308882304,-0.1807727626156272,-0.8823938578426296
16692,1.6345926188809838,-0.3615827770984007,0.4442716723386132,-0.7456852125965269,0.7924924541404285,0.7244172253228549,1.1374284698424082,-1.5550786970127708,0.5573104877518029,-0.7768982857927977
16693,-0.23535800901187737,-0.3615827770984007,-0.32891604711340827,0.5495305584332305,-0.476621695506706,0.7244172253228549,0.5210321227096931,0.1534937497088407,0.4130873238869027,-0.4548849591930755
16696,0.4246245655385443,0.3863044476016779,-0.08195696302131476,-0.13973631386915497,0.6408132609133995,0.7244172253228549,1.1374284698424082,-0.4182924291722853,0.2094781513717496,-1.5732488747800264
16697,1.4845965792104336,-0.9552142636712971,-1.4789054928902825,-0.9880647720874756,-0.8204247009218442,-1.3804199638603631,1.1374284698424082,-1.452517050163197,0.15009214272149662,-1.8966046705960957
16698,1.3446002755179198,-0.3615827770984007,0.8006593255920127,-0.7911313800010797,1.043392646376342,0.7244172253228549,1.1374284698424082,-1.2762663088832784,0.25189672897907317,1.1034755629686506
16700,-0.8353421676940789,1.8937448980942,1.5419966777542347,1.7159821884834214,0.9154876050786419,0.7244172253228549,-1.2401002976694935,0.9623685344360183,1.210556582904586,0.7666285709121404
16701,-0.8353421676940789,1.8937448980942,1.5908585016934096,1.6781103823129606,0.8259158961334975,0.7244172253228549,-1.2401002976694935,0.9676400722187474,1.1766217208187268,1.277705238181245
16705,-0.9153400555183724,2.487376384667096,2.3506251694016687,1.7235565497175136,0.8090267461170951,0.7244172253228549,-1.4749179537200516,1.298114974705829,1.1511705742543328,0.6312985141675094
16706,-0.5553495603090515,0.05960546552681911,-0.25156493902526383,-0.4124133182964723,0.6167610609765756,0.7244172253228549,-0.4182385014925398,0.4653787156585451,-0.927339728504522,-0.6805883742050745
16708,-0.4653519365067213,-0.9552142636712971,-0.08349129151945475,-0.9880647720874756,-0.8204247009218442,-1.3804199638603631,-0.15406863843566193,0.35162552973744876,-1.5042323839641225,0.675515863715583
16709,-0.07536223336329032,0.6532369520997158,1.131653311477391,0.5040843910286776,0.11814710632416218,0.7244172253228549,0.9906674348108093,0.09736009705245584,0.49792447910154986,0.10751736672959263
16710,-0.7353448079137119,1.5406654655354899,0.9734234159690757,1.6553872986106843,0.48500617525258016,0.7244172253228549,-0.9465782276062956,0.7783900363077879,1.2275240139475152,0.19092950474202025
16711,-0.8953405835622991,0.6532369520997158,0.6490470561708497,1.693259104781145,-0.09229676066691794,0.7244172253228549,-1.416213539707412,0.829687178132966,1.142686858732868,0.08399395104955287
16712,-0.8353421676940789,1.6680566812978321,1.2786980830384176,1.0267153161810358,0.779110693749988,0.7244172253228549,-1.2401002976694935,0.905972206180991,0.4470221859727616,0.032628327179803525
16713,-0.7353448079137119,2.0892449239230517,1.7886767250965165,1.6402385761425,1.154074252957151,0.7244172253228549,-0.9465782276062956,0.9335085782030711,1.210556582904586,0.6757738443095007
16714,1.2646023876936263,0.05960546552681911,0.36958384636131714,-0.24577737114644505,-0.16018772869443282,0.7244172253228549,1.1374284698424082,-1.1998460054797861,0.7948545223528148,0.3033442554228097
16715,-0.14536038520954717,-0.9552142636712971,-0.700489875732453,-0.9880647720874756,-0.8204247009218442,-1.3804199638603631,0.785201985766571,0.05120857911625985,-1.2327534872772516,1.5722463622238558
16716,1.7445897146393876,-0.3615827770984007,0.16796850376072306,-0.6547928777874211,0.45375531580085143,0.7244172253228549,1.1374284698424082,-1.6624888826982633,0.7439522292240266,-1.0347222451683766
16717,-0.6853461280235285,0.8789251688960825,1.3238360402345493,1.6023667699720392,0.08447392352580199,0.7244172253228549,-0.799817192574697,0.6889941218854629,1.210556582904586,0.7718257753033072
16718,2.76456278439913,-0.9552142636712971,-0.12428146234812672,-0.9880647720874756,-0.8204247009218442,-1.3804199638603631,1.1374284698424082,-2.6225533321977683,1.23600772946898,1.0849169003396206
16719,-0.7753437518258587,1.074425194724936,0.7134670196619605,1.6856847435470528,0.20500161250864615,0.7244172253228549,-1.063987055631575,0.7544440638221928,1.23600772946898,0.11909422020017577
16720,-0.6653466560674551,-0.9552142636712971,-1.2264941819299906,-0.9880647720874756,-0.8204247009218442,-1.3804199638603631,-0.7411127785620575,0.5275371036723505,-1.6739066943934169,0.18129405122264516
16721,1.6945910347492041,-0.9552142636712971,-0.725169420971798,-0.9880647720874756,-0.8204247009218442,-1.3804199638603631,1.1374284698424082,-1.6429051674413537,0.3282501686722556,0.11909422020017577
16722,-0.7553442798697854,1.8937448980942,1.4859133022345765,1.6705360210788684,0.9403054902623471,0.7244172253228549,-1.0052826416189355,0.8830534153374154,1.2275240139475152,1.0065219697341268
16723,-0.015363817495070167,-0.3615827770984007,-0.1695919025719415,-0.8668749923420013,1.813744674167018,0.7244172253228549,1.1374284698424082,-0.047289831359191174,-0.9782420216333103,0.2823819888441093
16725,2.0945804738706717,1.074425194724936,0.054279784918883196,-0.46543384693511736,2.0604676065833494,0.7244172253228549,1.1374284698424082,-1.9043066726715436,1.2529751605119093,-1.4217641351576178
16726,-0.6653466560674551,0.6532369520997158,0.5076992726640998,1.5493462413333943,-0.22687158594056248,0.7244172253228549,-0.7411127785620575,0.6135344558090042,1.1681380052972623,0.2595132010459197
16727,2.714564104508946,-0.9552142636712971,-0.7802852652060326,-0.9880647720874756,-0.8204247009218442,-1.3804199638603631,1.1374284698424082,-2.582271372426156,1.1935891518616564,0.150630989740531
16728,-0.4653519365067213,0.3863044476016779,0.2929013881788793,0.6631459769446127,0.04163586858835003,0.7244172253228549,-0.15406863843566193,0.40757038162770987,0.345217599715185,0.10135819168318287
16729,-0.5453498243310149,2.555485194733606,1.8242538647675777,0.5495305584332305,2.4159750344561304,0.7244172253228549,-0.38888629448622003,0.8626256065393066,0.15009214272149662,0.6376481777676374
16730,-0.4053535206385011,0.05960546552681911,0.01476161152046591,1.034289677415128,-0.3147903976167336,0.7244172253228549,0.02204460360225668,0.33075343798657225,0.8118219533957443,0.8417080682160765
16732,-0.6053482401992349,-0.9552142636712971,-0.15015674059975798,-0.9880647720874756,-0.8204247009218442,-1.3804199638603631,-0.5649995365241388,0.47964757403194797,-1.6230044012646285,0.7929095695955404
16734,-0.4053535206385011,0.05960546552681911,-0.09092685265876974,-0.5260287368078546,0.1639826223835226,0.7244172253228549,0.02204460360225668,0.32923628367831825,-0.927339728504522,-0.3201454792259019
16735,-0.13536064923151048,0.6532369520997158,0.9127449280326926,0.9433973426060223,-0.06897224948837698,0.7244172253228549,0.8145541927728907,0.14064901190065843,0.9390776862177149,0.7845241830272264
16737,-0.39535378466046445,-0.9552142636712971,-0.44273649312884306,-0.9880647720874756,-0.8204247009218442,-1.3804199638603631,0.05139681060857664,0.2832650588406075,-1.4448463753138696,0.6870658718208092
16738,2.054581529958525,-0.9552142636712971,-4.004574274186163,-0.9880647720874756,-0.8204247009218442,-1.3804199638603631,1.1374284698424082,-1.9790629291352664,0.6336639274449853,-4.050465934457115
16739,0.8446134766160853,-0.9552142636712971,-0.6464629432873753,-0.9880647720874756,-0.8204247009218442,-1.3804199638603631,1.1374284698424082,-0.8598680817261564,-0.39286565065224505,0.11909422020017577
16742,-0.4553522005286846,-0.9552142636712971,-0.35759856777879984,-0.9880647720874756,-0.8204247009218442,-1.3804199638603631,-0.12471643142934195,0.3392779176124933,-1.4957486684426577,-4.817686796677979
16743,-0.6353474481333451,1.074425194724936,0.8908609566550437,1.5039000739288413,0.116561594111474,0.7244172253228549,-0.6530561575430981,0.6328902414429792,1.1511705742543328,0.7038985914772559
16744,-0.8153426957380054,1.074425194724936,0.4619836900200833,0.23140738660136032,1.043392646376342,0.7244172253228549,-1.1813958836568539,0.783312296950171,-0.4268005127381039,-0.3233215667227715
16745,-0.05536276140721694,2.2616881678707283,1.8192275637930098,0.7161665055832578,2.028370694808148,0.7244172253228549,1.0493718488234491,0.34487083007779495,0.7524359447454912,1.0389982636983845
16746,-0.8753411116062256,2.3408466559766334,1.7623493464609863,1.693259104781145,1.317078390879124,0.7244172253228549,-1.3575091256947727,1.1081262976824433,1.1511705742543328,0.5707295936657962
16747,-0.5453498243310149,-0.3615827770984007,0.10837050361297448,-0.7608339350647112,0.9085298483937003,0.7244172253228549,-0.38888629448622003,0.44469029385104003,-1.3175906424918988,0.7003902977852038
16748,-0.7453445438917486,0.6532369520997158,0.5811817476378585,1.4054333778856434,-0.01965864177081956,0.7244172253228549,-0.9759304346126154,0.6893784700291347,0.9390776862177149,0.14439510996113988
16750,-0.47535167248475796,0.6532369520997158,-0.12405236558955568,0.42834077868775616,0.4109327335165717,0.7244172253228549,-0.1834208454419816,0.4261939334841424,0.0737387030283142,-1.401360502422347
16751,-0.6153479761772717,-0.9552142636712971,0.7019753011976921,-0.9880647720874756,-0.8204247009218442,-1.3804199638603631,-0.5943517435304586,0.5078751714887844,-1.6314881167860933,2.0959147478959954
16752,2.8045617283112767,-0.9552142636712971,-0.9970220507363782,-0.9880647720874756,-0.8204247009218442,-1.3804199638603631,1.1374284698424082,-2.666198418912759,1.2699425915548388,-1.1493278746794886
16753,-0.345355104770281,-0.9552142636712971,-0.936735926493077,-0.9880647720874756,-0.8204247009218442,-1.3804199638603631,0.19815784564017558,0.23406023289385366,-1.402427797706546,0.2228434878122663
16754,2.79456199233324,-0.9552142636712971,0.8024078738278874,-0.9880647720874756,-0.8204247009218442,-1.3804199638603631,1.1374284698424082,-2.627584540347594,1.261458876033374,3.670639299960163
16755,0.21463010999977375,0.05960546552681911,0.5711204657052046,0.5343818359650463,-0.16886073518700162,0.7244172253228549,1.1374284698424082,-0.22768925601173925,0.7863708068313501,0.9168149753205191
16756,1.2246034437814797,-0.9552142636712971,-0.8838031366803136,-0.9880647720874756,-0.8204247009218442,-1.3804199638603631,1.1374284698424082,-1.2110777989577546,-0.07048446083658592,-0.4127135449586689
16757,2.2645759854972956,-0.9552142636712971,-1.52141046846663,-0.9880647720874756,-0.8204247009218442,-1.3804199638603631,1.1374284698424082,-2.170706712786907,0.8118219533957443,-0.7072611283017771
16758,-0.2753569529240241,-0.9552142636712971,-0.5401526890828618,-0.9880647720874756,-0.8204247009218442,-1.3804199638603631,0.4036232946844138,0.1719985738091957,-1.343041789056293,0.3015371272937313
16759,-0.8453419036721156,0.05960546552681911,0.0631487529299223,-0.8138544637033562,1.261856404077265,0.7244172253228549,-1.2694525046758134,0.7365961572315124,-1.6314881167860933,0.3015371272937313
16761,0.04463459837314998,-0.9552142636712971,-0.6622791508511341,-0.9880647720874756,-0.8204247009218442,-1.3804199638603631,1.1374284698424082,-0.12346730920496027,-1.071562892369422,0.8734444056199796
16762,-0.7253450719356752,0.05960546552681911,0.573532621371285,-0.048843979060049184,0.15746710935134234,0.7244172253228549,-0.9172260205999759,0.6377790210243632,-0.6728282628605806,0.3176960381187571
16763,1.0646076681328924,-0.9552142636712971,-0.13957561080090303,-0.9880647720874756,-0.8204247009218442,-1.3804199638603631,1.1374284698424082,-1.0576745341834675,-0.20622390918002134,0.7998491894006671
16764,-0.8853408475842623,1.8937448980942,1.0687147462687063,0.06477143945133304,2.354802520721437,0.7244172253228549,-1.3868613327010924,0.9710889332487637,-0.6813119783820453,-0.5117032571112707
16765,2.0145825860463784,-0.9552142636712971,-2.416255876927078,-0.9880647720874756,-0.8204247009218442,-1.3804199638603631,1.1374284698424082,-1.941742049363969,0.5997290653591264,-3.8034759839245136
16766,1.8045881305076077,-0.3615827770984007,0.35861099395139573,-0.9880647720874756,-0.8204247009218442,0.7244172253228549,1.1374284698424082,-1.7137225415595911,0.42157103940836743,0.6076866542850984
16767,-0.6153479761772717,1.6680566812978321,1.6172664031986494,1.1706281796287867,0.5529270758334971,0.7244172253228549,-0.5943517435304586,0.7351389878572082,0.7863708068313501,1.058350847523493
16768,-0.4453524645506479,0.05960546552681911,-0.33539662167050777,0.7085921443491656,-0.2284441534955728,0.7244172253228549,-0.0953642244230223,0.36323662712505983,0.4130873238869027,-0.9419462294592919
16769,1.6745915627931307,-0.9552142636712971,-0.5167709433110872,-0.9880647720874756,-0.8204247009218442,-1.3804199638603631,1.1374284698424082,-1.623052057492321,0.3112827376293262,-0.6805883742050745
16770,-0.345355104770281,0.6532369520997158,0.0430964832918194,1.390284655417459,-0.015313549058838019,0.7244172253228549,0.19815784564017558,0.30890666470439954,1.261458876033374,-0.5584478910004801
16771,-0.5953485042211982,0.6532369520997158,0.8939520768823677,1.3145410430765376,0.00714561588033925,0.7244172253228549,-0.5356473295178191,0.5632589230173134,0.9730125483035739,0.7239773703397255
16773,-0.3553548407483177,-0.9552142636712971,-1.1473443750806205,-0.9880647720874756,-0.8204247009218442,-1.3804199638603631,0.16880563863385561,0.24240917676316637,-1.4109115132280106,0.1126775892841099
16774,-0.24535774498991408,0.3863044476016779,-0.07759969738484004,-0.15488503633733927,0.6606597055226227,0.7244172253228549,0.49167991570337316,0.1985900713061542,-0.37589821960931563,-0.7140309704038043
16775,-0.8253424317160422,1.6680566812978321,0.670246424140525,1.7159821884834214,0.7010022171623338,0.7244172253228549,-1.2107480906631736,0.8648209443791168,1.2190402984260504,-1.4744819905226407
16776,-0.3253556328142076,-0.9552142636712971,-0.5004866476268447,-0.9880647720874756,-0.8204247009218442,-1.3804199638603631,0.2568622596528149,0.2183404673172429,-1.3854603666636165,0.5827186993896702
16777,-0.1253609132534738,-0.3615827770984007,-0.9281900241148272,0.3450228051127425,-0.42988601396358633,0.7244172253228549,0.8439063997792103,0.04803554851887101,0.28583159106493206,-1.714743253262797
16778,-0.18535932912169392,-0.3615827770984007,-0.8624571114703837,0.519233113496862,-0.4718089193565182,0.7244172253228549,0.6677931577412918,0.10359440787518703,0.43005475492983214,-0.5099642689559386
16779,-0.9053403195403357,2.6205659263872656,2.1296377328940523,1.7690027171220666,1.6089201660005548,0.7244172253228549,-1.4455657467137322,1.2660657866309917,1.2190402984260504,0.49538084928583903
16780,0.07463380630726006,-0.3615827770984007,-0.428445909911203,0.20868430289908388,-0.3892935126887987,0.7244172253228549,1.1374284698424082,-0.13283299124715692,0.30279902210786147,-0.14319640971912695
16781,2.79456199233324,-0.9552142636712971,-0.6758397581746883,-0.9880647720874756,-0.8204247009218442,-1.3804199638603631,1.1374284698424082,-2.6552922672202026,1.261458876033374,-0.34257189077104117
16782,-0.8253424317160422,1.8937448980942,0.9055739262106232,1.700833466015237,0.9260341599073357,0.7244172253228549,-1.2107480906631736,0.907342028135503,1.210556582904586,-1.1339544923643776
16784,-0.7253450719356752,-0.9552142636712971,-1.5157517204681823,-0.9880647720874756,-0.8204247009218442,-1.3804199638603631,-0.9172260205999759,0.5819944696793813,-1.724808987522205,-2.0220443089501843
16788,0.30462773380210395,-0.3615827770984007,-0.158445090483391,0.004176549578595856,-0.3060713096202348,0.7244172253228549,1.1374284698424082,-0.34175547387098437,0.2603804445005379,0.008146886451146428
16789,-0.8453419036721156,-0.9552142636712971,-1.7411269398340206,-0.9880647720874756,-0.8204247009218442,-1.3804199638603631,-1.2694525046758134,0.6920311749874938,-1.8266135737797815,-1.714743253262797
16790,-0.8853408475842623,0.8789251688960825,0.5966124951799965,-0.7305364901283425,3.3914799462067253,0.7244172253228549,-1.3868613327010924,0.8352282897799551,-1.5721021081358402,-0.03389864680336252
16791,-0.6353474481333451,1.074425194724936,0.6823963013228282,1.3069666818424455,0.18270306951273624,0.7244172253228549,-0.6530561575430981,0.6244310412173367,0.9221102551747855,-0.3821070124586251
16792,1.8945857543099378,-0.3615827770984007,-1.4956501506107363,-0.9880647720874756,-0.8204247009218442,0.7244172253228549,1.1374284698424082,-1.8135403867889104,0.49792447910154986,-2.1143365546632853
16793,-0.3553548407483177,-0.9552142636712971,-0.8692490903642978,-0.9880647720874756,-0.8204247009218442,-1.3804199638603631,0.16880563863385561,0.24359291757063264,-1.4109115132280106,-0.06116883478578145
16794,-0.9153400555183724,1.5406654655354899,0.41037216412168265,0.36774588881501896,1.3009863764892802,0.7244172253228549,-1.4749179537200516,0.9234545382642355,-0.3674145040878509,-0.5478782705264845
16795,2.724563840486983,-0.9552142636712971,-0.44792090821242114,-0.9880647720874756,-0.8204247009218442,-1.3804199638603631,1.1374284698424082,-2.5891501839403976,1.2020728673831211,0.4814237613499617
16796,-0.03536328945114355,-0.9552142636712971,-0.6903096805443949,-0.9880647720874756,-0.8204247009218442,-1.3804199638603631,1.1080762628360883,-0.04999700250297222,-1.13943261654114,0.20522721570600805
16800,-0.8153426957380054,-0.9552142636712971,0.3964606272474573,-0.9880647720874756,-0.8204247009218442,-1.3804199638603631,-1.1813958836568539,0.6827735615962295,-1.8011624272153874,1.3810624854699765
16801,0.7046171729235716,0.3863044476016779,0.6338349735184142,-0.15488503633733927,0.6707925054593326,0.7244172253228549,1.1374284698424082,-0.6603107047087268,0.42157103940836743,-0.23399128382247633
16803,-0.2753569529240241,-0.9552142636712971,-0.6239571899446053,-0.9880647720874756,-0.8204247009218442,-1.3804199638603631,0.4036232946844138,0.1713917120858941,-1.343041789056293,0.5087551680892437
16804,-0.6953458640015652,0.05960546552681911,-0.24318373093569742,0.8828024527332851,-0.5344989556366684,0.7244172253228549,-0.8291693995810168,0.5943595490472028,0.3961198928439733,-0.6938444096888514
16805,0.8146142686819752,-0.3615827770984007,-0.3649897926624178,0.42076641745366405,-0.449292897468299,0.7244172253228549,1.1374284698424082,-0.8135204037087231,1.1596542897757975,0.6138416232491138
16806,0.10463301424137013,0.3863044476016779,0.0748288598818828,0.03447399451496445,0.4464081701229601,0.7244172253228549,1.1374284698424082,-0.1213377360934302,0.13312471167856718,-0.538567042256892
16807,0.5046224533628378,0.05960546552681911,0.34178104639296225,-0.01854653412368059,0.13843421718589066,0.7244172253228549,1.1374284698424082,-0.5008203436236272,0.404603608365438,0.5714384414218142
16808,0.06463407032922336,-0.3615827770984007,-0.7362209065998191,0.3374484438786504,-0.4257579962167542,0.7244172253228549,1.1374284698424082,-0.12586750860666598,0.43005475492983214,-0.4987269568717754
16809,-0.6953458640015652,0.6532369520997158,0.17977164425797557,0.8222075628605479,0.19442532822462577,0.7244172253228549,-0.8291693995810168,0.6334966905700401,0.3282501686722556,-0.18534420603132473
16810,0.9946095162866356,-0.9552142636712971,-0.6802069355056648,-0.9880647720874756,-0.8204247009218442,-1.3804199638603631,1.1374284698424082,-0.9981833539262609,-0.2656099178302743,-0.3329048796889562
16811,-0.8753411116062256,-0.3615827770984007,-0.22842107697607633,-0.8971724372783698,2.163448347362973,0.7244172253228549,-1.3575091256947727,0.7437639316014379,-1.750260134086599,0.47911538567869905
16812,2.684564896574836,-0.9552142636712971,-0.3333078150760091,-0.9880647720874756,-0.8204247009218442,-1.3804199638603631,1.1374284698424082,-2.5512686452011906,1.1681380052972623,-0.7072611283017771
16813,-0.8453419036721156,1.5406654655354899,0.6689892412581186,0.49651002979458553,1.3398630331571408,0.7244172253228549,-1.2694525046758134,0.8667152072253258,-0.16380533157269778,-0.013276990104245746
16814,-0.7853434878038954,2.555485194733606,1.7396422147118151,1.700833466015237,1.647972084017533,0.7244172253228549,-1.0933392626378946,1.0716034746000695,1.2444914449904447,-0.1731373243072092
16816,0.10463301424137013,0.3863044476016779,-0.44376306667733073,0.9358229813719301,-0.06642915242436435,0.7244172253228549,1.1374284698424082,-0.1276362202264985,1.142686858732868,-0.8903284132052582
16817,-0.8953405835622991,1.4011241767997944,0.6264503014840125,1.7765770783561585,0.4373450319119559,0.7244172253228549,-1.416213539707412,0.8948267714827326,1.2275240139475152,-0.5758916948158296
16818,-0.8153426957380054,1.6680566812978321,1.2114037235435386,0.4813613073264012,1.5032113751355614,0.7244172253228549,-1.1813958836568539,0.8827122164602693,-0.14683790052976836,0.2669682459301568
16820,0.03463486239511329,-0.9552142636712971,-0.3036368648350167,-0.9880647720874756,-0.8204247009218442,-1.3804199638603631,1.1374284698424082,-0.11129566076543358,-1.0800466078908868,0.7575434386489295
16823,1.3446002755179198,-0.9552142636712971,-0.5640435731218758,-0.9880647720874756,-0.8204247009218442,-1.3804199638603631,1.1374284698424082,-1.319604231219055,0.03132012542099063,-0.1391493641385155
16824,-0.7653440158478221,-0.3615827770984007,-0.36490365256624874,0.13294069055816238,-0.36286162230998326,0.7244172253228549,-1.0346348486252552,0.6410783872536479,-0.5031539524312864,-0.2950596296779965
16825,-0.5353500883529781,-0.3615827770984007,0.04831854039624335,0.12536632932407024,-0.35718036679798254,0.7244172253228549,-0.35953408747990034,0.43448652234417323,-0.3165122109590626,0.6677483530095384
16826,-0.4153532566165378,-0.9552142636712971,-0.6018387543215232,-0.9880647720874756,-0.8204247009218442,-1.3804199638603631,-0.007307603404062988,0.300434149148408,-1.461813806356799,0.02568870737467776
16828,0.004635654461003215,-0.3615827770984007,-1.3757764535559642,-0.8441519086397248,1.542679827616961,0.7244172253228549,1.1374284698424082,-0.07324973315828329,-0.9443071595474514,-1.8019431073892402
16829,0.6446187570553514,-0.9552142636712971,-1.0372321689059631,-0.9880647720874756,-0.8204247009218442,-1.3804199638603631,1.1374284698424082,-0.6778025301484559,-0.5625399610815394,-0.487602584508457
16830,-0.5353500883529781,-0.9552142636712971,-0.6393521149494007,-0.9880647720874756,-0.8204247009218442,-1.3804199638603631,-0.35953408747990034,0.41065124181001705,-1.5636183926143754,0.5911040859579842
16832,0.9146116284623421,0.05960546552681911,-1.0295263404434032,-0.7381108513624347,1.763955513034836,0.7244172253228549,1.1374284698424082,-0.8933925271801053,-0.0535170297936565,-2.834449638066094
16833,-0.9153400555183724,0.3863044476016779,0.3310399504223818,1.53419751886521,-0.4071922272208101,0.7244172253228549,-1.4749179537200516,0.8227042860407511,0.9390776862177149,-0.3720900596305994
16834,1.3546000114959567,-0.9552142636712971,-0.45064096558121725,-0.9880647720874756,-0.8204247009218442,-1.3804199638603631,1.1374284698424082,-1.3279081192098836,0.03980384094245534,0.9271402902436416
16835,0.3546264136922874,-0.3615827770984007,-1.1057808519378065,0.8600793690310087,-0.532294651063532,0.7244172253228549,1.1374284698424082,-0.39461310276617545,1.2699425915548388,-1.7662346644766436
16836,-0.5253503523749414,-0.3615827770984007,-0.8435852218657187,-0.4124133182964723,0.00027621515309949766,0.7244172253228549,-0.33018188047358055,0.4167063181508497,-0.9018885819401279,-0.6871965474638727
16837,-0.6153479761772717,1.6680566812978321,1.1678431549888755,0.6328485320082442,1.0556318964196594,0.7244172253228549,-0.5943517435304586,0.6956598802518634,0.1925107203288202,-0.09100155664290528
16838,1.0446081961768192,-0.3615827770984007,-0.16999627777171422,-0.30637226101918225,-0.10970577992671149,0.7244172253228549,1.1374284698424082,-1.023164271906982,0.5488267722303382,-0.5619936465148555
16839,-0.8353421676940789,3.2352636093671734,2.4838313396705503,1.738705272185698,2.358116910518209,0.7244172253228549,-1.2401002976694935,1.4970393355253577,1.2444914449904447,0.5909812305570936
16841,-0.5553495603090515,0.8789251688960825,0.7479565291234072,0.9055255364355616,0.34820139284423907,0.7244172253228549,-0.4182385014925398,0.5367315311137232,0.5488267722303382,0.9783513758302609
16842,0.08463354228529675,0.05960546552681911,0.43688259398797163,0.5343818359650463,-0.17170103856179034,0.7244172253228549,1.1374284698424082,-0.11181870789111738,0.6675987895308442,0.44389929549809204
16843,-0.49535114444083134,2.178003940795619,2.0965556703208903,1.1630538183946946,1.0980656111262508,0.7244172253228549,-0.24212525945462107,0.7826633445769314,0.879691677567462,1.5600216542886087
16846,-0.42535299259457454,-0.9552142636712971,-0.9714252508313922,-0.9880647720874756,-0.8204247009218442,-1.3804199638603631,-0.03665981041038266,0.30755347713397996,-1.4702975218782637,-0.14725830687642594
16847,-0.49535114444083134,-0.9552142636712971,-1.0525442355136863,-0.9880647720874756,-0.8204247009218442,-1.3804199638603631,-0.24212525945462107,0.3716555940755482,-1.5296835305285166,-0.7485155580311258
16848,-0.39535378466046445,-0.9552142636712971,-0.7556920053300906,-0.9880647720874756,-0.8204247009218442,-1.3804199638603631,0.05139681060857664,0.2810338917380365,-1.4448463753138696,0.18129405122264516
16849,0.9446108363964523,-0.9552142636712971,-1.4002847313097573,-0.9880647720874756,-0.8204247009218442,-1.3804199638603631,1.1374284698424082,-0.9551823128479768,-0.3080284954375979,-1.6817000313181532
16850,2.4145720251678457,-0.9552142636712971,-0.6236947675006841,-0.9880647720874756,-0.8204247009218442,-1.3804199638603631,1.1374284698424082,-2.3051055641895477,0.9390776862177149,0.5266082282450076
16851,-0.8853408475842623,0.05960546552681911,-0.6001002025635789,-0.6320697940851446,1.2316336495915154,0.7244172253228549,-1.3868613327010924,0.766092223546233,-1.4533300908353342,-0.5879447983086736
16852,-0.8253424317160422,-0.3615827770984007,-1.2808933516922287,0.2617048315377289,-0.40604545042978635,0.7244172253228549,-1.2107480906631736,0.6911433785468574,-0.40134936617370975,-1.8577632911644981
16855,-0.6853461280235285,-0.3615827770984007,-0.6333176653392754,-0.8441519086397248,1.465128892601692,0.7244172253228549,-0.799817192574697,0.5652612427210502,-1.5296835305285166,-0.6938444096888514
16856,-0.7753437518258587,-0.9552142636712971,-2.3850647729564214,-0.9880647720874756,-0.8204247009218442,-1.3804199638603631,-1.063987055631575,0.6268431294546604,-1.7672275651295286,-2.745853107750305
16858,2.76456278439913,-0.9552142636712971,-0.526632231236395,-0.9880647720874756,-0.8204247009218442,-1.3804199638603631,1.1374284698424082,-2.626617536276661,1.23600772946898,-0.5798948302215583
16859,0.5246219253189112,-0.3615827770984007,0.019768962257665126,-0.10943886893278637,-0.25106678411644084,0.7244172253228549,1.1374284698424082,-0.5418314318874663,0.3197664531507909,1.0862528881097728
16861,-0.3253556328142076,-0.3615827770984007,-1.1374076485777012,-0.24577737114644505,-0.16018772869443282,0.7244172253228549,0.2568622596528149,0.2313002418225016,-0.5540562455600746,-0.8666933714321878
16863,-0.6153479761772717,-0.3615827770984007,-0.29540172261381936,1.5493462413333943,-0.6064918727769693,0.7244172253228549,-0.5943517435304586,0.503674390675845,1.2190402984260504,0.30964607003164263
16866,0.4846229814067644,0.05960546552681911,-0.9961071570961181,-0.8365775474056326,2.546770613392431,0.7244172253228549,1.1374284698424082,-0.49738018908906106,-0.5201213834742158,-2.215030098646801
16869,-0.6953458640015652,0.3863044476016779,0.0981968903905164,0.16323813549453098,0.33352220288929524,0.7244172253228549,-0.8291693995810168,0.6155596341284483,-0.40983308169517446,-0.05928800895821463
16871,-0.7053455999796019,0.8789251688960825,1.0724236452069114,0.8903768139673772,0.1639826223835226,0.7244172253228549,-0.8585216065873364,0.6902684813011526,0.404603608365438,0.33274362489905535
16872,-0.15536012118758386,0.05960546552681911,-0.055697190107953,-0.1776081200396157,0.2899744111530651,0.7244172253228549,0.7558497787602511,0.09956186728957564,-0.33347964200199204,0.2851388165038507
16873,-0.8753411116062256,0.8789251688960825,1.8113769297776492,1.7311309109516058,0.04837554886869761,0.7244172253228549,-1.3575091256947727,0.9174116790260793,1.1935891518616564,1.56879817958099
16875,-0.25535748096795075,0.6532369520997158,0.838543295604368,1.0721614835855888,-0.1074331577685099,0.7244172253228549,0.4623277086970535,0.24776560476427614,0.9899799793465033,0.35863741807349786
16877,-0.8053429597599688,0.8789251688960825,0.1249743170081564,0.48893566856049336,0.597176918335129,0.7244172253228549,-1.1520436766505342,0.7502417005372365,-0.12987046948683892,-0.7602533746380352
16878,-0.085361969341327,-0.9552142636712971,-3.128094009826043,-0.9880647720874756,-0.8204247009218442,-1.3804199638603631,0.9613152278044893,-0.00875477908117922,-1.1818511941484633,-2.745853107750305
16880,-0.6153479761772717,1.074425194724936,0.582847193817386,0.20868430289908388,0.836916676517763,0.7244172253228549,-0.5943517435304586,0.6026973808201245,-0.2910610643946685,-0.39657605160702575
16881,-0.25535748096795075,-0.9552142636712971,-0.4158388955148328,-0.9880647720874756,-0.8204247009218442,-1.3804199638603631,0.4623277086970535,0.15461255992643622,-1.3260743580133636,1.4974778147178904
16882,-0.25535748096795075,0.05960546552681911,-0.026913525356710908,0.9055255364355616,-0.28578489873554486,0.7244172253228549,0.4623277086970535,0.19203626735038234,0.7948545223528148,-0.09687727769837814
16883,0.9446108363964523,-0.3615827770984007,-0.7690095421741507,0.4056176949854797,-0.4436768073896119,0.7244172253228549,1.1374284698424082,-0.936214869425325,1.261458876033374,-1.1903275890163445
16884,-0.5453498243310149,-0.3615827770984007,-0.4198159963475959,-0.9880647720874756,-0.8204247009218442,0.7244172253228549,-0.38888629448622003,0.4380348033208151,-1.5721021081358402,0.03952470919773476
16885,-0.7753437518258587,0.05960546552681911,-0.3463948729474375,1.594792408737947,-0.41723392417337124,0.7244172253228549,-1.063987055631575,0.666937257836516,1.1342031432114035,-1.0107890806850137
16887,-0.5753490322651249,-0.9552142636712971,-1.046676251619562,-0.9880647720874756,-0.8204247009218442,-1.3804199638603631,-0.4769429155051793,0.44532971718784603,-1.5975532547002345,0.018705304189737794
16889,1.0246087242207458,0.05960546552681911,0.6134277571534138,0.08749452315360949,0.058687073079082816,0.7244172253228549,1.1374284698424082,-0.9720600115043015,0.9645288327821091,0.7623247235487974
16891,-0.9053403195403357,0.6532369520997158,0.08292366954230664,1.8068745232925272,-0.11975466880343065,0.7244172253228549,-1.4455657467137322,0.8251091808660774,1.261458876033374,-1.0982024299868114
16892,-0.9153400555183724,0.6532369520997158,-0.2602921384395226,0.39046897251729545,0.18179527237995208,0.7244172253228549,-1.4749179537200516,0.8296598322593383,-0.33347964200199204,-1.2817121957009787
16893,2.744563312443056,-0.9552142636712971,-1.2753532621297052,-0.9880647720874756,-0.8204247009218442,-1.3804199638603631,1.1374284698424082,-2.6119692814101994,1.2190402984260504,-0.9990138022557798
16895,-0.2753569529240241,-0.9552142636712971,-0.9538192076398961,-0.9880647720874756,-0.8204247009218442,-1.3804199638603631,0.4036232946844138,0.1695377036461317,-1.343041789056293,-0.4548849591930755
16897,2.0645812659365617,-0.3615827770984007,-0.7324926376400425,-0.8820237148101855,2.0359408194478132,0.7244172253228549,1.1374284698424082,-1.9671084818249625,0.7694033757884207,-1.5732488747800264
16898,-0.6653466560674551,0.05960546552681911,-0.28597080543839204,1.6023667699720392,-0.41723392417337124,0.7244172253228549,-0.7411127785620575,0.5662789003414274,1.23600772946898,-0.1099147162162645
16899,-0.8453419036721156,0.8789251688960825,0.4477267309247701,1.6781103823129606,0.06288126315601825,0.7244172253228549,-1.2694525046758134,0.7940766773000967,1.1596542897757975,-0.6290969629912271
16900,-0.7553442798697854,0.05960546552681911,0.1554504452176023,-0.6396441553192368,1.2316336495915154,0.7244172253228549,-1.0052826416189355,0.6553337973182828,-1.3600092200992224,0.6467644879128036
16902,0.23462958195584713,-0.9552142636712971,0.6754882337653904,-0.9880647720874756,-0.8204247009218442,-1.3804199638603631,1.1374284698424082,-0.2756093600596579,-0.9103722974615925,1.549638734939413
16903,-0.6353474481333451,-0.9552142636712971,-0.5318215867708213,-0.9880647720874756,-0.8204247009218442,-1.3804199638603631,-0.6530561575430981,0.5034898572085416,-1.6484555478290226,0.5827186993896702
16904,-0.8853408475842623,2.178003940795619,1.3020882658188846,1.7538539946538823,1.097059823147212,0.7244172253228549,-1.3868613327010924,1.0361593208475688,1.2190402984260504,-0.21328122723657303
16905,-0.8753411116062256,1.074425194724936,1.1504680321197478,1.7841514395902507,0.036319681251577404,0.7244172253228549,-1.3575091256947727,0.8680031404578928,1.261458876033374,0.29141447177420615
16906,-0.1053614412974004,0.3863044476016779,-0.18233368427558005,0.26927919277182105,0.2548471562453902,0.7244172253228549,0.9026108137918503,0.06836225504059383,0.21796186689321434,-0.8628028024593027
16907,-0.6353474481333451,0.6532369520997158,0.23589800877031725,1.5569206025674862,-0.05869471474131325,0.7244172253228549,-0.6530561575430981,0.5793558625893106,1.2020728673831211,-1.042004282836464
16909,-0.2053588010777673,-0.9552142636712971,-0.5193817134820617,-0.9880647720874756,-0.8204247009218442,-1.3804199638603631,0.6090887437286524,0.10771492263722326,-1.28365578040604,1.1447620548526307
16910,-0.8853408475842623,1.2468684386726134,0.5781140785670096,-0.33666970595555085,2.2422032443856477,0.7244172253228549,-1.3868613327010924,0.8675945977236454,-1.1224651854982104,-0.364636390162853
16912,-0.6353474481333451,1.6680566812978321,1.0024500563241725,1.238797430735616,0.20500161250864615,0.7244172253228549,-0.6530561575430981,0.7043142287238151,0.8457568154816031,-0.5496860931375465
16913,1.9745836421342315,-0.9552142636712971,-1.4740960024944767,-0.9880647720874756,-0.8204247009218442,-1.3804199638603631,1.1374284698424082,-1.9036152428062456,0.5657942032732676,-0.6938444096888514
16914,-0.5653492962870882,-0.9552142636712971,-0.9933687743304944,-0.9880647720874756,-0.8204247009218442,-1.3804199638603631,-0.4475907084988595,0.43634589503079196,-1.5890695391787697,-0.267501382947513
16915,-0.8353421676940789,0.8789251688960825,-0.12692082954923706,1.0873102060537732,0.26862366472155663,0.7244172253228549,-1.2401002976694935,0.7740589162614357,0.5148919101444793,-2.1143365546632853
16916,-0.6853461280235285,-0.3615827770984007,-0.1871546483130627,1.6478129373765922,-0.6147295743453494,0.7244172253228549,-0.799817192574697,0.5693221700087802,1.261458876033374,0.3901336576095206
16917,1.8445870744197546,-0.9552142636712971,-0.4938949528989223,-0.9880647720874756,-0.8204247009218442,-1.3804199638603631,1.1374284698424082,-1.7793770807729736,0.4555059014942263,0.4486600156681821
16918,-0.42535299259457454,0.8789251688960825,0.30349024426072213,1.034289677415128,0.10253213026786133,0.7244172253228549,-0.03665981041038266,0.40392587090688437,0.7948545223528148,-0.2750878810034898
16919,0.6346190210773148,1.6680566812978321,1.0089274461915876,0.6176998095400599,1.3789430162523628,0.7244172253228549,1.1374284698424082,-0.4645427285050699,1.2275240139475152,-0.201854532841903
16921,-0.31535589683617093,-0.9552142636712971,-1.155682084256161,-0.9880647720874756,-0.8204247009218442,-1.3804199638603631,0.28621446665913486,0.20555442053473896,-1.3769766511421517,0.1126775892841099
16923,-0.8053429597599688,2.41594390599791,1.8250980103226204,1.6629616598447763,1.3334315190974428,0.7244172253228549,-1.1520436766505342,1.0691669009488838,1.1851054363401916,0.16816457713881391
16924,-0.7153453359576386,0.05960546552681911,0.1184625179196672,-0.5184543755737624,0.8484220205059414,0.7244172253228549,-0.8878738135936562,0.6178472757537194,-1.1818511941484633,0.068922258460029
16926,2.784562256355203,-0.9552142636712971,-0.9146634977852799,-0.9880647720874756,-0.8204247009218442,-1.3804199638603631,1.1374284698424082,-2.647413051364039,1.2529751605119093,-1.618433341675073
16927,0.23462958195584713,0.05960546552681911,-0.23427575356739908,0.8676537302651008,-0.2760230118464947,0.7244172253228549,1.1374284698424082,-0.2617285779407366,1.1766217208187268,0.8405973147528748
16928,-0.1253609132534738,2.2616881678707283,1.0823289516364496,1.2236487082674319,1.599364326655994,0.7244172253228549,0.8439063997792103,0.3380989032857671,1.2699425915548388,-0.23749176987864112
16929,-0.8853408475842623,1.074425194724936,0.45625633115434955,0.15566377426043881,1.1283005771249028,0.7244172253228549,-1.3868613327010924,0.8476029932231437,-0.571023676603004,-0.16601919216669125
16930,-0.6653466560674551,0.05960546552681911,-0.516437382623957,-0.6699416002556053,0.5240234597907494,0.7244172253228549,-0.7411127785620575,0.5641774941688941,-1.3175906424918988,-0.3361178448860473
16931,-0.8753411116062256,2.555485194733606,1.4643476541710088,1.7690027171220666,1.5300615176497865,0.7244172253228549,-1.3575091256947727,1.123250851344536,1.2444914449904447,-0.028663579186206968
16932,-0.39535378466046445,-0.9552142636712971,-1.1931017392902175,-0.9880647720874756,-0.8204247009218442,-1.3804199638603631,0.05139681060857664,0.27907633669753823,-1.4448463753138696,-0.6290969629912271
16933,-0.9153400555183724,-0.3615827770984007,-0.2053113276754102,0.8070588403923636,-0.5243041877833818,0.7244172253228549,-1.4749179537200516,0.7808539614353357,0.13312471167856718,-0.07633161619016947
16934,-0.37535431270439107,-0.3615827770984007,0.21063900133258776,-0.9880647720874756,-0.8204247009218442,0.7244172253228549,0.11010122462121627,0.290064942146395,-1.42787894427094,0.2823819888441093
16936,-0.6653466560674551,-0.9552142636712971,-0.8102945932423113,-0.9880647720874756,-0.8204247009218442,-1.3804199638603631,-0.7411127785620575,0.5292973958848645,-1.6739066943934169,0.12547386744738664
16938,-0.8353421676940789,0.3863044476016779,1.0506561727307986,1.284243598140169,-0.16599530792849665,0.7244172253228549,-1.2401002976694935,0.7757571462061155,0.7269847981810972,1.560130431816404
16940,-0.4053535206385011,0.05960546552681911,1.1368864875586768,0.8070588403923636,-0.2575188160486303,0.7244172253228549,0.02204460360225668,0.3685474557365818,0.5657942032732676,1.7035722935544575
16942,-0.7953432237819321,1.4011241767997944,0.7692508151247059,0.6404228932423364,0.8793557830224626,0.7244172253228549,-1.1226914696442145,0.8079383173166995,0.03980384094245534,-0.5906411838886279
16943,1.1946042358473694,0.05960546552681911,0.08979014993339357,-0.18518248127370787,0.2899744111530651,0.7244172253228549,1.1374284698424082,-1.1410509795050605,0.8033382378742796,-1.2696809279709147
16945,-0.7053455999796019,2.41594390599791,1.4183654552378193,1.5569206025674862,0.9922286499661963,0.7244172253228549,-0.8585216065873364,0.9295556961754448,1.142686858732868,-0.08075989016910838
16947,1.4345978993202502,-0.9552142636712971,-0.46414834199156046,-0.9880647720874756,-0.8204247009218442,-1.3804199638603631,1.1374284698424082,-1.4016730094373837,0.10767356511417306,0.775367748672009
16948,0.46462350945069103,0.05960546552681911,-0.41031145375301487,0.42834077868775616,-0.12629652586992432,0.7244172253228549,1.1374284698424082,-0.47524381105797303,0.8712079620459973,1.3769629780682224
16949,-0.8853408475842623,0.8789251688960825,0.45064188997341936,1.3751359329492747,0.15617447459056708,0.7244172253228549,-1.3868613327010924,0.8309791108399383,0.7948545223528148,-0.17333570511842158
16950,-0.3553548407483177,0.05960546552681911,0.3811493347810045,1.3599872104810904,-0.38039780370884935,0.7244172253228549,0.16880563863385561,0.2918562501602467,1.2190402984260504,0.3630943714492469
16951,0.4246245655385443,0.05960546552681911,0.44536076542941505,0.2920022764740975,-0.06642915242436435,0.7244172253228549,1.1374284698424082,-0.42461129486799126,0.6845662205737736,1.1531729291630255
16952,0.16463143010959028,-0.3615827770984007,-1.1658984371037844,-0.9880647720874756,-0.8204247009218442,0.7244172253228549,1.1374284698424082,-0.21991001707830593,-0.9697583061118455,-1.3233112108323308
16953,-0.6253477121553084,-0.9552142636712971,-2.7927675605365967,-0.9880647720874756,-0.8204247009218442,-1.3804199638603631,-0.6237039505367783,0.48850917954493006,-1.6399718323075578,-2.9307595496538177
16954,-0.9153400555183724,1.4011241767997944,0.834569412585326,1.7235565497175136,0.32837017347485187,0.7244172253228549,-1.4749179537200516,0.9211091095322188,1.1596542897757975,-0.3033585681479362
16955,0.9246113644403788,0.3863044476016779,-0.2707366796631964,0.4359151399218483,0.1510383579725636,0.7244172253228549,1.1374284698424082,-0.8808893811896346,1.2699425915548388,-0.9226479569723127
16956,-0.7453445438917486,-0.9552142636712971,-0.6822583230082032,-0.9880647720874756,-0.8204247009218442,-1.3804199638603631,-0.9759304346126154,0.6037025711055246,-1.7417764185651345,-0.3329048796889562
16957,1.4645971072543602,-0.3615827770984007,-0.4445624299319386,-0.6699416002556053,0.5240234597907494,0.7244172253228549,1.1374284698424082,-1.4126510365711054,0.49792447910154986,-0.641746994773477
16959,-0.05536276140721694,-0.9552142636712971,-1.4473783351605232,-0.9880647720874756,-0.8204247009218442,-1.3804199638603631,1.0493718488234491,-0.03466897730984309,-1.1564000475840692,-1.2548234467293211
16960,-0.5353500883529781,0.05960546552681911,-0.28872104363016077,0.625274170774152,-0.20393985509836815,0.7244172253228549,-0.35953408747990034,0.44656795297831486,0.25189672897907317,-0.4620724242744029
16961,0.23462958195584713,-0.9552142636712971,-0.9012955609770893,-0.9880647720874756,-0.8204247009218442,-1.3804199638603631,1.1374284698424082,-0.29973817562454513,-0.9103722974615925,-0.2317929400349163
16963,0.9446108363964523,-0.9552142636712971,-1.494437248518143,-0.9880647720874756,-0.8204247009218442,-1.3804199638603631,1.1374284698424082,-0.9554120159084702,-0.3080284954375979,-1.618433341675073
16965,1.3446002755179198,-0.9552142636712971,-1.0214616828432772,-0.9880647720874756,-0.8204247009218442,-1.3804199638603631,1.1374284698424082,-1.32217962523325,0.03132012542099063,0.6984966006026871
16966,-0.8453419036721156,1.074425194724936,0.860776805091735,0.7616126729878108,0.6120479132225516,0.7244172253228549,-1.2694525046758134,0.8248610488526404,0.14160842720003192,0.6677483530095384
16967,0.9646103083525256,-0.9552142636712971,-0.6562925128891639,-0.9880647720874756,-0.8204247009218442,-1.3804199638603631,1.1374284698424082,-0.9704090851941832,-0.2910610643946685,0.8472451769778535
16968,-0.8853408475842623,-0.3615827770984007,-0.40230831465768035,-0.2079055649759843,-0.18281754283021995,0.7244172253228549,-1.3868613327010924,0.7512066788747526,-0.9782420216333103,0.059959733919086475
16969,-0.5353500883529781,0.05960546552681911,-0.091048927876074,0.16323813549453098,0.00946127826626002,0.7244172253228549,-0.35953408747990034,0.44891675688362004,-0.2656099178302743,0.6240244525017367
16971,-0.5453498243310149,-0.9552142636712971,-0.5666368872403801,-0.9880647720874756,-0.8204247009218442,-1.3804199638603631,-0.38888629448622003,0.4203703759039458,-1.5721021081358402,-0.83594512383904
16976,1.7445897146393876,-0.9552142636712971,-0.8446867275056359,-0.9880647720874756,-0.8204247009218442,-1.3804199638603631,1.1374284698424082,-1.6896076718168385,0.3706687462795792,-0.6165898724803326
16978,-0.14536038520954717,-0.9552142636712971,-0.5957588640057169,-0.9880647720874756,-0.8204247009218442,-1.3804199638603631,0.785201985766571,0.05190669947343732,-1.2327534872772516,0.08002431475699087
16979,-0.8853408475842623,0.8789251688960825,0.7403450757633565,1.238797430735616,0.2078598162752867,0.7244172253228549,-1.3868613327010924,0.8402480061618441,0.6336639274449853,-0.07506008735051713
16980,1.6245928829029472,-0.3615827770984007,0.31099250948182044,-0.7153877676601582,0.6914926587352195,0.7244172253228549,1.1374284698424082,-1.5491006753891092,0.5742779187947323,1.0329161169432035
16982,-0.31535589683617093,-0.9552142636712971,-0.5091548753515291,-0.9880647720874756,-0.8204247009218442,-1.3804199638603631,0.28621446665913486,0.20906501074672199,-1.3769766511421517,0.18129405122264516
16983,-0.7953432237819321,1.074425194724936,0.7736503816402267,1.7084078272493293,0.1979260948457436,0.7244172253228549,-1.1226914696442145,0.7751640488732733,1.2444914449904447,0.26849390534908824
16984,-0.04536302542918024,-0.3615827770984007,1.4428411505651477,-0.6775159614896975,0.5240234597907494,0.7244172253228549,1.0787240558297684,0.044098750285884274,-0.7916002801610865,2.27432565019431
16985,-0.7553442798697854,1.5406654655354899,1.6004946150618082,1.594792408737947,0.2368511193526184,0.7244172253228549,-1.0052826416189355,0.8456445518558268,1.1511705742543328,0.1885284935333104
16986,-0.6253477121553084,-0.3615827770984007,0.7493920447770309,-0.9880647720874756,7.7451555481238294,0.7244172253228549,-0.6237039505367783,0.5353332799985293,-1.6399718323075578,1.3393676977361009
16987,-0.8953405835622991,1.074425194724936,0.6364411535606216,0.5419561971991385,0.5648484980206143,0.7244172253228549,-1.416213539707412,0.8622104443733413,-0.15532161605123307,-1.0823936873551294
16988,-0.8753411116062256,-0.9552142636712971,-1.3905282246450048,-0.9880647720874756,-0.8204247009218442,-1.3804199638603631,-1.3575091256947727,0.7203926446958965,-1.8520647203441758,-1.3963178252120911
16989,-0.8553416396501522,0.8789251688960825,0.34999868238467147,0.09506888438770164,0.9688453228292773,0.7244172253228549,-1.298804711682133,0.8008530890905085,-0.6134422542103276,0.3150192152102757
16990,1.2646023876936263,-0.9552142636712971,-1.1139127549691688,-0.9880647720874756,-0.8204247009218442,-1.3804199638603631,1.1374284698424082,-1.2488926549968045,-0.03654959875072707,-0.4765889042531565
16992,-0.8153426957380054,0.6532369520997158,0.631170992860694,1.0873102060537732,0.08558160642378781,0.7244172253228549,-1.1813958836568539,0.7554350290595971,0.523375625665944,0.11909422020017577
16996,-0.6253477121553084,0.8789251688960825,0.5496646881675269,1.4584539065242883,-0.03241470504963368,0.7244172253228549,-0.6237039505367783,0.5944114650558379,1.1002682811255444,-0.5839124960961812
16997,1.954584170178158,0.05960546552681911,-0.030435227166481147,-0.7078134064260662,1.5836165367123283,0.7244172253228549,1.1374284698424082,-1.8426107478067648,0.8712079620459973,-0.27661144040879315
16998,0.5746206052090946,0.3863044476016779,-0.7183427851334193,0.17838685796271528,-0.00423981653472815,0.7244172253228549,1.1374284698424082,-0.5623329108915713,0.6845662205737736,-2.269034259482787
16999,-0.6953458640015652,-0.3615827770984007,-0.3243028159707696,-0.6093467103828681,0.33352220288929524,0.7244172253228549,-0.8291693995810168,0.5770303373662607,-1.2666883493631105,-0.053664631579894
17001,-0.9153400555183724,1.6680566812978321,1.3504199916610287,1.7235565497175136,0.6978186934580101,0.7244172253228549,-1.4749179537200516,0.9852611109502937,1.1511705742543328,0.2669682459301568
17002,-0.06536249738525363,0.05960546552681911,0.5694728184533416,0.5646792809014148,-0.1800744844662902,0.7244172253228549,1.0200196418171292,0.030036809480989805,0.5742779187947323,0.42140778104246296
17004,-0.4653519365067213,-0.3615827770984007,0.525283212058064,-0.6396441553192368,0.4319704248891608,0.7244172253228549,-0.15406863843566193,0.38049134006432983,-1.1054977544552809,1.0755195605302048
17006,-0.8753411116062256,0.3863044476016779,0.05505228768783934,-0.4578594857010252,1.2217641267407462,0.7244172253228549,-1.3575091256947727,0.7805583312826209,-1.2497209183201812,-0.8983202582722637
17007,-0.4153532566165378,0.8789251688960825,0.15797165518247108,1.329689765544722,0.002553193908666634,0.7244172253228549,-0.007307603404062988,0.39178862877456416,1.1342031432114035,-0.48208204571701285
17010,-0.7453445438917486,-0.9552142636712971,-1.044729839367298,-0.9880647720874756,-0.8204247009218442,-1.3804199638603631,-0.9759304346126154,0.601844958195484,-1.7417764185651345,-0.2950596296779965
17011,-0.6253477121553084,-0.9552142636712971,-0.7858812742280433,-0.9880647720874756,-0.8204247009218442,-1.3804199638603631,-0.6237039505367783,0.49260680689368097,-1.6399718323075578,0.20522721570600805
17014,-0.8453419036721156,0.05960546552681911,-0.17340117168468427,-0.5487518205101309,0.9511694192575065,0.7244172253228549,-1.2694525046758134,0.7332626775818648,-1.3260743580133636,-0.6982986037608345
17015,-0.6353474481333451,0.05960546552681911,0.736283258001097,0.19353558043089958,-0.013123117169033144,0.7244172253228549,-0.6530561575430981,0.5605120525756135,-0.32499592648052733,1.603363982901756
17017,-0.8953405835622991,2.487376384667096,1.9698121787728167,1.8068745232925272,1.164585664021404,0.7244172253228549,-1.416213539707412,1.1922000578244054,1.2699425915548388,0.8493971636770378
17018,-0.5153506163969047,-0.3615827770984007,0.1844563710722042,1.1706281796287867,-0.570781110301535,0.7244172253228549,-0.30082967346726086,0.41844825266656477,0.8712079620459973,-0.6165898724803326
17019,-0.8153426957380054,0.3863044476016779,0.44215769098805496,1.7159821884834214,-0.25963698376611755,0.7244172253228549,-1.1813958836568539,0.7333621706522102,1.2275240139475152,0.3216991735244868
17022,-0.6153479761772717,-0.9552142636712971,-1.8426123931817382,-0.9880647720874756,-0.8204247009218442,-1.3804199638603631,-0.5943517435304586,0.48012533784973543,-1.6314881167860933,-0.3922154455737557
17024,-0.47535167248475796,0.05960546552681911,-1.6068166501123067,-0.13973631386915497,0.2496422698449756,0.7244172253228549,-0.1834208454419816,0.38459297268619475,-0.5540562455600746,-2.067228775845231
17025,-0.31535589683617093,0.05960546552681911,-0.5653945876848825,1.3751359329492747,-0.592123308132958,0.7244172253228549,0.28621446665913486,0.24158319796079594,1.2699425915548388,-0.7438550638481547
17026,0.9246113644403788,-0.3615827770984007,-1.2285838501667927,0.4056176949854797,-0.4436768073896119,0.7244172253228549,1.1374284698424082,-0.9197994410849086,1.2444914449904447,-1.2659478190926385
17027,-0.13536064923151048,0.8789251688960825,0.1582929372230321,0.8146332016264558,0.19442532822462577,0.7244172253228549,0.8145541927728907,0.1340176712429088,0.7948545223528148,-0.8640981399192418
17029,0.18463090206566365,-0.3615827770984007,-0.014753314921168556,-0.03369525659186489,-0.28769525660959294,0.7244172253228549,1.1374284698424082,-0.22933785210417357,0.11615728063563777,0.2851388165038507
17030,-0.28535668890206084,-0.9552142636712971,-1.2702816375023853,-0.9880647720874756,-0.8204247009218442,-1.3804199638603631,0.3742710876780942,0.1775599514365407,-1.3515255045777577,-0.06116883478578145
17031,-0.8053429597599688,-0.3615827770984007,-0.5168543553476721,0.09506888438770164,-0.34538252451653106,0.7244172253228549,-1.1520436766505342,0.6765881845494112,-0.5795073921244688,-0.29972012386096764
17033,-0.06536249738525363,0.05960546552681911,0.27420404501962065,1.079735844819681,-0.32486962803696506,0.7244172253228549,1.0200196418171292,0.02244137140579064,1.1511705742543328,0.5310268597944356
17034,-0.7653440158478221,0.05960546552681911,0.017333148768286833,1.0645871223514967,-0.32155498131921045,0.7244172253228549,-1.0346348486252552,0.6622203092917572,0.5488267722303382,-0.13377621895988245
17035,1.5345952591006171,-0.3615827770984007,-0.41303376782716755,-0.49573129187148596,0.11419346125134072,0.7244172253228549,1.1374284698424082,-1.4768185254963673,0.7524359447454912,-0.3281028516226405
17037,-0.04536302542918024,-0.9552142636712971,0.43884761496746255,-0.9880647720874756,-0.8204247009218442,-1.3804199638603631,1.0787240558297684,-0.025034235920930365,-1.1479163320626045,1.5960874689430036
17038,-0.6253477121553084,-0.9552142636712971,-1.4813562535634897,-0.9880647720874756,-0.8204247009218442,-1.3804199638603631,-0.6237039505367783,0.490009949897372,-1.6399718323075578,-1.8577632911644981
17040,0.4546237734726543,-0.9552142636712971,-0.38392405541803765,-0.9880647720874756,-0.8204247009218442,-1.3804199638603631,1.1374284698424082,-0.49874540820336627,-0.7237305559893689,0.17522901833157845
17041,-0.6553469200894184,0.05960546552681911,0.3129121673488155,1.53419751886521,-0.4083326598276457,0.7244172253228549,-0.7117605715557376,0.5664566585957064,1.1681380052972623,0.7929095695955404
17042,-0.8953405835622991,0.6532369520997158,0.2851115629286446,0.8600793690310087,0.17392250154908412,0.7244172253228549,-1.416213539707412,0.8197478513392055,0.2009944358502849,0.2785108581771149
17043,-0.6053482401992349,0.3863044476016779,0.6885580883994663,0.7843357566900871,-0.00870598452150238,0.7244172253228549,-0.5649995365241388,0.5476082552756698,0.3621850307581145,0.5288197489271481
17044,-0.6753463920454919,-0.9552142636712971,0.2085895585079828,-0.9880647720874756,-0.8204247009218442,-1.3804199638603631,-0.7704649855683771,0.5497398290581896,-1.6823904099148814,1.3048427707211727
17045,0.20463037402173703,0.05960546552681911,-0.607100690350739,0.0268996332808723,0.10253213026786133,0.7244172253228549,1.1374284698424082,-0.237445566352783,0.2094781513717496,-1.608231741964778
17046,0.6446187570553514,-0.9552142636712971,-0.10135835964824266,-0.9880647720874756,-0.8204247009218442,-1.3804199638603631,1.1374284698424082,-0.6705149466029762,-0.5625399610815394,1.31791614002198
17047,-0.07536223336329032,0.05960546552681911,0.3269869715111016,-0.08671578523050993,-0.26382565671385283,0.7244172253228549,0.9906674348108093,0.032807016396086935,-0.15532161605123307,0.15476881038439794
17048,0.2546290539119205,0.05960546552681911,0.1889763148722858,0.625274170774152,-0.20393985509836815,0.7244172253228549,1.1374284698424082,-0.27387762418753175,0.9136265396533209,0.0509240451031924
17049,-0.8953405835622991,1.4011241767997944,1.6284968641171553,1.079735844819681,0.602716236965679,0.7244172253228549,-1.416213539707412,0.9612674806129761,0.4470221859727616,0.7222473130192492
17050,0.03463486239511329,0.8789251688960825,1.1822189559755893,0.5495305584332305,0.5596068614392032,0.7244172253228549,1.1374284698424082,0.0158249943997975,0.6506313584879148,0.6117937674694145
17051,1.014608988242709,-0.9552142636712971,-0.8586018665814174,-0.9880647720874756,-0.8204247009218442,-1.3804199638603631,1.1374284698424082,-1.017618345322954,-0.2486424867873449,0.19332531895270902
17052,-0.6453471841113817,-0.9552142636712971,-0.4500847044168849,-0.9880647720874756,-0.8204247009218442,-1.3804199638603631,-0.6824083645494178,0.5133598875355038,-1.6569392633504874,0.5785020629256368
17053,0.3846256216263975,-0.9552142636712971,-0.30225044451793737,-0.9880647720874756,-0.8204247009218442,-1.3804199638603631,1.1374284698424082,-0.4335024764185615,-0.7831165646396219,-0.2584656941316199
17054,-0.6453471841113817,0.6532369520997158,0.4927879541048553,0.6479972544764285,0.2775540212266285,0.7244172253228549,-0.6824083645494178,0.5947009194301955,0.18402700480735548,0.045011043766955736
17058,-0.1053614412974004,0.05960546552681911,0.3820455289982247,0.20868430289908388,-0.017492024441169523,0.7244172253228549,0.9026108137918503,0.06172013389670333,0.14160842720003192,0.270355748905311
17059,-0.6253477121553084,0.6532369520997158,1.1485720451986636,1.5796436862697627,-0.06642915242436435,0.7244172253228549,-0.6237039505367783,0.6047752346872738,1.2444914449904447,0.9665131268003444
17060,1.7345899786613508,-0.9552142636712971,-0.9010588781470175,-0.9880647720874756,-0.8204247009218442,-1.3804199638603631,1.1374284698424082,-1.6806844702962893,0.3621850307581145,0.36991636982861664
17061,-0.18535932912169392,1.6680566812978321,1.5660137223193187,0.20868430289908388,1.4745238346093879,0.7244172253228549,0.6677931577412918,0.33355970926013145,0.0737387030283142,-0.1173313305270248
17062,2.214577305607112,0.3863044476016779,-0.24114638990065068,-0.5714749042124074,1.5698024669528756,0.7244172253228549,1.1374284698424082,-2.068181416991965,1.2444914449904447,-0.39730449239224697
17063,-0.7153453359576386,1.074425194724936,0.5519414841159648,1.0418640386492202,-0.09819441829271904,0.7244172253228549,-0.8878738135936562,0.6938112571902476,0.5573104877518029,-0.3720900596305994
17064,-0.3353553687922443,0.05960546552681911,0.13019555344729136,1.0418640386492202,-0.31819554357297464,0.7244172253228549,0.22751005264649524,0.2682136950713005,0.879691677567462,-0.4127135449586689
17068,-0.8053429597599688,2.555485194733606,1.4553027659974602,1.700833466015237,1.6435661346485426,0.7244172253228549,-1.1520436766505342,1.0579533609868752,1.2275240139475152,-0.4436838304250821
17069,-0.6453471841113817,1.4011241767997944,1.042867004629015,1.6250898536743157,0.3654503719940077,0.7244172253228549,-0.6824083645494178,0.682772316533176,1.2699425915548388,0.08882647433015098
17070,0.21463010999977375,-0.9552142636712971,-0.6735762366796039,-0.9880647720874756,-0.8204247009218442,-1.3804199638603631,1.1374284698424082,-0.28004808603584863,-0.927339728504522,-0.16365661766630746
17071,-0.6453471841113817,1.4011241767997944,0.9559412361543453,1.140330734692418,0.571648058216151,0.7244172253228549,-0.6824083645494178,0.6781738316552314,0.7354685137025618,-0.16365661766630746
17073,-0.7453445438917486,0.3863044476016779,0.5437132323324922,-0.2987978997850901,0.8812688759099687,0.7244172253228549,-0.9759304346126154,0.6717602453676574,-0.9697583061118455,0.2272040938455363
17075,-0.7453445438917486,0.3863044476016779,0.10652521562025678,1.2766692369060768,-0.16599530792849665,0.7244172253228549,-0.9759304346126154,0.6617337559289734,0.7948545223528148,-0.8208854938007576
17076,-0.5653492962870882,0.05960546552681911,0.11312564417751643,1.4963257126947491,-0.40139382823092007,0.7244172253228549,-0.4475907084988595,0.4796596345693964,1.2020728673831211,-0.49500639628230575
17078,-0.5653492962870882,-0.3615827770984007,-0.5213506742069093,-0.9880647720874756,-0.8204247009218442,0.7244172253228549,-0.4475907084988595,0.45560136839662957,-1.5890695391787697,1.0329161169432035
17079,-0.14536038520954717,-0.9552142636712971,-1.4376940395241478,-0.9880647720874756,-0.8204247009218442,-1.3804199638603631,0.785201985766571,0.04821162591900476,-1.2327534872772516,-2.0220443089501843
17080,-0.7053455999796019,-0.3615827770984007,-0.7384221984601668,0.8828024527332851,-0.5344989556366684,0.7244172253228549,-0.8585216065873364,0.583005737556992,0.3961198928439733,-0.6805883742050745
17081,-0.6753463920454919,-0.3615827770984007,-0.731454031933593,-0.8365775474056326,1.392823709581291,0.7244172253228549,-0.7704649855683771,0.555428403973782,-1.5042323839641225,-1.5018133972619236
17082,-0.5953485042211982,-0.3615827770984007,0.8029832587482286,1.1706281796287867,-0.570781110301535,0.7244172253228549,-0.5356473295178191,0.5098548949944817,0.8033382378742796,1.3488869074815586
17083,0.16463143010959028,0.05960546552681911,0.5212458357238422,0.4813613073264012,-0.14825585158074672,0.7244172253228549,1.1374284698424082,-0.1831494338035292,0.6845662205737736,0.562902159525233
17084,-0.5753490322651249,-0.3615827770984007,1.1103477319996278,-0.9880647720874756,-0.8204247009218442,0.7244172253228549,-0.4769429155051793,0.5069398462437119,-1.5975532547002345,1.955443688528886
17085,0.30462773380210395,0.6532369520997158,0.6073532515999309,0.8222075628605479,0.19442532822462577,0.7244172253228549,1.1374284698424082,-0.27645325329742865,1.1851054363401916,0.02010551403262306
17086,-0.8553416396501522,0.8789251688960825,0.8211132463333911,-0.5639005429783153,2.428532641886399,0.7244172253228549,-1.298804711682133,0.815874391298246,-1.3515255045777577,0.767679096580098
17088,-0.6453471841113817,0.3863044476016779,0.7978735889310657,0.7161665055832578,0.018856220273955844,0.7244172253228549,-0.6824083645494178,0.5886250277991912,0.2603804445005379,0.37500541664710685
17090,-0.8853408475842623,1.074425194724936,0.8187328847875679,1.6553872986106843,0.21459222023879976,0.7244172253228549,-1.3868613327010924,0.8598673671862814,1.1087519966470092,-0.17552024392120097
17091,-0.8953405835622991,1.4011241767997944,1.3175012614247672,1.7765770783561585,0.17953304746669005,0.7244172253228549,-1.416213539707412,0.9312484690938727,1.2275240139475152,0.2515948636150456
17092,-0.42535299259457454,0.3863044476016779,0.7078358112796546,0.7313152280514421,0.012569249953262206,0.7244172253228549,-0.03665981041038266,0.38259251880745193,0.4555059014942263,0.6667735702664903
17094,2.2945751934314056,-0.9552142636712971,-0.699754631875869,-0.9880647720874756,-0.8204247009218442,-1.3804199638603631,1.1374284698424082,-2.19512800496192,0.8372730999601384,-0.016888300756974145
17095,-0.6953458640015652,0.05960546552681911,0.47371231810113634,1.3751359329492747,-0.38169108633968796,0.7244172253228549,-0.8291693995810168,0.6072565075442672,0.9475614017391797,0.3176960381187571
17096,-0.7753437518258587,0.3863044476016779,0.26800217801258214,0.8752280914991929,-0.04273590051938134,0.7244172253228549,-1.063987055631575,0.6924330522922874,0.3282501686722556,-0.6577655917575091
17097,-0.9053403195403357,1.2468684386726134,0.21354932153308218,1.7614283558879744,0.1840678945381534,0.7244172253228549,-1.4455657467137322,0.8769036490698722,1.2020728673831211,-1.0834090053286547
17100,-0.7453445438917486,-0.3615827770984007,0.22783700287490777,-0.9880647720874756,-0.8204247009218442,0.7244172253228549,-0.9759304346126154,0.6310395945155246,-1.7417764185651345,1.0496028510649729
17101,-0.8253424317160422,0.3863044476016779,0.6348157425858688,0.2768535540059132,0.2496422698449756,0.7244172253228549,-1.2107480906631736,0.7482884535825236,-0.38438193513078034,0.3055990244510312
17102,1.6945910347492041,-0.9552142636712971,-2.6375029743530414,-0.9880647720874756,-0.8204247009218442,-1.3804199638603631,1.1374284698424082,-1.6472791921246637,0.3282501686722556,-4.368891362507822
17105,0.6646182290114249,-0.3615827770984007,-0.07250247787289701,0.12536632932407024,-0.35718036679798254,0.7244172253228549,1.1374284698424082,-0.6720638356606541,0.701533651616703,0.891103261769071
17107,-0.5953485042211982,0.8789251688960825,2.143410519259336,0.8600793690310087,0.17392250154908412,0.7244172253228549,-0.5356473295178191,0.7201212751791313,0.463989617015691,1.8239315238794496
17109,-0.6353474481333451,0.8789251688960825,0.15359466960695312,0.5495305584332305,0.09492003701709008,0.7244172253228549,-0.6530561575430981,0.5942474693244425,0.0737387030283142,-0.4968651133155526
17110,0.724616644879645,-0.9552142636712971,-1.1864914528251795,-0.9880647720874756,-0.8204247009218442,-1.3804199638603631,1.1374284698424082,-0.7520088041455489,-0.4946702369098216,-1.2329045971479955
17111,-0.4553522005286846,-0.9552142636712971,-0.8539045202181487,-0.9880647720874756,-0.8204247009218442,-1.3804199638603631,-0.12471643142934195,0.3357342318097686,-1.4957486684426577,0.7394273921378642
17114,-0.8653413756281889,1.2468684386726134,0.08186351718597386,1.5039000739288413,0.4109327335165717,0.7244172253228549,-1.3281569186884528,0.8376896032044189,0.9475614017391797,-1.8818789669287024
17115,-0.8453419036721156,0.05960546552681911,0.10973743863532907,0.7085921443491656,-0.23078737034635377,0.7244172253228549,-1.2694525046758134,0.7373778357633348,0.08222241854977891,-0.240612633975855
17117,1.954584170178158,-0.9552142636712971,-1.4551437281300605,-0.9880647720874756,-0.8204247009218442,-1.3804199638603631,1.1374284698424082,-1.885157390534221,0.5488267722303382,-0.8983202582722637
17118,2.2545762495192587,-0.9552142636712971,-1.2174850946091715,-0.9880647720874756,-0.8204247009218442,-1.3804199638603631,1.1374284698424082,-2.1606780857676777,0.8033382378742796,-0.0025132190580743627
17119,-0.8953405835622991,-0.3615827770984007,-0.14601202945406652,-0.5639005429783153,0.2496422698449756,0.7244172253228549,-1.416213539707412,0.7631569800712497,-1.3854603666636165,0.0866324880157891
17120,1.4045986913861401,-0.9552142636712971,-0.68555158927255,-0.9880647720874756,-0.8204247009218442,-1.3804199638603631,1.1374284698424082,-1.375676399910983,0.08222241854977891,-0.27661144040879315
17122,0.2646287898899572,-0.9552142636712971,-1.3176480415235596,-0.9880647720874756,-0.8204247009218442,-1.3804199638603631,1.1374284698424082,-0.3289275266201636,-0.8849211508971985,-0.7208424733347566
17123,0.6946174369455349,-0.9552142636712971,-0.5935281522708453,-0.9880647720874756,-0.8204247009218442,-1.3804199638603631,1.1374284698424082,-0.7214079753566687,-0.5201213834742158,0.5132455017656118
17124,0.9246113644403788,-0.9552142636712971,-0.7079594964405825,-0.9880647720874756,-0.8204247009218442,-1.3804199638603631,1.1374284698424082,-0.9339136291167289,-0.32499592648052733,-0.18871879929522678
17125,-0.42535299259457454,-0.9552142636712971,-0.8204019869923579,-0.9880647720874756,-0.8204247009218442,-1.3804199638603631,-0.03665981041038266,0.30829124666422425,-1.4702975218782637,0.6984966006026871
17126,0.594620077165168,0.6532369520997158,0.2543767770845124,0.6025510870718755,-0.19355751272395488,0.7244172253228549,1.1374284698424082,-0.5526425701013109,1.1851054363401916,0.02846977851913454
17128,2.4245717611458826,-0.9552142636712971,-1.2171328818633171,-0.9880647720874756,-0.8204247009218442,-1.3804199638603631,1.1374284698424082,-2.3171843155996177,0.9475614017391797,-0.7768982857927977
17131,-0.8753411116062256,0.6532369520997158,0.9670364098148141,-0.4578594857010252,1.2416044323054534,0.7244172253228549,-1.3575091256947727,0.8245806114526916,-1.2497209183201812,0.2662555512330097
17133,-0.7653440158478221,1.074425194724936,1.5125921602017576,0.9055255364355616,0.34820139284423907,0.7244172253228549,-1.0346348486252552,0.7960578293640809,0.3621850307581145,1.0216502106965406
17134,0.1446319581535169,-0.3615827770984007,-0.42880052926188805,0.20110994166499171,-0.3867888893693912,0.7244172253228549,1.1374284698424082,-0.19728031813769845,0.3537013152366497,-1.2114113833085771
17135,-0.7653440158478221,1.074425194724936,0.3545291585838252,1.700833466015237,-0.0940762179595933,0.7244172253228549,-1.0346348486252552,0.7345768713374509,1.261458876033374,0.1372251044314125
17138,1.8345873384417177,-0.9552142636712971,-0.516541605310573,-0.9880647720874756,-0.8204247009218442,-1.3804199638603631,1.1374284698424082,-1.770351315689038,0.4470221859727616,-0.22304296772375637
17139,-0.7653440158478221,1.7852452398084835,2.132531302702521,1.079735844819681,0.7530240016590287,0.7244172253228549,-1.0346348486252552,0.9730676299789143,0.5573104877518029,1.13415778009381
17140,1.5445949950786537,-0.9552142636712971,-0.3568819688420329,-0.9880647720874756,-0.8204247009218442,-1.3804199638603631,1.1374284698424082,-1.5019784565242666,0.2009944358502849,0.7394273921378642
17142,1.4645971072543602,-0.9552142636712971,-0.18338877515631835,-0.9880647720874756,-0.8204247009218442,-1.3804199638603631,1.1374284698424082,-1.4264653982115536,0.13312471167856718,-0.7072611283017771
17144,-0.9153400555183724,-0.3615827770984007,0.2382576978642639,-0.3593927896578273,-0.05079868360118282,0.7244172253228549,-1.4749179537200516,0.7877571773774481,-1.1733674786269988,0.4928939752199808
17146,0.1346322221754802,0.05960546552681911,0.021858446961026574,0.9282486201378379,-0.28959195973057783,0.7244172253228549,1.1374284698424082,-0.1662783599856712,1.1511705742543328,-0.8563487565743089
17147,-0.6953458640015652,0.3863044476016779,0.6790703018941592,1.2009256245651554,-0.1441815510191757,0.7244172253228549,-0.8291693995810168,0.6301277561184055,0.7524359447454912,0.3926350501615318
17148,-0.4053535206385011,-0.9552142636712971,-1.3983238309341688,-0.9880647720874756,-0.8204247009218442,-1.3804199638603631,0.02204460360225668,0.28767546357211127,-1.4533300908353342,-0.6938444096888514
17152,1.0246087242207458,0.05960546552681911,0.6673538084690669,-0.4730082081692095,0.08007043724803801,0.7244172253228549,1.1374284698424082,-0.9702441776815821,0.3367338841937203,0.12122485749559288
17153,-0.6853461280235285,-0.9552142636712971,-0.9734222128335204,-0.9880647720874756,-0.8204247009218442,-1.3804199638603631,-0.799817192574697,0.5469088529996065,-1.6908741254363462,-0.4335984236724724
17154,-0.17535959314365723,-0.9552142636712971,-0.6310514530665496,-0.9880647720874756,-0.8204247009218442,-1.3804199638603631,0.6971453647476117,0.07928005280677783,-1.2582046338416457,1.2737240137993853
17155,-0.7453445438917486,-0.3615827770984007,-0.844120048341341,0.22383302536726815,-0.39176929865306626,0.7244172253228549,-0.9759304346126154,0.6192424909721645,-0.38438193513078034,-0.267501382947513
17157,-0.8453419036721156,-0.3615827770984007,-0.6563422157865324,0.2844279152400054,-0.4128319921137541,0.7244172253228549,-1.2694525046758134,0.712408293968268,-0.40134936617370975,-0.641746994773477
17158,-0.6053482401992349,0.05960546552681911,0.438628125141814,1.4963257126947491,-0.40139382823092007,0.7244172253228549,-0.5649995365241388,0.5234626626184213,1.1596542897757975,0.5714384414218142
17159,-0.7053455999796019,0.05960546552681911,0.5931392170531226,0.14808941302634668,0.018856220273955844,0.7244172253228549,-0.8585216065873364,0.6199807868133564,-0.4352842282595686,0.9645277168811243
17160,-0.6153479761772717,0.8789251688960825,1.2504156754330302,0.6025510870718755,0.5240234597907494,0.7244172253228549,-0.5943517435304586,0.6189736285856816,0.15857585824296133,1.2417050037656985
17162,-0.6353474481333451,1.5406654655354899,0.6794734929704691,1.1024589285219575,0.25904823372384433,0.7244172253228549,-0.6530561575430981,0.6737508767351842,0.701533651616703,-0.4754935397568436
17163,-0.7053455999796019,-0.3615827770984007,-0.7234640205812993,-0.5639005429783153,0.23433004156147158,0.7244172253228549,-0.8585216065873364,0.5830955216348459,-1.2327534872772516,-1.6817000313181532
17164,-0.5953485042211982,1.074425194724936,0.9683842946484279,0.82978192409464,0.18749648203481642,0.7244172253228549,-0.5356473295178191,0.5998211620446302,0.42157103940836743,0.36187172056474654
17165,1.9145852262660112,-0.9552142636712971,-1.2091743472300331,-0.9880647720874756,-0.8204247009218442,-1.3804199638603631,1.1374284698424082,-1.8476361349833343,0.5148919101444793,-0.4765889042531565
17166,-0.5353500883529781,-0.3615827770984007,-1.0014589350928695,0.2617048315377289,-0.40373265086286475,0.7244172253228549,-0.35953408747990034,0.42516667291969085,-0.16380533157269778,-1.5018133972619236
17169,-0.345355104770281,-0.3615827770984007,0.10810443763220993,-0.04126961782595703,-0.28769525660959294,0.7244172253228549,0.19815784564017558,0.2605593808035923,-0.34196335752345675,0.5869193333997936
17171,1.9645839061561947,-0.9552142636712971,-0.9332431697442628,-0.9880647720874756,-0.8204247009218442,-1.3804199638603631,1.1374284698424082,-1.8925826069748157,0.5573104877518029,0.19929226457948176
17172,-0.13536064923151048,-0.9552142636712971,-0.6594298779382645,-0.9880647720874756,-0.8204247009218442,-1.3804199638603631,0.8145541927728907,0.04226506149050429,-1.2242697717557869,1.250948195126917
17173,-0.8753411116062256,1.2468684386726134,1.3046951705742493,-0.04126961782595703,1.392823709581291,0.7244172253228549,-1.3575091256947727,0.895359333096194,-0.7831165646396219,-0.1053341243214649
17174,1.2546026517155897,-0.9552142636712971,-1.9757669932363207,-0.9880647720874756,-0.8204247009218442,-1.3804199638603631,1.1374284698424082,-1.2416376678571042,-0.04503331427219179,-1.447809236425938
17175,-0.4853514084627947,0.3863044476016779,0.5423931793962159,0.9206742589037459,-0.05869471474131325,0.7244172253228549,-0.21277305244830141,0.43235670067194104,0.6166964964020558,0.3724638179799887
17176,1.0946068760670027,-0.9552142636712971,-0.6889880075179642,-0.9880647720874756,-0.8204247009218442,-1.3804199638603631,1.1374284698424082,-1.0903023859854921,-0.1807727626156272,0.106223543399117
17179,0.854613212594122,0.05960546552681911,-0.019436662078868534,0.39804333375138756,-0.11308749703121695,0.7244172253228549,1.1374284698424082,-0.829755558410348,1.1681380052972623,-0.5137355357496959
17180,-0.36535457672635435,0.3863044476016779,0.06939948398539685,0.9736947875423909,-0.3024985888076389,0.7244172253228549,0.13945343162753596,0.31126967252640897,0.7863708068313501,0.11106760247924885
17181,-0.3553548407483177,-0.3615827770984007,-0.8820847738879186,1.4054333778856434,-0.594195356043659,0.7244172253228549,0.16880563863385561,0.2600031531700412,1.2784263070763036,-0.2720470391645994
17183,-0.8453419036721156,0.8789251688960825,1.2108671224995644,-0.2533517323805372,1.4954865186851571,0.7244172253228549,-1.2694525046758134,0.8279218340201341,-1.0036931681977044,0.36991636982861664
17186,-0.4553522005286846,-0.3615827770984007,-1.2858687678743181,-0.8895980760442777,2.0359408194478132,0.7244172253228549,-0.12471643142934195,0.3504947668983996,-1.3854603666636165,-0.4765889042531565
17187,1.3446002755179198,-0.9552142636712971,-1.0106792386678416,-0.9880647720874756,-0.8204247009218442,-1.3804199638603631,1.1374284698424082,-1.322134405515206,0.03132012542099063,-0.07633161619016947
17188,-0.8153426957380054,1.074425194724936,0.9705978603036709,1.6705360210788684,0.0671160889711396,0.7244172253228549,-1.1813958836568539,0.8024728417544235,1.1766217208187268,0.22699683502399817
17189,0.1346322221754802,-0.3615827770984007,-0.5084529771903229,0.9282486201378379,-0.5409138374818012,0.7244172253228549,1.1374284698424082,-0.1887391904667021,1.1511705742543328,-0.3377278316909093
17190,-0.3353553687922443,-0.3615827770984007,-0.3927775459286575,0.13294069055816238,-0.36286162230998326,0.7244172253228549,0.22751005264649524,0.2449462824456122,-0.13835418500830363,-0.7140309704038043
17191,-0.6453471841113817,1.074425194724936,0.838391550180413,1.5872180475038549,-0.06642915242436435,0.7244172253228549,-0.6824083645494178,0.6397543073969901,1.2275240139475152,0.08474846078101415
17193,-0.5653492962870882,1.074425194724936,0.671950764673837,0.07992016191951734,0.7155001025233554,0.7244172253228549,-0.4475907084988595,0.5596185159517306,-0.39286565065224505,0.16387644975403426
17194,1.8145878664856443,-0.3615827770984007,-0.8104755766398127,-0.33666970595555085,-0.08143283167175853,0.7244172253228549,1.1374284698424082,-1.7373955631400602,1.1681380052972623,-1.0438323026296568
17197,-0.6253477121553084,-0.9552142636712971,0.2608814873558285,-0.9880647720874756,-0.8204247009218442,-1.3804199638603631,-0.6237039505367783,0.5047655043418272,-1.6399718323075578,0.23443381081735964
17198,-0.6853461280235285,0.05960546552681911,-0.041576565398602904,1.6402385761425,-0.42366101908255605,0.7244172253228549,-0.799817192574697,0.5876965142310128,1.2529751605119093,-0.2857971008709019
17201,-0.38535404868242773,-0.9552142636712971,-0.5996835150718437,-0.9880647720874756,-0.8204247009218442,-1.3804199638603631,0.0807490176148963,0.2728304373963403,-1.4363626597924049,0.6076866542850984
17203,-0.5653492962870882,0.8789251688960825,1.2607037760197963,-0.8062801024692641,2.232104630777091,0.7244172253228549,-0.4475907084988595,0.573692760056063,-1.3854603666636165,1.2393820947637306
17204,0.8246140046600119,0.3863044476016779,0.6062922840468385,-0.3215209834873665,0.4763288106249656,0.7244172253228549,1.1374284698424082,-0.7716904028748032,0.345217599715185,0.04978937997748951
17205,-0.38535404868242773,-0.9552142636712971,-0.5091135700714888,-0.9880647720874756,-0.8204247009218442,-1.3804199638603631,0.0807490176148963,0.2735095523647747,-1.4363626597924049,1.925826784935469
17206,-0.39535378466046445,-0.9552142636712971,-1.009554741780738,-0.9880647720874756,-0.8204247009218442,-1.3804199638603631,0.05139681060857664,0.27976937802841445,-1.4448463753138696,-0.7768982857927977
17211,-0.6553469200894184,1.2468684386726134,0.9184808183905901,1.6023667699720392,0.37094757345694396,0.7244172253228549,-0.7117605715557376,0.6690737971266132,1.2444914449904447,0.07587408217364082
17212,1.6045934109468738,-0.9552142636712971,-0.926442942548648,-0.9880647720874756,-0.8204247009218442,-1.3804199638603631,1.1374284698424082,-1.5611234361288624,0.25189672897907317,-0.053664631579894
17213,-0.5253503523749414,1.074425194724936,1.0635805274404362,1.4811769902265648,0.1237394130255504,0.7244172253228549,-0.33018188047358055,0.5405195441561752,1.210556582904586,0.09320144339823294
17214,-0.3253556328142076,0.8789251688960825,0.3037132237501362,1.2690948756719846,0.19372810085088746,0.7244172253228549,0.2568622596528149,0.31186762332371887,1.1511705742543328,-1.3233112108323308
17217,1.4145984273641767,-0.9552142636712971,-1.473679157263083,-0.9880647720874756,-0.8204247009218442,-1.3804199638603631,1.1374284698424082,-1.3880605482574004,0.09070613407124363,-2.0220443089501843
17218,-0.8853408475842623,1.5406654655354899,0.7856880141859353,1.7614283558879744,0.5636801639951854,0.7244172253228549,-1.3868613327010924,0.9079271126625755,1.2275240139475152,-0.5236013909413952
17219,-0.6053482401992349,-0.9552142636712971,-1.4686249637606505,-0.9880647720874756,-0.8204247009218442,-1.3804199638603631,-0.5649995365241388,0.47162729998252706,-1.6230044012646285,-0.6042225289216073
17220,-0.6853461280235285,1.9947556633726906,1.1746510016082177,1.5796436862697627,0.637558575799508,0.7244172253228549,-0.799817192574697,0.8099742667843962,1.1935891518616564,-0.13857242081912416
17221,-0.8553416396501522,-0.3615827770984007,-0.6172331682269939,-0.7759826575328954,0.9511694192575065,0.7244172253228549,-1.298804711682133,0.7218788834525166,-1.5890695391787697,-0.07633161619016947
17222,-0.2753569529240241,-0.9552142636712971,-0.5734596550599348,-0.9880647720874756,-0.8204247009218442,-1.3804199638603631,0.4036232946844138,0.17174970152040148,-1.343041789056293,-0.20574783876659553
17223,2.1745783616949654,-0.3615827770984007,-0.42546589767808735,-0.5487518205101309,0.21945609078396586,0.7244172253228549,1.1374284698424082,-2.0661331950859694,1.2275240139475152,-1.1097927529919047
17226,2.1645786257169286,-0.9552142636712971,-0.4899135865781495,-0.9880647720874756,-0.8204247009218442,-1.3804199638603631,1.1374284698424082,-2.073946925243735,0.7269847981810972,1.0660417532234037
17227,-0.7353448079137119,0.8789251688960825,0.20088002170500724,1.6553872986106843,0.06924892719790009,0.7244172253228549,-0.9465782276062956,0.6871999532158645,1.23600772946898,-0.24504897551869417
17228,-0.7653440158478221,1.2468684386726134,0.7632270744810681,1.7084078272493293,0.33352220288929524,0.7244172253228549,-1.0346348486252552,0.7636073404202482,1.261458876033374,0.23731252696066793
17229,0.03463486239511329,-0.3615827770984007,-0.6569388929752726,-0.6396441553192368,0.4319704248891608,0.7244172253228549,1.1374284698424082,-0.09775147055633578,-0.6813119783820453,-0.5619936465148555
17230,1.7145905067052774,1.2468684386726134,1.2771655746068844,-0.2685004548487215,0.8420097954985473,0.7244172253228549,1.1374284698424082,-1.491176841940105,1.1596542897757975,0.31969941555832543
17231,-0.8053429597599688,1.5406654655354899,1.1686801112012848,1.6553872986106843,0.6089234173599299,0.7244172253228549,-1.1520436766505342,0.8541601512209132,1.1681380052972623,0.1330812220193797
17232,-0.8953405835622991,-0.3615827770984007,-0.4353237917065491,-0.904746798512462,2.304409813797492,0.7244172253228549,-1.416213539707412,0.7601195585031376,-1.7672275651295286,-0.4602711777691751
17233,-0.5753490322651249,-0.9552142636712971,-1.0630843271282568,-0.9880647720874756,-0.8204247009218442,-1.3804199638603631,-0.4769429155051793,0.4452641813645959,-1.5975532547002345,-0.18030152882106995
17234,0.9046118924843054,-0.9552142636712971,-1.2542031741231525,-0.9880647720874756,-0.8204247009218442,-1.3804199638603631,1.1374284698424082,-0.9179422059788355,-0.34196335752345675,-1.1293838083752317
17235,-0.6753463920454919,-0.3615827770984007,-0.22409426071093042,1.6402385761425,-0.613591838001736,0.7244172253228549,-0.7704649855683771,0.5596865940894975,1.261458876033374,-0.3523240748540679
17236,-0.7953432237819321,0.8789251688960825,0.18102129318882657,1.6629616598447763,0.06924892719790009,0.7244172253228549,-1.1226914696442145,0.7420579069425146,1.1851054363401916,-0.73459253504106
17237,-0.8153426957380054,-0.3615827770984007,-0.6671263131731925,-0.904746798512462,2.4613391755682144,0.7244172253228549,-1.1813958836568539,0.6847187302877419,-1.7078415564792757,-1.179934407179532
17238,-0.8953405835622991,2.2616881678707283,1.3000483791847077,1.799300162058435,1.075208819498765,0.7244172253228549,-1.416213539707412,1.0616824841758365,1.2529751605119093,-0.4006099171549737
17239,2.2045775696290755,-0.9552142636712971,-0.5123833150047893,-0.9880647720874756,-0.8204247009218442,-1.3804199638603631,1.1374284698424082,-2.1109522500260796,0.760919660266956,-0.031452533690271026
17242,0.1546316941315536,-0.3615827770984007,0.35125273870280177,-0.4427107632328409,0.04837554886869761,0.7244172253228549,1.1374284698424082,-0.19485337042945658,-0.3674145040878509,0.7521396895929678
17243,-0.9153400555183724,2.8553196544436252,1.9682182584689614,1.799300162058435,1.9513358466767894,0.7244172253228549,-1.4749179537200516,1.309174209944857,1.2444914449904447,-0.19197333187575577
17244,-0.39535378466046445,-0.9552142636712971,0.21394876295407567,-0.9880647720874756,-0.8204247009218442,-1.3804199638603631,0.05139681060857664,0.29206815829875843,-1.4448463753138696,1.526559703912583
17245,1.1246060840011127,-0.9552142636712971,-1.147989737794405,-0.9880647720874756,-0.8204247009218442,-1.3804199638603631,1.1374284698424082,-1.1201279259853159,-0.15532161605123307,-0.7913673249411993
17247,-0.7753437518258587,-0.9552142636712971,-0.7535266998747645,-0.9880647720874756,-0.8204247009218442,-1.3804199638603631,-1.063987055631575,0.6308865259096719,-1.7672275651295286,-0.4127135449586689
17248,0.2746285258679939,-0.9552142636712971,-0.6572125197057355,-0.9880647720874756,-0.8204247009218442,-1.3804199638603631,1.1374284698424082,-0.3351793241454538,-0.8764374353757337,0.35450731726219464
17250,-0.8853408475842623,-0.3615827770984007,-0.5082053962588093,0.9585460650742066,-0.5460435109760708,0.7244172253228549,-1.3868613327010924,0.7503070358610784,0.3197664531507909,-0.6674892185646875
17251,2.7045643685309098,-0.9552142636712971,-0.7504715720830505,-0.9880647720874756,-0.8204247009218442,-1.3804199638603631,1.1374284698424082,-2.572893679971365,1.1851054363401916,-0.3720900596305994
17252,0.24462931793388382,-0.3615827770984007,-0.5741093041168782,-0.46543384693511736,0.06924892719790009,0.7244172253228549,1.1374284698424082,-0.2905090355241216,-0.3165122109590626,-0.5156259986058179
17253,-0.7453445438917486,-0.9552142636712971,-1.1171889422820347,-0.9880647720874756,-0.8204247009218442,-1.3804199638603631,-0.9759304346126154,0.6015647925510867,-1.7417764185651345,-1.3963178252120911
17254,-0.8753411116062256,-0.3615827770984007,-0.7813896876305542,-0.9123211597465541,2.4613391755682144,0.7244172253228549,-1.3575091256947727,0.7392644058166026,-1.7672275651295286,-0.22304296772375637
17255,-0.5153506163969047,-0.3615827770984007,-0.7092334168877299,0.9661204263082988,-0.547046911832041,0.7244172253228549,-0.30082967346726086,0.4082625111773806,0.64214764296645,-0.3138205149682618
17256,0.1446319581535169,-0.3615827770984007,-0.8818207396195279,0.5571049196673227,-0.4797569478154378,0.7244172253228549,1.1374284698424082,-0.20031134996304376,0.7524359447454912,-0.8589258607261442
17259,0.5546211332530212,-0.3615827770984007,-0.1506566133492001,0.6782946994127971,-0.5015629996482209,0.7244172253228549,1.1374284698424082,-0.5718168792960228,1.2275240139475152,0.31233590302778813
17262,-0.4053535206385011,0.6532369520997158,0.43004578563834617,1.3827102941833669,-0.19179284752533,0.7244172253228549,0.02204460360225668,0.3720622728523793,1.210556582904586,-0.8149185481739839
17263,1.1546052919352228,-0.9552142636712971,-1.9308330695913012,-0.9880647720874756,-0.8204247009218442,-1.3804199638603631,1.1374284698424082,-1.1495165058836163,-0.12987046948683892,-1.588106356021621
17265,0.46462350945069103,-0.3615827770984007,-0.2057765923283918,-0.6775159614896975,0.5240234597907494,0.7244172253228549,1.1374284698424082,-0.48962309149484246,-0.35893078856638616,0.26849390534908824
17266,-0.9053403195403357,0.05960546552681911,-0.6773948899835904,0.11021760685588594,0.04331086864293472,0.7244172253228549,-1.4455657467137322,0.7839836824658141,-0.6388934007747217,-1.1560565624719352
17267,0.3446266777142507,-0.3615827770984007,-0.6597792392958932,-0.9880647720874756,-0.8204247009218442,0.7244172253228549,1.1374284698424082,-0.3831659528526845,-0.8170514267254807,-0.7276961530231288
17268,0.1546316941315536,0.3863044476016779,0.03640592068100372,0.04962271698314875,0.4319704248891608,0.7244172253228549,1.1374284698424082,-0.1679894502058962,0.18402700480735548,0.34411413542538216
17272,-0.505350880418868,0.3863044476016779,0.8584347282105802,0.6782946994127971,0.03500096371929182,0.7244172253228549,-0.2714774664609409,0.4623190390365117,0.3367338841937203,1.1660847736894047
17274,-0.5753490322651249,-0.9552142636712971,-1.4843071705265851,-0.9880647720874756,-0.8204247009218442,-1.3804199638603631,-0.4769429155051793,0.44397148725097463,-1.5975532547002345,-0.73459253504106
17277,1.3546000114959567,-0.3615827770984007,0.30090656082469897,-0.2685004548487215,-0.13588201477463924,0.7244172253228549,1.1374284698424082,-1.3007531215489625,0.8457568154816031,0.3648038169368124
17278,1.4845965792104336,-0.9552142636712971,-0.8621351262807198,-0.9880647720874756,-0.8204247009218442,-1.3804199638603631,1.1374284698424082,-1.450333232692925,0.15009214272149662,0.16299833329925628
17279,-0.345355104770281,-0.9552142636712971,-1.0758269873276536,-0.9880647720874756,-0.8204247009218442,-1.3804199638603631,0.19815784564017558,0.2334689359285734,-1.402427797706546,-1.2771851311768028
17282,0.3746258856483608,0.05960546552681911,0.673870790906329,0.2920022764740975,-0.06258181877592846,0.7244172253228549,1.1374284698424082,-0.3716057188518125,0.6506313584879148,1.5437667544135683
17284,-0.3253556328142076,0.8789251688960825,0.6497928613108546,1.1024589285219575,0.26222098613490125,0.7244172253228549,0.2568622596528149,0.3214270061821834,0.9560451172606445,0.42626601444479195
17286,-0.7053455999796019,-0.9552142636712971,-1.2332416063629112,-0.9880647720874756,-0.8204247009218442,-1.3804199638603631,-0.8585216065873364,0.5643407419586415,-1.7078415564792757,-0.2950596296779965
17287,-0.6653466560674551,1.074425194724936,0.2999812453972277,1.6326642149084079,0.2243665605519224,0.7244172253228549,-0.7411127785620575,0.6412747538289859,1.2699425915548388,-0.7227963409792595
17288,-0.8353421676940789,1.074425194724936,0.5290931100972072,1.6553872986106843,0.2170183727469421,0.7244172253228549,-1.2401002976694935,0.8036085929039375,1.142686858732868,0.11817983292537944
17289,-0.6053482401992349,0.05960546552681911,0.20517325592738547,0.13294069055816238,0.023634677969481804,0.7244172253228549,-0.5649995365241388,0.5181778538314844,-0.3674145040878509,0.12759227141113041
17290,-0.8853408475842623,-0.3615827770984007,-0.26074537913403445,-0.8971724372783698,2.163448347362973,0.7244172253228549,-1.3868613327010924,0.752612586123038,-1.7587438496080638,0.2960979726965215
17291,2.154578889738892,-0.9552142636712971,-0.22302703407646746,-0.9880647720874756,-0.8204247009218442,-1.3804199638603631,1.1374284698424082,-2.0621632488778516,0.7185010826596324,-0.83594512383904
17293,-0.8453419036721156,1.4011241767997944,0.7502020941546473,1.6781103823129606,0.34396868095476524,0.7244172253228549,-1.2694525046758134,0.8532247563912938,1.1681380052972623,-0.2172478459352227
17295,-0.6353474481333451,0.05960546552681911,-0.21421249385421673,-0.7229621288942504,0.6914926587352195,0.7244172253228549,-0.6530561575430981,0.5394486751432779,-1.343041789056293,-0.4987269568717754
17297,-0.7553442798697854,-0.9552142636712971,-1.355884539862628,-0.9880647720874756,-0.8204247009218442,-1.3804199638603631,-1.0052826416189355,0.6100095825619041,-1.750260134086599,-0.9144791690972895
17298,0.08463354228529675,-0.3615827770984007,-0.30234598215454267,-0.8138544637033562,1.261856404077265,0.7244172253228549,1.1374284698424082,-0.1408395104399855,-0.8340188577684101,0.2487531015067368
17299,-0.8053429597599688,0.3863044476016779,-0.06854065812230285,0.23140738660136032,0.2816626601958108,0.7244172253228549,-1.1520436766505342,0.7142681370422683,-0.4268005127381039,0.10298235299175856
17301,-0.7153453359576386,-0.9552142636712971,-1.035588921776141,-0.9880647720874756,-0.8204247009218442,-1.3804199638603631,-0.8878738135936562,0.5742632009442052,-1.7163252720007403,-0.03880715033829886
17302,-0.7753437518258587,0.6532369520997158,0.3516656539292994,1.2084999857992476,0.040800826514928924,0.7244172253228549,-1.063987055631575,0.7107670919832205,0.701533651616703,-0.3233215667227715
17303,2.684564896574836,-0.9552142636712971,-0.8493614625064542,-0.9880647720874756,-0.8204247009218442,-1.3804199638603631,1.1374284698424082,-2.5550256501085955,1.1681380052972623,-0.07633161619016947
17306,-0.8153426957380054,2.41594390599791,1.9640338102123482,1.6023667699720392,1.1738802499376186,0.7244172253228549,-1.1813958836568539,1.1010436968838764,1.1002682811255444,1.5062636588950973
17309,0.0246351264170766,-0.9552142636712971,-1.7223912033972206,-0.9880647720874756,-0.8204247009218442,-1.3804199638603631,1.1374284698424082,-0.10888639239688981,-1.0885303234123516,-1.447809236425938
17311,-0.14536038520954717,-0.3615827770984007,0.509324931005165,0.8146332016264558,-0.5243041877833818,0.7244172253228549,0.785201985766571,0.08542899388183947,0.7948545223528148,1.3015501582787086
17312,0.46462350945069103,0.05960546552681911,-0.0985434995983743,-0.8365775474056326,2.546770613392431,0.7244172253228549,1.1374284698424082,-0.4718149767854963,-0.5455725300386098,-0.240612633975855
17313,-0.6153479761772717,-0.9552142636712971,0.9224571313905744,-0.9880647720874756,-0.8204247009218442,-1.3804199638603631,-0.5943517435304586,0.5171176886418314,-1.6314881167860933,2.4358488590671805
17314,-0.6753463920454919,1.2468684386726134,0.9876635956253711,1.185776902096971,0.5455824025928404,0.7244172253228549,-0.7704649855683771,0.6909385291703263,0.760919660266956,0.4721612325428671
17315,-0.9053403195403357,3.393696455579496,1.71270192721285,1.700833466015237,2.551955304833466,0.7244172253228549,-1.4455657467137322,1.4585924049508472,1.142686858732868,-0.45149659205764986
17317,-0.4653519365067213,0.05960546552681911,1.0101175714248425,-0.6623672390215132,1.3584656711195786,0.7244172253228549,-0.15406863843566193,0.4164201099024966,-1.1309489010196752,0.9987684504557981
17320,0.07463380630726006,0.05960546552681911,0.3958850412866585,1.034289677415128,-0.31649874242306325,0.7244172253228549,1.1374284698424082,-0.10365391968513853,1.2275240139475152,0.3458531235807133
17321,-0.8453419036721156,-0.3615827770984007,-0.03172590293111766,-0.5411774592760389,0.20500161250864615,0.7244172253228549,-1.2694525046758134,0.7186646713348969,-1.3175906424918988,0.2081828001943022
17323,-0.7753437518258587,1.074425194724936,0.18529342152770284,1.1100332897560496,0.4284133284729336,0.7244172253228549,-1.063987055631575,0.7402006718364414,0.582761634316197,-0.3635756658524536
17324,-0.7453445438917486,0.3863044476016779,0.2428117724735842,1.6478129373765922,-0.2481512859711555,0.7244172253228549,-0.9759304346126154,0.6642914552708905,1.2190402984260504,0.34411413542538216
17325,1.8745862823538646,-0.9552142636712971,-1.5990538589753691,-0.9880647720874756,-0.8204247009218442,-1.3804199638603631,1.1374284698424082,-1.811824709061059,0.48095704805862044,-1.0347222451683766
17329,-0.7853434878038954,-0.3615827770984007,-0.2639708373096406,1.284243598140169,-0.5834408254918372,0.7244172253228549,-1.0933392626378946,0.6605145255272475,0.7778870913098854,-0.8512124794542093
17330,-0.6953458640015652,-0.3615827770984007,-0.551921239016074,-0.6547928777874211,0.45375531580085143,0.7244172253228549,-0.8291693995810168,0.575049189429392,-1.3175906424918988,-1.0347222451683766
17331,0.31462746978014067,-0.9552142636712971,-1.1308815660182785,-0.9880647720874756,-0.8204247009218442,-1.3804199638603631,1.1374284698424082,-0.3743548677147469,-0.8425025732898749,-2.4489208935390168
17333,-0.06536249738525363,-0.9552142636712971,-0.3090141240927012,-0.9880647720874756,-0.8204247009218442,-1.3804199638603631,1.0200196418171292,-0.019287548087054768,-1.164883763105534,0.9783513758302609
17334,2.0945804738706717,-0.3615827770984007,-0.6866868066077937,-0.9426186046829227,3.6488579745100855,0.7244172253228549,1.1374284698424082,-1.9944449712577248,0.7269847981810972,0.02220251320710219
17337,0.5846203411871314,0.3863044476016779,0.8124547343268067,0.20868430289908388,0.2984145979367984,0.7244172253228549,1.1374284698424082,-0.5431479616594478,0.7354685137025618,0.7937794051870188
17338,-0.7553442798697854,1.2468684386726134,1.7559447502456538,1.6175154924402235,0.36819249697838163,0.7244172253228549,-1.0052826416189355,0.8320255853507935,1.1681380052972623,1.0244774554857876
17339,0.014635390439039907,-0.3615827770984007,-0.8708097212018456,1.0570127611174045,-0.5585388567492174,0.7244172253228549,1.1374284698424082,-0.08057418827062984,1.2020728673831211,-0.7768982857927977
17340,-0.6253477121553084,1.6680566812978321,2.2491315649234584,1.5569206025674862,0.3877553242373793,0.7244172253228549,-0.6237039505367783,0.8553087578271608,1.210556582904586,1.3860730355295026
17341,0.6446187570553514,0.05960546552681911,0.054625471025004535,0.5949767258377835,-0.48735011701009145,0.7244172253228549,1.1374284698424082,-0.6352830847876492,1.2190402984260504,0.059959733919086475
17343,2.624566480706616,-0.9552142636712971,-1.0517266439858446,-0.9880647720874756,-0.8204247009218442,-1.3804199638603631,1.1374284698424082,-2.5007118075544845,1.117235712168474,-1.1097927529919047
17344,-0.4653519365067213,-0.9552142636712971,-1.1998166511846287,-0.9880647720874756,-0.8204247009218442,-1.3804199638603631,-0.15406863843566193,0.3434981046170112,-1.5042323839641225,-0.9308774798871711
17345,-0.7753437518258587,0.3863044476016779,-0.24207583294218202,0.3828946112832033,-0.10629135045457624,0.7244172253228549,-1.063987055631575,0.6844968279361846,-0.22319134022295078,-0.6354039073100276
17346,-0.8853408475842623,2.0892449239230517,1.0330843956995608,1.8068745232925272,0.9750499012888537,0.7244172253228549,-1.3868613327010924,1.0020277071224952,1.2699425915548388,-0.367446324840662
17347,-0.06536249738525363,-0.9552142636712971,-0.9191122414594967,-0.9880647720874756,-0.8204247009218442,-1.3804199638603631,1.0200196418171292,-0.0236340477245989,-1.164883763105534,0.36991636982861664
17348,-0.7753437518258587,0.6532369520997158,0.36820764220801383,1.1554794571606024,0.061303711707269816,0.7244172253228549,-1.063987055631575,0.711158504687585,0.6336639274449853,0.6567814407408303
17349,0.8646129485721586,-0.9552142636712971,-1.4930126691688503,-0.9880647720874756,-0.8204247009218442,-1.3804199638603631,1.1374284698424082,-0.8817582089013799,-0.37589821960931563,-0.3523240748540679
17350,-0.8453419036721156,0.3863044476016779,0.450518321025932,-0.6699416002556053,1.3584656711195786,0.7244172253228549,-1.2694525046758134,0.7612016475284227,-1.461813806356799,0.2782338300857689
17351,-0.5653492962870882,0.05960546552681911,-0.17229162920462332,0.8070588403923636,-0.2575188160486303,0.7244172253228549,-0.4475907084988595,0.47549925666988324,0.42157103940836743,-1.5393378631137922
17353,0.3646261496703241,-0.3615827770984007,0.6907628691027754,-0.7987057412351719,1.1462671913280684,0.7244172253228549,1.1374284698424082,-0.37827437433783007,-0.5879911076459334,1.4974778147178904
17354,-0.4153532566165378,-0.9552142636712971,0.5140223461082278,-0.9880647720874756,-0.8204247009218442,-1.3804199638603631,-0.007307603404062988,0.31765958493162433,-1.461813806356799,2.068771020499572
17356,2.1945778336510386,-0.9552142636712971,-1.1173664185624161,-0.9880647720874756,-0.8204247009218442,-1.3804199638603631,1.1374284698424082,-2.1050928482425024,0.7524359447454912,0.08002431475699087
17357,-0.6853461280235285,-0.3615827770984007,-0.5007727090601907,-0.9880647720874756,-0.8204247009218442,0.7244172253228549,-0.799817192574697,0.5662400202412999,-1.6908741254363462,-0.7697340812789379
17358,2.1045802098487085,-0.3615827770984007,-0.5476826806870448,-0.5941979879146839,0.3156925761936896,0.7244172253228549,1.1374284698424082,-2.0026874194142565,1.117235712168474,-0.46568373492713233
17359,-0.8153426957380054,-0.9552142636712971,-1.379716495473426,-0.9880647720874756,-0.8204247009218442,-1.3804199638603631,-1.1813958836568539,0.6651832551170639,-1.8011624272153874,0.04637838888610602
17360,-0.7553442798697854,0.05960546552681911,-0.1741326922842604,0.26927919277182105,-0.4083326598276457,0.7244172253228549,-1.0052826416189355,0.6503969837528073,-0.33347964200199204,-0.3555939907719252
17361,-0.4353527285726112,0.05960546552681911,-0.3187890266036904,0.8449306465628244,-0.26795196725653686,0.7244172253228549,-0.06601201741670262,0.3541959526413354,0.582761634316197,-1.1833879692112172
17362,1.4645971072543602,-0.3615827770984007,-0.6733476995232568,-0.4578594857010252,0.06924892719790009,0.7244172253228549,1.1374284698424082,-1.4143616853975076,0.7354685137025618,-0.5270370866120269
17364,-0.9153400555183724,1.6680566812978321,1.442810988112558,1.5114744351629334,0.6673990823090952,0.7244172253228549,-1.4749179537200516,0.9933156274673639,0.9136265396533209,0.5112066989545199
17365,-0.7953432237819321,1.2468684386726134,1.4977161734915245,1.435730822822012,0.2927733874941386,0.7244172253228549,-1.1226914696442145,0.8386655417881541,0.9305939706962503,1.4921702027832862
17367,1.4545973712763234,-0.9552142636712971,-1.16218100034655,-0.9880647720874756,-0.8204247009218442,-1.3804199638603631,1.1374284698424082,-1.4239863341912484,0.12464099615710247,-0.031452533690271026
17368,-0.6953458640015652,1.2468684386726134,0.7659662623542426,1.390284655417459,0.45693081483472453,0.7244172253228549,-0.8291693995810168,0.6992709329105585,0.9730125483035739,0.13102605403174544
17370,-0.1953590650997306,0.3863044476016779,-0.39021249747219056,-0.2609260936146293,0.8168634751196444,0.7244172253228549,0.6384409507349721,0.14903036887649684,-0.45225165930249805,-0.14725830687642594
17371,-0.7553442798697854,0.05960546552681911,-0.4308754191838082,1.6099411312061314,-0.6118614233587143,0.7244172253228549,-1.0052826416189355,0.6477444213067345,1.1681380052972623,-1.218529515449096
17372,-0.5153506163969047,1.2468684386726134,0.484749816948877,1.4433051840561042,0.4319704248891608,0.7244172253228549,-0.30082967346726086,0.5242185489510521,1.1851054363401916,-0.5487552274453479
17373,-0.5253503523749414,0.3863044476016779,-0.09532113462021977,1.0721614835855888,-0.1074331577685099,0.7244172253228549,-0.33018188047358055,0.45612772130703727,0.760919660266956,-0.4548849591930755
17374,1.2646023876936263,-0.3615827770984007,-0.3065770498728318,-0.5184543755737624,0.1510383579725636,0.7244172253228549,1.1374284698424082,-1.227228248607828,0.48944076358008515,-1.4089678569943405
17375,1.0646076681328924,0.05960546552681911,-0.47669857972552643,0.23898174783545245,-0.0345009833196519,0.7244172253228549,1.1374284698424082,-1.0281949154144134,1.1681380052972623,-0.25547011521744917
17376,-0.215358537055804,-0.3615827770984007,-1.0135948152283802,0.82978192409464,-0.5277823637320527,0.7244172253228549,0.5797365367223325,0.13051310643472547,0.7439522292240266,-1.3963178252120911
17377,-0.6853461280235285,2.487376384667096,1.372306713382527,1.6553872986106843,1.5902202138707795,0.7244172253228549,-0.799817192574697,0.9236103364149912,1.2784263070763036,-0.4357087498278288
17379,-0.8153426957380054,-0.9552142636712971,-0.4677083587600137,-0.9880647720874756,-0.8204247009218442,-1.3804199638603631,-1.1813958836568539,0.6697183340860138,-1.8011624272153874,1.6078181769737383
17381,-0.8353421676940789,3.009575392570807,2.6431603233135315,1.7614283558879744,1.5300615176497865,0.7244172253228549,-1.2401002976694935,1.474980633169361,1.261458876033374,1.9263872997023899
17382,-0.2753569529240241,-0.9552142636712971,-1.9070047574415103,-0.9880647720874756,-0.8204247009218442,-1.3804199638603631,0.4036232946844138,0.16701883427949038,-1.343041789056293,-1.9786322455294412
17383,-0.8853408475842623,-0.9552142636712971,-1.0289702622603623,-0.9880647720874756,-0.8204247009218442,-1.3804199638603631,-1.3868613327010924,0.7307977750197012,-1.8605484358656406,-0.031452533690271026
17384,-0.7353448079137119,-0.3615827770984007,-0.6142340571776429,0.519233113496862,-0.4718089193565182,0.7244172253228549,-0.9465782276062956,0.6114238957525076,-0.03654959875072707,-1.3714433911424704
17385,-0.7753437518258587,-0.9552142636712971,-0.8150439399742491,-0.9880647720874756,-0.8204247009218442,-1.3804199638603631,-1.063987055631575,0.6305411521211401,-1.7672275651295286,0.2906319579677071
17386,-0.8453419036721156,0.8789251688960825,1.0360075689267285,0.20110994166499171,0.3041142443063693,0.7244172253228549,-1.2694525046758134,0.8170938414630945,-0.4861865213883569,0.7929095695955404
17387,-0.7253450719356752,-0.3615827770984007,0.05741595258936251,-0.8895980760442777,2.0359408194478132,0.7244172253228549,-0.9172260205999759,0.6095528403324099,-1.606036970221699,0.6199625553444377
17388,-0.14536038520954717,0.3863044476016779,0.4339669373929509,0.5949767258377835,0.06924892719790009,0.7244172253228549,0.785201985766571,0.11632516947045744,0.5488267722303382,0.6035642445545562
17389,-0.9153400555183724,3.2352636093671734,3.0018978265460947,1.5114744351629334,2.515878644913972,0.7244172253228549,-1.4749179537200516,1.8203703750760933,0.9136265396533209,0.4094093791464899
17391,0.7146169089016083,-0.3615827770984007,-0.2859864049560335,-0.9880647720874756,7.7451555481238294,0.7244172253228549,1.1374284698424082,-0.7206673704290832,-0.4946702369098216,0.48602612030178444
17392,2.1445791537608554,-0.3615827770984007,-0.36962060822466136,-0.6017723491487761,0.3156925761936896,0.7244172253228549,1.1374284698424082,-2.0380043775501053,1.142686858732868,0.03952470919773476
17394,1.2646023876936263,-0.9552142636712971,-1.0109897247228654,-0.9880647720874756,-0.8204247009218442,-1.3804199638603631,1.1374284698424082,-1.2484851860157433,-0.03654959875072707,0.4906094218120704
17396,-0.5353500883529781,1.2468684386726134,1.8341731090070184,1.5266231576311178,-0.2221031090987886,0.7244172253228549,-0.35953408747990034,0.6407402749860447,1.261458876033374,0.5337795738050791
17397,-0.7053455999796019,-0.3615827770984007,-0.0367842102075526,-0.9880647720874756,-0.8204247009218442,0.7244172253228549,-0.8585216065873364,0.5897033348536567,-1.7078415564792757,-0.2143616233527985
17398,0.22462984597781044,0.05960546552681911,-0.08743125648324412,0.07234580068542519,0.06393613678851245,0.7244172253228549,1.1374284698424082,-0.2507146198189332,0.2688641600220026,-0.44064854771901274
17400,0.33462694173621405,0.6532369520997158,0.851497456654749,0.72374086681735,0.23811625077997137,0.7244172253228549,1.1374284698424082,-0.29484295597956234,1.1002682811255444,0.3871245055979528
17402,-0.8753411116062256,1.8937448980942,1.0202966909928388,1.7690027171220666,0.7859755225320575,0.7244172253228549,-1.3575091256947727,0.9591727106803558,1.23600772946898,-1.1508770222146494
17403,-0.5653492962870882,-0.9552142636712971,-0.7551290212990137,-0.9880647720874756,-0.8204247009218442,-1.3804199638603631,-0.4475907084988595,0.437544545238047,-1.5890695391787697,-0.3044003242090173
17404,-0.8853408475842623,2.0892449239230517,3.003722862017236,1.7084078272493293,1.1232304063551073,0.7244172253228549,-1.3868613327010924,1.4809349953555642,1.1596542897757975,2.9257883958544015
17405,-0.9153400555183724,0.05960546552681911,0.2751829353426654,0.14051505179225454,0.023634677969481804,0.7244172253228549,-1.4749179537200516,0.8049990625739091,-0.6219259697317923,0.4951738230562642
17406,2.4045722891898094,0.05960546552681911,0.8773676483982997,-0.7381108513624347,0.7924924541404285,0.7244172253228549,1.1374284698424082,-2.232344933202529,1.2190402984260504,0.5841206827730452
17408,0.7046171729235716,-0.9552142636712971,-2.447537874229918,-0.9880647720874756,-0.8204247009218442,-1.3804199638603631,1.1374284698424082,-0.7357367354184929,-0.511637667952751,-4.050465934457115
17409,0.9246113644403788,-0.3615827770984007,0.04489929453816369,-0.5108800143396702,0.13843421718589066,0.7244172253228549,1.1374284698424082,-0.9096902126693707,0.2094781513717496,-1.179934407179532
17410,-0.7653440158478221,0.6532369520997158,0.40516255393952627,0.519233113496862,0.35662679707738504,0.7244172253228549,-1.0346348486252552,0.7028565827714545,-0.07048446083658592,-0.24771934046455035
17411,-0.8053429597599688,0.05960546552681911,0.052161721597558226,0.8979511752014694,-0.2819226223408796,0.7244172253228549,-1.1520436766505342,0.69959312620298,0.3197664531507909,-0.4548849591930755
17412,-0.8953405835622991,1.074425194724936,0.43302004305606007,1.8068745232925272,0.16837538105488192,0.7244172253228549,-1.416213539707412,0.8561976964296468,1.261458876033374,-0.41864055099883857
17414,-0.4853514084627947,-0.3615827770984007,0.051202666050661705,0.07992016191951734,-0.33925463995996075,0.7244172253228549,-0.21277305244830141,0.38850114371461075,-0.32499592648052733,2.116107769702422
17415,-0.1253609132534738,-0.9552142636712971,-0.2874853851389314,-0.9880647720874756,-0.8204247009218442,-1.3804199638603631,0.8439063997792103,0.036173007534386376,-1.2157860562343223,-0.3329048796889562
17416,-0.6253477121553084,1.074425194724936,1.785257040103748,0.9130998976696537,0.5240234597907494,0.7244172253228549,-0.6237039505367783,0.6999566461794194,0.48944076358008515,1.5239939500210242
17418,-0.505350880418868,-0.3615827770984007,-0.36006039213835395,1.140330734692418,-0.5674017984834284,0.7244172253228549,-0.2714774664609409,0.40176036680727284,0.8542405310030678,-0.07252140336332663
17419,-0.8153426957380054,1.7852452398084835,1.3963017978423005,1.700833466015237,0.7041995336641828,0.7244172253228549,-1.1813958836568539,0.9135554064141824,1.2190402984260504,0.014025103841688107
17420,-0.42535299259457454,0.05960546552681911,-0.1566532059351896,1.4584539065242883,-0.39542999028246345,0.7244172253228549,-0.03665981041038266,0.34680219339590074,1.2784263070763036,-0.6124520518364657
17422,-0.7653440158478221,0.8789251688960825,0.7932129152955419,1.1251820122242338,0.2496422698449756,0.7244172253228549,-1.0346348486252552,0.7318590352898128,0.6166964964020558,0.9798222939645927
17423,-0.4653519365067213,-0.3615827770984007,-0.0345068322990047,0.3071509989422818,-0.41723392417337124,0.7244172253228549,-0.15406863843566193,0.36878451211749746,-0.04503331427219179,0.4367196007038029
17425,-0.7353448079137119,-0.3615827770984007,0.031743211900382234,-0.6775159614896975,0.5492446469068906,0.7244172253228549,-0.9465782276062956,0.6183505407514323,-1.3769766511421517,0.3042467142850273
17426,-0.8453419036721156,0.8789251688960825,1.5358189494400245,1.0873102060537732,-0.11196386344573976,0.7244172253228549,-1.2694525046758134,0.8556099001457683,0.49792447910154986,1.3301230217460966
17427,-0.2053588010777673,-0.9552142636712971,-1.567174993391036,-0.9880647720874756,-0.8204247009218442,-1.3804199638603631,0.6090887437286524,0.10315461237632212,-1.28365578040604,-1.649614720063494
17428,-0.9153400555183724,2.959940965055545,2.5149618945815893,1.799300162058435,1.5919877969051017,0.7244172253228549,-1.4749179537200516,1.4826974722300168,1.23600772946898,0.864857711518485
17429,0.3546264136922874,0.05960546552681911,-0.2612291207603159,-0.30637226101918225,0.45375531580085143,0.7244172253228549,1.1374284698424082,-0.37250141438351236,-0.03654959875072707,0.3283390598620982
17430,-0.5953485042211982,-0.3615827770984007,-0.8010590044764628,1.5266231576311178,-0.605260852811591,0.7244172253228549,-0.5356473295178191,0.4813781052360248,1.2020728673831211,-0.5327870514035039
17431,2.2045775696290755,-0.9552142636712971,-0.47037903351136956,-0.9880647720874756,-0.8204247009218442,-1.3804199638603631,1.1374284698424082,-2.1106114637451765,0.760919660266956,0.7022807606413258
17432,-0.7453445438917486,-0.3615827770984007,-0.5478778100041946,-0.8441519086397248,1.542679827616961,0.7244172253228549,-0.9759304346126154,0.6211112449721592,-1.580585823657305,-0.43888180235876534
17433,-0.04536302542918024,-0.9552142636712971,-0.6967158423476407,-0.9880647720874756,-0.8204247009218442,-1.3804199638603631,1.0787240558297684,-0.04083099075728045,-1.1479163320626045,0.19929226457948176
17434,-0.9053403195403357,1.074425194724936,0.9376643467760193,-0.36696715089191945,2.0563474303009532,0.7244172253228549,-1.4455657467137322,0.883684575244191,-1.1733674786269988,0.4945229169903487
17436,-0.9053403195403357,-0.3615827770984007,-0.9641456614057855,0.7161665055832578,-0.508223495339294,0.7244172253228549,-1.4455657467137322,0.7659635593682524,0.03132012542099063,-1.347115692442422
17438,1.6145931469249106,-0.9552142636712971,-0.5001394255917555,-0.9880647720874756,-0.8204247009218442,-1.3804199638603631,1.1374284698424082,-1.567682105146525,0.2603804445005379,-0.44419052108771456
17440,0.6446187570553514,0.05960546552681911,-1.0817875861535382,-0.30637226101918225,-0.10970577992671149,0.7244172253228549,1.1374284698424082,-0.6450305554588437,0.2094781513717496,-0.6938444096888514
17442,-0.5553495603090515,0.8789251688960825,0.8945709829035049,0.9282486201378379,0.3371566988757957,0.7244172253228549,-0.4182385014925398,0.5429367905382162,0.5657942032732676,0.5280830662156337
17443,1.274602123671663,-0.9552142636712971,-0.2472592797209159,-0.9880647720874756,-0.8204247009218442,-1.3804199638603631,1.1374284698424082,-1.2522787348109001,-0.028065883229262362,1.3048427707211727
17444,0.5546211332530212,0.05960546552681911,1.1077264266131384,-0.7987057412351719,2.232104630777091,0.7244172253228549,1.1374284698424082,-0.51705852056102,-0.4268005127381039,1.6777940969416778
17446,0.8446134766160853,-0.3615827770984007,-1.4238743327380325,0.019325272046780154,-0.31649874242306325,0.7244172253228549,1.1374284698424082,-0.8467048184897048,0.7354685137025618,-0.487602584508457
17447,-0.5253503523749414,-0.3615827770984007,-0.2365007402712078,-0.753259573830619,0.8679703506073949,0.7244172253228549,-0.33018188047358055,0.4214520947915505,-1.28365578040604,0.39762094027313305
17449,-0.9053403195403357,1.074425194724936,0.9854403277764945,1.7159821884834214,0.054532930801204846,0.7244172253228549,-1.4455657467137322,0.8860936721068882,1.1596542897757975,0.0414872376076
17450,-0.8453419036721156,3.666872361396961,4.4414517536651275,1.7311309109516058,2.059515635671016,0.7244172253228549,-1.2694525046758134,4.619569629818049,1.2275240139475152,2.526388297897292
17451,-0.9153400555183724,1.074425194724936,0.6822208660418401,-0.20033120374189214,1.0933813765961526,0.7244172253228549,-1.4749179537200516,0.882201671069876,-0.9952094526762397,0.11817983292537944
17453,-0.7453445438917486,-0.3615827770984007,-0.32119864518024327,-0.6396441553192368,0.4109327335165717,0.7244172253228549,-0.9759304346126154,0.6230930482672599,-1.3515255045777577,-0.377087204611342
17454,0.9946095162866356,0.3863044476016779,-0.2724831823461715,0.2768535540059132,0.2548471562453902,0.7244172253228549,1.1374284698424082,-0.9453522728381983,1.1596542897757975,-1.0211962226761153
17455,1.114606348023076,-0.9552142636712971,-1.356363835467967,-0.9880647720874756,-0.8204247009218442,-1.3804199638603631,1.1374284698424082,-1.1115728719518787,-0.16380533157269778,-0.9308774798871711
17456,2.724563840486983,-0.9552142636712971,-0.8499318901764,-0.9880647720874756,-0.8204247009218442,-1.3804199638603631,1.1374284698424082,-2.5918538643286055,1.2020728673831211,0.4001054884166613
17457,0.3446266777142507,0.6532369520997158,0.6897115577556622,0.6176998095400599,0.2941782617381025,0.7244172253228549,1.1374284698424082,-0.310476042763634,0.9814962638250385,0.07470922299188475
17458,-0.7753437518258587,-0.9552142636712971,-0.6625796690090445,-0.9880647720874756,-0.8204247009218442,-1.3804199638603631,-1.063987055631575,0.6314486594336047,-1.7672275651295286,0.106223543399117
17459,-0.49535114444083134,-0.3615827770984007,-0.08268147373867649,-0.8668749923420013,1.7161694892255979,0.7244172253228549,-0.24212525945462107,0.3957299165250108,-1.3854603666636165,0.6097421158473589
17460,0.014635390439039907,0.8789251688960825,-0.12596352485087645,1.1176076509901416,0.2527590441530633,0.7244172253228549,1.1374284698424082,-0.008465679315941041,1.2699425915548388,-1.4926277367998149
17461,-0.6953458640015652,0.05960546552681911,0.029952236689451302,-0.9426186046829227,3.332694330994623,0.7244172253228549,-0.8291693995810168,0.5979717197852236,-1.6399718323075578,0.6008074168948148
17462,-0.3253556328142076,-0.3615827770984007,-0.06076975495620649,0.7010177831150736,-0.5069137792922854,0.7244172253228549,0.2568622596528149,0.23952384076355945,0.5148919101444793,-0.3377278316909093
17463,-0.7653440158478221,0.6532369520997158,0.7591801606074248,1.2539461532038003,0.026044565750983722,0.7244172253228549,-1.0346348486252552,0.7140253616093983,0.760919660266956,0.3851138497622375
17464,0.6546184930333881,-0.9552142636712971,-0.7320004974323753,-0.9880647720874756,-0.8204247009218442,-1.3804199638603631,1.1374284698424082,-0.6854893983633791,-0.5540562455600746,0.3901336576095206
17466,-0.8253424317160422,-0.3615827770984007,0.03603141103947616,-0.4730082081692095,0.09116140329435662,0.7244172253228549,-1.2107480906631736,0.7012747253027416,-1.2242697717557869,-0.009677423571934109
17468,-0.8253424317160422,-0.3615827770984007,-1.3252188328398409,-0.957767327151107,4.517658224300627,0.7244172253228549,-1.2107480906631736,0.6910137814563786,-1.7757112806509934,-1.0716211864298808
17469,-0.7653440158478221,0.6532369520997158,0.7484452350990192,0.4359151399218483,0.4109327335165717,0.7244172253228549,-1.0346348486252552,0.7136085537735238,-0.15532161605123307,0.021503954816486183
17470,-0.47535167248475796,0.6532369520997158,0.3442425532611197,1.4584539065242883,-0.03241470504963368,0.7244172253228549,-0.1834208454419816,0.4344045891001073,1.2275240139475152,0.8538533502366527
17472,0.984609780308599,0.05960546552681911,-0.02111199949642004,-0.17003375880552357,0.2816626601958108,0.7244172253228549,1.1374284698424082,-0.9494622459449509,0.64214764296645,-0.0025132190580743627
17475,-0.13536064923151048,-0.9552142636712971,-1.0487495477031554,-0.9880647720874756,-0.8204247009218442,-1.3804199638603631,0.8145541927728907,0.040243445182777275,-1.2242697717557869,0.15683193443594176
17480,-0.14536038520954717,-0.9552142636712971,-0.2812892035839071,-0.9880647720874756,-0.8204247009218442,-1.3804199638603631,0.785201985766571,0.05465084823250237,-1.2327534872772516,0.8636922215369528
17481,-0.8853408475842623,0.3863044476016779,0.43145836276057353,-0.30637226101918225,0.9085298483937003,0.7244172253228549,-1.3868613327010924,0.7975275296632158,-1.0970140389338163,0.596312875491435
17483,-0.2753569529240241,0.05960546552681911,-0.44952883206357913,-0.10186450769869422,0.20500161250864615,0.7244172253228549,0.4036232946844138,0.20567985804641173,-0.34196335752345675,-0.970112271703643
17486,1.6845912987711673,-0.9552142636712971,-0.4831287085149627,-0.9880647720874756,-0.8204247009218442,-1.3804199638603631,1.1374284698424082,-1.6319883661775194,0.3197664531507909,0.23443381081735964
17489,-0.3353553687922443,-0.3615827770984007,-0.5246291078074871,0.17081249672862311,-0.37647167837913303,0.7244172253228549,0.22751005264649524,0.2438305350547689,-0.08745189187951535,0.35966753981671196
17490,-0.9153400555183724,1.074425194724936,0.8373247216312459,0.3374484438786504,0.7171285899835752,0.7244172253228549,-1.4749179537200516,0.8882788079599137,-0.39286565065224505,0.05318989181705936
17491,-0.9153400555183724,1.5406654655354899,1.2595920267114071,1.7841514395902507,0.557868675853393,0.7244172253228549,-1.4749179537200516,0.961730080475579,1.2275240139475152,0.29227459848663667
17492,1.5545947310566903,-0.9552142636712971,-0.5290003072003142,-0.9880647720874756,-0.8204247009218442,-1.3804199638603631,1.1374284698424082,-1.5126716167912595,0.2094781513717496,0.004604913082443595
17495,-0.8453419036721156,-0.3615827770984007,-0.303716617656477,-0.753259573830619,0.8679703506073949,0.7244172253228549,-1.2694525046758134,0.715333813118179,-1.5636183926143754,-0.3281028516226405
17496,2.664565424618763,-0.9552142636712971,-0.785442665222117,-0.9880647720874756,-0.8204247009218442,-1.3804199638603631,1.1374284698424082,-2.5362687906429886,1.1511705742543328,-0.73459253504106
17498,-0.16535985716562054,-0.9552142636712971,-0.7820297918102807,-0.9880647720874756,-0.8204247009218442,-1.3804199638603631,0.7264975717539314,0.06913788497376726,-1.2497209183201812,1.0329161169432035
17499,1.9745836421342315,-0.9552142636712971,-0.12538969467294794,-0.9880647720874756,-0.8204247009218442,-1.3804199638603631,1.1374284698424082,-1.895268600357035,0.5657942032732676,1.6850727141822581
17500,-0.7553442798697854,0.05960546552681911,0.3533221564775945,-0.8971724372783698,3.6488579745100855,0.7244172253228549,-1.0052826416189355,0.6594443679921254,-1.6399718323075578,-3.485050555873808
17501,1.2846018596496998,-0.3615827770984007,-0.7357264545178634,-0.9880647720874756,-0.8204247009218442,0.7244172253228549,1.1374284698424082,-1.249035145287523,-0.019582167707797648,-0.7208424733347566
17502,-0.8353421676940789,0.3863044476016779,-0.0451639499224303,-0.8441519086397248,3.4318207848516047,0.7244172253228549,-1.2401002976694935,0.7422146011499381,-1.6484555478290226,-0.5443773744085973
17503,-0.8953405835622991,-0.3615827770984007,-0.21135269860629066,-0.7229621288942504,0.6914926587352195,0.7244172253228549,-1.416213539707412,0.7623713693900325,-1.5636183926143754,0.4997194792733506
17504,1.1346058199791493,1.4011241767997944,1.1229893877723294,-0.10943886893278637,1.249655071314176,0.7244172253228549,1.1374284698424082,-0.9512443787475673,0.8457568154816031,0.1986308568913258
17505,0.6946174369455349,-0.3615827770984007,0.35877743832393405,-0.6547928777874211,0.4763288106249656,0.7244172253228549,1.1374284698424082,-0.6918175026641934,-0.14683790052976836,0.6480876987496389
17506,-0.16535985716562054,-0.9552142636712971,-0.6992298735532413,-0.9880647720874756,-0.8204247009218442,-1.3804199638603631,0.7264975717539314,0.06962907596903174,-1.2497209183201812,-0.11517299562176703
17507,1.6945910347492041,-0.3615827770984007,-0.14775384886947684,-0.6320697940851446,0.3906037362794947,0.7244172253228549,1.1374284698424082,-1.6213007263306518,0.7269847981810972,0.166068697912127
17508,1.8845860183319012,-0.9552142636712971,-0.5024707612933031,-0.9880647720874756,-0.8204247009218442,-1.3804199638603631,1.1374284698424082,-1.8162713223349085,0.48944076358008515,0.6908892460306941
17509,-0.345355104770281,1.2468684386726134,1.6899984922443447,-0.9501929659170149,5.160775334167149,0.7244172253228549,0.19815784564017558,0.44590294599997615,-1.3600092200992224,1.1592310940010324
17510,-0.6753463920454919,-0.9552142636712971,-0.682926164894815,-0.9880647720874756,-0.8204247009218442,-1.3804199638603631,-0.7704649855683771,0.5392540973380764,-1.6823904099148814,0.35966753981671196
17511,-0.8953405835622991,3.104064653121168,3.8377274585368624,1.8144488845266193,2.0678247749277596,0.7244172253228549,-1.416213539707412,2.7229347640458497,1.2784263070763036,2.873398151774337
17512,-0.6353474481333451,1.5406654655354899,1.103646386814763,1.0721614835855888,0.8947868155332864,0.7244172253228549,-0.6530561575430981,0.6935677628092913,0.6675987895308442,0.6373239277034686
17513,-0.2053588010777673,-0.9552142636712971,-0.27915200094122905,-0.9880647720874756,-0.8204247009218442,-1.3804199638603631,0.6090887437286524,0.1099113557534711,-1.28365578040604,0.5485270778263333
17514,0.3546264136922874,-0.9552142636712971,-0.9926477152286934,-0.9880647720874756,-0.8204247009218442,-1.3804199638603631,1.1374284698424082,-0.41063208950077706,-0.808567711204016,-0.14725830687642594
17515,-0.6153479761772717,0.3863044476016779,-0.1050773675905561,1.178202540862879,-0.14005724937353128,0.7244172253228549,-0.5943517435304586,0.5388551345490368,0.8033382378742796,-1.0211962226761153
17516,-0.7753437518258587,0.6532369520997158,0.041010430020834744,1.0570127611174045,-0.10284372840714015,0.7244172253228549,-1.063987055631575,0.7047451690242706,0.5318593411874087,-0.6779561120056776
17517,2.1645786257169286,-0.9552142636712971,-1.233138944359402,-0.9880647720874756,-0.8204247009218442,-1.3804199638603631,1.1374284698424082,-2.0778717018586614,0.7269847981810972,-0.4548849591930755
17519,-0.7553442798697854,0.8789251688960825,0.7369128206110459,1.6705360210788684,0.0671160889711396,0.7244172253228549,-1.0052826416189355,0.7204351505935763,1.2275240139475152,0.3176960381187571
17520,-0.38535404868242773,-0.9552142636712971,-0.22879843675678668,-0.9880647720874756,-0.8204247009218442,-1.3804199638603631,0.0807490176148963,0.2761757134941718,-1.4363626597924049,0.9485149134435078
17521,-0.6253477121553084,0.05960546552681911,-0.006796177164453375,0.2920022764740975,-0.06642915242436435,0.7244172253228549,-0.6237039505367783,0.5329663553597019,-0.20622390918002134,0.12547386744738664
17522,-0.9053403195403357,0.6532369520997158,0.30489397241341065,0.6479972544764285,0.2775540212266285,0.7244172253228549,-1.4455657467137322,0.8293855571727445,-0.04503331427219179,0.3219655351508934
17523,-0.8153426957380054,0.3863044476016779,-0.08820943220783492,-0.9350442434488305,4.517658224300627,0.7244172253228549,-1.1813958836568539,0.723206247962606,-1.7332927030436698,0.38007117255198175
17524,2.684564896574836,-0.9552142636712971,-1.2804029648532322,-0.9880647720874756,-0.8204247009218442,-1.3804199638603631,1.1374284698424082,-2.5567466208271594,1.1681380052972623,-0.5919918438892852
17525,2.6745651605967997,-0.9552142636712971,-0.4331058799697412,-0.9880647720874756,-0.8204247009218442,-1.3804199638603631,1.1374284698424082,-2.542990480020987,1.1596542897757975,-0.6938444096888514
17526,-0.8753411116062256,0.3863044476016779,0.3927550403257811,1.738705272185698,-0.26520795331571234,0.7244172253228549,-1.3575091256947727,0.7873432550637665,1.210556582904586,-0.7555433005808716
17527,-0.38535404868242773,0.3863044476016779,0.20092230784516202,0.2541304703036368,0.2654127385271785,0.7244172253228549,0.0807490176148963,0.3320307813065803,-0.04503331427219179,-0.2584656941316199
17528,-0.9153400555183724,1.2468684386726134,1.2749971222350882,-0.4578594857010252,2.354802520721437,0.7244172253228549,-1.4749179537200516,0.9299219739064278,-1.2921394959275048,0.6045962872709966
17530,-0.9153400555183724,1.5406654655354899,0.9413994799932178,1.7614283558879744,0.44276695373859615,0.7244172253228549,-1.4749179537200516,0.9424974462657518,1.2020728673831211,-0.01255613971524239
17531,0.9746100443305623,-0.9552142636712971,-0.7137884150798584,-0.9880647720874756,-0.8204247009218442,-1.3804199638603631,1.1374284698424082,-0.9799810913649141,-0.2825773488732038,-0.1391493641385155
17534,-0.38535404868242773,-0.9552142636712971,-0.9387184412176285,-0.9880647720874756,-0.8204247009218442,-1.3804199638603631,0.0807490176148963,0.27087632298656117,-1.4363626597924049,-0.44419052108771456
17535,1.8745862823538646,-0.9552142636712971,-1.1811848008633359,-0.9880647720874756,-0.8204247009218442,-1.3804199638603631,1.1374284698424082,-1.810717153648121,0.48095704805862044,-0.1391493641385155
17536,0.8446134766160853,-0.9552142636712971,-1.7840710342000996,-0.9880647720874756,-0.8204247009218442,-1.3804199638603631,1.1374284698424082,-0.8639067268339824,-0.39286565065224505,-3.431046395037823
17537,-0.6253477121553084,-0.3615827770984007,0.1648065279062185,1.079735844819681,-0.561262314466548,0.7244172253228549,-0.6237039505367783,0.5193494203867965,0.6760825050523088,0.9021957814227589
17538,-0.6653466560674551,-0.9552142636712971,-1.5859885680737622,-0.9880647720874756,-0.8204247009218442,-1.3804199638603631,-0.7411127785620575,0.5266061673030743,-1.6739066943934169,-0.1554270947514491
17540,-0.6753463920454919,-0.3615827770984007,-0.18352590270370286,1.2160743470333397,-0.576482493707702,0.7244172253228549,-0.7704649855683771,0.5601591073751346,0.7863708068313501,-0.5099642689559386
17542,1.7745889225734977,-0.9552142636712971,-1.1512244304954011,-0.9880647720874756,-0.8204247009218442,-1.3804199638603631,1.1374284698424082,-1.7185499527588006,0.3961198928439733,-0.1554270947514491
17545,-0.49535114444083134,0.05960546552681911,-0.09650033346582863,-0.9880647720874756,-0.8204247009218442,0.7244172253228549,-0.24212525945462107,0.412018583172289,-1.5296835305285166,-0.3361178448860473
17548,1.4145984273641767,-0.9552142636712971,-1.547880713494647,-0.9880647720874756,-0.8204247009218442,-1.3804199638603631,1.1374284698424082,-1.3882276646066893,0.09070613407124363,-1.0716211864298808
17549,-0.6853461280235285,-0.3615827770984007,-1.2596504396122348,-0.7835570187669876,0.9960600277420028,0.7244172253228549,-0.799817192574697,0.562319667294442,-1.4533300908353342,-0.4231067267954814
17550,1.0446081961768192,0.05960546552681911,-0.7968962054228563,-0.647218516553329,0.4319704248891608,0.7244172253228549,1.1374284698424082,-1.0119603659461682,0.16705957376442604,-1.8326061688713537
17551,2.664565424618763,-0.9552142636712971,-0.6871516811627634,-0.9880647720874756,-0.8204247009218442,-1.3804199638603631,1.1374284698424082,-2.535682408864454,1.1511705742543328,-0.031452533690271026
17552,-0.3253556328142076,0.3863044476016779,0.1933085023120139,1.3675615717151826,-0.38169108633968796,0.7244172253228549,0.2568622596528149,0.27664608340055313,1.261458876033374,0.16760069225107904
17553,0.3746258856483608,-0.9552142636712971,0.5662046453900276,-0.9880647720874756,-0.8204247009218442,-1.3804199638603631,1.1374284698424082,-0.4080904617681351,-0.7916002801610865,2.113999453382715
17554,-0.9153400555183724,0.6532369520997158,0.7823283119606113,0.11779196808997809,0.6682459466325078,0.7244172253228549,-1.4749179537200516,0.8530382626480061,-0.6388934007747217,0.9103645692977822
17555,-0.7253450719356752,-0.3615827770984007,-0.3268605929697965,1.390284655417459,-0.5935088680376142,0.7244172253228549,-0.9172260205999759,0.6046237272261659,0.9475614017391797,0.13497491920189636
17556,1.1346058199791493,-0.9552142636712971,-1.2130685827914347,-0.9880647720874756,-0.8204247009218442,-1.3804199638603631,1.1374284698424082,-1.1295562448635685,-0.14683790052976836,-0.46568373492713233
17557,-0.7853434878038954,0.05960546552681911,-0.2366033568570075,-0.4881569306373938,0.7747009796089592,0.7244172253228549,-1.0933392626378946,0.6772896318226034,-1.2073023407128576,-0.4548849591930755
17560,0.0246351264170766,0.3863044476016779,0.12611794348871197,0.6404228932423364,0.04837554886869761,0.7244172253228549,1.1374284698424082,-0.046811319599756984,0.7439522292240266,0.030897496908126553
17561,-0.7353448079137119,-0.9552142636712971,-1.165851272189078,-0.9880647720874756,-0.8204247009218442,-1.3804199638603631,-0.9465782276062956,0.5921841509842488,-1.7332927030436698,-0.06116883478578145
17562,-0.7853434878038954,1.074425194724936,0.34234050558528384,0.21625866413317602,1.06804061525746,0.7244172253228549,-1.0933392626378946,0.7527052422580824,-0.4268005127381039,-0.30708363639150493
17564,-0.6853461280235285,0.05960546552681911,-0.37640802187624006,-0.5714749042124074,0.9960600277420028,0.7244172253228549,-0.799817192574697,0.5837936921168753,-1.2157860562343223,-1.2622272585031693
17566,-0.8453419036721156,-0.3615827770984007,0.1679773185113515,-0.8593006311079091,1.7161694892255979,0.7244172253228549,-1.2694525046758134,0.7219471968819667,-1.6823904099148814,0.5700202916657511
17567,-0.8553416396501522,1.2468684386726134,1.4157960952324213,1.7765770783561585,0.3131911344120426,0.7244172253228549,-1.298804711682133,0.886201669501677,1.261458876033374,0.8339092839323957
17569,2.3945725532117725,-0.9552142636712971,-0.5961965413372164,-0.9880647720874756,-0.8204247009218442,-1.3804199638603631,1.1374284698424082,-2.2865007478338835,0.9221102551747855,0.032628327179803525
17571,-0.42535299259457454,0.3863044476016779,0.5720119600109397,0.8903768139673772,-0.04812987830266154,0.7244172253228549,-0.03665981041038266,0.3780169714676451,0.6336639274449853,0.4210019640871589
17572,-0.215358537055804,0.3863044476016779,-0.9267920519524491,1.2993923206083533,-0.1698102780642876,0.7244172253228549,0.5797365367223325,0.16384787000650342,1.2699425915548388,-2.033168681313502
17573,-0.6353474481333451,0.05960546552681911,-0.516333173594248,-0.5033056531055781,0.8293373508616512,0.7244172253228549,-0.6530561575430981,0.536559364535712,-1.0970140389338163,-0.447743865176939
17574,1.5045960511665069,-0.9552142636712971,-1.0850616241458293,-0.9880647720874756,-0.8204247009218442,-1.3804199638603631,1.1374284698424082,-1.469735292338435,0.16705957376442604,-0.76261594913842
17576,-0.8453419036721156,2.41594390599791,1.2737208601182657,1.7159821884834214,1.392823709581291,0.7244172253228549,-1.2694525046758134,1.0466014731127993,1.2020728673831211,-0.4236564490482472
17578,1.2546026517155897,-0.9552142636712971,-1.2888359961690843,-0.9880647720874756,-0.8204247009218442,-1.3804199638603631,1.1374284698424082,-1.2402686245093961,-0.04503331427219179,-0.12310755098439373
17579,-0.8753411116062256,0.05960546552681911,-0.38538986333118763,0.32987408264455825,-0.08509024311034788,0.7244172253228549,-1.3575091256947727,0.7586299793655016,-0.37589821960931563,-0.641746994773477
17580,1.6045934109468738,0.05960546552681911,-0.9662711744044681,-0.1927568425078,0.2984145979367984,0.7244172253228549,1.1374284698424082,-1.5283568681446686,1.142686858732868,-1.8080081402803063
17581,-0.9153400555183724,2.8000649690066,2.160115762221892,1.8220232457607115,0.5407305159157549,0.7244172253228549,-1.4749179537200516,1.3315000695546868,1.261458876033374,0.4725332257351403
17582,1.4345978993202502,-0.9552142636712971,-1.1305656867356837,-0.9880647720874756,-0.8204247009218442,-1.3804199638603631,1.1374284698424082,-1.4054611438608327,0.10767356511417306,-0.2495031695906764
17584,-0.8553416396501522,-0.3615827770984007,0.423002587554352,-0.07914142399641778,-0.26382565671385283,0.7244172253228549,-1.298804711682133,0.7367419166471042,-0.8170514267254807,0.43431598253190734
17585,0.16463143010959028,0.3863044476016779,0.34987246666736893,0.7388895892855343,0.006376623739559673,0.7244172253228549,1.1374284698424082,-0.17114304168700953,0.9730125483035739,1.09754414561976
17588,0.07463380630726006,0.05960546552681911,0.42165819637962976,0.011750910812688004,0.11419346125134072,0.7244172253228549,1.1374284698424082,-0.10300544271407294,0.08222241854977891,0.4165281299365136
17589,-0.3253556328142076,0.3863044476016779,0.9477634497261438,0.3753202500491111,0.19094887587899637,0.7244172253228549,0.2568622596528149,0.3007921021190454,0.14160842720003192,1.070790801349867
17590,-0.9053403195403357,0.05960546552681911,0.5617150566432366,-0.7078134064260662,1.542679827616961,0.7244172253228549,-1.4455657467137322,0.8031296455493928,-1.5551346770929109,0.6401246015751922
17591,-0.1953590650997306,1.074425194724936,0.8865445297748372,1.2312230695015238,0.37094757345694396,0.7244172253228549,0.6384409507349721,0.22761375171092615,1.2190402984260504,-0.07524164492218581
17593,-0.8853408475842623,0.6532369520997158,1.33792060825664,1.6553872986106843,-0.08326610689335451,0.7244172253228549,-1.3868613327010924,0.8577758243119311,1.1002682811255444,1.5340687556151582
17594,-0.07536223336329032,-0.3615827770984007,0.24517506448206652,0.2920022764740975,-0.4128319921137541,0.7244172253228549,0.9906674348108093,0.014567675969750678,0.2688641600220026,0.6361214661694625
17595,-0.8053429597599688,-0.3615827770984007,-0.4994454359909945,-0.8062801024692641,1.1462671913280684,0.7244172253228549,-1.1520436766505342,0.6767264651364705,-1.580585823657305,-0.3281028516226405
17596,-0.6953458640015652,1.074425194724936,1.0768184401038734,1.6250898536743157,0.22683948291662093,0.7244172253228549,-0.8291693995810168,0.6977920516014756,1.23600772946898,1.5488855088244708
17597,1.2146037078034428,-0.9552142636712971,0.8188962039943732,-0.9880647720874756,-0.8204247009218442,-1.3804199638603631,1.1374284698424082,-1.1722989339575554,-0.07896817635805065,2.241434564286356
17600,-0.7453445438917486,-0.9552142636712971,-1.1944206378232332,-0.9880647720874756,-0.8204247009218442,-1.3804199638603631,-0.9759304346126154,0.6012929827241549,-1.7417764185651345,-0.07633161619016947
17601,1.4645971072543602,-0.9552142636712971,-1.4564340365103474,-0.9880647720874756,-0.8204247009218442,-1.3804199638603631,1.1374284698424082,-1.4340510059132656,0.13312471167856718,-0.44419052108771456
17602,-0.9053403195403357,0.8789251688960825,1.5461239814384677,1.4433051840561042,0.13348477283249124,0.7244172253228549,-1.4455657467137322,0.911924387544166,0.8542405310030678,1.6548680734983174
17603,-0.14536038520954717,-0.9552142636712971,-0.48743782854630263,-0.9880647720874756,-0.8204247009218442,-1.3804199638603631,0.785201985766571,0.05273228700683775,-1.2327534872772516,-0.8060280125591635
17604,1.2446029157375529,-0.3615827770984007,-0.6806680365578336,-0.27607481608281365,-0.13588201477463924,0.7244172253228549,1.1374284698424082,-1.211869749256888,0.7524359447454912,-0.6609973188217466
17608,-0.5953485042211982,-0.3615827770984007,-1.0526260409150938,-0.9880647720874756,-0.8204247009218442,0.7244172253228549,-0.5356473295178191,0.4801928898725359,-1.6145206857431638,-0.3138205149682618
17609,-0.5153506163969047,0.6532369520997158,0.33511524307751,1.178202540862879,-0.14005724937353128,0.7244172253228549,-0.30082967346726086,0.47101932037587885,0.879691677567462,-0.07176093220102359
17611,-0.8553416396501522,2.0892449239230517,1.3493530875407493,1.6856847435470528,1.0322421845612955,0.7244172253228549,-1.298804711682133,0.9958334019495281,1.1681380052972623,0.11053041939023199
17612,-0.39535378466046445,0.8789251688960825,0.8204809904352075,0.8600793690310087,0.3748266175556239,0.7244172253228549,0.05139681060857664,0.3923571367086846,0.6336639274449853,0.7369893609028381
17613,-0.6953458640015652,1.9947556633726906,1.4565262214729708,1.1479050959265102,0.9823455406372221,0.7244172253228549,-0.8291693995810168,0.8414775085268598,0.701533651616703,0.15859727090774364
17614,-0.3553548407483177,-0.9552142636712971,-0.4968381874204792,-0.9880647720874756,-0.8204247009218442,-1.3804199638603631,0.16880563863385561,0.24598874342911997,-1.4109115132280106,0.4768021858123491
17615,0.3746258856483608,0.05960546552681911,-0.6304257668468369,-0.2987978997850901,0.4319704248891608,0.7244172253228549,1.1374284698424082,-0.39411416118682746,-0.011098452186332935,-1.3077212948963024
17616,0.8146142686819752,0.05960546552681911,-0.19415636792290822,0.4813613073264012,-0.14825585158074672,0.7244172253228549,1.1374284698424082,-0.7952337136500881,1.2275240139475152,-0.7962326766571335
17618,-0.8653413756281889,0.05960546552681911,0.2277061828620143,1.7084078272493293,-0.4329256855001497,0.7244172253228549,-1.3281569186884528,0.7579872291126808,1.1766217208187268,-0.3687711194131673
17619,2.1945778336510386,-0.9552142636712971,-0.9560621611788775,-0.9880647720874756,-0.8204247009218442,-1.3804199638603631,1.1374284698424082,-2.1044325748232526,0.7524359447454912,-0.2143616233527985
17620,-0.3253556328142076,-0.9552142636712971,-1.7349289837938588,-0.9880647720874756,-0.8204247009218442,-1.3804199638603631,0.2568622596528149,0.21331321431568095,-1.3854603666636165,-1.0347222451683766
17621,-0.7153453359576386,0.05960546552681911,0.5064792841739111,1.53419751886521,-0.4071922272208101,0.7244172253228549,-0.8878738135936562,0.6265823817952487,1.1087519966470092,0.11482060202167313
17623,-0.5953485042211982,-0.9552142636712971,-0.2580147408795778,-0.9880647720874756,-0.8204247009218442,-1.3804199638603631,-0.5356473295178191,0.46918460834412534,-1.6145206857431638,0.5952730766989572
17624,-0.7753437518258587,-0.3615827770984007,0.1153890112562233,0.5495305584332305,-0.4781965135110471,0.7244172253228549,-1.063987055631575,0.6565571371739635,-0.04503331427219179,0.6441133112364689
17625,-0.7453445438917486,0.3863044476016779,0.8199181314368981,0.8222075628605479,-0.023243583396006132,0.7244172253228549,-0.9759304346126154,0.681605528255053,0.29431530658639676,0.7302569524970269
17628,-0.11536117727543709,-0.9552142636712971,-1.7918046887505308,-0.9880647720874756,-0.8204247009218442,-1.3804199638603631,0.8732586067855304,0.019887347790295478,-1.2073023407128576,-0.73459253504106
17629,-0.8653413756281889,1.2468684386726134,0.7239192530863637,1.693259104781145,0.341339050885535,0.7244172253228549,-1.3281569186884528,0.8541636707740667,1.1596542897757975,0.3049230758906692
17630,0.7746153247698284,-0.3615827770984007,-0.2941398878245611,-0.5184543755737624,0.1510383579725636,0.7244172253228549,1.1374284698424082,-0.7759904646612555,0.0737387030283142,-0.73459253504106
17631,-0.9053403195403357,0.05960546552681911,-0.256089325901298,0.7540383117537186,-0.24446446646019798,0.7244172253228549,-1.4455657467137322,0.7875503058066761,0.0737387030283142,-0.3588735953436943
17633,-0.6153479761772717,0.3863044476016779,0.47412030333994376,-0.3215209834873665,0.9225038577945268,0.7244172253228549,-0.5943517435304586,0.5500915791244873,-0.8764374353757337,0.04637838888610602
17634,-0.5653492962870882,1.4011241767997944,0.9336861276150474,1.2918179593742611,0.6420376240491216,0.7244172253228549,-0.4475907084988595,0.6034245933625053,0.9730125483035739,-0.5521722357301246
17636,-0.7353448079137119,-0.9552142636712971,-0.7441187306603462,-0.9880647720874756,-0.8204247009218442,-1.3804199638603631,-0.9465782276062956,0.5941164747327957,-1.7332927030436698,0.18129405122264516
17637,-0.6153479761772717,-0.3615827770984007,-0.22843558750327905,-0.3593927896578273,-0.05869471474131325,0.7244172253228549,-0.5943517435304586,0.5043995445601139,-0.9188560129830573,-0.10729491444130809
17639,1.8345873384417177,-0.9552142636712971,-1.5091882344445504,-0.9880647720874756,-0.8204247009218442,-1.3804199638603631,1.1374284698424082,-1.7748077516700864,0.4470221859727616,-1.2548234467293211
17640,-0.05536276140721694,-0.9552142636712971,-0.12694637345561322,-0.9880647720874756,-0.8204247009218442,-1.3804199638603631,1.0493718488234491,-0.026406384553952243,-1.1564000475840692,0.5310268597944356
17642,0.2746285258679939,-0.3615827770984007,-0.018878999646414246,-0.5639005429783153,0.23433004156147158,0.7244172253228549,1.1374284698424082,-0.3122554830731573,-0.40134936617370975,0.4721612325428671
17643,2.8045617283112767,-0.9552142636712971,-1.5613374001936062,-0.9880647720874756,-0.8204247009218442,-1.3804199638603631,1.1374284698424082,-2.6679342990311117,1.2699425915548388,-0.8512124794542093
17644,-0.9153400555183724,1.6680566812978321,1.0956289075390608,0.9736947875423909,0.6606597055226227,0.7244172253228549,-1.4749179537200516,0.9673382101681318,0.3197664531507909,0.059959733919086475
17646,1.2646023876936263,0.05960546552681911,0.2572498185103847,0.11021760685588594,0.03830547401167853,0.7244172253228549,1.1374284698424082,-1.2023550444729394,1.2020728673831211,-0.3956055423530988
17647,-0.2753569529240241,-0.9552142636712971,-1.3482548370038383,-0.9880647720874756,-0.8204247009218442,-1.3804199638603631,0.4036232946844138,0.16812737272977654,-1.343041789056293,-1.7839448940324036
17648,-0.31535589683617093,0.3863044476016779,0.7166038736644867,0.4359151399218483,-0.13271659029624724,0.7244172253228549,0.28621446665913486,0.2816461313691763,0.22644558241467905,-0.26071771064234184
17649,0.4546237734726543,-0.9552142636712971,0.1385996214476307,-0.9880647720874756,-0.8204247009218442,-1.3804199638603631,1.1374284698424082,-0.49188446286724913,-0.7237305559893689,1.046839139933269
17650,-0.7153453359576386,-0.9552142636712971,-1.173147824189646,-0.9880647720874756,-0.8204247009218442,-1.3804199638603631,-0.8878738135936562,0.5737462871383157,-1.7163252720007403,-0.031452533690271026
17651,-0.8053429597599688,1.5406654655354899,1.3414877676883277,0.2617048315377289,1.410439278234061,0.7244172253228549,-1.1520436766505342,0.8667869382866272,-0.39286565065224505,0.7725350773033524
17652,-0.6753463920454919,1.7852452398084835,1.5085970422016488,0.9433973426060223,1.2452555978574311,0.7244172253228549,-0.7704649855683771,0.7951715518056071,0.48944076358008515,0.3340615838559543
17653,-0.5553495603090515,0.3863044476016779,0.40046494606122085,-0.3593927896578273,0.9960600277420028,0.7244172253228549,-0.4182385014925398,0.4929321711248305,-0.8764374353757337,0.9092684299803083
17654,1.8445870744197546,-0.9552142636712971,-1.4460355383719592,-0.9880647720874756,-0.8204247009218442,-1.3804199638603631,1.1374284698424082,-1.7838657931469728,0.4555059014942263,-1.447809236425938
17655,-0.8153426957380054,1.074425194724936,1.0218315129329276,1.700833466015237,0.20027357516540145,0.7244172253228549,-1.1813958836568539,0.8051714431163296,1.210556582904586,0.03558918244475432
17656,-0.1953590650997306,0.6532369520997158,0.6603559606934412,-0.5714749042124074,2.066672470863124,0.7244172253228549,0.6384409507349721,0.18563268313812425,-0.8000839956825513,0.6552058308901569
17658,-0.6653466560674551,-0.3615827770984007,-0.16118717821253006,0.4131920562195719,-0.4474395991036586,0.7244172253228549,-0.7411127785620575,0.5512234540481697,-0.10441932292244478,0.7611313371979462
17659,-0.7553442798697854,1.7852452398084835,1.1236337196437813,1.693259104781145,0.8191169006926634,0.7244172253228549,-1.0052826416189355,0.8382125927349421,1.261458876033374,-0.21364124211474897
17660,0.4846229814067644,-0.9552142636712971,-1.0421420113068594,-0.9880647720874756,-0.8204247009218442,-1.3804199638603631,1.1374284698424082,-0.5305214581426906,-0.6982794094249747,-0.18871879929522678
17663,-0.6653466560674551,1.074425194724936,0.7189925082039237,0.9888435100105751,0.48403616299537744,0.7244172253228549,-0.7411127785620575,0.6533792203833916,0.5403430567088734,-0.3342807229154423
17664,-0.7353448079137119,-0.3615827770984007,-0.14898721424272163,0.4737869460923091,-0.4617667732103057,0.7244172253228549,-0.9465782276062956,0.6158187280596991,-0.09593560740098007,0.7394273921378642
17666,-0.8853408475842623,-0.3615827770984007,-0.0013789637823451652,-0.5260287368078546,0.1639826223835226,0.7244172253228549,-1.3868613327010924,0.755937218436547,-1.3345580735348281,0.7247179964852518
17667,-0.26535721694598746,0.6532369520997158,0.8232158540331929,0.7691870342219028,-0.002740054496829003,0.7244172253228549,0.4329755016907335,0.25631623512964496,0.64214764296645,0.3208997038377309
17668,-0.9153400555183724,-0.3615827770984007,-0.5879215843057368,-0.7153877676601582,0.6606597055226227,0.7244172253228549,-1.4749179537200516,0.7773235466368195,-1.5721021081358402,-1.311598236629461
17669,-0.49535114444083134,1.074425194724936,1.2248541179469983,0.572253642135507,0.7403074094754496,0.7244172253228549,-0.24212525945462107,0.5231485958464739,0.22644558241467905,0.6309532121109914
17670,1.3546000114959567,-0.9552142636712971,-1.003917509043135,-0.9880647720874756,-0.8204247009218442,-1.3804199638603631,1.1374284698424082,-1.3313120498695252,0.03980384094245534,-0.3720900596305994
17671,-0.7653440158478221,0.3863044476016779,0.6104215720123393,1.6553872986106843,-0.24961277407572335,0.7244172253228549,-1.0346348486252552,0.6922474144066405,1.2020728673831211,0.2459040246873788
17672,-0.42535299259457454,-0.3615827770984007,1.1696437745415758,0.9736947875423909,-0.547046911832041,0.7244172253228549,-0.03665981041038266,0.37258752527557853,0.7269847981810972,1.8759422441705762
17673,-0.9053403195403357,0.8789251688960825,0.6384292288187428,1.4205821003538277,0.14092848840558578,0.7244172253228549,-1.4455657467137322,0.8550089826442965,0.820305668917209,0.521430764656943
17674,-0.18535932912169392,-0.3615827770984007,-0.22268121386123998,1.238797430735616,-0.5780639013269059,0.7244172253228549,0.6677931577412918,0.10859315279363507,1.23600772946898,0.8571427010473275
17675,-0.9153400555183724,3.104064653121168,2.647020884989553,1.7841514395902507,2.1539206270154425,0.7244172253228549,-1.4749179537200516,1.583196689717715,1.2190402984260504,0.6145673719750885
17676,-0.8853408475842623,0.8789251688960825,0.5109472730250525,1.7538539946538823,0.044319027964528204,0.7244172253228549,-1.3868613327010924,0.832640607798901,1.210556582904586,0.006967487582828377
17677,-0.9053403195403357,3.057582165231702,2.4726779151095957,1.7917258008243429,1.3525198087353298,0.7244172253228549,-1.4455657467137322,1.491799046772091,1.23600772946898,0.8232365552489921
17678,1.7145905067052774,-0.9552142636712971,-0.7100306546833134,-0.9880647720874756,-0.8204247009218442,-1.3804199638603631,1.1374284698424082,-1.6612253944845523,0.345217599715185,0.323030341133149
17679,-0.39535378466046445,-0.3615827770984007,0.7983126213076129,-0.7456852125965269,0.7924924541404285,0.7244172253228549,0.05139681060857664,0.3255362218134203,-1.164883763105534,0.947001767981346
17680,-0.6853461280235285,-0.9552142636712971,-1.0904054905713791,-0.9880647720874756,-0.8204247009218442,-1.3804199638603631,-0.799817192574697,0.5464274923778295,-1.6908741254363462,-0.5213168375334848
17682,-0.8253424317160422,0.8789251688960825,0.9706299888389956,1.7235565497175136,0.05247069697983391,0.7244172253228549,-1.2107480906631736,0.795206335720801,1.2275240139475152,0.42868715810033076
17684,-0.4853514084627947,-0.9552142636712971,-0.883770056203235,-0.9880647720874756,-0.8204247009218442,-1.3804199638603631,-0.21277305244830141,0.3632024482472661,-1.521199815007052,-0.06872426161817644
17685,-0.7553442798697854,1.074425194724936,1.1729787836989274,1.700833466015237,0.20027357516540145,0.7244172253228549,-1.0052826416189355,0.7589871555969104,1.261458876033374,0.653740753597247
17686,-0.8553416396501522,1.074425194724936,1.6395847932920613,1.2463717919697082,0.03090626377778069,0.7244172253228549,-1.298804711682133,0.8927954909006153,0.6760825050523088,0.9147383035421404
17690,-0.6253477121553084,2.0892449239230517,1.4904616670542492,1.6023667699720392,1.0738258944687635,0.7244172253228549,-0.6237039505367783,0.7967648857096773,1.2699425915548388,-0.2932009126447496
17691,2.654565688640726,-0.3615827770984007,-0.7307987686097162,-0.9123211597465541,2.6374843977092453,0.7244172253228549,1.1374284698424082,-2.5102709841148294,1.23600772946898,-0.9144791690972895
17692,0.3446266777142507,0.3863044476016779,0.012439025133292548,0.7691870342219028,-0.002740054496829003,0.7244172253228549,1.1374284698424082,-0.3432813752656728,1.1511705742543328,0.09320144339823294
17693,0.44462403749461765,-0.9552142636712971,-1.0242987034932456,-0.9880647720874756,-0.8204247009218442,-1.3804199638603631,1.1374284698424082,-0.4936229567522445,-0.7322142715108336,0.44389929549809204
17694,0.4946227173848011,-0.9552142636712971,-0.7509192969135041,-0.9880647720874756,-0.8204247009218442,-1.3804199638603631,1.1374284698424082,-0.538300404189281,-0.68979569390351,0.19332531895270902
17695,0.3946253576044342,-0.3615827770984007,0.03817205950855043,-0.6926646839578818,0.5754552644819473,0.7244172253228549,1.1374284698424082,-0.4218621095411878,-0.4352842282595686,1.0202338755919724
17696,-0.5453498243310149,1.2468684386726134,0.9075970972855509,1.4811769902265648,0.27619138326159826,0.7244172253228549,-0.38888629448622003,0.5672880596320554,1.2020728673831211,0.3876265993843767
17697,1.4345978993202502,-0.9552142636712971,-0.608246159742772,-0.9880647720874756,-0.8204247009218442,-1.3804199638603631,1.1374284698424082,-1.4027794179734148,0.10767356511417306,-0.5560903486114662
17698,1.6845912987711673,-0.9552142636712971,-1.2279716713881494,-0.9880647720874756,-0.8204247009218442,-1.3804199638603631,1.1374284698424082,-1.635951972767722,0.3197664531507909,-0.5560903486114662
17700,-0.7553442798697854,0.3863044476016779,0.9897740358852839,1.0115665937128515,-0.09110556954866335,0.7244172253228549,-1.0052826416189355,0.6988013167445385,0.48944076358008515,0.7911678450297093
17701,1.6045934109468738,-0.9552142636712971,-0.4420718284774614,-0.9880647720874756,-0.8204247009218442,-1.3804199638603631,1.1374284698424082,-1.55799246217306,0.25189672897907317,-0.3821070124586251
17702,-0.6253477121553084,0.3863044476016779,0.7283975246559886,0.3374484438786504,0.20977427960836595,0.7244172253228549,-0.6237039505367783,0.5674821728485848,-0.14683790052976836,0.8645081933639491
17703,-0.5753490322651249,0.05960546552681911,0.07209891727372075,-0.2079055649759843,0.32453676754498967,0.7244172253228549,-0.4769429155051793,0.48817225415727855,-0.7237305559893689,0.26662892473400057
17704,0.7646155887917918,-0.3615827770984007,0.153729291728967,-0.4502851244669331,0.058687073079082816,0.7244172253228549,1.1374284698424082,-0.7605321946857047,0.14160842720003192,0.11589055448120195
17705,-0.8953405835622991,1.4011241767997944,0.7280271131970428,1.2690948756719846,0.6531526147210014,0.7244172253228549,-1.416213539707412,0.898411089495873,0.6675987895308442,-0.40241704528405114
17706,-0.8853408475842623,2.2616881678707283,2.12021381262534,1.7538539946538823,0.795771479397996,0.7244172253228549,-1.3868613327010924,1.163229087759615,1.2190402984260504,0.43601319584659337
17707,0.9246113644403788,-0.3615827770984007,-1.241082953217358,0.15566377426043881,-0.368404839127154,0.7244172253228549,1.1374284698424082,-0.9198392540975326,0.9560451172606445,-0.83594512383904
17708,0.9546105723744889,-0.3615827770984007,-0.7971334935669665,0.04962271698314875,-0.3265104346704111,0.7244172253228549,1.1374284698424082,-0.9455792908759086,0.8627242465245325,-1.3351494598622453
17709,0.7746153247698284,-0.9552142636712971,-1.3226297761556634,-0.9880647720874756,-0.8204247009218442,-1.3804199638603631,1.1374284698424082,-0.7984639107882621,-0.45225165930249805,-2.3856542038959363
17711,-0.8153426957380054,-0.3615827770984007,-0.507009840445998,1.1251820122242338,-0.5656775706096904,0.7244172253228549,-1.1813958836568539,0.6858723246165125,0.5657942032732676,-0.2495031695906764
17712,-0.47535167248475796,-0.9552142636712971,-0.2642743701501364,-0.9880647720874756,-0.8204247009218442,-1.3804199638603631,-0.1834208454419816,0.3586409834431682,-1.5127160994855873,0.3648038169368124
17714,2.2845754574533688,-0.9552142636712971,-1.2379784422778137,-0.9880647720874756,-0.8204247009218442,-1.3804199638603631,1.1374284698424082,-2.188362898101018,0.8287893844386737,-0.5679285976413818
17715,1.0846071400889659,-0.9552142636712971,-0.6381609885252283,-0.9880647720874756,-0.8204247009218442,-1.3804199638603631,1.1374284698424082,-1.0807639669241778,-0.18925647813709193,1.0045333891815316
17716,-0.6953458640015652,1.6680566812978321,1.6279361394897323,0.8676537302651008,0.8829465045939148,0.7244172253228549,-0.8291693995810168,0.8100247045018534,0.3791524618010439,0.6531254578572019
17718,1.3945989554081033,-0.9552142636712971,-1.3117901872746016,-0.9880647720874756,-0.8204247009218442,-1.3804199638603631,1.1374284698424082,-1.3692243904456607,0.0737387030283142,-0.6805883742050745
17719,-0.5453498243310149,2.0892449239230517,1.590525553127731,0.6555716157105206,1.8581205972521975,0.7244172253228549,-0.38888629448622003,0.7335687938582611,0.27734787554346735,0.06936848532887914
17720,-0.6653466560674551,0.3863044476016779,0.3927816175810418,1.594792408737947,-0.23618307055898788,0.7244172253228549,-0.7411127785620575,0.5940112686051878,1.2275240139475152,-0.07633161619016947
17722,0.03463486239511329,0.3863044476016779,0.9543064894954126,1.0570127611174045,-0.10284372840714015,0.7244172253228549,1.1374284698424082,-0.030309734650633895,1.2190402984260504,1.046147132575192
17723,0.3446266777142507,0.8789251688960825,1.1938440911197068,-0.3290953447214587,1.6792973595124334,0.7244172253228549,1.1374284698424082,-0.26879158924847274,-0.07896817635805065,-0.17194778552190632
17724,-0.215358537055804,0.05960546552681911,0.2764067790832549,-0.48058256940330163,0.7747009796089592,0.7244172253228549,0.5797365367223325,0.16058297367427973,-0.7237305559893689,-0.4765889042531565
17725,-0.7653440158478221,1.6680566812978321,1.2323704495846521,0.9055255364355616,1.1408407479531926,0.7244172253228549,-1.0346348486252552,0.8381471629601079,0.3706687462795792,0.26594997011483223
17727,-0.7753437518258587,-0.9552142636712971,0.2970939165920956,-0.9880647720874756,-0.8204247009218442,-1.3804199638603631,-1.063987055631575,0.6436342265692825,-1.7672275651295286,1.577398578197763
17728,-0.8853408475842623,0.05960546552681911,1.090221155428235,-0.36696715089191945,0.5365139924218739,0.7244172253228549,-1.3868613327010924,0.8076019586350003,-1.1564000475840692,1.2729723222708742
17730,-0.8953405835622991,1.8937448980942,1.5760182534299325,1.4584539065242883,1.0474537904747256,0.7244172253228549,-1.416213539707412,1.0212425234114715,0.8712079620459973,0.6364299141951993
17731,-0.13536064923151048,0.3863044476016779,0.421600528796734,-0.20033120374189214,0.3156925761936896,0.7244172253228549,0.8145541927728907,0.10680018525291006,-0.34196335752345675,-0.24727383201289577
17732,2.8045617283112767,-0.9552142636712971,-0.6946007928211003,-0.9880647720874756,-0.8204247009218442,-1.3804199638603631,1.1374284698424082,-2.6646178586955096,1.2699425915548388,-0.5560903486114662
17733,-0.5353500883529781,-0.3615827770984007,-0.04161098254255952,0.6934434218809814,-0.5055930135197425,0.7244172253228549,-0.35953408747990034,0.43312681785127977,0.3282501686722556,0.4462822151120838
17734,-0.38535404868242773,0.05960546552681911,-0.03198655655847266,0.3753202500491111,-0.10284372840714015,0.7244172253228549,0.0807490176148963,0.31164481498966756,0.09070613407124363,-0.10207383998138
17735,-0.9053403195403357,2.41594390599791,2.2964102210166137,1.7765770783561585,1.360455318250508,0.7244172253228549,-1.4455657467137322,1.2572795301145914,1.2275240139475152,1.165234470528574
17736,-0.8353421676940789,0.05960546552681911,-0.5229461715978386,-0.20033120374189214,0.3156925761936896,0.7244172253228549,-1.2401002976694935,0.7206339167751639,-0.9358234440259867,-0.7299901760892363
17737,-0.8353421676940789,-0.3615827770984007,-1.1629324969383423,-0.6169210716169603,0.37094757345694396,0.7244172253228549,-1.2401002976694935,0.7007319325129578,-1.402427797706546,-1.1493278746794886
17738,-0.7353448079137119,0.3863044476016779,0.7518704840597631,0.9964178712446673,-0.30783918496891793,0.7244172253228549,-0.9465782276062956,0.6696475265993224,0.49792447910154986,0.5625450484612569
17739,-0.8053429597599688,1.074425194724936,1.066467974917081,1.6478129373765922,0.2170183727469421,0.7244172253228549,-1.1520436766505342,0.7984622055447482,1.1596542897757975,-0.2495031695906764
17742,0.20463037402173703,-0.3615827770984007,-0.5713128709744194,0.6707203381787049,-0.5001966045692863,0.7244172253228549,1.1374284698424082,-0.25366329047139285,0.9305939706962503,-1.3592127061101482
17744,-0.8853408475842623,0.8789251688960825,0.9202558480454347,1.693259104781145,0.058687073079082816,0.7244172253228549,-1.3868613327010924,0.8479550189761275,1.142686858732868,1.4382123049609625
17746,1.4745968432323968,-0.9552142636712971,-1.4965789137507606,-0.9880647720874756,-0.8204247009218442,-1.3804199638603631,1.1374284698424082,-1.4433516937757374,0.14160842720003192,-1.8202388253126285
17747,0.20463037402173703,-0.9552142636712971,-1.8382064472358635,-0.9880647720874756,-0.8204247009218442,-1.3804199638603631,1.1374284698424082,-0.27478604328120176,-0.9358234440259867,-2.745853107750305
17749,0.854613212594122,-0.3615827770984007,-0.06214597247690603,-0.397264595828288,-0.00870598452150238,0.7244172253228549,1.1374284698424082,-0.8468406491496807,0.27734787554346735,0.03952470919773476
17750,-0.8753411116062256,1.4011241767997944,0.7166348260699961,0.20868430289908388,1.4745238346093879,0.7244172253228549,-1.3575091256947727,0.8795732932885519,-0.5031539524312864,1.1540105120506616
17752,2.664565424618763,-0.9552142636712971,-1.7426840058411395,-0.9880647720874756,-0.8204247009218442,-1.3804199638603631,1.1374284698424082,-2.5393884596692806,1.1511705742543328,0.24018377560883675
17754,-0.9153400555183724,0.6532369520997158,0.7053640482318991,0.9736947875423909,0.12615681346113924,0.7244172253228549,-1.4749179537200516,0.8500860376501191,0.3112827376293262,0.9748131765472312
17757,-0.9153400555183724,3.057582165231702,1.6207764981367,1.8144488845266193,2.1914349120873755,0.7244172253228549,-1.4749179537200516,1.3247477494536477,1.261458876033374,-0.3654621013038626
17758,-0.7353448079137119,1.2468684386726134,1.2364334116340907,0.7540383117537186,0.4277043828808998,0.7244172253228549,-0.9465782276062956,0.7613935173119704,0.22644558241467905,0.5800851846255904
17759,-0.7553442798697854,0.05960546552681911,0.10735327124126838,0.16323813549453098,-0.3711262499010365,0.7244172253228549,-1.0052826416189355,0.6544798655413263,-0.46073537482396276,0.467500738359897
17760,-0.7053455999796019,-0.3615827770984007,-0.7385048655528855,1.6705360210788684,-0.6164128889258528,0.7244172253228549,-0.8585216065873364,0.5830052460383169,1.2699425915548388,-0.2811947419190791
17761,-0.5953485042211982,-0.9552142636712971,-0.018332869592855194,-0.9880647720874756,-0.8204247009218442,-1.3804199638603631,-0.5356473295178191,0.47222760045721307,-1.6145206857431638,1.0440685108691155
17763,1.7045907707272407,-0.9552142636712971,-3.0387618430761014,-0.9880647720874756,-0.8204247009218442,-1.3804199638603631,1.1374284698424082,-1.6566575399376882,0.3367338841937203,-2.745853107750305
17764,-0.4153532566165378,-0.3615827770984007,0.09182015540435305,0.22383302536726815,-0.394216743645058,0.7244172253228549,-0.007307603404062988,0.3247257228519462,-0.10441932292244478,0.2712854975808876
17765,0.6646182290114249,0.05960546552681911,-0.5347168915116419,-0.24577737114644505,0.37094757345694396,0.7244172253228549,1.1374284698424082,-0.6604046195678055,0.28583159106493206,-1.2771851311768028
17767,-0.7753437518258587,-0.9552142636712971,-0.7850042979850627,-0.9880647720874756,-0.8204247009218442,-1.3804199638603631,-1.063987055631575,0.6307064662352898,-1.7672275651295286,-0.20574783876659553
17768,-0.8453419036721156,0.05960546552681911,0.9032274355223395,0.20110994166499171,-0.017492024441169523,0.7244172253228549,-1.2694525046758134,0.7608999534444795,-0.4861865213883569,1.0366460808206825
17769,-0.7953432237819321,1.5406654655354899,1.3520942369786373,1.344838488012906,0.7497065997147693,0.7244172253228549,-1.1226914696442145,0.8584486439885921,0.8287893844386737,0.20641039671999972
17770,1.0646076681328924,0.6532369520997158,0.35699328316369155,-0.3593927896578273,0.9960600277420028,0.7244172253228549,1.1374284698424082,-0.9830699295607163,0.49792447910154986,-0.8208854938007576
17771,-0.3553548407483177,-0.3615827770984007,-0.8628758872053515,1.0267153161810358,-0.5548171892241945,0.7244172253228549,0.16880563863385561,0.260099654669779,0.8457568154816031,-0.08015499040005432
17772,-0.8153426957380054,-0.3615827770984007,-1.0974282740837538,-0.9880647720874756,-0.8204247009218442,0.7244172253228549,-1.1813958836568539,0.6825573588369335,-1.8011624272153874,-1.8202388253126285
17774,0.04463459837314998,0.3863044476016779,0.4121249216467966,0.5874023646036913,0.07282677264167489,0.7244172253228549,1.1374284698424082,-0.05915435188337409,0.6930499360952382,-0.20574783876659553
17775,1.6245928829029472,-0.9552142636712971,-2.0228381985513906,-0.9880647720874756,-0.8204247009218442,-1.3804199638603631,1.1374284698424082,-1.5823287139511149,0.2688641600220026,-0.83594512383904
17777,-0.6753463920454919,0.05960546552681911,-0.0724070672721305,-0.4199876795305645,0.6310937234007601,0.7244172253228549,-0.7704649855683771,0.5780583168787998,-1.046111745805028,0.09973164365617612
17779,-0.7153453359576386,0.05960546552681911,-0.0811487053348255,-0.06399270152823348,0.1772811476860965,0.7244172253228549,-0.8878738135936562,0.6147641429488891,-0.6728282628605806,-0.1691771564577516
17781,0.6646182290114249,-0.3615827770984007,-1.0750271908874685,-0.2836491773169058,-0.12952156724608394,0.7244172253228549,1.1374284698424082,-0.6798914343897188,0.25189672897907317,-2.3856542038959363
17783,-0.2053588010777673,-0.3615827770984007,-0.7499402260246865,0.3374484438786504,-0.4257579962167542,0.7244172253228549,0.6090887437286524,0.12262193029081898,0.2094781513717496,0.150630989740531
17785,-0.39535378466046445,-0.9552142636712971,-1.3549268143708921,-0.9880647720874756,-0.8204247009218442,-1.3804199638603631,0.05139681060857664,0.2785848180231581,-1.4448463753138696,-0.9144791690972895
17786,-0.07536223336329032,-0.3615827770984007,-0.7632746970444669,0.7616126729878108,-0.5170934457984386,0.7244172253228549,0.9906674348108093,0.002862322578941598,0.7948545223528148,-0.4765889042531565
17787,0.6046198131432047,0.3863044476016779,0.7459859121959136,0.6631459769446127,0.03830547401167853,0.7244172253228549,1.1374284698424082,-0.5642259361450366,1.2529751605119093,0.4270736509149134
17788,-0.18535932912169392,-0.3615827770984007,0.33916265111796945,-0.5714749042124074,0.2496422698449756,0.7244172253228549,0.6677931577412918,0.11788056198560869,-0.7916002801610865,-0.4178979372620306
17789,1.8845860183319012,-0.9552142636712971,-0.9297656858040203,-0.9880647720874756,-0.8204247009218442,-1.3804199638603631,1.1374284698424082,-1.8189158566426333,0.48944076358008515,-0.8060280125591635
17790,-0.6553469200894184,1.9947556633726906,0.787643664828873,1.5720693250356705,0.8788348053714816,0.7244172253228549,-0.7117605715557376,0.7621588156231347,1.2020728673831211,-1.0399188074513785
17791,-0.6253477121553084,-0.9552142636712971,-1.5268126944474685,-0.9880647720874756,-0.8204247009218442,-1.3804199638603631,-0.6237039505367783,0.4899067309757521,-1.6399718323075578,-1.3233112108323308
17793,-0.6753463920454919,-0.9552142636712971,-0.6463647677167196,-0.9880647720874756,-0.8204247009218442,-1.3804199638603631,-0.7704649855683771,0.539492647734709,-1.6823904099148814,0.4486600156681821
17795,0.8746126845501954,-0.3615827770984007,-0.5819241382453197,-0.34424406718964295,-0.06642915242436435,0.7244172253228549,1.1374284698424082,-0.8705638133012259,0.3537013152366497,0.10945527046335439
17796,-0.5253503523749414,0.3863044476016779,-0.03508694448388243,1.5039000739288413,-0.2172570178905742,0.7244172253228549,-0.33018188047358055,0.4569629753743677,1.2444914449904447,-1.3592127061101482
17797,-0.7053455999796019,0.05960546552681911,0.05367956100940921,0.22383302536726815,-0.39176929865306626,0.7244172253228549,-0.8585216065873364,0.607554375527232,-0.34196335752345675,0.08002431475699087
17799,-0.7053455999796019,1.5406654655354899,1.1384619761179327,1.5796436862697627,0.5148089899317154,0.7244172253228549,-0.8585216065873364,0.7601572919223404,1.1681380052972623,0.14314370707691856
17800,-0.5553495603090515,1.4011241767997944,0.3948187764261808,1.2539461532038003,0.6568963460968769,0.7244172253228549,-0.4182385014925398,0.5751643918336042,0.9390776862177149,-0.6968118799198619
17802,-0.1053614412974004,0.05960546552681911,0.4498816367107566,1.2084999857992476,-0.35135583606215526,0.7244172253228549,0.9026108137918503,0.06344290685040668,1.261458876033374,0.5339628448930365
17805,-0.18535932912169392,-0.9552142636712971,-0.2805296839868345,-0.9880647720874756,-0.8204247009218442,-1.3804199638603631,0.6677931577412918,0.09148414147881552,-1.2666883493631105,1.2463362478995625
17806,-0.8153426957380054,-0.9552142636712971,-0.2299170537946616,-0.9880647720874756,-0.8204247009218442,-1.3804199638603631,-1.1813958836568539,0.6720346977588105,-1.8011624272153874,1.7096707427733056
17809,-0.7653440158478221,1.7852452398084835,1.5928606172409794,1.7159821884834214,0.5844223951252088,0.7244172253228549,-1.0346348486252552,0.8869443832122268,1.2784263070763036,0.11535570753521016
17811,-0.8853408475842623,3.430763635196026,1.8873415856251556,1.5039000739288413,2.8603589198889248,0.7244172253228549,-1.3868613327010924,1.4819751452928769,0.9390776862177149,-0.4013663895495469
17812,-0.7953432237819321,0.3863044476016779,0.002971784029798159,1.700833466015237,-0.2582266551391152,0.7244172253228549,-1.1226914696442145,0.7060948291792671,1.2275240139475152,-0.6228257522597237
17813,-0.7853434878038954,0.6532369520997158,0.7047449052226117,-0.5563261817442231,2.0059241617408228,0.7244172253228549,-1.0933392626378946,0.7303813161902143,-1.2921394959275048,0.02568870737467776
17816,-0.5553495603090515,0.3863044476016779,-2.3601164155293803,1.4963257126947491,-0.2172570178905742,0.7244172253228549,-0.4182385014925398,0.47374655886818495,1.2020728673831211,-3.2161417557598804
17817,-0.8853408475842623,0.05960546552681911,-0.5017133503366527,1.0721614835855888,-0.5603608166959848,0.7244172253228549,-1.3868613327010924,0.7668332698676397,0.4555059014942263,-2.098410154233652
17819,-0.2053588010777673,1.074425194724936,1.2915571749095907,1.2766692369060768,0.35193080418570905,0.7244172253228549,0.6090887437286524,0.2610503002392849,1.2529751605119093,-0.05152988504896007
17824,-0.4153532566165378,-0.9552142636712971,-0.7092599786087821,-0.9880647720874756,-0.8204247009218442,-1.3804199638603631,-0.007307603404062988,0.2997247238617185,-1.461813806356799,1.071467576505891
17827,-0.8753411116062256,0.6532369520997158,0.7996481833739948,1.7311309109516058,-0.4349259295112061,0.7244172253228549,-1.3575091256947727,0.8169176714795451,1.2020728673831211,0.528377798139407
17828,-0.6953458640015652,0.3863044476016779,0.7265306387787396,0.23898174783545245,0.2816626601958108,0.7244172253228549,-0.8291693995810168,0.631856263456643,-0.32499592648052733,0.08498413963492098
17829,2.0645812659365617,-0.9552142636712971,0.15735550157364167,-0.9880647720874756,-0.8204247009218442,-1.3804199638603631,1.1374284698424082,-1.9737614163796893,0.64214764296645,1.2871678924288315
17830,-0.9053403195403357,0.05960546552681911,-0.4794792511217033,1.185776902096971,-0.34689011229363975,0.7244172253228549,-1.4455657467137322,0.7854264536146787,0.5573104877518029,-1.7603936707996186
17831,-0.5953485042211982,-0.9552142636712971,-2.3850647729564214,-0.9880647720874756,-0.8204247009218442,-1.3804199638603631,-0.5356473295178191,0.46112943646882254,-1.6145206857431638,-2.745853107750305
17832,-0.42535299259457454,-0.9552142636712971,-1.225832749070255,-0.9880647720874756,-0.8204247009218442,-1.3804199638603631,-0.03665981041038266,0.3065876429388224,-1.4702975218782637,0.3283390598620982
17835,-0.8953405835622991,0.05960546552681911,-0.5813585356091532,-0.8365775474056326,2.546770613392431,0.7244172253228549,-1.416213539707412,0.7754327244213296,-1.699357840957811,-0.3138205149682618
17836,-0.4553522005286846,-0.9552142636712971,-1.496864905378076,-0.9880647720874756,-0.8204247009218442,-1.3804199638603631,-0.12471643142934195,0.3334666923252943,-1.4957486684426577,-0.6165898724803326
17837,-0.505350880418868,1.2468684386726134,0.6207991112534068,-0.07914142399641778,1.6897133017978472,0.7244172253228549,-0.2714774664609409,0.5191196903962996,-0.511637667952751,-0.951723025052057
17838,-0.6553469200894184,0.6532369520997158,1.0630286657893069,1.6250898536743157,-0.0777385860998323,0.7244172253228549,-0.7117605715557376,0.6272211133099518,1.261458876033374,0.9807039074984116
17839,-0.505350880418868,-0.9552142636712971,-0.6085971437318829,-0.9880647720874756,-0.8204247009218442,-1.3804199638603631,-0.2714774664609409,0.3832434821694697,-1.5381672460499813,0.675515863715583
17841,-0.9053403195403357,5.098981328543861,3.202969880077723,1.8220232457607115,4.91093924081441,0.7244172253228549,-1.4455657467137322,3.443907987453962,1.2699425915548388,0.20556130622154858
17843,2.1045802098487085,-0.9552142636712971,-1.0047644023222546,-0.9880647720874756,-0.8204247009218442,-1.3804199638603631,1.1374284698424082,-2.0217893751141296,0.6760825050523088,-0.34257189077104117
17844,0.1446319581535169,-0.9552142636712971,-2.0928927877430072,-0.9880647720874756,-0.8204247009218442,-1.3804199638603631,1.1374284698424082,-0.21987320330258006,-0.986725737154775,-1.1903275890163445
17846,-0.07536223336329032,-0.9552142636712971,0.8145021384281392,-0.9880647720874756,-0.8204247009218442,-1.3804199638603631,0.9906674348108093,0.015131218592276098,-1.1733674786269988,-4.817686796677979
17848,-0.11536117727543709,1.4011241767997944,0.16796850376072306,1.1024589285219575,0.7361155688885018,0.7244172253228549,0.8732586067855304,0.1652071697654257,1.142686858732868,-1.3659908395586384
17849,1.2546026517155897,0.3863044476016779,-0.1474654649041627,-0.11701323016687852,0.6215061876217111,0.7244172253228549,1.1374284698424082,-1.1832702842603795,0.9390776862177149,-1.8388420486507444
17850,2.79456199233324,3.2352636093671734,1.5898135184271749,-0.9804904108533835,7.7451555481238294,0.7244172253228549,1.1374284698424082,-2.0284052237456174,1.2784263070763036,-1.2120376157061552
17852,-0.8053429597599688,-0.3615827770984007,-1.4678661500412902,-0.9880647720874756,-0.8204247009218442,0.7244172253228549,-1.1520436766505342,0.6722298884636805,-1.7926787116939227,-1.9165487369003522
17854,0.9246113644403788,-0.3615827770984007,-0.6758142895285765,-0.6775159614896975,0.5240234597907494,0.7244172253228549,1.1374284698424082,-0.9172364988771311,0.03132012542099063,-1.4217641351576178
17855,2.8045617283112767,-0.9552142636712971,-0.9914347757299079,-0.9880647720874756,-0.8204247009218442,-1.3804199638603631,1.1374284698424082,-2.666174334497714,1.2699425915548388,0.26849390534908824
17856,-0.9053403195403357,0.3863044476016779,0.5281409442684403,1.1251820122242338,-0.12521476763646636,0.7244172253228549,-1.4455657467137322,0.8186015719994099,0.49792447910154986,0.3415005197288501
17857,-0.8853408475842623,2.6828764104959486,2.867360000510022,1.74627963341979,1.542679827616961,0.7244172253228549,-1.3868613327010924,1.5303557556492573,1.210556582904586,1.8657127283867072
17858,-0.8653413756281889,1.7852452398084835,1.5542917466413957,1.7614283558879744,0.789227164821894,0.7244172253228549,-1.3281569186884528,0.9748091573051381,1.23600772946898,0.41734290047988715
17859,2.1245796818047817,-0.9552142636712971,-1.2631073366586865,-0.9880647720874756,-0.8204247009218442,-1.3804199638603631,1.1374284698424082,-2.0411403168175046,0.6930499360952382,-0.2143616233527985
17860,2.76456278439913,-0.9552142636712971,-0.8406657553291035,-0.9880647720874756,-0.8204247009218442,-1.3804199638603631,1.1374284698424082,-2.6286309606064804,1.23600772946898,-0.4335984236724724
17861,-0.8953405835622991,1.2468684386726134,0.8405398425519194,1.4054333778856434,0.3041142443063693,0.7244172253228549,-1.416213539707412,0.8864795720574172,0.820305668917209,0.52439228009108
17862,2.314574665387479,-0.9552142636712971,-0.6273046984732255,-0.9880647720874756,-0.8204247009218442,-1.3804199638603631,1.1374284698424082,-2.2130671411929157,0.8542405310030678,-0.4765889042531565
17863,-0.3353553687922443,0.8789251688960825,1.165085500101186,1.3599872104810904,0.1639826223835226,0.7244172253228549,0.22751005264649524,0.35533082513032116,1.23600772946898,1.1540105120506616
17864,-0.7953432237819321,0.05960546552681911,-0.1584185145603464,0.9964178712446673,-0.30783918496891793,0.7244172253228549,-1.1226914696442145,0.6874141049833371,0.4470221859727616,0.6158856972062001
17865,-0.6153479761772717,2.487376384667096,2.1218646407104385,1.53419751886521,1.307927947820824,0.7244172253228549,-0.5943517435304586,0.9644395921548322,1.1935891518616564,0.6864912248926855
17866,0.5046224533628378,-0.9552142636712971,-0.6303054989889011,-0.9880647720874756,-0.8204247009218442,-1.3804199638603631,1.1374284698424082,-0.5467443750023082,-0.6813119783820453,0.131816954910836
17867,-0.6253477121553084,0.8789251688960825,0.39355197187547963,0.9661204263082988,-0.07400694302481724,0.7244172253228549,-0.6237039505367783,0.5901539302983548,0.5573104877518029,-0.5879447983086736
17869,0.1446319581535169,0.6532369520997158,-0.42288604552447345,0.981269148776483,-0.08143283167175853,0.7244172253228549,1.1374284698424082,-0.14780483503963163,1.2275240139475152,-2.1047532416971007
17870,-0.9053403195403357,1.7852452398084835,0.7583162731735693,1.7690027171220666,0.44276695373859615,0.7244172253228549,-1.4455657467137322,0.9582012634816603,1.2190402984260504,-0.30674786641071344
17871,1.1246060840011127,-0.9552142636712971,-1.2231418170118842,-0.9880647720874756,-0.8204247009218442,-1.3804199638603631,1.1374284698424082,-1.1203826964982033,-0.15532161605123307,0.18129405122264516
17873,-0.1253609132534738,0.6532369520997158,0.743412085487954,1.2312230695015238,0.03582468131857215,0.7244172253228549,0.8439063997792103,0.12421081752795107,1.2699425915548388,0.33572874885706816
17874,0.9246113644403788,0.8789251688960825,-0.051690190742334045,-0.4578594857010252,0.7236783201912479,0.7244172253228549,1.1374284698424082,-0.8452405476988749,0.27734787554346735,-1.5634535388779967
17877,0.7746153247698284,-0.9552142636712971,-0.8897468209061612,-0.9880647720874756,-0.8204247009218442,-1.3804199638603631,1.1374284698424082,-0.7968228937740643,-0.45225165930249805,-0.4987269568717754
17878,-0.4853514084627947,-0.9552142636712971,-0.5187334428277848,-0.9880647720874756,-0.8204247009218442,-1.3804199638603631,-0.21277305244830141,0.3654968574192731,-1.521199815007052,1.0523596787247143
17879,0.8146142686819752,-0.9552142636712971,-1.1160363108613403,-0.9880647720874756,-0.8204247009218442,-1.3804199638603631,1.1374284698424082,-0.8346162868310002,-0.41831679721663917,-1.347115692442422
17880,2.724563840486983,-0.9552142636712971,-0.3678722451004967,-0.9880647720874756,-0.8204247009218442,-1.3804199638603631,1.1374284698424082,-2.588428634526408,1.2020728673831211,0.7824178727185493
17881,2.114579945826745,-0.9552142636712971,-1.3465363560204464,-0.9880647720874756,-0.8204247009218442,-1.3804199638603631,1.1374284698424082,-2.0321774661238896,0.6845662205737736,-1.714743253262797
17883,-0.8953405835622991,0.3863044476016779,-0.06539007998740928,0.8449306465628244,-0.0345009833196519,0.7244172253228549,-1.416213539707412,0.797168564857649,0.1925107203288202,-0.5356732739859281
17884,-0.8853408475842623,0.3863044476016779,-0.013146649909654,1.7917258008243429,-0.27469431946211265,0.7244172253228549,-1.3868613327010924,0.7887106676821812,1.261458876033374,0.3570904356648776
17885,-0.8053429597599688,-0.9552142636712971,-1.065949274671642,-0.9880647720874756,-0.8204247009218442,-1.3804199638603631,-1.1520436766505342,0.6569981508058782,-1.7926787116939227,0.0866324880157891
17886,-0.6053482401992349,0.05960546552681911,0.16656571417079824,0.6555716157105206,-0.2139822258564771,0.7244172253228549,-0.5649995365241388,0.5174438526110761,0.22644558241467905,0.041813987641912256
17887,0.3646261496703241,-0.9552142636712971,-1.4887541786234482,-0.9880647720874756,-0.8204247009218442,-1.3804199638603631,1.1374284698424082,-0.421432564678342,-0.8000839956825513,-1.7839448940324036
17888,-0.7153453359576386,1.2468684386726134,-0.0036836086144960887,1.5493462413333943,0.3906037362794947,0.7244172253228549,-0.8878738135936562,0.6982420358181013,1.1342031432114035,-0.2539753604552518
17889,1.1946042358473694,-0.3615827770984007,-1.0109897247228654,-0.1624593975714314,-0.21888112266041226,0.7244172253228549,1.1374284698424082,-1.1675665113706126,0.8372730999601384,-1.4880633355556212
17890,2.3045749294094424,-0.3615827770984007,-0.15234271065915886,-0.700239045191974,0.602716236965679,0.7244172253228549,1.1374284698424082,-2.1829431992328896,1.1681380052972623,0.3283390598620982
17891,0.6946174369455349,-0.9552142636712971,-1.0110285440043072,-0.9880647720874756,-0.8204247009218442,-1.3804199638603631,1.1374284698424082,-0.7237253220668133,-0.5201213834742158,1.0301103721374432
17892,-0.36535457672635435,0.05960546552681911,-0.8684050256470967,-0.2382030099123529,0.36136126590738293,0.7244172253228549,0.13945343162753596,0.2857524150885243,-0.5795073921244688,-1.5781792425453898
17893,1.3246008035618464,-0.9552142636712971,-1.4824088959528943,-0.9880647720874756,-0.8204247009218442,-1.3804199638603631,1.1374284698424082,-1.3052241817092474,0.014352694378061205,0.04637838888610602
17894,-0.2053588010777673,1.2468684386726134,0.34051904848868114,1.238797430735616,0.5204978702932458,0.7244172253228549,0.6090887437286524,0.23517125213235968,1.210556582904586,-1.2194225092314515
17895,-0.4853514084627947,-0.9552142636712971,-1.589355309396905,-0.9880647720874756,-0.8204247009218442,-1.3804199638603631,-0.21277305244830141,0.36088559305579493,-1.521199815007052,-0.18871879929522678
17896,-0.6953458640015652,-0.9552142636712971,-0.8297117761709355,-0.9880647720874756,-0.8204247009218442,-1.3804199638603631,-0.8291693995810168,0.5568121427568697,-1.699357840957811,0.6870658718208092
17897,0.8046145327039386,0.05960546552681911,-0.2005755071112012,0.5268074747309541,-0.16886073518700162,0.7244172253228549,1.1374284698424082,-0.7861027635698361,1.2784263070763036,-0.7721170008929297
17898,-0.07536223336329032,-0.3615827770984007,-1.242847570603173,-0.07156706276232563,-0.2720173033347116,0.7244172253228549,0.9906674348108093,0.0007868030565912232,-0.13835418500830363,-0.5327870514035039
17899,0.6646182290114249,-0.9552142636712971,-1.2236488436207624,-0.9880647720874756,-0.8204247009218442,-1.3804199638603631,1.1374284698424082,-0.6968937861521974,-0.5455725300386098,0.1126775892841099
17900,0.9746100443305623,-0.3615827770984007,-1.4827600866007247,-0.9880647720874756,-0.8204247009218442,0.7244172253228549,1.1374284698424082,-0.9665294705061579,-0.2825773488732038,-1.5732488747800264
17901,-0.6353474481333451,-0.9552142636712971,-1.4956501506107363,-0.9880647720874756,-0.8204247009218442,-1.3804199638603631,-0.6530561575430981,0.4991831705836212,-1.6484555478290226,-2.0220443089501843
17904,-0.7153453359576386,-0.9552142636712971,-1.0598167929245765,-0.9880647720874756,-0.8204247009218442,-1.3804199638603631,-0.8878738135936562,0.5741655525675611,-1.7163252720007403,-0.9815824855736611
17905,-0.215358537055804,0.3863044476016779,0.07358913846659917,1.2993923206083533,-0.1698102780642876,0.7244172253228549,0.5797365367223325,0.17324390482551544,1.2699425915548388,-0.4575747921892209
17906,1.5445949950786537,-0.9552142636712971,-1.821898195471803,-0.9880647720874756,-0.8204247009218442,-1.3804199638603631,1.1374284698424082,-1.5084078484642773,0.2009944358502849,-1.9368587697257784
17908,2.814561464289313,-0.9552142636712971,-0.8710701243505662,-0.9880647720874756,-0.8204247009218442,-1.3804199638603631,1.1374284698424082,-2.674818517250773,1.2784263070763036,0.12547386744738664
17911,-0.8353421676940789,-0.9552142636712971,-0.5468593287732311,-0.9880647720874756,-0.8204247009218442,-1.3804199638603631,-1.2401002976694935,0.6875013312181143,-1.818129858258317,0.4050579160664955
17912,2.1745783616949654,0.6532369520997158,-0.676451250500272,-0.5790492654464996,1.6261108209084045,0.7244172253228549,1.1374284698424082,-2.0186067473713782,1.2020728673831211,-1.5585881871620628
17913,-0.3353553687922443,-0.3615827770984007,-0.45421799008413843,1.2539461532038003,-0.5803979093143835,0.7244172253228549,0.22751005264649524,0.24440331814998056,1.1257194276899387,-0.07252140336332663
17914,-0.8853408475842623,-0.9552142636712971,-0.614163348595368,-0.9880647720874756,-0.8204247009218442,-1.3804199638603631,-1.3868613327010924,0.7330446707198517,-1.8605484358656406,1.2347216005807595
17917,-0.47535167248475796,0.05960546552681911,-0.6028140060067553,1.4130077391197355,-0.38804483717502686,0.7244172253228549,-0.1834208454419816,0.38861408696130095,1.1851054363401916,-0.9931728085787555
17919,-0.04536302542918024,-0.9552142636712971,0.4615450541344859,-0.9880647720874756,-0.8204247009218442,-1.3804199638603631,1.0787240558297684,-0.02443261706348786,-1.1479163320626045,1.7529073592172417
17920,-0.8853408475842623,2.2616881678707283,1.3920635704809081,1.8068745232925272,1.2580271829472516,0.7244172253228549,-1.3868613327010924,1.0600037763969805,1.2784263070763036,-0.0462109621121476
17921,-0.28535668890206084,0.3863044476016779,0.0992547261753435,0.5419561971991385,0.09871014552567682,0.7244172253228549,0.3742710876780942,0.23811868912320966,0.3621850307581145,-0.39730449239224697
17923,1.8945857543099378,-0.9552142636712971,-0.9970220507363782,-0.9880647720874756,-0.8204247009218442,-1.3804199638603631,1.1374284698424082,-1.8284236377065772,0.49792447910154986,-1.2329045971479955
17924,-0.8053429597599688,1.074425194724936,1.1137766447524051,1.74627963341979,-0.10629135045457624,0.7244172253228549,-1.1520436766505342,0.8012663195820884,1.2784263070763036,0.07812899625760095
17925,2.8045617283112767,-0.9552142636712971,-0.8684699219063916,-0.9880647720874756,-0.8204247009218442,-1.3804199638603631,1.1374284698424082,-2.665599093809131,1.2699425915548388,-0.83594512383904
17926,0.4046250935824709,-0.3615827770984007,-0.48228964616869885,-0.4578594857010252,0.06924892719790009,0.7244172253228549,1.1374284698424082,-0.4370985407550334,-0.16380533157269778,-0.009677423571934109
17928,-0.47535167248475796,-0.3615827770984007,-0.9780268965012746,0.5268074747309541,-0.4734281041937851,0.7244172253228549,-0.1834208454419816,0.3700303557837825,0.1925107203288202,-0.8666933714321878
17929,-0.8153426957380054,0.3863044476016779,0.11493685287632498,1.2615205144378925,-0.16018772869443282,0.7244172253228549,-1.1813958836568539,0.7263234593955263,0.7269847981810972,-1.8966046705960957
17930,-0.5653492962870882,0.6532369520997158,0.690982098033181,0.5495305584332305,0.33352220288929524,0.7244172253228549,-0.4475907084988595,0.5273442858397075,0.13312471167856718,0.7991571820425891
17931,0.41462482956050756,-0.3615827770984007,-0.4604876189294464,-0.07156706276232563,-0.26795196725653686,0.7244172253228549,1.1374284698424082,-0.44612348664117896,0.27734787554346735,-0.23619400242642796
17932,-0.6353474481333451,0.05960546552681911,0.4781469107264051,0.39046897251729545,-0.10970577992671149,0.7244172253228549,-0.6530561575430981,0.5521400149948938,-0.10441932292244478,0.5869193333997936
17934,-0.4053535206385011,-0.3615827770984007,-0.027893971362420108,-0.9350442434488305,3.332694330994623,0.7244172253228549,0.02204460360225668,0.3136422967574977,-1.3939440821850813,0.4814237613499617
17935,0.4546237734726543,-0.3615827770984007,-1.2761113853606991,-0.9653416883851992,5.160775334167149,0.7244172253228549,1.1374284698424082,-0.4872506870268771,-0.68979569390351,-1.447809236425938
17936,-0.8753411116062256,-0.9552142636712971,-0.4973060478733843,-0.9880647720874756,-0.8204247009218442,-1.3804199638603631,-1.3575091256947727,0.7247134215228155,-1.8520647203441758,0.5827186993896702
17937,-0.8353421676940789,1.074425194724936,1.4102220729030817,1.6856847435470528,0.20500161250864615,0.7244172253228549,-1.2401002976694935,0.8508187977386085,1.1766217208187268,0.5335438949511714
17939,0.6746179649894616,-0.9552142636712971,-1.5802499655973805,-0.9880647720874756,-0.8204247009218442,-1.3804199638603631,1.1374284698424082,-0.7070284173655358,-0.5370888145171452,-1.4744819905226407
17940,-0.4353527285726112,1.5406654655354899,1.3733761993682196,0.9282486201378379,0.8436080575059548,0.7244172253228549,-0.06601201741670262,0.5287982618643582,0.6760825050523088,2.0347281003897946
17941,0.3846256216263975,-0.9552142636712971,-0.6930637343328278,-0.9880647720874756,-0.8204247009218442,-1.3804199638603631,1.1374284698424082,-0.43667965312975593,-0.7831165646396219,0.5398115545817392
17942,-0.8453419036721156,-0.9552142636712971,-1.7738751098117949,-0.9880647720874756,-0.8204247009218442,-1.3804199638603631,-1.2694525046758134,0.6919771079333114,-1.8266135737797815,-1.5298368113592835
17946,1.4045986913861401,-0.3615827770984007,-1.2558387210214252,-0.7911313800010797,1.0933813765961526,0.7244172253228549,1.1374284698424082,-1.361788638148494,0.30279902210786147,-1.5441191480136618
17947,-0.5553495603090515,-0.9552142636712971,-1.124229546962217,-0.9880647720874756,-0.8204247009218442,-1.3804199638603631,-0.4182385014925398,0.42661889663807345,-1.580585823657305,0.09320144339823294
17948,0.5446213972749846,-0.9552142636712971,-0.5636453512379177,-0.9880647720874756,-0.8204247009218442,-1.3804199638603631,1.1374284698424082,-0.5830959799477284,-0.6473771162961864,-0.07633161619016947
17949,-0.9153400555183724,3.635385655585382,3.4859529390961677,1.8144488845266193,2.135067273304795,0.7244172253228549,-1.4749179537200516,2.4386609552678626,1.2529751605119093,1.6338477714686417
17950,-0.2053588010777673,0.05960546552681911,-0.3286032754971462,1.2312230695015238,-0.5772757708409594,0.7244172253228549,0.6090887437286524,0.1423523745356659,1.2020728673831211,-0.2584656941316199
17951,-0.5253503523749414,0.05960546552681911,0.2573679906922655,1.53419751886521,-0.4083326598276457,0.7244172253228549,-0.33018188047358055,0.44557802670182334,1.2784263070763036,0.3141255003993532
17954,-0.8753411116062256,1.7852452398084835,0.9237804350483874,1.7765770783561585,0.7827374391486046,0.7244172253228549,-1.3575091256947727,0.9377645493602896,1.2529751605119093,0.20621328769389016
17955,1.0646076681328924,0.3863044476016779,-0.21371377952982354,-0.8365775474056326,2.546770613392431,0.7244172253228549,1.1374284698424082,-1.0091448968544656,-0.028065883229262362,-0.894317122866535
17956,1.5645944670347272,-0.9552142636712971,-3.1592851137966984,-0.9880647720874756,-0.8204247009218442,-1.3804199638603631,1.1374284698424082,-1.527805975960393,0.21796186689321434,-4.817686796677979
17957,-0.26535721694598746,-0.9552142636712971,-1.486421692402699,-0.9880647720874756,-0.8204247009218442,-1.3804199638603631,0.4329755016907335,0.15857076747751048,-1.3345580735348281,0.6832292449875178
17958,0.24462931793388382,-0.9552142636712971,-0.286516970702003,-0.9880647720874756,-0.8204247009218442,-1.3804199638603631,1.1374284698424082,-0.30445053666167704,-0.9018885819401279,-0.6674892185646875
17960,0.7846150607478651,-0.9552142636712971,-1.8124840599279617,-0.9880647720874756,-0.8204247009218442,-1.3804199638603631,1.1374284698424082,-0.8087133935318461,-0.44376794378103335,-1.447809236425938
17961,-0.7153453359576386,3.430763635196026,0.45690019356256795,1.6629616598447763,2.5781564210562955,0.7244172253228549,-0.8878738135936562,1.2182955622661225,1.261458876033374,-2.5612825886819017
17962,0.4946227173848011,-0.9552142636712971,-1.5514724888622573,-0.9880647720874756,-0.8204247009218442,-1.3804199638603631,1.1374284698424082,-0.5412542675827491,-0.68979569390351,-0.20574783876659553
17964,-0.6053482401992349,-0.3615827770984007,-0.3460751523948369,1.5872180475038549,-0.610101792987025,0.7244172253228549,-0.5649995365241388,0.49395853337307905,1.261458876033374,-0.027793470082998303
17965,-0.5453498243310149,1.9947556633726906,1.016884763836662,1.5190487963970256,1.0115561688271872,0.7244172253228549,-0.38888629448622003,0.67165392322428,1.23600772946898,-0.360752027246699
17966,-0.5453498243310149,0.6532369520997158,0.3252023043228103,0.7010177831150736,0.02203576710883975,0.7244172253228549,-0.38888629448622003,0.49841233445619626,0.3197664531507909,1.3269764831068598
17967,2.79456199233324,-0.9552142636712971,-1.4098418629404172,-0.9880647720874756,-0.8204247009218442,-1.3804199638603631,1.1374284698424082,-2.6583754000250326,1.261458876033374,-0.7208424733347566
17968,2.814561464289313,-0.9552142636712971,-0.767236170163123,-0.9880647720874756,-0.8204247009218442,-1.3804199638603631,1.1374284698424082,-2.6742603158762352,1.2784263070763036,0.03952470919773476
17969,0.7346163808576817,-0.3615827770984007,-0.9217449040209814,0.4813613073264012,-0.46348051711435134,0.7244172253228549,1.1374284698424082,-0.7436773409841025,1.1681380052972623,-0.7768982857927977
17970,1.1846044998693328,-0.9552142636712971,-0.17848149217930193,-0.9880647720874756,-0.8204247009218442,-1.3804199638603631,1.1374284698424082,-1.1686297240544388,-0.10441932292244478,1.3499395616105339
17972,1.4945963151884702,-0.9552142636712971,-1.3307704868620458,-0.9880647720874756,-0.8204247009218442,-1.3804199638603631,1.1374284698424082,-1.461341784109311,0.15857585824296133,-1.5585881871620628
17973,-0.4053535206385011,-0.9552142636712971,-0.6127269692760173,-0.9880647720874756,-0.8204247009218442,-1.3804199638603631,0.02204460360225668,0.29115148363732996,-1.4533300908353342,0.14439510996113988
17974,-0.6753463920454919,0.05960546552681911,0.012278226764627727,0.4813613073264012,-0.15127931153180113,0.7244172253228549,-0.7704649855683771,0.5792859666878429,-0.028065883229262362,0.12547386744738664
17975,-0.7753437518258587,1.8937448980942,1.4441636246598901,1.6705360210788684,0.9403054902623471,0.7244172253228549,-1.063987055631575,0.8975011305847301,1.2190402984260504,-0.27099638343009413
17976,2.79456199233324,-0.9552142636712971,-0.5756122499420644,-0.9880647720874756,-0.8204247009218442,-1.3804199638603631,1.1374284698424082,-2.6546051241134188,1.261458876033374,-0.4127135449586689
17977,-0.6353474481333451,-0.9552142636712971,-0.7369906658501275,-0.9880647720874756,-0.8204247009218442,-1.3804199638603631,-0.6530561575430981,0.5020955825688832,-1.6484555478290226,0.876676132684218
17978,2.724563840486983,-0.9552142636712971,-0.7025943257804916,-0.9880647720874756,-0.8204247009218442,-1.3804199638603631,1.1374284698424082,-2.5910172995448106,1.2020728673831211,1.2938290904658711
17979,-0.5653492962870882,0.3863044476016779,0.030214327034068,0.7085921443491656,-0.2284441534955728,0.7244172253228549,-0.4475907084988595,0.49476816487948755,0.3112827376293262,-0.48483887337675324
17980,0.7346163808576817,0.05960546552681911,0.0846385143257874,0.4737869460923091,-0.14825585158074672,0.7244172253228549,1.1374284698424082,-0.7176469380501643,1.1511705742543328,0.42626601444479195
17984,0.5246219253189112,-0.9552142636712971,-1.2396326731583789,-0.9880647720874756,-0.8204247009218442,-1.3804199638603631,1.1374284698424082,-0.5680564762164594,-0.6643445473391159,-0.4987269568717754
17985,-0.7053455999796019,-0.9552142636712971,-0.11015078592855776,-0.9880647720874756,-0.8204247009218442,-1.3804199638603631,-0.8585216065873364,0.5722219162232142,-1.7078415564792757,0.1873260319993053
17986,-0.36535457672635435,-0.9552142636712971,-2.7927675605365967,-0.9880647720874756,-0.8204247009218442,-1.3804199638603631,0.13945343162753596,0.24914495634316428,-1.4193952287494753,-2.9307595496538177
17987,0.9246113644403788,-0.9552142636712971,-1.031834244100905,-0.9880647720874756,-0.8204247009218442,-1.3804199638603631,1.1374284698424082,-0.9355572675638564,-0.32499592648052733,0.5785020629256368
17988,-0.8053429597599688,1.074425194724936,-1.0217370605741884,1.390284655417459,-0.015313549058838019,0.7244172253228549,-1.1520436766505342,0.756023991680077,0.879691677567462,-3.408684710590341
17990,1.4445976352982868,0.05960546552681911,-0.11530712273501438,-0.048843979060049184,0.15746710935134234,0.7244172253228549,1.1374284698424082,-1.3742544999758537,1.1766217208187268,-0.12310755098439373
17991,1.3246008035618464,-0.3615827770984007,-1.6276146766449222,-0.9880647720874756,7.7451555481238294,0.7244172253228549,1.1374284698424082,-1.289059377767912,0.022836409899525918,-2.7040796319466414
17994,0.2946279978240673,0.3863044476016779,-0.057485880323888044,0.2920022764740975,0.2444882887684385,0.7244172253228549,1.1374284698424082,-0.2982729719212192,0.5742779187947323,-0.23840111329371552
17995,1.8945857543099378,-0.9552142636712971,-1.7881862889668352,-0.9880647720874756,-0.8204247009218442,-1.3804199638603631,1.1374284698424082,-1.8305764895003624,0.49792447910154986,-0.16365661766630746
17997,-0.18535932912169392,1.2468684386726134,0.7897114979537787,-0.3139466222532744,2.182709865116396,0.7244172253228549,0.6677931577412918,0.23069907222115274,-0.5031539524312864,0.6841896491546636
17999,-0.5553495603090515,-0.3615827770984007,-0.5132962751655781,1.5039000739288413,-0.6027557893012125,0.7244172253228549,-0.4182385014925398,0.44645829418907534,1.210556582904586,-0.3671153738042022
18001,-0.8053429597599688,-0.3615827770984007,-0.44343974317135265,-0.4275620407646566,0.02846838690587006,0.7244172253228549,-1.1520436766505342,0.6771924248397824,-1.1564000475840692,0.17826568891442562
18004,2.694564632552873,-0.9552142636712971,-1.1571735386398954,-0.9880647720874756,-0.8204247009218442,-1.3804199638603631,1.1374284698424082,-2.5655520217054137,1.1766217208187268,-0.7485155580311258
18005,-0.8853408475842623,-0.3615827770984007,-0.8503758391861829,-0.6623672390215132,0.4763288106249656,0.7244172253228549,-1.3868613327010924,0.7480984786175296,-1.4957486684426577,-1.311598236629461
18006,-0.6953458640015652,-0.9552142636712971,-0.3928846026978961,-0.9880647720874756,-0.8204247009218442,-1.3804199638603631,-0.8291693995810168,0.5598982246737455,-1.699357840957811,0.3901336576095206
18008,-0.22535827303384068,1.4011241767997944,0.8463418369604899,0.8903768139673772,0.7097130038432545,0.7244172253228549,0.5503843297160128,0.2863829912851721,0.8118219533957443,0.14230865178782606
18009,1.4245981633422133,-0.9552142636712971,-0.8265656035330456,-0.9880647720874756,-0.8204247009218442,-1.3804199638603631,1.1374284698424082,-1.394910196330296,0.09918984959270834,-0.22304296772375637
18010,1.6445923548590207,-0.9552142636712971,-1.1326890013623794,-0.9880647720874756,-0.8204247009218442,-1.3804199638603631,1.1374284698424082,-1.5988014861368762,0.28583159106493206,-1.0347222451683766
18011,2.8045617283112767,-0.9552142636712971,-1.5517789222382037,-0.9880647720874756,-0.8204247009218442,-1.3804199638603631,1.1374284698424082,-2.667913982925904,1.2699425915548388,-0.8512124794542093
18013,0.6246192850992781,-0.3615827770984007,-1.078104494468154,-0.9880647720874756,-0.8204247009218442,0.7244172253228549,1.1374284698424082,-0.6430781295694988,-0.5795073921244688,-0.08784158888248408
18014,-0.6453471841113817,-0.9552142636712971,-1.1715311287982642,-0.9880647720874756,-0.8204247009218442,-1.3804199638603631,-0.6824083645494178,0.5093076437443542,-1.6569392633504874,-0.8983202582722637
18015,-0.8853408475842623,-0.9552142636712971,-1.429570532547599,-0.9880647720874756,-0.8204247009218442,-1.3804199638603631,-1.3868613327010924,0.729499182681988,-1.8605484358656406,0.018705304189737794
18016,-0.6053482401992349,0.6532369520997158,0.5640433774716207,1.5190487963970256,-0.05079868360118282,0.7244172253228549,-0.5649995365241388,0.5599601850202781,1.1935891518616564,0.3166260856592293
18017,-0.11536117727543709,0.05960546552681911,-0.264137766035291,0.7464639505196264,-0.23997680428767415,0.7244172253228549,0.8732586067855304,0.06016399343990479,0.7354685137025618,-0.4765889042531565
18018,0.1546316941315536,-0.3615827770984007,-1.4158254858809065,-0.2987978997850901,-0.10970577992671149,0.7244172253228549,1.1374284698424082,-0.21144867927211747,-0.20622390918002134,-1.8770136152127683
18019,-0.4053535206385011,-0.9552142636712971,-2.3210730582872046,-0.9880647720874756,-0.8204247009218442,-1.3804199638603631,0.02204460360225668,0.28625939827122193,-1.4533300908353342,-3.283245072236252
18022,-0.5653492962870882,-0.9552142636712971,-0.06972832162328364,-0.9880647720874756,-0.8204247009218442,-1.3804199638603631,-0.4475907084988595,0.4438767803200886,-1.5890695391787697,1.7232706293578537
18024,0.6046198131432047,-0.3615827770984007,-0.49742814370675326,-0.9880647720874756,-0.8204247009218442,0.7244172253228549,1.1374284698424082,-0.6213479098030074,-0.5964748231673982,-0.5679285976413818
18027,0.06463407032922336,-0.9552142636712971,-1.461205950762277,-0.9880647720874756,-0.8204247009218442,-1.3804199638603631,1.1374284698424082,-0.14517819590359274,-1.0545954613264927,-0.7485155580311258
18030,-0.8853408475842623,-0.3615827770984007,-0.9132890818733689,-0.700239045191974,0.6310937234007601,0.7244172253228549,-1.3868613327010924,0.7477860365801815,-1.5381672460499813,-1.6655411204931272
18032,2.4145720251678457,-0.9552142636712971,-1.8154673959365322,-0.9880647720874756,-0.8204247009218442,-1.3804199638603631,1.1374284698424082,-2.309347534189009,0.9390776862177149,-1.4217641351576178
18033,-0.2753569529240241,-0.9552142636712971,-1.5895963371935933,-0.9880647720874756,-0.8204247009218442,-1.3804199638603631,0.4036232946844138,0.16755245972030863,-1.343041789056293,0.5441778944971072
18034,-0.7053455999796019,-0.3615827770984007,-0.43276809753082657,-0.9880647720874756,-0.8204247009218442,0.7244172253228549,-0.8585216065873364,0.5852218314202142,-1.7078415564792757,0.657961677994854
18035,-0.5653492962870882,0.05960546552681911,0.0010603867476485205,-0.9350442434488305,3.066139799978023,0.7244172253228549,-0.4475907084988595,0.47784625834004946,-1.5296835305285166,0.3051484379464597
18036,-0.6053482401992349,0.05960546552681911,-0.46582856185208077,0.625274170774152,-0.20137681114677697,0.7244172253228549,-0.5649995365241388,0.509350342279171,0.1925107203288202,-0.7485155580311258
18037,0.6146195491212414,0.8789251688960825,-1.8535112602348691,0.5798280033695992,0.5339969003240337,0.7244172253228549,1.1374284698424082,-0.5698953169658819,1.1766217208187268,-3.9618694041413263
18040,-0.7353448079137119,-0.3615827770984007,-0.5666590888067767,0.72374086681735,-0.5095222999269416,0.7244172253228549,-0.9465782276062956,0.6117646820334105,0.1925107203288202,-0.8060280125591635
18041,-0.8053429597599688,2.555485194733606,1.3881372054228471,1.74627963341979,1.542679827616961,0.7244172253228549,-1.1520436766505342,1.0519117772809494,1.2699425915548388,0.18042964998137406
18042,-0.38535404868242773,-0.9552142636712971,-1.1780656157761185,-0.9880647720874756,-0.8204247009218442,-1.3804199638603631,0.0807490176148963,0.26992097452312436,-1.4363626597924049,-1.6817000313181532
18043,-0.6753463920454919,0.05960546552681911,-0.21057195623901998,1.6023667699720392,-0.41723392417337124,0.7244172253228549,-0.7704649855683771,0.5763158831781219,1.2190402984260504,-0.5443773744085973
18044,-0.8853408475842623,1.5406654655354899,0.8359102027412136,1.7084078272493293,0.5874377734542533,0.7244172253228549,-1.3868613327010924,0.9100222929319006,1.1681380052972623,-0.44100223544632017
18045,-0.47535167248475796,-0.9552142636712971,-1.0692421552648315,-0.9880647720874756,-0.8204247009218442,-1.3804199638603631,-0.1834208454419816,0.3531767703400817,-1.5127160994855873,-0.09170499850528059
18048,1.1046066120450393,-0.3615827770984007,-1.1441253938940585,-0.9880647720874756,-0.8204247009218442,0.7244172253228549,1.1374284698424082,-1.0852270702022568,-0.17228904709416248,-0.9729687009874581
18050,2.664565424618763,-0.9552142636712971,-1.805917660262662,-0.9880647720874756,-0.8204247009218442,-1.3804199638603631,1.1374284698424082,-2.5394906955535523,1.1511705742543328,-1.4744819905226407
18053,-0.215358537055804,-0.9552142636712971,-0.7049685076883582,-0.9880647720874756,-0.8204247009218442,-1.3804199638603631,0.5797365367223325,0.11562494033031465,-1.2921394959275048,0.7394273921378642
18055,-0.8553416396501522,1.5406654655354899,1.772556484983817,1.7538539946538823,0.5695421345198104,0.7244172253228549,-1.298804711682133,0.9593356831753773,1.2444914449904447,0.5110026119744637
18056,1.954584170178158,-0.9552142636712971,-0.5524662813299769,-0.9880647720874756,-0.8204247009218442,-1.3804199638603631,1.1374284698424082,-1.8811031806683733,0.5488267722303382,0.34411413542538216
18058,-0.8253424317160422,-0.9552142636712971,-1.1539610697090221,-0.9880647720874756,-0.8204247009218442,-1.3804199638603631,-1.2107480906631736,0.6750826127249318,-1.8096461427368522,-0.6165898724803326
18059,-0.6953458640015652,0.05960546552681911,-0.6881339762964355,-0.6547928777874211,1.3252218984526802,0.7244172253228549,-0.8291693995810168,0.5905825557137054,-1.3175906424918988,-0.641746994773477
18061,-0.7053455999796019,1.5406654655354899,0.8475504332348514,1.6175154924402235,0.6215061876217111,0.7244172253228549,-0.8585216065873364,0.7448133896246522,1.210556582904586,-0.5270370866120269
18062,0.8046145327039386,0.05960546552681911,-0.00975562605351952,0.2541304703036368,-0.04273590051938134,0.7244172253228549,1.1374284698424082,-0.7835809450911491,0.9730125483035739,-0.17194778552190632
18064,0.4046250935824709,-0.3615827770984007,0.08713068704108765,-0.21547992621007644,-0.17730759105532257,0.7244172253228549,1.1374284698424082,-0.43027118252833274,0.09918984959270834,0.24018377560883675
18065,-0.8653413756281889,1.9947556633726906,0.9440050032595889,1.7235565497175136,0.050418259779862674,0.7244172253228549,-1.3281569186884528,0.9624919940795875,1.2020728673831211,-0.8155563273522133
18066,-0.17535959314365723,-0.9552142636712971,-0.6588313295840545,-0.9880647720874756,-0.8204247009218442,-1.3804199638603631,0.6971453647476117,0.07909425874786251,-1.2582046338416457,-0.3922154455737557
18067,-0.5253503523749414,-0.9552142636712971,-0.4842088053935312,-0.9880647720874756,-0.8204247009218442,-1.3804199638603631,-0.33018188047358055,0.4025986837013542,-1.5551346770929109,0.2228434878122663
18068,1.9645839061561947,-0.9552142636712971,-1.5601750060147956,-0.9880647720874756,-0.8204247009218442,-1.3804199638603631,1.1374284698424082,-1.8946012741704958,0.5573104877518029,-3.431046395037823
18069,-0.6653466560674551,0.6532369520997158,0.8158966764025034,1.2918179593742611,0.01648741273199477,0.7244172253228549,-0.7411127785620575,0.6242602124817734,0.879691677567462,0.5835601024960883
18071,1.6545920908370573,-0.3615827770984007,-0.37817527251532057,-0.17003375880552357,-0.20900247943466296,0.7244172253228549,1.1374284698424082,-1.5869753252005863,1.210556582904586,-0.18871879929522678
18072,0.9346111004184156,-0.9552142636712971,-0.8576409684713389,-0.9880647720874756,-0.8204247009218442,-1.3804199638603631,1.1374284698424082,-0.9439628999202825,-0.3165122109590626,0.6870658718208092
18073,0.21463010999977375,1.7852452398084835,1.3277703174895517,-0.36696715089191945,2.7904708405951095,0.7244172253228549,1.1374284698424082,-0.040413989892306386,-0.22319134022295078,0.5700202916657511
18074,2.814561464289313,-0.9552142636712971,-0.31651635779284565,-0.9880647720874756,-0.8204247009218442,-1.3804199638603631,1.1374284698424082,-2.6707828212549933,1.2784263070763036,0.2286538199639716
18075,-0.6953458640015652,1.5406654655354899,1.0135981630448185,1.5644949638015784,0.6473676762665354,0.7244172253228549,-0.8291693995810168,0.7436735501524748,1.1681380052972623,-0.058161045616475525
18077,-0.8453419036721156,1.6680566812978321,1.0200431151448222,1.7235565497175136,0.6978186934580101,0.7244172253228549,-1.2694525046758134,0.8985910779141117,1.2190402984260504,0.11092112385358772
18078,1.2446029157375529,-0.3615827770984007,-0.6148707174831038,-0.6775159614896975,0.5240234597907494,0.7244172253228549,1.1374284698424082,-1.2114311507597817,0.30279902210786147,-0.828389697006645
18079,-0.47535167248475796,0.3863044476016779,1.280123152249354,0.4737869460923091,-0.14520477786482414,0.7244172253228549,-0.1834208454419816,0.4593307463369679,0.13312471167856718,2.7473495526432576
18080,-0.7353448079137119,-0.3615827770984007,0.41606423749506627,0.7010177831150736,-0.5069137792922854,0.7244172253228549,-0.9465782276062956,0.6260891746004346,0.16705957376442604,0.8067455714185984
18081,-0.5653492962870882,0.05960546552681911,-0.5977880299533503,-0.2533517323805372,0.3806936948203788,0.7244172253228549,-0.4475907084988595,0.4715064866383331,-0.7576654180752277,-0.9475223910419335
18082,-0.6653466560674551,-0.9552142636712971,-0.028886918050055586,-0.9880647720874756,-0.8204247009218442,-1.3804199638603631,-0.7411127785620575,0.5365176413719538,-1.6739066943934169,1.5354932934349454
18084,-0.7653440158478221,-0.9552142636712971,-1.652181322153105,-0.9880647720874756,-0.8204247009218442,-1.3804199638603631,-1.0346348486252552,0.6185392414638321,-1.7587438496080638,0.775367748672009
18085,2.374573081255699,-0.3615827770984007,-0.044185012718014643,-0.6623672390215132,0.49973549618605567,0.7244172253228549,1.1374284698424082,-2.2459479188141245,1.2784263070763036,-0.16779443831017443
18086,1.8145878664856443,-0.9552142636712971,-1.5629676116474462,-0.9880647720874756,-0.8204247009218442,-1.3804199638603631,1.1374284698424082,-1.756512428239723,0.43005475492983214,-0.4127135449586689
18087,0.05463433435118667,-0.3615827770984007,1.3634947970765359,0.4662125848582169,-0.4582893515482193,0.7244172253228549,1.1374284698424082,-0.0549379155965753,0.5742779187947323,2.802798763599191
18088,-0.31535589683617093,-0.9552142636712971,-1.1656154895643598,-0.9880647720874756,-0.8204247009218442,-1.3804199638603631,0.28621446665913486,0.2055196865484171,-1.3769766511421517,-0.3821070124586251
18092,-0.9053403195403357,1.6680566812978321,2.003303135817378,1.7614283558879744,0.5666047969320177,0.7244172253228549,-1.4455657467137322,1.0592638272195893,1.210556582904586,1.0118274237035387
18093,0.004635654461003215,0.3863044476016779,0.8427012149902136,0.5949767258377835,0.07282677264167489,0.7244172253228549,1.1374284698424082,-0.007893019469301703,0.6760825050523088,0.8958708171651198
18094,-0.1053614412974004,1.074425194724936,1.128348205657413,0.6025510870718755,0.30698627013226826,0.7244172253228549,0.9026108137918503,0.15772202097125246,0.582761634316197,0.9324131818344817
18095,2.2045775696290755,-0.3615827770984007,-0.1819503616561465,-0.8365775474056326,1.465128892601692,0.7244172253228549,1.1374284698424082,-2.0912411388490906,0.9305939706962503,0.33625470074778696
18096,-0.8053429597599688,0.05960546552681911,0.1766912175247258,-0.5941979879146839,1.0933813765961526,0.7244172253228549,-1.1520436766505342,0.7017592490009746,-1.3515255045777577,0.6361214661694625
18097,-0.8453419036721156,0.8789251688960825,1.0393680702897916,1.6326642149084079,-0.0795903480939522,0.7244172253228549,-1.2694525046758134,0.8172802908802431,1.1087519966470092,0.6599259477795555
18099,0.3446266777142507,-0.9552142636712971,-1.1626036297965354,-0.9880647720874756,-0.8204247009218442,-1.3804199638603631,1.1374284698424082,-0.40208670200126956,-0.8170514267254807,-0.03880715033829886
18101,-0.8153426957380054,-0.3615827770984007,-0.9376911648420312,0.011750910812688004,-0.3095949069772269,0.7244172253228549,-1.1813958836568539,0.6832271349505562,-0.6813119783820453,-1.3714433911424704
18102,-0.9153400555183724,4.048595265981312,4.671021211031556,1.7841514395902507,1.955891124704268,0.7244172253228549,-1.4749179537200516,5.981358476601343,1.2190402984260504,2.1356631034680986
18104,-0.5553495603090515,-0.9552142636712971,0.026989859828203285,-0.9880647720874756,-0.8204247009218442,-1.3804199638603631,-0.4182385014925398,0.4360881677395691,-1.580585823657305,0.9394048559822276
18105,-0.5453498243310149,-0.9552142636712971,-1.4738180813981354,-0.9880647720874756,-0.8204247009218442,-1.3804199638603631,-0.38888629448622003,0.4163771143537219,-1.5721021081358402,-1.3233112108323308
18106,2.374573081255699,-0.9552142636712971,-0.4182301372188557,-0.9880647720874756,-0.8204247009218442,-1.3804199638603631,1.1374284698424082,-2.2666699200647558,0.9051428241318561,-0.20574783876659553
18108,1.6145931469249106,-0.9552142636712971,-0.7855888413477164,-0.9880647720874756,-0.8204247009218442,-1.3804199638603631,1.1374284698424082,-1.5696064007567236,0.2603804445005379,-0.6674892185646875
18109,-0.9053403195403357,2.8553196544436252,1.9088841355857007,1.799300162058435,1.8834888492117652,0.7244172253228549,-1.4455657467137322,1.2897462713154528,1.2444914449904447,0.059700119579161604
18110,-0.7253450719356752,-0.9552142636712971,-0.8941249928930581,-0.9880647720874756,-0.8204247009218442,-1.3804199638603631,-0.9172260205999759,0.5841030847924724,-1.724808987522205,-0.641746994773477
18112,-0.8053429597599688,-0.3615827770984007,-0.5767357049645858,0.17838685796271528,-0.37647167837913303,0.7244172253228549,-1.1520436766505342,0.6761350043316326,-0.4861865213883569,-0.21004635187066717
18113,2.76456278439913,-0.9552142636712971,-1.785920264042954,-0.9880647720874756,-0.8204247009218442,-1.3804199638603631,1.1374284698424082,-2.6315224011283016,1.23600772946898,-0.83594512383904
18114,1.9745836421342315,-0.9552142636712971,-0.9503586801928445,-0.9880647720874756,-0.8204247009218442,-1.3804199638603631,1.1374284698424082,-1.9018677300792657,0.5657942032732676,-1.1293838083752317
18116,-0.24535774498991408,1.2468684386726134,0.5281409442684403,1.2539461532038003,0.5135031820523382,0.7244172253228549,0.49167991570337316,0.2768825405427806,1.2020728673831211,-0.4127135449586689
18117,-0.6653466560674551,-0.9552142636712971,-0.6520790799789425,-0.9880647720874756,-0.8204247009218442,-1.3804199638603631,-0.7411127785620575,0.530248320680232,-1.6739066943934169,1.530141796790375
18118,-0.8153426957380054,2.8553196544436252,1.6276310179318416,1.7235565497175136,1.992936394209585,0.7244172253228549,-1.1813958836568539,1.1675818572345484,1.2444914449904447,-0.36368441131927914
18119,2.754563048421093,-0.9552142636712971,-1.1046009565297201,-0.9880647720874756,-0.8204247009218442,-1.3804199638603631,1.1374284698424082,-2.620599046282143,1.2275240139475152,-0.2317929400349163
18120,1.2146037078034428,-0.9552142636712971,-1.490171143290664,-0.9880647720874756,-0.8204247009218442,-1.3804199638603631,1.1374284698424082,-1.2039727250137398,-0.07896817635805065,-1.7488033477945253
18121,0.5646208692310579,-0.3615827770984007,-0.06381945913776642,-0.9501929659170149,4.033364363113035,0.7244172253228549,1.1374284698424082,-0.5798807423341964,-0.5795073921244688,0.41489678736679564
18122,-0.8453419036721156,0.8789251688960825,0.7291987660516591,0.08749452315360949,0.9778219195266044,0.7244172253228549,-1.2694525046758134,0.8030001988334715,-0.6134422542103276,0.31591220899263106
18123,-0.6853461280235285,-0.3615827770984007,-0.16920120189639132,-0.9350442434488305,3.332694330994623,0.7244172253228549,-0.799817192574697,0.5695381105463911,-1.6314881167860933,0.721009900108716
18125,-0.6253477121553084,0.3863044476016779,0.3567986584797348,1.178202540862879,-0.14005724937353128,0.7244172253228549,-0.6237039505367783,0.5563184730369422,0.7863708068313501,0.2906319579677071
18126,-0.31535589683617093,-0.9552142636712971,-0.9995817133601292,-0.9880647720874756,-0.8204247009218442,-1.3804199638603631,0.28621446665913486,0.20616128225804053,-1.3769766511421517,-0.07633161619016947
18127,-0.7353448079137119,0.05960546552681911,-0.5856899776847602,-0.12458759140097067,-0.23770652638978176,0.7244172253228549,-0.9465782276062956,0.6281003706338709,-0.7576654180752277,-0.9873624764270501
18129,1.5045960511665069,-0.9552142636712971,-1.480305002638323,-0.9880647720874756,-0.8204247009218442,-1.3804199638603631,1.1374284698424082,-1.4709329595083418,0.16705957376442604,-1.2771851311768028
18130,-0.7753437518258587,0.05960546552681911,0.2964491952658831,-0.6775159614896975,1.392823709581291,0.7244172253228549,-1.063987055631575,0.6765690577796728,-1.4109115132280106,0.6347838639121876
18133,1.1946042358473694,-0.9552142636712971,0.1942386391927863,-0.9880647720874756,-0.8204247009218442,-1.3804199638603631,1.1374284698424082,-1.172119514308829,-0.09593560740098007,2.394045039469857
18135,-0.6353474481333451,0.6532369520997158,-0.05349317150403648,0.23140738660136032,0.5688066044258541,0.7244172253228549,-0.6530561575430981,0.5744449356740183,-0.2825773488732038,-0.8698157027923258
18136,-0.29535642488009756,0.05960546552681911,0.057638768700953275,0.9509717038401144,-0.29520159436656235,0.7244172253228549,0.34491888067177423,0.23015930559826983,0.820305668917209,-0.22014161420618655
18138,2.024582322024415,-0.9552142636712971,-1.2397879338641247,-0.9880647720874756,-0.8204247009218442,-1.3804199638603631,1.1374284698424082,-1.9490044092837862,0.6082127808805912,-1.5298368113592835
18139,-0.7453445438917486,0.8789251688960825,1.9460542919204484,-0.9880647720874756,7.7451555481238294,0.7244172253228549,-0.9759304346126154,0.8192698818112395,-1.7417764185651345,1.9773466206876051
18142,0.6446187570553514,-0.3615827770984007,0.26597085270323856,-0.5487518205101309,0.21945609078396586,0.7244172253228549,1.1374284698424082,-0.6478555425774959,-0.06200074531512122,1.5653392213498538
18143,0.24462931793388382,-0.3615827770984007,0.25073904423709614,-0.7987057412351719,1.1462671913280684,0.7244172253228549,1.1374284698424082,-0.2799200848823884,-0.68979569390351,0.675515863715583
18144,-0.8453419036721156,1.7852452398084835,1.0937350078122083,1.7765770783561585,0.6728362205709758,0.7244172253228549,-1.2694525046758134,0.9192555714798396,1.2699425915548388,-0.35314064865221956
18145,-0.7953432237819321,0.3863044476016779,1.0862140029588945,1.2766692369060768,-0.16599530792849665,0.7244172253228549,-1.1226914696442145,0.7409826608472238,0.760919660266956,1.5965085706156468
18146,0.4846229814067644,-0.3615827770984007,-1.2009002613237845,-0.3896902345941959,-0.026088313779484795,0.7244172253228549,1.1374284698424082,-0.5146310854612176,-0.028065883229262362,-0.7697340812789379
18147,-0.4653519365067213,-0.3615827770984007,-1.1124119929592207,-0.5184543755737624,0.1510383579725636,0.7244172253228549,-0.15406863843566193,0.3602800921738111,-0.9697583061118455,-0.4602711777691751
18149,-0.4153532566165378,0.05960546552681911,-0.1392772048882721,0.6934434218809814,-0.22608215007969926,0.7244172253228549,-0.007307603404062988,0.33781296453342785,0.43005475492983214,-0.44064854771901274
18150,-0.6053482401992349,0.05960546552681911,-0.20060352984624555,0.2920022764740975,-0.06258181877592846,0.7244172253228549,-0.5649995365241388,0.51198750380678,-0.1807727626156272,-0.3654621013038626
18151,0.4246245655385443,-0.3615827770984007,-0.08746771646548177,0.18596121919680741,-0.3790968540161701,0.7244172253228549,1.1374284698424082,-0.45131589758362145,0.5657942032732676,0.1537358044921617
18154,-0.8953405835622991,-0.3615827770984007,-0.4785049097967795,-0.6850903227237897,0.5754552644819473,0.7244172253228549,-1.416213539707412,0.7597537047698415,-1.521199815007052,-0.21004635187066717
18155,-0.17535959314365723,0.05960546552681911,-0.535271607870451,0.6479972544764285,-0.20900247943466296,0.7244172253228549,0.6971453647476117,0.11292168787092699,0.582761634316197,-0.6083296421059234
18156,-0.7953432237819321,-0.3615827770984007,0.005981594934683683,1.7084078272493293,-0.6191579799455662,0.7244172253228549,-1.1226914696442145,0.6731914551640378,1.2444914449904447,-0.027793470082998303
18158,-0.8353421676940789,-0.3615827770984007,-0.3774749015241392,-0.3896902345941959,-0.017492024441169523,0.7244172253228549,-1.2401002976694935,0.7054039813525012,-1.13943261654114,0.150630989740531
18159,2.084580737892635,-0.9552142636712971,-0.2533596279879564,-0.9880647720874756,-0.8204247009218442,-1.3804199638603631,1.1374284698424082,-1.998057363626446,0.6591150740093794,-0.11517299562176703
18160,-0.3553548407483177,-0.3615827770984007,-0.10627113264681295,0.09506888438770164,-0.34538252451653106,0.7244172253228549,0.16880563863385561,0.2665262613373006,-0.19774019365855663,-0.053664631579894
18161,-0.7753437518258587,0.6532369520997158,0.6333244951940926,1.3145410430765376,0.00946127826626002,0.7244172253228549,-1.063987055631575,0.7186815256780925,0.820305668917209,0.055902799383970615
18164,-0.5553495603090515,-0.9552142636712971,-0.4775913070885924,-0.9880647720874756,-0.8204247009218442,-1.3804199638603631,-0.4182385014925398,0.4302720272656257,-1.580585823657305,0.19332531895270902
18165,0.8446134766160853,-0.9552142636712971,-0.6985482049842827,-0.9880647720874756,-0.8204247009218442,-1.3804199638603631,1.1374284698424082,-0.8602046081785495,-0.39286565065224505,0.5485270778263333
18167,-0.6953458640015652,0.05960546552681911,0.509330669493023,-0.36696715089191945,0.5492446469068906,0.7244172253228549,-0.8291693995810168,0.6082510136620978,-0.9952094526762397,-0.21148290720949023
18168,0.8346137406380486,0.8789251688960825,0.37531630474067884,0.49651002979458553,0.597176918335129,0.7244172253228549,1.1374284698424082,-0.7544132343822045,1.261458876033374,-0.487602584508457
18169,-0.31535589683617093,-0.9552142636712971,-1.0157397186494492,-0.9880647720874756,-0.8204247009218442,-1.3804199638603631,0.28621446665913486,0.20609279732274377,-1.3769766511421517,-1.01672403181154
18170,-0.5953485042211982,0.05960546552681911,0.23481278953414023,0.39804333375138756,-0.11643697269797193,0.7244172253228549,-0.5356473295178191,0.5095597215681683,-0.0535170297936565,-0.13645953114237006
18171,-0.3353553687922443,0.6532369520997158,0.41594163045434035,1.0873102060537732,0.08281752359863127,0.7244172253228549,0.22751005264649524,0.3072567926877735,0.9390776862177149,-0.5190369896972015
18172,-0.7753437518258587,2.487376384667096,1.858830153111282,1.0948845672878653,1.382129784715919,0.7244172253228549,-1.063987055631575,1.0631681218261921,0.5657942032732676,0.0340110453273817
18173,-0.05536276140721694,0.3863044476016779,0.8428219576017086,0.42834077868775616,0.15531463907174475,0.7244172253228549,1.0493718488234491,0.04735012105850321,0.4385384704512969,0.7503325614638894
18174,-0.8553416396501522,-0.9552142636712971,-1.5425611538003963,-0.9880647720874756,-0.8204247009218442,-1.3804199638603631,-1.298804711682133,0.7016175990393376,-1.8350972893012463,-1.2329045971479955
18176,2.654565688640726,-0.9552142636712971,-0.3382902133864913,-0.9880647720874756,-0.8204247009218442,-1.3804199638603631,1.1374284698424082,-2.5236988482376552,1.142686858732868,0.6677483530095384
18177,-0.6153479761772717,0.8789251688960825,0.484003722762551,0.7085921443491656,0.45820554740810604,0.7244172253228549,-0.5943517435304586,0.5833121465242505,0.27734787554346735,-0.2919634997342164
18178,0.3646261496703241,0.3863044476016779,0.6195161699030138,0.7919101179241793,-0.014584738489965561,0.7244172253228549,1.1374284698424082,-0.34776977529313496,1.2020728673831211,0.5121246249779849
18179,-0.8353421676940789,0.8789251688960825,0.7146869004926207,1.488751351460657,0.12133447429992203,0.7244172253228549,-1.2401002976694935,0.7932525566564298,0.9560451172606445,0.4230295626266567
18180,-0.8753411116062256,0.8789251688960825,0.7367964322037273,0.04962271698314875,1.0146885994212234,0.7244172253228549,-1.3575091256947727,0.8309065222493988,-0.6813119783820453,0.6825885122731323
18181,-0.6853461280235285,-0.9552142636712971,-0.511761442530182,-0.9880647720874756,-0.8204247009218442,-1.3804199638603631,-0.799817192574697,0.5496780692110647,-1.6908741254363462,-0.06116883478578145
18183,1.3446002755179198,-0.3615827770984007,-0.11376047689382614,-0.6320697940851446,0.4109327335165717,0.7244172253228549,1.1374284698424082,-1.2986456456464892,0.4385384704512969,0.20226371799679158
18184,-0.7753437518258587,-0.9552142636712971,-2.119978945434183,-0.9880647720874756,-0.8204247009218442,-1.3804199638603631,-1.063987055631575,0.6270790584183626,-1.7672275651295286,-1.0347222451683766
18185,1.5645944670347272,-0.9552142636712971,-0.6938709709399045,-0.9880647720874756,-0.8204247009218442,-1.3804199638603631,1.1374284698424082,-1.523030052840997,0.21796186689321434,0.1873260319993053
18188,-0.7753437518258587,0.05960546552681911,0.8018678238528928,1.0948845672878653,-0.3281403764541037,0.7244172253228549,-1.063987055631575,0.6919970097706803,0.5657942032732676,1.019761360864116
18189,-0.14536038520954717,-0.3615827770984007,0.3192559029497146,0.4510638623900326,-0.4547437160482629,0.7244172253228549,0.785201985766571,0.08060211665986593,0.3791524618010439,0.6677483530095384
18190,0.9946095162866356,-0.3615827770984007,-0.7471773629051025,0.0571970782172409,-0.32975956129137063,0.7244172253228549,1.1374284698424082,-0.9821198028318483,0.9136265396533209,-0.8666933714321878
18191,1.6945910347492041,-0.9552142636712971,-0.9958785980460934,-0.9880647720874756,-0.8204247009218442,-1.3804199638603631,1.1374284698424082,-1.6442923969800132,0.3282501686722556,-0.10729491444130809
18192,-0.2053588010777673,-0.9552142636712971,0.21649878953943127,-0.9880647720874756,-0.8204247009218442,-1.3804199638603631,0.6090887437286524,0.11719844778027476,-1.28365578040604,0.8669525058770406
18193,0.724616644879645,-0.9552142636712971,-0.8695089829186002,-0.9880647720874756,-0.8204247009218442,-1.3804199638603631,1.1374284698424082,-0.7506905510608608,-0.4946702369098216,-0.240612633975855
18194,-0.1053614412974004,-0.9552142636712971,0.22955202375858505,-0.9880647720874756,-0.8204247009218442,-1.3804199638603631,0.9026108137918503,0.025395298389112437,-1.1988186251913928,1.5548970143449143
18196,0.0246351264170766,-0.3615827770984007,-0.04512937867520867,0.48893566856049336,-0.46348051711435134,0.7244172253228549,1.1374284698424082,-0.08247702856500472,0.5657942032732676,0.3724638179799887
18198,-0.8853408475842623,2.2616881678707283,1.5948635671531521,1.5266231576311178,1.410439278234061,0.7244172253228549,-1.3868613327010924,1.0800161230639336,0.9560451172606445,0.48440394258125385
18200,0.1346322221754802,-0.9552142636712971,-1.1840749477477412,-0.9880647720874756,-0.8204247009218442,-1.3804199638603631,1.1374284698424082,-0.2088279518251733,-0.9952094526762397,-0.36216294615436906
18202,1.0746074041109293,0.05960546552681911,0.5162611440636993,-0.1473106751032471,-0.2284441534955728,0.7244172253228549,1.1374284698424082,-1.0210682299813043,0.7439522292240266,0.249701166432529
18203,0.6446187570553514,-0.9552142636712971,-1.2005553160964781,-0.9880647720874756,-0.8204247009218442,-1.3804199638603631,1.1374284698424082,-0.678405459722362,-0.5625399610815394,-1.3963178252120911
18204,-0.215358537055804,0.05960546552681911,0.7989467945954347,-0.07156706276232563,0.1840678945381534,0.7244172253228549,0.5797365367223325,0.17632304002351926,-0.2656099178302743,1.0496028510649729
18205,-0.5653492962870882,-0.3615827770984007,-0.2727439546687059,-0.700239045191974,0.6310937234007601,0.7244172253228549,-0.4475907084988595,0.4578813596875223,-1.2582046338416457,-0.5213168375334848
18209,-0.6353474481333451,-0.9552142636712971,-1.313208036124197,-0.9880647720874756,-0.8204247009218442,-1.3804199638603631,-0.6530561575430981,0.4996537177945606,-1.6484555478290226,-1.0716211864298808
18210,-0.9053403195403357,0.8789251688960825,1.0165239625499378,1.0191409549469437,0.29502291792247004,0.7244172253228549,-1.4455657467137322,0.8712661266389837,0.3706687462795792,0.45340034725260175
18211,-0.6653466560674551,0.6532369520997158,-0.15501087659930216,0.9206742589037459,0.1478559715314178,0.7244172253228549,-0.7411127785620575,0.6007230215612819,0.47247333253715573,-0.8389817944218871
18212,2.3345741373435525,-0.9552142636712971,-0.8545101011933515,-0.9880647720874756,-0.8204247009218442,-1.3804199638603631,1.1374284698424082,-2.232831122422327,0.8712079620459973,-0.46568373492713233
18213,1.4445976352982868,-0.9552142636712971,-0.9070312450450277,-0.9880647720874756,-0.8204247009218442,-1.3804199638603631,1.1374284698424082,-1.4137301340257808,0.11615728063563777,0.4486600156681821
18215,-0.03536328945114355,-0.9552142636712971,-0.70676704650926,-0.9880647720874756,-0.8204247009218442,-1.3804199638603631,1.1080762628360883,-0.05009989374547647,-1.13943261654114,-0.2950596296779965
18216,-0.6153479761772717,-0.9552142636712971,-0.32934424981254257,-0.9880647720874756,-0.8204247009218442,-1.3804199638603631,-0.5943517435304586,0.4868550476997935,-1.6314881167860933,0.2851388165038507
18217,-0.6353474481333451,-0.3615827770984007,-0.12683143233751926,-0.6775159614896975,0.5492446469068906,0.7244172253228549,-0.6530561575430981,0.5240358947737452,-1.2921394959275048,0.5110026119744637
18218,1.1846044998693328,-0.3615827770984007,-0.0769277723643482,-0.4578594857010252,0.06924892719790009,0.7244172253228549,1.1374284698424082,-1.1508529027006946,0.49792447910154986,0.7022807606413258
18219,-0.8953405835622991,1.5406654655354899,0.8287112953735818,1.7841514395902507,0.4373450319119559,0.7244172253228549,-1.416213539707412,0.9189200993209394,1.23600772946898,-0.6103889277849218
18220,1.3446002755179198,-0.9552142636712971,-0.6911920177570756,-0.9880647720874756,-0.8204247009218442,-1.3804199638603631,1.1374284698424082,-1.3204742192727084,0.03132012542099063,0.6870658718208092
18221,-0.7053455999796019,0.6532369520997158,0.2830014929172834,0.4434895011559405,0.4057854882847174,0.7244172253228549,-0.8585216065873364,0.6447824585187754,-0.10441932292244478,0.027080116399127895
18222,0.004635654461003215,-0.9552142636712971,-0.39588805836573754,-0.9880647720874756,-0.8204247009218442,-1.3804199638603631,1.1374284698424082,-0.08457143976139028,-1.1054977544552809,0.8538533502366527
18223,-0.8753411116062256,1.9947556633726906,1.7366363013210981,1.6856847435470528,0.9295793754574293,0.7244172253228549,-1.3575091256947727,1.0387367061948694,1.142686858732868,0.3418742714572677
18224,1.7145905067052774,-0.9552142636712971,-1.2078307732380653,-0.9880647720874756,-0.8204247009218442,-1.3804199638603631,1.1374284698424082,-1.6635053857754452,0.345217599715185,-0.8823938578426296
18225,-0.8953405835622991,1.7852452398084835,1.6070160952211627,1.74627963341979,0.795771479397996,0.7244172253228549,-1.416213539707412,1.0082191791576605,1.2020728673831211,0.6172463190532463
18226,-0.4853514084627947,1.6680566812978321,1.565378252071751,1.2312230695015238,0.9381493297319947,0.7244172253228549,-0.21277305244830141,0.6096807126345655,0.9730125483035739,0.7862445514935366
18227,1.2546026517155897,-0.9552142636712971,-1.624250224417671,-0.9880647720874756,-0.8204247009218442,-1.3804199638603631,1.1374284698424082,-1.241083070952845,-0.04503331427219179,-2.163538687432954
18228,-0.3553548407483177,-0.3615827770984007,0.05313999029517436,-0.8214288249374483,1.261856404077265,0.7244172253228549,0.16880563863385561,0.26885016162977143,-1.2157860562343223,-0.2857971008709019
18229,-0.8053429597599688,2.487376384667096,1.8283050470136024,1.74627963341979,1.5384575942200072,0.7244172253228549,-1.1520436766505342,1.0861212477208304,1.2699425915548388,-0.23707631872120924
18230,-0.8353421676940789,1.074425194724936,1.0718184826622164,1.2312230695015238,0.3741783236118514,0.7244172253228549,-1.2401002976694935,0.8263899919427906,0.6675987895308442,0.21700249413524186
18231,0.9946095162866356,0.6532369520997158,0.8338790911596281,-0.2609260936146293,1.2023224526798368,0.7244172253228549,1.1374284698424082,-0.9032247971578624,0.5573104877518029,0.06802926467767369
18232,-0.1053614412974004,0.3863044476016779,-0.16446075613811115,-0.11701323016687852,0.6120479132225516,0.7244172253228549,0.9026108137918503,0.06857852325732113,-0.22319134022295078,-0.7841091629778377
18233,2.3345741373435525,-0.9552142636712971,-0.40127974823182955,-0.9880647720874756,-0.8204247009218442,-1.3804199638603631,1.1374284698424082,-2.2296922841677347,0.8712079620459973,-3.8034759839245136
18235,-0.2053588010777673,0.05960546552681911,0.7161527161747213,0.11021760685588594,0.03830547401167853,0.7244172253228549,0.6090887437286524,0.1638854799811518,-0.0535170297936565,1.3520418713274223
18236,-0.6253477121553084,0.8789251688960825,0.1510775312857976,0.6025510870718755,0.51909293010822,0.7244172253228549,-0.6237039505367783,0.5849952779711758,0.15009214272149662,-0.9117695821059945
18237,-0.8953405835622991,0.6532369520997158,0.24029657696872803,0.004176549578595856,0.7924924541404285,0.7244172253228549,-1.416213539707412,0.8188093783502551,-0.7576654180752277,-0.23707631872120924
18239,1.2646023876936263,0.6532369520997158,0.6047923331092117,0.17081249672862311,0.6167610609765756,0.7244172253228549,1.1374284698424082,-1.1603421910258613,1.261458876033374,0.032628327179803525
18240,-0.4653519365067213,-0.9552142636712971,-0.43333114799383726,-0.9880647720874756,-0.8204247009218442,-1.3804199638603631,-0.15406863843566193,0.34779086487949173,-1.5042323839641225,-0.22304296772375637
18241,-0.8253424317160422,2.2616881678707283,0.8299853075133549,0.5874023646036913,2.163448347362973,0.7244172253228549,-1.2107480906631736,0.9698515050586615,-0.04503331427219179,-1.0021186170074097
18242,-0.2053588010777673,0.3863044476016779,0.8888694792088574,0.07992016191951734,0.06393613678851245,0.7244172253228549,0.6090887437286524,0.18750350926123246,-0.07896817635805065,0.5496117087148817
18245,-0.8553416396501522,1.074425194724936,0.9998777016156167,1.6402385761425,-0.08143283167175853,0.7244172253228549,-1.298804711682133,0.8408190294804785,1.117235712168474,0.5547107013569507
18246,-0.6853461280235285,-0.3615827770984007,-0.1602809772595619,0.5949767258377835,-0.48735011701009145,0.7244172253228549,-0.799817192574697,0.5696472276921043,0.08222241854977891,-0.6805883742050745
18248,0.30462773380210395,-0.3615827770984007,0.07733215730496922,-0.5108800143396702,0.13843421718589066,0.7244172253228549,1.1374284698424082,-0.3383715316374339,-0.3165122109590626,0.5550189775692742
18249,-0.7553442798697854,-0.9552142636712971,-1.6110155140164546,-0.9880647720874756,-0.8204247009218442,-1.3804199638603631,-1.0052826416189355,0.6094125512120911,-1.750260134086599,-0.20574783876659553
18250,2.1745783616949654,-0.9552142636712971,-0.5844629875759172,-0.9880647720874756,-0.8204247009218442,-1.3804199638603631,1.1374284698424082,-2.0838777400467623,0.7354685137025618,0.27961827771240555
18251,-0.05536276140721694,-0.9552142636712971,1.4127136590836722,-0.9880647720874756,-0.8204247009218442,-1.3804199638603631,1.0493718488234491,0.034100547299614,-1.1564000475840692,4.3382310986206685
18252,-0.4153532566165378,-0.3615827770984007,-0.2585872469844238,-0.07156706276232563,-0.26795196725653686,0.7244172253228549,-0.007307603404062988,0.3199391501612727,-0.4352842282595686,-0.2811947419190791
18255,-0.03536328945114355,-0.9552142636712971,-1.547880713494647,-0.9880647720874756,-0.8204247009218442,-1.3804199638603631,1.1080762628360883,-0.053311804442994,-1.13943261654114,-0.8060280125591635
18257,-0.5353500883529781,1.2468684386726134,0.9254518779300144,0.9509717038401144,0.5037209372036467,0.7244172253228549,-0.35953408747990034,0.5589323983408587,0.6166964964020558,-0.18766313327987577
18259,-0.6753463920454919,0.05960546552681911,0.9257816663687484,1.594792408737947,-0.41723392417337124,0.7244172253228549,-0.7704649855683771,0.6054644151248979,1.210556582904586,0.4768021858123491
18260,0.8046145327039386,0.8789251688960825,1.0231137863339632,0.4131920562195719,0.6546477620139965,0.7244172253228549,1.1374284698424082,-0.7026564588106469,1.142686858732868,0.514738240674517
18261,-0.49535114444083134,-0.3615827770984007,-0.6434251221477311,-0.5941979879146839,0.3156925761936896,0.7244172253228549,-0.24212525945462107,0.39027307620204027,-1.0800466078908868,-0.8208854938007576
18262,0.4746232454287277,-0.9552142636712971,-1.2563670351371055,-0.9880647720874756,-0.8204247009218442,-1.3804199638603631,1.1374284698424082,-0.5220773234901052,-0.7067631249464394,0.18129405122264516
18263,-0.6653466560674551,0.05960546552681911,0.4041414144127792,0.72374086681735,-0.23541833784823338,0.7244172253228549,-0.7411127785620575,0.5778189396180875,0.25189672897907317,1.2722201199088008
18265,-0.2053588010777673,-0.3615827770984007,0.07484867972510102,-0.34424406718964295,-0.07400694302481724,0.7244172253228549,0.6090887437286524,0.13110947476001855,-0.5540562455600746,0.008146886451146428
18268,0.41462482956050756,-0.9552142636712971,-2.6375029743530414,-0.9880647720874756,-0.8204247009218442,-1.3804199638603631,1.1374284698424082,-0.46887070866981506,-0.7576654180752277,-4.368891362507822
18269,2.73456357646502,-0.9552142636712971,-1.1612426271296115,-0.9880647720874756,-0.8204247009218442,-1.3804199638603631,1.1374284698424082,-2.602391540854936,1.210556582904586,-0.7768982857927977
18270,-0.5453498243310149,-0.3615827770984007,-0.7508353293055191,0.7388895892855343,-0.5120877163355554,0.7244172253228549,-0.38888629448622003,0.4356314408426531,0.3706687462795792,-1.222105821413939
18272,-0.8953405835622991,0.8789251688960825,1.1443327315430656,0.8600793690310087,0.3748266175556239,0.7244172253228549,-1.416213539707412,0.8695505549595487,0.2009944358502849,0.8755999384009018
18273,-0.9053403195403357,0.05960546552681911,-1.0104852464217065,0.9433973426060223,-0.2933449853085943,0.7244172253228549,-1.4455657467137322,0.7822364974179504,0.29431530658639676,-1.9098607060798731
18274,-0.6253477121553084,-0.9552142636712971,-1.1276384981430838,-0.9880647720874756,-0.8204247009218442,-1.3804199638603631,-0.6237039505367783,0.4910506587705927,-1.6399718323075578,-0.6165898724803326
18276,-0.4853514084627947,-0.9552142636712971,-0.6155078878801115,-0.9880647720874756,-0.8204247009218442,-1.3804199638603631,-0.21277305244830141,0.364782680785398,-1.521199815007052,0.20522721570600805
18277,-0.345355104770281,-0.9552142636712971,-1.4956501506107363,-0.9880647720874756,-0.8204247009218442,-1.3804199638603631,0.19815784564017558,0.23219999855088203,-1.402427797706546,-0.8983202582722637
18278,-0.18535932912169392,-0.9552142636712971,-1.1367708129360967,-0.9880647720874756,-0.8204247009218442,-1.3804199638603631,0.6677931577412918,0.08593964699224706,-1.2666883493631105,-0.9308774798871711
18280,1.8545868103977912,-0.9552142636712971,-1.10687491072789,-0.9880647720874756,-0.8204247009218442,-1.3804199638603631,1.1374284698424082,-1.7920391010099737,0.463989617015691,-1.347115692442422
18281,0.8846124205282321,-0.9552142636712971,-1.7409325207622575,-0.9880647720874756,-0.8204247009218442,-1.3804199638603631,1.1374284698424082,-0.9006612132528352,-0.35893078856638616,-1.1493278746794886
18282,-0.8453419036721156,-0.3615827770984007,-1.1181211349254456,-0.09429014646460207,-0.25963698376611755,0.7244172253228549,-1.2694525046758134,0.7100989753964709,-0.8255351422469455,-1.2008192858933355
18283,-0.8853408475842623,2.178003940795619,0.8382966945848832,1.53419751886521,1.1093333867579573,0.7244172253228549,-1.3868613327010924,1.008971948411571,0.9645288327821091,-0.6251732944614189
18287,-0.49535114444083134,0.05960546552681911,0.7340023143085518,0.20868430289908388,-0.02181349841575993,0.7244172253228549,-0.24212525945462107,0.4315371174110479,-0.1807727626156272,1.3576285872038867
